Num_Acc,jour,mois,an,hrmn,lum,dep,com,agg,int,atm,col,adr,lat,long
2.023E+11,25,9,2023,10:40,1,51,51454,2,1,1,6,PAIX (BOULEVARD DE LA),49,
2.023E+11,25,9,2023,09:30,1,51,51058,2,1,7,6,MONNET (AVENUE JEAN),49,
2.023E+11,25,10,2023,16:35,1,30,30189,2,6,1,3,KENNEDY (AVENUE),43,
2.023E+11,27,10,2023,02:00,3,26,26362,2,4,2,6,Avenue du Tricastin,44,
2.023E+11,24,9,2023,11:13,1,51,51454,2,2,1,4,NATIONALE (AVENUE) LA NEUVILLETTE,49,
2.023E+11,23,9,2023,19:20,1,49,49099,2,3,7,5,CHOUTEAU (BOULEVARD GUY),47,
2.023E+11,25,10,2023,08:03,1,22,22278,2,2,2,6,NICOLAS (JEAN),48,
2.023E+11,25,9,2023,13:50,1,49,49007,2,1,1,7,ALSACE,47,
2.023E+11,25,9,2023,07:52,1,43,43157,2,3,1,3,Route du Couderc,45,
2.023E+11,26,10,2023,11:30,1,17,17333,2,1,2,3,TOURTET (AV. LT COLONEL),45,
2.023E+11,25,9,2023,19:55,5,42,42207,2,1,1,3,Route de Lyon,45,
2.023E+11,25,10,2023,12:30,1,17,17306,2,1,3,4,BOUCHET LOUIS (AVENUE),45,
2.023E+11,25,9,2023,19:30,2,42,42183,2,3,1,3,Rue Jean Jaurès,45,
2.023E+11,24,9,2023,15:30,1,41,41018,2,1,1,6,VERDUN (AVENUE DE),47,
2.023E+11,25,9,2023,16:45,1,37,37261,2,1,1,6,NATIONALE (RUE),47,
2.023E+11,26,10,2023,20:15,3,13,13117,1,1,1,2,ROUTE NATIONALE 113-L'ANJOLY,43,
2.023E+11,21,9,2023,18:50,1,34,34301,2,1,1,3,CLERVILLE CHEVALIER DE (BOULEVARD),43,
2.023E+11,26,10,2023,18:30,1,13,13106,1,1,1,6,BEDOULE (CHEMIN DE LA),43,
2.023E+11,24,9,2023,03:45,5,34,34032,2,1,1,2,ALBERT 1ER (AVENUE),43,
2.023E+11,26,10,2023,07:00,5,13,13213,2,1,1,1,VALLON VERT (CHEMIN DU),43,
2.023E+11,25,9,2023,08:40,1,33,33318,2,6,1,3,Avenue du Haut Lévèque,44,
2.023E+11,25,9,2023,16:30,1,31,31555,2,3,1,3,AV DES ETATS UNIS,43,
2.023E+11,25,10,2023,18:00,1,13,13047,1,1,1,2,D.5,43,
2.023E+11,25,9,2023,13:18,1,31,31555,2,2,1,3,AV DU GENERAL EISENHOWER,43,
2.023E+11,25,9,2023,07:53,2,29,29232,2,1,1,3,Route de Brest,48,
2.023E+11,25,10,2023,07:45,1,13,13047,1,1,1,3,RN 569,43,
2.023E+11,19,9,2023,20:20,3,26,26362,1,1,1,2,Route de Montelier,44,
2.023E+11,25,10,2023,08:20,2,10,10387,2,1,2,2,PAIX (RUE DE LA),48,
2.023E+11,25,9,2023,20:55,5,25,25056,2,3,1,3,JOUCHOUX RUE AUGUSTE,47,
2.023E+11,25,9,2023,08:10,1,25,25056,2,2,1,6,MICHEL  AVENUE LOUISE,47,
2.023E+11,21,10,2023,12:50,1,6,6027,2,9,1,3,FRANCE ROUTE DE,43,
2.023E+11,25,9,2023,09:08,1,6,6088,2,1,7,6,BLANQUI (PL. AUGUSTE),43,
2.023E+11,17,9,2023,00:45,5,2,2408,2,1,1,7,34 Rampe Saint-Marcel,49,
2.023E+11,2,10,2023,16:36,1,5,5061,2,6,1,6,FAUVINS ( ROUTE  DES ),44,
2.023E+11,24,9,2023,07:00,2,1,1451,1,2,5,3,PARIS (ROUTE DE),46,
2.023E+11,2,10,2023,17:45,1,5,5061,2,2,1,1,ROGER SABATIER ( RUE ),44,
2.023E+11,25,9,2023,08:20,1,75,75118,2,1,1,2,BD PERIPHERIQUE INTERIEUR,48,
2.023E+11,25,9,2023,19:15,2,75,75119,2,3,1,3,RUE DE KABYLIE,48,
2.023E+11,26,10,2023,15:10,1,75,75113,2,1,1,3,PORTE D ITALIE,48,
2.023E+11,25,9,2023,07:10,2,75,75113,2,1,1,3,AVENUE D ITALIE,48,
2.023E+11,26,10,2023,13:50,1,75,75116,2,1,1,2,PORTE D AUTEUIL,48,
2.023E+11,24,9,2023,12:19,1,75,75110,2,4,1,3,BOULEVARD DE MAGENTA,48,
2.023E+11,26,10,2023,08:40,1,75,75116,2,1,2,7,ECHANGEUR MUETTE,48,
2.023E+11,25,9,2023,00:50,5,75,75109,2,5,1,1,RUE D ATHENES,48,
2.023E+11,25,10,2023,08:46,1,75,75111,2,3,2,3,BOULEVARD VOLTAIRE,48,
2.023E+11,25,9,2023,12:30,1,75,75108,2,3,1,6,BOULEVARD HAUSSMANN,48,
2.023E+11,26,10,2023,20:40,5,75,75118,2,2,3,3,AVENUE DE LA PORTE DE SAINT OUEN,48,
2.023E+11,25,9,2023,19:00,1,75,75107,2,3,1,3,PONT DE LA CONCORDE,48,
2.023E+11,26,10,2023,19:00,5,75,75116,2,1,2,3,VOIE GEORGES POMPIDOU,48,
2.023E+11,25,9,2023,07:30,1,75,75104,2,2,1,3,PONT SAINT MICHEL,48,
2.023E+11,25,10,2023,13:20,1,75,75116,2,1,2,3,ALLEE DE LA REINE MARGUERITE,48,
2.023E+11,23,9,2023,21:20,5,94,94067,2,2,1,1,Avenue Daumesnil,48,
2.023E+11,25,9,2023,16:00,1,94,94078,2,3,1,1,Rue de Paris,48,
2.023E+11,26,10,2023,00:04,5,75,75116,2,2,1,6,PONT MIRABEAU,48,
2.023E+11,25,9,2023,08:25,1,94,94044,2,1,7,6,Rue Roger Salengro,48,
2.023E+11,25,9,2023,17:41,1,94,94043,2,1,1,3,Avenue Eugène Thomas,48,
2.023E+11,24,10,2023,07:45,5,75,75116,2,4,2,6,RUE HENRI HEINE,48,
2.023E+11,25,9,2023,15:55,1,93,93073,2,2,1,1,Route des Petits Ponts / Avenue Henri Barbusse,48,
2.023E+11,26,10,2023,07:35,2,75,75115,2,2,2,6,AVENUE DE LA PORTE BRANCION,48,
2.023E+11,25,9,2023,08:15,1,93,93078,2,1,1,6,Rue Jacques Prévert,48,
2.023E+11,25,9,2023,12:25,1,93,93051,2,1,1,6,Rue de la Closerie,48,
2.023E+11,25,9,2023,11:40,1,93,93046,2,3,1,6,Allée Jeanne d'Arc / Boulevard de la République,48,
2.023E+11,26,10,2023,15:00,1,75,75108,2,2,8,6,AVENUE MATIGNON,48,
2.023E+11,24,9,2023,23:15,3,93,93029,2,4,1,6,Rue Anatole France / Rue Maurice Bernard,48,
2.023E+11,26,10,2023,17:40,1,75,75115,2,4,1,3,AVENUE EMILE ZOLA,48,
2.023E+11,25,9,2023,16:37,1,93,93047,2,1,1,6,Place Jean Mermoz,48,
2.023E+11,24,9,2023,19:42,1,93,93014,2,1,1,6,Avenue Jean Moulin,48,
2.023E+11,25,10,2023,17:25,1,75,75104,2,3,1,7,RUE BEAUTREILLIS,48,
2.023E+11,25,9,2023,17:10,1,93,93010,2,3,7,1,Route d'Aulnay / Chemin Latéral,48,
2.023E+11,26,10,2023,06:20,5,94,94080,2,1,2,6,Rue de Fontenay,48,
2.023E+11,24,9,2023,10:50,1,93,93010,2,1,1,6,Avenue Galliéni,48,
2.023E+11,25,9,2023,16:50,1,93,93007,2,1,1,3,Avenue Paul Vaillant Couturier,48,
2.023E+11,25,10,2023,23:30,3,94,94073,2,3,1,3,Avenue de la République,48,
2.023E+11,24,9,2023,18:30,1,92,92078,2,3,1,3,MARECHAL LECLERC (AVENUE) (PAIRS),48,
2.023E+11,25,10,2023,06:30,5,94,94017,2,1,2,6,Boulevard de Stalingrad,48,
2.023E+11,24,9,2023,13:30,1,92,92046,2,2,1,3,SALVADOR ALLENDE (RUE),48,
2.023E+11,26,10,2023,14:30,1,93,93064,2,2,8,3,Avenue du Président John Kennedy / Rue Laënnec,48,
2.023E+11,24,9,2023,23:24,5,92,92064,2,4,1,2,GEORGES CLEMENCEAU,48,
2.023E+11,25,9,2023,07:20,2,92,92051,2,1,1,3,GENERAL KOENIG (BOULEVARD DU),48,
2.023E+11,26,10,2023,08:27,1,93,93064,2,1,2,3,Rue Henri Mondor,48,
2.023E+11,25,9,2023,16:00,1,92,92026,2,1,1,3,FAUVELLES (15 A FIN),48,
2.023E+11,25,9,2023,20:40,3,92,92024,2,1,1,6,CLICHY (PONT DE),48,
2.023E+11,25,10,2023,09:19,1,93,93064,2,1,2,1,Avenue du Général de Gaulle,48,
2.023E+11,25,9,2023,13:30,1,92,92012,2,1,1,3,BILLANCOURT (RUE DE) 63/FIN - COTE IMPAI,48,
2.023E+11,25,10,2023,08:36,1,93,93032,2,5,2,6,Rue Paul Vaillant Couturier / Avenue Emile Cossonneau,48,
2.023E+11,24,10,2023,19:15,3,93,93007,2,1,1,3,Rue du Parc,48,
2.023E+11,25,9,2023,20:00,5,92,92009,2,1,1,3,JEAN JAURES ( RUE ),48,
2.023E+11,26,10,2023,10:20,1,92,92073,2,1,8,2,JAURES (AVENUE JEAN),48,
2.023E+11,22,9,2023,17:05,1,86,86128,2,2,1,3,Rue Léon Gambetta,46,
2.023E+11,26,10,2023,18:05,5,92,92064,2,9,2,2,EGLISE,48,
2.023E+11,26,9,2023,11:30,1,73,73028,1,1,1,1,RD 1516,45,
2.023E+11,24,10,2023,19:50,2,92,92064,2,1,2,7,CARNOT,48,
2.023E+11,24,8,2023,09:30,1,41,41031,1,9,1,3,Clénord,47,
2.023E+11,7,9,2023,17:22,1,6,6161,2,1,1,2,Route du Bord de Mer,43,
2.023E+11,26,10,2023,17:15,1,92,92036,2,4,2,1,VILLEBOIS MAREUIL (RUE),48,
2.023E+11,26,9,2023,07:45,2,21,21599,1,1,1,2,A31,47,
2.023E+11,24,9,2023,15:45,1,11,11203,2,1,1,1,33 Boulevard Marechal Lyautey,43,
2.023E+11,26,10,2023,08:55,1,92,92036,2,1,8,2,ARGENTEUIL (AVENUE D'),48,
2.023E+11,26,10,2023,10:00,1,92,92025,2,1,8,6,YOURI GAGARINE (RUE),48,
2.023E+11,26,10,2023,19:55,5,92,92023,2,8,3,3,GENERAL DE GAULLE (AV DU) N°130 A 340 ET,48,
2.023E+11,26,10,2023,22:00,5,34,34276,2,3,1,2,avenue louis cancel,43,
2.023E+11,27,10,2023,12:00,1,57,57512,1,1,3,6,Nouilly,49,
2.023E+11,25,10,2023,09:20,1,38,38336,1,1,1,2,D4b,45,
2.023E+11,27,10,2023,14:20,1,25,25381,1,9,8,3,A 36 PK 124+200,47,
2.023E+11,26,10,2023,22:52,3,27,27306,1,1,2,7,route de saint-andré,48,
2.023E+11,25,10,2023,17:30,2,1,1347,1,1,2,3,Route de Saint Bernard,45,
2.023E+11,27,10,2023,07:45,3,12,12157,1,8,2,3,RN88 - gages,44,
2.023E+11,26,10,2023,10:30,1,19,19285,1,1,3,6,autoroute A20 PK 244.930,45,
2.023E+11,26,10,2023,16:50,1,23,23166,1,1,2,6,Rue du Theuil,46,
2.023E+11,27,10,2023,14:00,1,62,62611,1,1,1,6,D5,50,
2.023E+11,26,10,2023,16:45,1,30,30141,1,1,8,3,Route des 4 Chemins,44,
2.023E+11,26,10,2023,18:08,1,27,27079,1,1,1,2,A28,49,
2.023E+11,5,5,2023,10:10,1,64,64102,2,6,1,3,LORRAINE (BOULEVARD D'ALSACE),43,
2.023E+11,5,5,2023,17:35,1,62,62186,2,1,1,1,Rue Jules Verne,50,
2.023E+11,6,5,2023,23:05,5,61,61001,2,2,2,3,D112,48,
2.023E+11,5,5,2023,17:00,1,59,59599,2,1,1,5,WATT (CHAUSSEE),50,
2.023E+11,6,5,2023,11:45,1,59,59163,2,1,1,3,COURBET (RUE),50,
2.023E+11,6,5,2023,02:00,5,59,59350,2,1,1,5,MARQUILLIES RUE,50,
2.023E+11,6,5,2023,15:40,1,57,57480,2,1,1,6,GENERAL FRANIATTE (RUE DU ),49,
2.023E+11,6,5,2023,10:10,1,56,56121,2,6,2,3,FRANCE ( AVE ANATOLE ),47,
2.023E+11,5,5,2023,15:29,1,56,56162,2,3,1,3,LARMOR (ROUTE DE),47,
2.023E+11,5,5,2023,15:10,1,56,56098,2,1,1,2,Pont du Bouc,47,
2.023E+11,6,5,2023,18:49,1,51,51454,2,2,1,3,rue Lamouche,49,
2.023E+11,5,5,2023,22:50,3,49,49328,2,1,1,6,JAGUENEAU (QUAI DU),47,
2.023E+11,6,5,2023,01:05,5,45,45234,2,6,1,3,11 Boulevard de Verdun,47,
2.023E+11,6,5,2023,09:55,1,29,29039,2,6,1,3,Rond poind de Kervinou ,47,
2.023E+11,6,5,2023,06:15,5,29,29019,2,1,2,7,rue Yves Collet,48,
2.023E+11,6,5,2023,13:30,1,25,25056,2,3,1,6,MOUILLERE RUE DE LA,47,
2.023E+11,6,5,2023,03:08,4,22,22215,1,6,2,6,ROND POINT DE BREZILLET,48,
2.023E+11,6,5,2023,00:10,5,17,17306,2,1,8,6,BAILLET (BD COLONEL ROBERT),45,
2.023E+11,6,5,2023,12:30,1,14,14118,2,1,2,1,Boulevard Maréchal Juin,49,
2.023E+11,5,5,2023,17:15,1,14,14118,2,6,2,1,6 Rue d’Auge,49,
2.023E+11,6,5,2023,15:30,1,13,13215,1,1,1,6,MADRAGUE VILLE (chemin de la),43,
2.023E+11,6,5,2023,08:50,1,13,13208,2,1,1,5,PRADO (AVENUE DU),43,
2.023E+11,6,5,2023,05:00,5,13,13202,2,2,1,3,EVECHE (RUE DE L'),43,
2.023E+11,6,5,2023,03:10,5,13,13204,2,3,1,3,MARÉCHAL JUIN (BOULEVARD),43,
2.023E+11,5,5,2023,17:05,1,13,13001,2,2,1,1,BROSSOLETTE PIERRE (AV),43,
2.023E+11,23,4,2023,16:20,1,12,12013,2,1,1,6,MOULIN JEAN,44,
2.023E+11,6,5,2023,19:50,1,75,75114,2,1,1,3,PORTE D ORLEANS,48,
2.023E+11,6,5,2023,20:45,1,75,75120,2,3,1,6,RUE DE MENILMONTANT,48,
2.023E+11,6,5,2023,17:45,1,75,75120,2,3,1,3,BOULEVARD DAVOUT,48,
2.023E+11,5,5,2023,21:30,5,75,75120,2,1,3,4,BOULEVARD PERIPHERIQUE EXTERIEUR ,48,
2.023E+11,6,5,2023,02:18,5,75,75116,2,2,1,3,Avenue de la Porte de Saint-Cloud,48,
2.023E+11,6,5,2023,14:35,1,75,75115,2,3,1,7,RUE LINOIS,48,
2.023E+11,6,5,2023,12:05,1,75,75115,2,3,1,3,RUE DE VAUGIRARD,48,
2.023E+11,6,5,2023,23:05,5,75,75113,2,1,1,3,AVENUE PIERRE MENDES FRANCE,48,
2.023E+11,6,5,2023,10:43,1,75,75111,2,2,1,3,AVENUE PARMENTIER,48,
2.023E+11,6,5,2023,00:30,5,75,75110,2,3,1,6,BOULEVARD SAINT DENIS,48,
2.023E+11,6,5,2023,06:55,1,75,75109,2,2,1,6,RUE DU FAUBOURG POISSONNIERE,48,
2.023E+11,6,5,2023,16:09,1,75,75107,2,3,8,1,QUAI D ORSAY,48,
2.023E+11,6,5,2023,19:15,1,94,94067,2,7,1,3,Avenue Joffre / Avenue Gallieni,48,
2.023E+11,6,5,2023,15:35,1,94,94019,2,1,8,2,13 Rue Rabelais,48,
2.023E+11,5,5,2023,14:20,1,94,94056,2,2,1,3,Route de Brie Comte Robert,48,
2.023E+11,5,5,2023,23:53,5,93,93070,2,2,2,3,Avenue Michelet / Avenue Frayce,48,
2.023E+11,6,5,2023,18:55,1,93,93061,2,1,1,6,Avenue Edouard Vaillant,48,
2.023E+11,6,5,2023,06:05,2,93,93050,2,2,1,1,Rue Paul et Camille Thomoux / Rue du Roussillon,48,
2.023E+11,6,5,2023,17:50,1,93,93013,2,1,2,6,Avenue de la Division Leclerc,48,
2.023E+11,6,5,2023,16:00,1,93,93001,2,3,1,3,Avenue de la République / Rue du Docteur Pesque,48,
2.023E+11,6,5,2023,22:14,3,92,92024,2,1,1,2,GENERAL ROGUET (RUE DU) DE (1 A 57)   (2,48,
2.023E+11,6,5,2023,14:25,1,92,92002,2,1,1,6,JEAN MOULIN (RUE),48,
2.023E+11,6,5,2023,07:30,1,11,11413,1,1,8,6,N/A,43,
2.023E+11,6,5,2023,21:10,3,37,37112,1,1,2,7,254 route de l'aunaie,47,
2.023E+11,7,5,2023,10:35,1,47,47238,1,1,1,1,1102 Avenue de la Plaine,44,
2.023E+11,7,5,2023,08:40,1,38,38270,2,1,1,3,215 Rue du Bourg,45,
2.023E+11,5,4,2023,14:00,1,79,79140,2,2,1,3,N/A,46,
2.023E+11,6,5,2023,21:55,3,60,60658,1,1,1,6,N2,49,
2.023E+11,6,5,2023,22:05,3,62,62104,1,1,1,7,D252,50,
2.023E+11,5,5,2023,09:40,1,2B,2B010,1,1,1,2,t30,42,
2.023E+11,7,5,2023,04:48,2,82,82022,1,1,2,6,D7,44,
2.023E+11,27,11,2023,17:15,2,11,11069,2,2,2,3,N/A,43,
2.023E+11,6,5,2023,21:23,1,44,44021,1,1,8,6,N/A,47,
2.023E+11,29,11,2023,16:15,1,6,6069,2,1,1,3,GRAND CHENE (CHEMIN DU),43,
2.023E+11,6,5,2023,05:15,3,35,35039,1,1,2,2,N157,48,
2.023E+11,29,11,2023,18:15,3,4,4112,2,1,1,7,SERRETS (AV.DES),43,
2.023E+11,29,11,2023,11:33,1,75,75110,2,1,1,6,BOULEVARD DE LA VILLETTE,48,
2.023E+11,5,5,2023,09:30,1,29,29186,1,1,2,4,RD76 PK6+500,48,
2.023E+11,7,5,2023,20:00,1,29,29016,1,1,1,6,lieu-dit coat compes,48,
2.023E+11,29,11,2023,07:50,1,75,75117,2,1,1,5,BOULEVARD PERIPHERIQUE INTERIEUR OUEST,48,
2.023E+11,7,5,2023,17:05,1,1,1165,1,1,1,6,1204 Grande Rue,46,
2.023E+11,6,5,2023,17:00,1,26,26099,1,1,1,6,D541,44,
2.023E+11,29,11,2023,00:02,5,75,75117,2,1,1,2,BD PERIPHERIQUE INTERIEUR,48,
2.023E+11,6,5,2023,21:11,5,6,6138,1,1,1,6,Avenue de Miramar,43,
2.023E+11,28,11,2023,18:30,2,75,75106,2,3,1,2,BOULEVARD SAINT GERMAIN,48,
2.023E+11,7,5,2023,17:40,1,50,50615,2,1,1,6,Rue Saint Malo,49,
2.023E+11,29,11,2023,16:05,1,75,75119,2,3,1,6,BOULEVARD DE LA VILLETTE,48,
2.023E+11,7,5,2023,13:10,1,50,50185,1,2,1,4,N/A,48,
2.023E+11,28,11,2023,20:30,5,75,75118,2,1,1,3,BOULEVARD NEY,48,
2.023E+11,6,5,2023,09:05,1,45,45148,2,2,1,3,D2007 PR 6 + 770,48,
2.023E+11,29,11,2023,13:32,1,75,75117,2,2,1,3,RUE DE COURCELLES,48,
2.023E+11,6,5,2023,19:44,1,7,7069,1,1,1,7,ROUTE DU DOUX,45,
2.023E+11,7,5,2023,15:15,1,7,7129,1,3,1,3,D533 - route de Valence,44,
2.023E+11,29,11,2023,13:45,1,75,75115,2,2,1,6,RUE PECLET,48,
2.023E+11,29,11,2023,10:53,1,75,75115,2,7,1,3,PLACE CAMBRONNE,48,
2.023E+11,7,5,2023,11:00,1,40,40234,1,1,1,4,D933n,43,
2.023E+11,28,11,2023,08:45,1,75,75115,2,5,1,3,BOULEVARD DU MONTPARNASSE,48,
2.023E+11,7,5,2023,07:00,1,85,85220,1,3,1,6,la sangle,46,
2.023E+11,4,5,2023,18:00,1,27,27156,1,1,1,7,Route départementale 21,48,
2.023E+11,27,11,2023,17:20,5,75,75114,2,2,8,3,RUE VERCINGETORIX,48,
2.023E+11,7,5,2023,00:35,3,30,30305,1,1,1,7,Route de Servas,44,
2.023E+11,28,11,2023,14:30,1,75,75111,2,1,1,6,BOULEVARD RICHARD LENOIR,48,
2.023E+11,7,5,2023,01:40,5,34,34337,1,6,1,7,M986 PR 53+861,43,
2.023E+11,29,11,2023,21:05,5,75,75110,2,3,1,6,RUE LEON JOUHAUX,48,
2.023E+11,6,5,2023,18:30,1,33,33122,1,2,1,3,Route de Saucats,44,
2.023E+11,29,11,2023,09:30,1,75,75107,2,7,1,3,RUE DUROC,48,
2.023E+11,29,4,2023,18:30,1,69,69043,2,1,1,1,72 Route de la Gare,45,
2.023E+11,29,11,2023,13:45,1,75,75101,2,2,1,6,RUE BERTIN POIREE,48,
2.023E+11,27,3,2023,13:17,1,75,75109,2,1,1,2,RUE DE CHATEAUDUN,48,
2.023E+11,6,5,2023,13:00,1,34,34146,1,1,1,3,A9 - PK 78+3946,43,
2.023E+11,29,11,2023,07:50,2,94,94074,2,1,1,3,Rue le Bois Cerdon,48,
2.023E+11,26,3,2023,13:51,1,75,75119,2,2,1,6,RUE DES BOIS,48,
2.023E+11,7,5,2023,11:15,1,69,69064,2,1,2,3,Rue Nationale,45,
2.023E+11,29,11,2023,09:30,1,94,94068,2,1,1,2,Avenue du Docteur Calmette,48,
2.023E+11,28,3,2023,16:45,1,75,75106,2,2,1,6,RUE DE RENNES,48,
2.023E+11,6,5,2023,22:30,3,988,98811,2,3,1,6,avenue Jimmy Welepane/Rue des Mouettes,-21,
2.023E+11,28,11,2023,20:30,5,94,94019,2,3,1,2,Rue Fusilles de Chateaubriant,48,
2.023E+11,28,3,2023,20:00,2,75,75119,2,2,1,3,AVENUE DE FLANDRE,48,
2.023E+11,7,5,2023,05:25,2,971,97118,1,1,1,1,RD 23,,
2.023E+11,29,11,2023,02:45,5,93,93077,2,2,1,6,Grande Rue / Rue Emile Erckmann,48,
2.023E+11,6,5,2023,05:20,3,45,45108,1,1,1,6,D956 PR 2 + 312,47,
2.023E+11,28,3,2023,20:05,5,75,75118,2,3,1,6,RUE DE CLIGNANCOURT,48,
2.023E+11,29,11,2023,08:00,2,93,93050,2,2,1,6,Avenue Jean Stéphan / Avenue de Chelles,48,
2.023E+11,4,5,2023,22:15,3,77,77225,1,6,1,7,D228,48,
2.023E+11,6,5,2023,21:15,3,95,95211,1,6,1,7,D927,49,
2.023E+11,29,11,2023,08:35,1,93,93046,2,1,1,3,Boulevard de la République,48,
2.023E+11,28,3,2023,11:50,1,75,75116,2,3,1,6,AVENUE MARCEAU,48,
2.023E+11,6,5,2023,22:24,3,83,83127,1,1,1,6,1200 Route de Marseille,43,
2.023E+11,28,3,2023,09:40,1,75,75116,2,1,1,3,AVENUE GEORGES MANDEL,48,
2.023E+11,28,11,2023,12:45,1,93,93032,2,2,1,3,Avenue Centrale / Avenue Charles Infroit,48,
2.023E+11,6,5,2023,22:10,5,71,71342,2,1,1,6,Rue de Bellevue,46,
2.023E+11,29,11,2023,19:50,5,92,92040,2,1,1,7,LASSERRE,48,
2.023E+11,27,3,2023,12:20,1,75,75116,2,3,1,3,RUE DE SONTAY,48,
2.023E+11,15,4,2023,23:45,3,73,73160,1,1,2,7,Chemin de la Manette,45,
2.023E+11,29,11,2023,20:50,5,92,92012,2,1,1,2,REPUBLIQUE (BOULEVARD DE LA) 79/FIN - 76,48,
2.023E+11,28,3,2023,08:20,1,75,75115,2,3,1,3,AVENUE DE LA PORTE DE LA PLAINE,48,
2.023E+11,7,5,2023,03:38,3,38,38197,1,1,1,7,D517A,45,
2.023E+11,29,11,2023,18:35,3,57,57716,1,3,8,6,Rue Principale Hessange,49,
2.023E+11,6,5,2023,11:06,1,38,38071,2,1,1,3,Rue des Artisans,45,
2.023E+11,27,3,2023,15:10,1,75,75114,2,3,1,3,BOULEVARD DU MONTPARNASSE,48,
2.023E+11,29,11,2023,15:50,1,7,7349,2,1,8,6,218 Avenue Marie Curie,44,
2.023E+11,3,4,2023,21:45,3,81,81104,1,1,1,6,D12,43,
2.023E+11,29,11,2023,14:50,1,21,21038,1,1,1,6,A39,47,
2.023E+11,27,3,2023,16:40,1,75,75113,2,2,1,3,PORTE D ITALIE,48,
2.023E+11,7,5,2023,15:20,1,16,16077,1,4,1,1,Rue des Chaumes,45,
2.023E+11,29,11,2023,09:15,1,974,97422,1,1,1,1,Chemin Albert Hibon,-21,
2.023E+11,28,3,2023,14:35,1,75,75110,2,2,1,2,RUE LA FAYETTE,48,
2.023E+11,30,11,2023,07:30,1,974,97404,2,1,1,6,College Simon Lucas (École),-21,
2.023E+11,29,11,2023,14:30,1,28,28035,1,1,1,2,N154,48,
2.023E+11,28,3,2023,14:20,1,75,75110,2,9,1,3,RUE DE SAMBRE ET MEUSE,48,
2.023E+11,7,5,2023,06:30,2,33,33243,2,9,1,6,D1089,44,
2.023E+11,6,5,2023,23:50,3,44,44215,1,1,2,7,Route du Drouillet,47,
2.023E+11,28,3,2023,20:25,5,75,75107,2,2,1,6,RUE DU BAC,48,
2.023E+11,29,11,2023,17:30,3,76,76177,1,1,2,1,D6,49,
2.023E+11,7,5,2023,17:50,1,76,76678,1,1,1,1,D915,49,
2.023E+11,28,3,2023,10:50,1,75,75107,2,2,1,3,QUAI ANATOLE FRANCE,48,
2.023E+11,30,11,2023,17:20,3,2B,2B346,1,1,1,3,Arena,42,
2.023E+11,6,5,2023,23:15,5,13,13028,1,1,1,6,A50-Sens LA CIOTAT vers Bandol,43,
2.023E+11,28,3,2023,08:10,1,75,75104,2,1,1,6,QUAI HENRI IV,48,
2.023E+11,25,11,2023,11:25,1,82,82151,2,4,1,3,chemin de foirail,44,
2.023E+11,28,3,2023,18:20,1,94,94067,2,2,1,6,Avenue du Général de Gaulle / Avenue Victor Hugo,48,
2.023E+11,5,5,2023,16:10,1,13,13071,1,1,1,4,A7-Sens Marseille vers Lyon,43,
2.023E+11,29,11,2023,09:50,1,49,49055,1,6,1,2,Chemin des Nuits,47,
2.023E+11,6,5,2023,01:00,3,83,83069,1,1,1,3,A570,43,
2.023E+11,23,11,2023,19:50,3,49,49228,1,1,1,3,cd 766,47,
2.023E+11,27,3,2023,08:15,1,94,94046,2,3,8,3,Rue Jean Jaurès,48,
2.023E+11,5,5,2023,00:23,3,57,57474,1,1,1,2,Autoroute A31,49,
2.023E+11,30,11,2023,16:20,1,68,68004,2,9,2,6,18 Rue de l?Ill,47,
2.023E+11,28,3,2023,10:15,1,93,93059,2,8,1,3,Avenue Elisée Reclus / Passage Maurice,48,
2.023E+11,5,5,2023,17:15,1,67,67365,1,1,2,3,M35,48,
2.023E+11,28,11,2023,12:00,1,38,38069,1,2,1,3,Route du Contour,45,
2.023E+11,5,5,2023,22:56,4,91,91570,1,1,2,7,RN 104,48,
2.023E+11,28,3,2023,08:13,1,93,93066,2,1,1,1,Boulevard de la Libération,48,
2.023E+11,6,5,2023,18:35,1,75,75116,1,1,1,6,A13Y,48,
2.023E+11,29,11,2023,17:20,2,38,38538,1,3,1,2,Rue Albert Girard Blanc,45,
2.023E+11,28,3,2023,07:00,2,92,92050,2,1,1,3,CLEMENCEAU GEORGES AVENUE N° PAIR,48,
2.023E+11,24,11,2023,04:40,3,2,2639,1,1,1,1,D420,49,
2.023E+11,28,3,2023,16:10,1,92,92048,2,1,2,6,GARDES (ROUTE DES) N° 5 A 51,48,
2.023E+11,5,5,2023,19:14,1,92,92050,1,1,2,4,A86,48,
2.023E+11,29,11,2023,17:45,3,58,58067,1,1,1,1,D907,47,
2.023E+11,28,3,2023,14:40,1,92,92040,2,1,1,6,JEAN-PIERRE TIMBAUD,48,
2.023E+11,6,5,2023,07:49,1,93,93006,1,1,1,6,AUTOROUTE A3,48,
2.023E+11,29,11,2023,17:47,3,50,50388,1,1,1,6,D971,49,
2.023E+11,28,3,2023,19:10,5,92,92062,2,9,8,2,DEFENSE (ROND POINT DE LA),48,
2.023E+11,29,11,2023,12:00,1,64,64487,1,1,8,6,RD 918,43,
2.023E+11,6,5,2023,06:15,2,92,92036,1,1,2,7,AUTOROUTE A15,48,
2.023E+11,30,11,2023,13:20,1,64,64250,1,1,2,6,Chemin de Laillet,43,