Num_Acc,jour,mois,an,hrmn,lum,dep,com,agg,int,atm,col,adr,lat,long
2.023E+11,9,6,2023,18:30,1,75,75117,2,1,1,3,PORTE D ASNIERES,48,
2.023E+11,19,12,2023,16:45,1,976,97607,1,1,1,1,route de l'Est,-12,
2.023E+11,27,11,2023,09:38,1,49,49007,2,1,2,1,SAUMUROISE IMPASSE ET RUE,47,
2.023E+11,9,6,2023,10:30,1,75,75114,2,1,1,7,PORTE DE CHATILLON,48,
2.023E+11,27,3,2023,17:15,1,92,92035,2,1,8,6,National ( boulevard ),48,
2.023E+11,5,5,2023,08:50,1,22,22278,2,1,1,6,METAIRIE (JEAN),48,
2.023E+11,25,8,2023,19:15,3,976,97611,2,1,1,6,les hauts vallons-Filaos ( av des  ),-12,
2.023E+11,27,3,2023,08:30,1,92,92026,2,1,1,6,ARMAND SILVESTRE ( DE 01 A 92),48,
2.023E+11,28,11,2023,13:15,1,47,47001,2,2,1,3,PELLETAN (BOULEVARD EUGENE),44,
2.023E+11,8,6,2023,21:15,5,75,75110,2,4,1,2,RUE LA FAYETTE,48,
2.023E+11,2,6,2023,06:10,2,976,97611,2,9,1,6,kaweni-Kaweni sud  (Z I),-12,
2.023E+11,5,5,2023,22:30,5,18,18033,2,2,1,3,Boulevard Gambetta,47,
2.023E+11,26,3,2023,19:00,1,92,92004,2,1,2,6,YVONNE ( AVENUE ),48,
2.023E+11,27,11,2023,12:03,1,45,45004,2,1,3,2,D2107 PR 1 + 34,47,
2.023E+11,27,5,2023,18:05,5,976,97611,2,1,1,6,Boulevard Mawana Madi,-12,
2.023E+11,9,6,2023,20:45,2,75,75105,2,2,1,3,RUE DES ECOLES,48,
2.023E+11,27,3,2023,06:20,5,92,92002,2,1,1,6,RABELAIS (AVENUE),48,
2.023E+11,5,5,2023,20:05,1,17,17333,2,6,1,3,JUIN (AVENUE MARECHAL),45,
2.023E+11,13,2,2023,16:30,1,976,97611,2,1,7,6,tsoundzou-Kwalé ( route de ),-12,
2.023E+11,28,11,2023,08:25,2,38,38158,2,1,2,2,N 87,45,
2.023E+11,9,6,2023,18:20,1,75,75106,2,1,1,2,RUE GUYNEMER,48,
2.023E+11,27,3,2023,17:15,1,67,67273,1,1,8,7,Départementale 09,48,
2.023E+11,25,12,2023,19:00,3,88,88209,2,1,1,6,DOMEVRE (RUE DE),48,
2.023E+11,2,5,2023,17:20,1,15,15014,1,1,1,2,RN122,44,
2.023E+11,27,3,2023,23:35,3,22,22067,1,1,1,6,RN 12 pk 91+0100,48,
2.023E+11,9,6,2023,12:20,1,75,75119,2,3,1,3,AVENUE MATHURIN MOREAU,48,
2.023E+11,11,12,2023,17:30,5,88,88486,1,3,1,1,RD 43 - D243,48,
2.023E+11,24,4,2023,01:00,3,13,13108,1,1,1,1,RD 970 ROUTE D'AVIGNON,43,
2.023E+11,28,11,2023,17:45,5,37,37261,2,1,8,4,MIRABEAU (PONT),47,
2.023E+11,9,6,2023,20:45,1,75,75117,2,3,1,6,AVENUE DE VILLIERS,48,
2.023E+11,4,5,2023,23:44,5,10,10387,2,1,1,6,Quai du Comte Henri,48,
2.023E+11,9,6,2023,03:40,5,75,75117,2,2,1,2,AVENUE DE CLICHY,48,
2.023E+11,27,11,2023,17:30,4,37,37261,2,1,2,6,BRUXELLES (PLACE DE),47,
2.023E+11,20,7,2023,14:05,1,91,91689,2,3,1,3,AV AMPERE,48,
2.023E+11,4,5,2023,12:21,1,10,10357,2,9,1,2,Av Lieutenant Michel Taittinger,48,
2.023E+11,25,3,2023,19:28,3,62,62362,1,1,1,3,D72,50,
2.023E+11,11,7,2023,16:10,1,91,91044,2,1,1,1,Route d'Orléans,48,
2.023E+11,28,11,2023,19:00,5,35,35115,2,1,2,6,GROSLAY (BD DE DU N°25 AU 43),48,
2.023E+11,9,6,2023,16:45,1,75,75116,2,3,1,2,RUE DE REMUSAT,48,
2.023E+11,5,5,2023,13:15,1,6,6088,2,1,1,6,PENETRANTE DU PAILLON,43,
2.023E+11,27,3,2023,07:57,2,51,51264,1,1,1,7,D373,48,
2.023E+11,9,10,2023,18:57,2,28,28092,1,1,1,6,A 10,48,
2.023E+11,28,11,2023,14:15,1,34,34172,2,1,1,3,DOMITIENNE (VOIE),43,
2.023E+11,9,6,2023,11:00,1,75,75116,2,2,1,3,BOULEVARD EXELMANS,48,
2.023E+11,16,12,2023,15:29,1,12,12145,2,1,1,6,AYROLLE (BOULEVARD DE L'),44,
2.023E+11,27,3,2023,17:50,1,31,31150,2,1,1,1,Route de Pibrac,43,
2.023E+11,28,11,2023,22:50,5,33,33063,2,1,1,3,Boulevard des Frères Moga,44,
2.023E+11,9,6,2023,11:30,1,75,75115,2,2,1,6,AVENUE EMILE ZOLA,48,
2.023E+11,24,12,2023,06:40,2,32,32123,1,1,1,3,D12,43,
2.023E+11,28,3,2023,17:00,1,72,72241,2,1,1,2,Route de Saint Corneille,48,
2.023E+11,9,6,2023,10:30,1,75,75114,2,1,1,6,RUE DU COMMANDANT RENE MOUCHOTTE,48,
2.023E+11,28,11,2023,18:30,5,33,33063,2,3,1,3,Cours Edouard Vaillant,44,
2.023E+11,28,3,2023,13:10,1,5,5156,2,1,1,6,D40,44,
2.023E+11,13,12,2023,16:15,1,14,14540,1,1,2,6,GROS HETRE (CHEMIN DU),49,
2.023E+11,9,6,2023,20:10,1,75,75112,2,1,1,3,RUE DE CHARENTON,48,
2.023E+11,10,2,2023,11:40,1,73,73043,2,9,1,6,IMPASSE DES CHARDONS,45,
2.023E+11,21,12,2023,17:15,5,74,74010,2,1,1,6,152 Route de meclaz,45,
2.023E+11,28,11,2023,15:30,1,33,33063,2,3,1,2,Boulevard Alfred Daney,44,
2.023E+11,9,6,2023,10:30,1,75,75112,2,2,1,3,ECHANGEUR BERCY,48,
2.023E+11,11,11,2023,03:00,3,14,14726,1,1,2,7,26 Route d'Aunay-sur-Odon (Vassy),48,
2.023E+11,28,3,2023,10:40,1,24,24520,1,1,1,1,Route du Bugue,44,
2.023E+11,28,11,2023,10:50,1,33,33119,2,3,1,3,Rue Jules Guesde,44,
2.023E+11,9,6,2023,22:38,5,75,75111,2,3,1,3,AVENUE DE LA REPUBLIQUE,48,
2.023E+11,22,9,2023,14:00,1,52,52461,2,9,2,3,Rue Glapigny,48,
2.023E+11,27,3,2023,11:40,1,38,38053,1,3,2,1,pk 0 D208,45,
2.023E+11,28,11,2023,20:00,5,31,31555,2,1,1,6,BD DE LA MARQUETTE,43,
2.023E+11,9,6,2023,15:00,1,75,75111,2,3,1,3,BOULEVARD DES FILLES DU CALVAIRE,48,
2.023E+11,28,9,2023,23:56,4,972,97207,1,1,1,2,ROUTE NATIONALE 5,14,
2.023E+11,27,3,2023,12:15,1,974,97422,1,1,1,3,Route Nat 3 Pk 27,-21,
2.023E+11,27,11,2023,17:20,2,31,31555,2,1,2,6,RUE LOUIS PLANA,43,
2.023E+11,9,6,2023,12:20,1,75,75111,2,2,1,3,RUE JEAN PIERRE TIMBAUD,48,
2.023E+11,18,9,2023,13:58,1,972,97213,1,1,1,2,ROUTE DEPARTEMENTALE 3,14,
2.023E+11,27,3,2023,10:30,1,28,28055,1,3,1,1,RD325.7,48,
2.023E+11,7,11,2023,10:52,1,30,30189,2,2,1,6,RABAUT SAINT-ETIENNE (RUE),43,
2.023E+11,9,6,2023,09:05,1,75,75111,2,1,7,3,RUE DE LA FONTAINE AU ROI,48,
2.023E+11,28,3,2023,11:45,1,2A,2A247,2,3,1,3,Rue Henry Frenay,41,
2.023E+11,15,9,2023,07:35,1,972,97213,1,1,1,4,AUTOROUTE A1,14,
2.023E+11,28,11,2023,18:05,3,29,29019,2,2,1,3,rue Louis Delobeau,48,
2.023E+11,28,3,2023,16:30,1,83,83077,2,1,7,6,Route de Brignoles,43,
2.023E+11,9,6,2023,14:15,1,75,75108,2,2,1,3,RUE DE ROME,48,
2.023E+11,27,11,2023,17:55,5,28,28209,2,9,2,3,SOUTINE (Avenue de),48,
2.023E+11,29,10,2023,12:00,1,972,97213,1,9,2,1,ROUTE DEPARTEMENTALE 3,14,
2.023E+11,27,3,2023,14:48,1,70,70262,1,1,1,7,N19,47,
2.023E+11,9,6,2023,15:30,1,94,94081,2,1,1,3,10 Avenue Youri Gagarine,48,
2.023E+11,26,3,2023,10:00,1,33,33179,2,1,1,6,D18,44,
2.023E+11,23,10,2023,17:50,5,972,97213,1,1,1,1,ACAJOU PROLONGEE,14,
2.023E+11,27,11,2023,17:45,3,28,28218,2,1,2,6,PROUST( avenue MARCEL),48,
2.023E+11,8,6,2023,04:15,5,94,94017,2,3,1,2,CHARLES FLOQUET (AV),48,
2.023E+11,28,3,2023,04:30,3,33,33014,1,1,1,6,35 route de lyon,44,
2.023E+11,22,10,2023,07:07,1,972,97213,1,1,2,6,ROUTE DEPARTEMENTALE 13,14,
2.023E+11,6,6,2023,11:30,1,94,94052,2,1,1,3,23 Rue Thiers,48,
2.023E+11,28,11,2023,08:44,1,27,27229,2,1,1,1,NORMANDIE (BOULEVARD DE),49,
2.023E+11,27,3,2023,22:53,3,33,33439,1,1,1,1,1 Lieu Dit la Guillotine,45,
2.023E+11,10,10,2023,18:40,5,972,97213,1,9,1,2,ROUTE DEPARTEMENTALE 15,14,
2.023E+11,27,11,2023,07:45,5,22,22113,2,1,3,6,MARZIN (AVENUE PIERRE),48,
2.023E+11,9,6,2023,11:30,1,94,94043,2,1,1,2,Rue Pasteur,48,
2.023E+11,28,3,2023,08:30,1,33,33051,2,1,7,3,136 Avenue de la Côte d?Argent,44,
2.023E+11,5,4,2023,12:35,1,13,13055,1,1,1,2,A50-Sens Marseille vers Aubagne,43,
2.023E+11,27,3,2023,17:20,1,56,56206,2,1,1,6,16 Rue de Coëtdigo,47,
2.023E+11,28,11,2023,21:10,5,13,13204,2,2,1,3,MARÉCHAL FOCH (AVENUE),43,
2.023E+11,9,6,2023,20:46,1,94,94073,2,1,1,7,Av du Mal de Lattre de Tassigny,48,
2.023E+11,13,11,2023,10:30,1,32,32151,1,1,1,2,D935,43,
2.023E+11,28,11,2023,19:45,5,13,13208,2,1,1,6,SABLIER (BOULEVARD DU),43,
2.023E+11,22,9,2023,19:40,1,92,92040,2,1,9,6,FRERES VOISIN (BOULEVARD DES),48,
2.023E+11,27,3,2023,11:00,1,60,60282,2,4,1,4,Route de Noailles a Vineuil,49,
2.023E+11,28,11,2023,16:00,1,13,13209,2,1,1,1,LÉON LACHAMP (ROUTE),43,
2.023E+11,9,6,2023,18:05,1,94,94028,2,5,1,5,Avenue du Général de Gaulle,48,
2.023E+11,1,6,2023,07:50,1,77,77129,1,1,1,1,D17,49,
2.023E+11,25,3,2023,09:00,1,57,57146,1,1,1,2,Autoroute A31,49,
2.023E+11,28,11,2023,08:55,1,13,13214,2,1,1,2,DANIEL CASANOVA (BOULEVARD),43,
2.023E+11,9,6,2023,16:57,1,94,94011,2,9,1,3,Avenue du Bicentenaire 1789 1989,48,
2.023E+11,27,3,2023,11:20,1,33,33550,1,1,1,3,ROCADE A 630,44,
2.023E+11,5,11,2023,19:35,5,78,78126,1,1,1,2,A13,48,
2.023E+11,24,3,2023,17:33,1,59,59462,1,1,1,6,AUTOROUTE A1,50,
2.023E+11,8,6,2023,18:05,1,94,94028,2,1,1,6,Avenue du Général de Gaulle,48,
2.023E+11,18,11,2023,15:55,1,12,12145,2,6,1,3,AUMIERES (ROND POINT DES) ,44,
2.023E+11,27,11,2023,10:35,1,14,14040,1,1,2,6,Route du Molay-Littry,49,
2.023E+11,27,3,2023,07:29,2,94,94021,1,1,1,2,A6A,48,
2.023E+11,23,11,2023,14:50,1,10,10387,2,1,8,7,MICHEL BAROIN (RUE),48,
2.023E+11,8,6,2023,23:00,5,93,93078,2,2,1,6,Boulevard Robert Ballanger / Avenue Roger Salengro,48,
2.023E+11,24,12,2023,08:25,1,93,93066,2,1,8,6,Place Jean Poulmarch,48,
2.023E+11,27,3,2023,02:24,3,91,91661,1,1,1,6,AUTOROUTE A10,48,
2.023E+11,28,11,2023,15:00,1,75,75112,2,1,1,3,PORTE DOREE,48,
2.023E+11,16,12,2023,18:20,3,67,67053,1,1,1,7,D705,48,
2.023E+11,9,6,2023,08:30,1,93,93070,2,2,1,3,Boulevard Jean Jaurès / Rue du Landy,48,
2.023E+11,27,11,2023,19:10,5,75,75118,2,1,2,7,PORTE DE SAINT OUEN,48,
2.023E+11,28,12,2023,21:55,4,60,60290,2,1,1,5,Rue du Pont,49,
2.023E+11,27,3,2023,10:00,1,92,92023,1,1,1,4,RN385,48,
2.023E+11,9,6,2023,09:50,1,93,93066,2,3,1,1,Rue Maurice Thorez / Rue Pierre Brossolette,48,
2.023E+11,1,1,2023,17:00,2,59,59112,1,1,1,7,N/A,50,
2.023E+11,27,3,2023,02:00,5,92,92051,1,1,1,1,RN13,48,
2.023E+11,28,11,2023,20:50,5,75,75119,2,2,1,6,AVENUE DE FLANDRE,48,
2.023E+11,9,6,2023,07:05,1,93,93066,2,4,1,3,Boulevard de la Libération / Quai de Saint Ouen,48,
2.023E+11,23,11,2023,17:55,3,43,43177,1,3,1,1,D500,45,
2.023E+11,28,11,2023,12:00,1,75,75118,2,4,8,6,RUE LEIBNIZ,48,
2.023E+11,9,6,2023,03:20,3,93,93066,2,9,1,6,Route de la Courneuve,48,
2.023E+11,26,3,2023,17:00,1,92,92062,1,1,1,4,RN1013,48,
2.023E+11,3,11,2023,11:10,1,13,13078,1,1,2,1,Route du Mat de Ricca,43,
2.023E+11,9,6,2023,23:30,5,93,93064,2,1,1,6,Rue Conrad Adenauer,48,
2.023E+11,26,3,2023,19:00,1,93,93053,1,1,1,2,AUTOROUTE A86,48,
2.023E+11,28,11,2023,20:05,5,75,75117,2,7,1,5,RUE DE COURCELLES,48,
2.023E+11,8,6,2023,18:25,1,93,93053,2,2,1,3,Rue Carnot / Boulevard Michelet,48,
2.023E+11,26,3,2023,05:00,3,95,95572,1,1,2,6,A15,49,
2.023E+11,26,11,2023,18:50,3,13,13103,2,1,1,4,A54,,
2.023E+11,28,11,2023,18:15,5,75,75117,2,7,1,3,PLACE DU MARECHAL JUIN,48,
2.023E+11,9,6,2023,16:13,1,93,93047,2,1,7,2,Boulevard Hardy,48,
2.023E+11,29,11,2023,16:50,1,16,16028,2,1,1,6,Norauto,,
2.023E+11,24,3,2023,16:30,1,93,93007,1,1,1,4,AUTOROUTE A1,48,
2.023E+11,28,11,2023,10:45,1,75,75116,2,5,1,3,PLACE DU TROCADERO ET DU 11 NOVEMBRE,48,
2.023E+11,9,6,2023,09:15,1,93,93047,2,1,1,3,Boulevard Bargue,48,
2.023E+11,20,3,2023,14:00,1,16,16070,1,1,1,6,N/A,45,
2.023E+11,26,3,2023,06:25,5,62,62737,2,1,2,6,D937,50,
2.023E+11,28,11,2023,11:55,1,75,75116,2,1,1,6,RUE DE LA POMPE,48,
2.023E+11,9,6,2023,01:10,5,93,93057,2,1,1,6,Allée Danielle Casanova,48,
2.023E+11,24,11,2023,09:15,1,14,14250,1,1,1,6,Route de Creully,49,
2.023E+11,25,3,2023,17:15,1,974,97411,1,1,2,7,VINH-SAN (BLD 1 DU PRINCE),-20,
2.023E+11,9,6,2023,16:00,1,93,93030,2,2,1,3,Avenue du Maréchal Leclerc de Hauteclocque / Rue Ernest Amelin,48,
2.023E+11,27,11,2023,08:52,1,75,75116,2,1,1,3,VOIE GEORGES POMPIDOU,48,
2.023E+11,26,3,2023,21:00,5,973,97302,2,1,1,2,ARAGO (FRANCOIS),4,
2.023E+11,24,12,2023,01:35,3,74,74014,2,1,1,1,Route de flaine,46,
2.023E+11,9,6,2023,03:10,5,93,93046,2,1,1,6,Boulevard Maurice Berteaux,48,
2.023E+11,9,6,2023,08:20,1,92,92046,2,1,1,1,Charles de gaulle,48,
2.023E+11,28,11,2023,18:50,5,75,75114,2,4,1,3,BOULEVARD BRUNE,48,
2.023E+11,26,12,2023,08:35,3,29,29069,1,3,8,3,Castelmein (Arrêt de bus),48,
2.023E+11,26,3,2023,03:55,5,69,69387,2,1,2,4,Rue de l'Epargne,45,
2.023E+11,9,6,2023,11:55,1,92,92072,2,1,1,6,LECOINTRE (RUE),48,
2.023E+11,27,11,2023,17:50,5,75,75114,2,1,2,6,RUE VERCINGETORIX,48,
2.023E+11,6,7,2023,11:20,1,67,67482,1,1,1,2,M352,48,
2.023E+11,9,6,2023,10:25,1,92,92050,2,1,1,6,CLEMENCEAU GEORGES AVENUE N° PAIR,48,
2.023E+11,26,3,2023,19:15,1,91,91589,2,2,8,3,AV DES TILLEULS,48,
2.023E+11,27,11,2023,12:50,1,75,75114,2,4,2,6,AVENUE DU GENERAL LECLERC,48,
2.023E+11,25,3,2023,20:40,4,71,71540,1,1,1,7,C.D.18,46,
2.023E+11,29,11,2023,17:44,2,78,78646,2,2,1,6,N/A,48,
2.023E+11,8,6,2023,13:30,1,92,92050,2,2,1,3,NEUILLY RUE DE,48,
2.023E+11,28,11,2023,16:10,1,75,75112,2,3,1,6,RUE DU FAUBOURG SAINT ANTOINE,48,
2.023E+11,16,12,2023,12:45,1,14,14191,1,1,1,6,D79,49,
2.023E+11,9,6,2023,13:17,1,92,92023,2,1,1,6,GENERAL DE GAULLE (AVENUE DU),48,
2.023E+11,26,3,2023,01:10,3,71,71445,1,1,1,1,RD673,46,
2.023E+11,22,11,2023,20:10,5,75,75112,2,1,2,2,BOULEVARD PONIATOWSKI,48,
2.023E+11,8,6,2023,15:10,1,92,92036,2,3,1,3,PRINCIPALE DU PORT (ROUTE) (1/17),48,
2.023E+11,2,12,2023,13:50,1,974,97409,2,1,2,6,RN2 SENS STE SUZANNE ST BENOIT,-20,
2.023E+11,26,3,2023,08:50,1,64,64122,2,1,2,1,BIDART (AVENUE DE),43,
2.023E+11,27,11,2023,14:35,1,75,75112,2,1,8,2,QUAI DE LA RAPEE,48,
2.023E+11,24,12,2023,17:00,2,84,84026,2,3,1,7,Rue Louis Blanc,43,
2.023E+11,9,6,2023,13:15,1,92,92026,2,1,1,1,COLOMBES,48,
2.023E+11,28,11,2023,08:55,1,75,75109,2,1,8,6,RUE DE LA VICTOIRE,48,
2.023E+11,26,3,2023,06:15,5,62,62119,2,3,2,6,D943,50,
2.023E+11,9,6,2023,02:05,5,92,92012,2,9,1,3,EDOUARD VAILLANT (AVENUE) 57/FIN - 58/FI,48,
2.023E+11,26,3,2023,00:10,4,45,45234,2,1,2,7,13 Rue Alexandre Dumas,47,
2.023E+11,28,10,2023,09:50,1,13,13041,1,4,7,3,Route de Greasque,43,
2.023E+11,28,11,2023,14:53,1,75,75108,2,2,1,3,ROND POINT CHAMPS ELYSEES,48,
2.023E+11,9,6,2023,19:08,1,92,92004,2,1,7,2,FAIDHERBE ( AVENUE ),48,
2.023E+11,13,12,2023,05:40,5,93,93070,2,1,8,2,Avenue Michelet,48,
2.023E+11,25,3,2023,18:50,1,42,42189,2,3,1,2,Boulevard Louis Braille,45,
2.023E+11,28,11,2023,19:40,5,75,75107,2,2,1,6,AVENUE DE BRETEUIL,48,
2.023E+11,24,3,2023,20:15,5,38,38053,2,1,8,6,ALPES,45,
2.023E+11,29,3,2023,08:22,1,69,69256,2,1,6,3,Rue Roger Salengro,45,
2.023E+11,27,11,2023,19:00,5,75,75102,2,3,2,6,BOULEVARD POISSONNIERE,48,
2.023E+11,9,6,2023,16:45,1,92,92002,2,2,1,3,GENERAL DE GAULLE (AVENUE DU),48,
2.023E+11,26,3,2023,20:15,3,37,37122,2,1,2,2,AMBOISE (RUE D'),47,
2.023E+11,6,12,2023,16:30,1,974,97409,2,1,1,3,EMILE THOMAS (rue),-20,
2.023E+11,8,6,2023,23:10,5,92,92002,2,1,1,6,ARISTIDE BRIAND (AVENUE),48,
2.023E+11,28,11,2023,18:15,5,94,94058,2,1,1,4,Boulevard d'Alsace-lorraine,48,
2.023E+11,26,3,2023,12:45,1,37,37208,2,3,1,2,GRANDMONT (RUE DE),47,
2.023E+11,6,12,2023,10:07,1,974,97409,2,1,1,2,PATELIN (chemin),-20,
2.023E+11,28,11,2023,19:35,5,94,94041,2,2,1,3,Avenue Danielle Casanova,48,
2.023E+11,30,4,2023,17:45,1,2A,2A272,2,1,2,7,U STRITTONU,41,
2.023E+11,26,3,2023,20:00,1,35,35238,2,3,1,3,PAYS-BAS (AVENUE DES),48,
2.023E+11,30,11,2023,06:10,2,974,97409,1,1,3,2,RN2 SENS ST BENOIT ST DENIS,-20,
2.023E+11,28,11,2023,18:05,5,94,94041,2,1,1,6,51 Quai Auguste Deshaies,48,
2.023E+11,10,6,2023,10:43,1,69,69279,2,3,1,3,Boulevard Louis Pradel,45,
2.023E+11,16,3,2023,18:30,1,34,34301,2,5,1,3,PASTEUR LOUIS (QUAI),43,
2.023E+11,28,11,2023,19:25,5,94,94001,2,7,2,6,Rue du Bac,48,
2.023E+11,9,6,2023,16:45,1,62,62506,1,1,1,6,D 224,50,
2.023E+11,26,3,2023,06:00,3,29,29039,1,1,2,6,RD 783,47,
2.023E+11,8,11,2023,08:35,1,13,13001,1,1,1,3,A51-Sens Marseille vers Aix en Provence,43,
2.023E+11,28,11,2023,11:45,1,93,93078,2,1,1,1,Avenue Jean Fourgeaud,48,
2.023E+11,8,6,2023,12:06,1,974,97413,2,3,1,3,Rue Haute,-21,
2.023E+11,12,10,2023,06:45,2,13,13207,2,1,1,7,A55-Sens Marseille vers Martigues,43,
2.023E+11,26,3,2023,22:25,5,17,17306,2,2,8,3,ROCHEFORT (DE)  (AVENUE),45,
2.023E+11,28,11,2023,20:30,3,93,93055,2,2,1,3,Rue Victor Hugo / Avenue Jean Lolive,48,
2.023E+11,9,6,2023,20:15,1,85,85109,2,6,1,6,3 Rue Claude Debussy,46,
2.023E+11,10,7,2023,19:15,1,91,91345,2,9,1,6,Rue Maurice ,48,
2.023E+11,26,3,2023,18:00,1,13,13002,2,1,1,3,SAINT ROCH (ROND POINT),43,
2.023E+11,9,6,2023,16:45,1,19,19286,1,1,3,6,le bert D31,45,
2.023E+11,27,11,2023,19:45,5,93,93053,2,3,2,6,Rue Marcellin Berthelot / Rue Moissan,48,
2.023E+11,24,9,2023,18:00,1,28,28358,2,6,1,7,2 rue de la République 28300 SAINT-PREST,48,
2.023E+11,26,3,2023,03:09,5,13,13213,2,1,1,2,ALBERT EINSTEIN (RUE),43,
2.023E+11,9,6,2023,10:25,1,56,56186,2,1,1,3,Rue du Port de Pêche,47,
2.023E+11,25,3,2023,18:20,1,13,13005,1,1,1,6,PASTRE (AVENUE),43,
2.023E+11,28,11,2023,11:45,1,93,93033,2,7,1,2,Place Churchill,48,
2.023E+11,21,12,2023,18:10,3,74,74010,2,9,2,5,Route des Rutys,45,
2.023E+11,8,6,2023,19:01,1,77,77524,1,2,1,3,RD18,48,
2.023E+11,26,3,2023,13:25,1,6,6088,2,1,1,3,CESSOLE (BD DE) (JUSQU'AU N° 93-110),43,
2.023E+11,16,12,2023,21:30,3,74,74208,1,1,9,7,595 Route du plateau d'assy,45,
2.023E+11,27,11,2023,13:20,1,93,93048,2,1,2,1,Avenue Pasteur,48,
2.023E+11,9,6,2023,17:25,1,76,76312,2,1,1,3,42 Avenue du Général Leclerc,49,
2.023E+11,25,9,2023,16:35,1,29,29147,1,1,1,7,N/A,47,
2.023E+11,26,3,2023,13:10,1,6,6069,2,6,1,3,CHASSEURS ALPINS (ROND-POINT),43,
2.023E+11,25,3,2023,13:10,1,6,6069,2,1,1,6,ROURE DE LA GACHE (CHEMIN DU),43,
2.023E+11,27,11,2023,15:55,1,93,93027,2,3,2,3,Rue Maurice Ravel / Rue de Saint-denis,48,
2.023E+11,7,6,2023,20:30,1,76,76312,2,3,1,3,Rue de Hailsham,49,
2.023E+11,22,12,2023,18:10,5,93,93070,2,3,2,3,Avenue Gabriel Péri / Rue des Buttes Montmartre,48,
2.023E+11,26,3,2023,18:50,1,6,6027,2,1,1,1,MERMOZ AVENUE JEAN,43,
2.023E+11,27,11,2023,12:20,1,93,93027,2,1,2,6,139 Avenue Paul Vaillant Couturier,48,
2.023E+11,5,6,2023,09:30,1,79,79164,1,2,1,3,,46,
2.023E+11,20,5,2023,14:50,1,93,93077,2,6,1,6,SAINT LOUIS (RUE) JUSQU'AU 88 ET 89,48,
2.023E+11,25,3,2023,09:10,1,75,75118,2,1,1,3,PORTE DE CLIGNANCOURT,48,
2.023E+11,20,12,2023,17:25,2,32,32446,1,9,1,7,RD 3,43,
2.023E+11,9,6,2023,11:45,1,49,49214,2,6,1,3,,47,
2.023E+11,27,11,2023,14:00,1,93,93007,2,2,2,6,Avenue Massenet / Avenue de la République,48,
2.023E+11,24,3,2023,12:20,1,75,75115,2,1,1,3,DB PERIPHERIQUE EXTERIEUR QUAI D ISSY LES MOULINEAUX,48,
2.023E+11,22,11,2023,17:40,2,32,32114,1,1,1,6,D226,43,
2.023E+11,9,6,2023,12:52,1,12,12209,1,1,2,3,"lieu dit ""le Bouis""",44,
2.023E+11,28,11,2023,08:00,1,93,93005,2,1,1,2,Rue Maurice de Broglie,48,
2.023E+11,23,12,2023,01:00,3,32,32286,1,1,2,6,N21,43,
2.023E+11,26,3,2023,18:41,1,75,75106,2,3,1,3,RUE DE SEVRES,48,
2.023E+11,10,6,2023,12:58,1,22,22087,2,1,1,1,Lieu Dit Saint Lubin,48,
2.023E+11,28,11,2023,18:15,5,93,93001,2,1,1,6,Boulevard Anatole France,48,
2.023E+11,19,11,2023,15:13,1,32,32212,2,2,1,3,Ligardes,44,
2.023E+11,10,6,2023,20:45,1,44,44131,2,6,1,3,16bis Rue Robert Schuman,47,
2.023E+11,26,3,2023,07:29,1,75,75110,2,2,1,1,BOULEVARD DE MAGENTA,48,
2.023E+11,28,11,2023,09:00,1,92,92072,2,1,8,6,SEE (AVENUE CAMILLE),48,
2.023E+11,9,6,2023,19:20,1,29,29027,2,3,1,3,Rue Victor Le Guern,48,
2.023E+11,28,12,2023,19:00,3,84,84089,1,1,1,1,D956,43,
2.023E+11,26,3,2023,18:30,1,75,75115,2,3,8,3,AVENUE EMILE ZOLA,48,
2.023E+11,28,11,2023,18:15,5,92,92064,2,1,1,6,LOUIS LOUCHEUR,48,
2.023E+11,18,12,2023,15:20,1,71,71306,2,1,1,6,JEAN BOUVERI (RUE),46,
2.023E+11,10,6,2023,10:35,1,38,38134,1,1,1,3,D538,45,
2.023E+11,26,3,2023,20:22,5,75,75111,2,2,1,3,BOULEVARD DE BELLEVILLE,48,
2.023E+11,10,6,2023,16:30,1,15,15240,1,1,1,7, D 622 ,45,
2.023E+11,28,11,2023,09:00,1,92,92050,2,1,1,6,SADI CARNOT RUE,48,
2.023E+11,4,7,2023,20:50,2,13,13210,2,1,1,3,ELIE WIESEL (BD),43,
2.023E+11,26,3,2023,03:45,5,75,75107,2,1,3,6,PORT DES INVALIDES,48,
2.023E+11,9,6,2023,15:30,1,58,58220,1,1,1,6,Route d'Ouche,47,
2.023E+11,28,11,2023,14:30,1,92,92049,2,1,1,3,BRIAND AVENUE ARISTIDE N°1 A 129,48,
2.023E+11,25,3,2023,19:30,5,94,94068,2,2,1,3,Avenue Raymond Poincaré,48,
2.023E+11,9,6,2023,14:00,1,73,73019,1,3,8,3,D1006,45,
2.023E+11,29,12,2023,18:20,5,78,78143,1,1,1,4,D938,48,
2.023E+11,26,3,2023,00:20,5,93,93049,2,1,2,6,Rue des 2 Communes,48,
2.023E+11,27,11,2023,18:10,1,92,92062,2,3,2,6,FUSILLES DE LA RESISTANCES (RUE DES) N°1,48,
2.023E+11,10,6,2023,15:00,1,73,73032,2,4,1,7,D990,45,