Num_Acc,jour,mois,an,hrmn,lum,dep,com,agg,int,atm,col,adr,lat,long
2.023E+11,20,9,2023,18:15,1,73,73008,2,1,1,6,ANNECY AVENUE D',45,
2.023E+11,25,3,2023,21:20,5,93,93046,2,1,2,3,Boulevard Marx Dormoy,48,
2.023E+11,10,6,2023,13:50,1,16,16269,1,1,7,6,Route des Carrières,45,
2.023E+11,25,12,2023,18:40,5,93,93064,2,1,1,6,Rue Philibert Hoffmann,48,
2.023E+11,10,6,2023,02:01,3,7,7027,1,1,2,6,D86,44,
2.023E+11,12,12,2023,12:00,1,93,93064,2,1,2,6,Place Carnot,48,
2.023E+11,23,3,2023,17:25,1,39,39227,2,1,1,1,144 Route Nationale,46,
2.023E+11,9,6,2023,08:30,1,53,53229,1,1,1,1,D131,48,
2.023E+11,10,11,2023,19:10,5,63,63075,2,9,3,6,FOURNIER (RUE CHARLES),45,
2.023E+11,26,3,2023,09:45,1,47,47055,1,1,1,6,RN 21,44,
2.023E+11,9,6,2023,23:20,3,24,24123,1,1,1,6,D21 - Route du tortillard,44,
2.023E+11,7,11,2023,10:38,1,63,63113,2,1,1,3,Flameng/collot d'Herbois,45,
2.023E+11,10,6,2023,06:20,2,4,4160,1,1,2,6,D4100,43,
2.023E+11,27,3,2023,14:30,1,95,95205,1,1,1,2,Route de Bouqueval,49,
2.023E+11,18,3,2023,09:00,1,45,45187,2,9,1,6,Place du Martroi,47,
2.023E+11,30,10,2023,23:39,5,63,63113,2,1,1,3,EFFIAT (RUE D'),45,
2.023E+11,10,6,2023,16:01,1,4,4166,2,2,1,3,Avenue de Verdun,43,
2.023E+11,10,6,2023,10:30,1,27,27065,2,1,1,6,Rue de la Mare Hébert,49,
2.023E+11,26,10,2023,20:30,5,63,63113,1,1,3,2,BOURDON (RUE DE),45,
2.023E+11,26,3,2023,15:15,1,972,97232,1,1,1,4,Quartier Sans Souci,14,
2.023E+11,9,6,2023,19:13,1,17,17463,1,1,1,1,Route de la Rochelle,45,
2.023E+11,26,10,2023,18:40,5,63,63113,2,3,3,6,Belloy / Pont naturel,45,
2.023E+11,1,6,2023,10:15,1,17,17210,2,1,1,6,Rue de Royan,45,
2.023E+11,9,6,2023,08:18,1,87,87187,2,1,1,7,16 Avenue Georges Brassens,45,
2.023E+11,18,10,2023,21:22,5,63,63113,2,2,2,2,FLEURY (BD),45,
2.023E+11,3,6,2023,14:10,1,37,37018,1,1,1,2,Route de Savonnières,47,
2.023E+11,8,6,2023,18:15,1,8,8491,2,3,1,7,D5,49,
2.023E+11,18,10,2023,20:42,5,63,63113,2,2,2,3,POURCHON (BD MAURICE),45,
2.023E+11,5,6,2023,12:55,1,8,8040,2,1,1,3,D764,49,
2.023E+11,15,10,2023,18:24,1,63,63014,2,9,1,1,SAINT-LOUP (RUE),45,
2.023E+11,1,6,2023,16:45,1,8,8142,1,1,1,7,D5,49,
2.023E+11,14,10,2023,11:10,1,63,63113,2,7,1,3,CARMES DECHAUX (PLACE),45,
2.023E+11,11,10,2023,16:26,1,63,63113,2,7,1,3,PASTEUR (BD),45,
2.023E+11,9,6,2023,15:30,1,38,38193,2,2,8,3,Boulevard de l'Arbonnas,45,
2.023E+11,9,10,2023,21:11,5,63,63113,2,2,1,3,Basch / Crouzille,45,
2.023E+11,7,6,2023,23:45,3,3,3021,1,1,1,6,A 71 PK 347+400,46,
2.023E+11,29,12,2023,09:45,1,93,93007,2,1,1,2,Rue Anatole Sigonneau,48,
2.023E+11,26,5,2023,15:15,1,35,35210,1,1,1,3,le Guesneau,48,
2.023E+11,24,12,2023,01:12,5,93,93007,2,1,1,1,Avenue Descartes,48,
2.023E+11,9,6,2023,16:05,1,69,69244,2,3,1,3,53 Avenue de la République,45,
2.023E+11,10,6,2023,17:35,1,14,14333,1,1,3,6,A29,49,
2.023E+11,29,9,2023,08:40,1,78,78643,2,3,1,6,BRIAND RUE ARISTIDE,48,
2.023E+11,7,6,2023,14:15,1,971,97129,1,1,1,5,Nolivier,16,
2.023E+11,18,12,2023,11:30,1,84,84031,2,1,1,1,DURAND BOULEVARD ALBIN,44,
2.023E+11,24,6,2023,03:30,3,69,69256,1,1,1,4,Rocade Est,45,
2.023E+11,9,6,2023,17:30,1,971,97134,2,3,1,3,Avenue du Gouverneur General Felix Eboue,16,
2.023E+11,14,11,2023,09:53,1,13,13209,2,1,1,1,MARÉCHAL DE LATTRE (AVENUE),43,
2.023E+11,28,11,2023,15:10,1,974,97409,2,1,1,7,MASCAREIGNES (Avenue des),-20,
2.023E+11,26,5,2023,15:45,1,45,45273,2,1,1,3,D921 PR 55 + 1271,47,
2.023E+11,25,12,2023,12:15,1,84,84087,1,1,1,5,CAMARET (ROUTE DE),44,
2.023E+11,2,10,2023,19:05,2,73,73065,1,1,1,5,N201 VOIE RAPIDE URBAINE,45,
2.023E+11,7,6,2023,10:30,1,66,66008,2,3,1,3,,42,
2.023E+11,9,6,2023,16:10,1,68,68106,1,1,1,7,Hameau Blanschen,47,
2.023E+11,14,12,2023,18:15,5,33,33318,2,2,8,4,AVE PASTEUR,44,
2.023E+11,17,11,2023,20:20,5,13,13211,2,1,1,2,VALENTINE (ROUTE DE LA),43,
2.023E+11,8,6,2023,10:35,1,68,68106,2,1,1,7,Rue Principale,47,
2.023E+11,7,11,2023,13:20,1,13,13209,2,1,1,6,LUDOVIC LEGRE (AVENUE),43,
2.023E+11,4,11,2023,09:05,1,13,13208,2,1,1,6,MICHELET (BOULEVARD),43,
2.023E+11,9,6,2023,17:40,1,88,88355,1,4,1,3,D36a,48,
2.023E+11,3,11,2023,11:45,1,13,13208,2,1,2,1,PARADIS (RUE),43,
2.023E+11,2,10,2023,18:35,2,13,13002,2,6,1,3,SAINT ROCH (ROND POINT),43,
2.023E+11,10,6,2023,00:03,3,26,26084,1,2,3,3,Route d’Alixan,45,
2.023E+11,13,12,2023,14:50,1,32,32066,1,1,3,7,D953,43,
2.023E+11,10,6,2023,12:45,1,61,61279,1,2,8,3,D101 PR1+730,48,
2.023E+11,11,12,2023,08:00,1,32,32162,1,1,1,7,D930,43,
2.023E+11,10,6,2023,12:15,1,22,22134,1,3,1,3,D6,48,
2.023E+11,22,12,2023,07:59,2,9,9225,2,2,2,3,RIJOLE AVENUE DE LA,43,
2.023E+11,9,11,2023,07:45,2,9,9225,2,2,2,3,RIJOLE AVENUE DE LA,43,
2.023E+11,8,6,2023,11:15,1,13,13071,1,1,1,2,A7-Sens Marseille vers Lyon,43,
2.023E+11,20,12,2023,07:20,5,68,68376,2,2,1,3,Rue Pasteur,47,
2.023E+11,8,6,2023,07:08,1,13,13211,1,1,1,4,A50-Sens Marseille vers Aubagne,43,
2.023E+11,19,12,2023,18:00,5,74,74281,2,2,1,6,PRES VERTS (AVENUE DES),46,
2.023E+11,9,6,2023,19:50,1,33,33063,1,1,1,2,ROCADE A 630,44,
2.023E+11,19,12,2023,16:55,5,69,69256,2,8,1,3,Avenue Roger Salengro,45,
2.023E+11,9,6,2023,13:35,1,33,33063,1,1,1,6,ROCADE A 630,44,
2.023E+11,22,9,2023,14:12,1,63,63113,2,8,1,3,FONTAINE (PLACE DE LA),45,
2.023E+11,9,6,2023,17:00,1,94,94003,1,1,1,2,A6A,48,
2.023E+11,13,9,2023,12:05,1,63,63113,2,1,1,6,BARBUSSE (RUE HENRI),45,
2.023E+11,8,6,2023,21:30,2,91,91471,1,1,1,3,RN 118,48,
2.023E+11,10,9,2023,20:20,5,63,63113,2,4,1,3,rue du Clos Notre Dame)/ rue du Belloy,45,
2.023E+11,8,6,2023,21:20,3,91,91471,1,1,1,7,RN 118,48,
2.023E+11,3,9,2023,20:40,2,63,63113,2,7,1,3,SALFORD (PLACE),45,
2.023E+11,9,6,2023,14:50,1,78,78297,1,1,1,7,RN12,48,
2.023E+11,29,6,2023,08:30,1,63,63063,2,1,1,2,VERTE (RUE),45,
2.023E+11,21,12,2023,08:10,1,93,93046,2,2,1,6,Avenue Charles de Gaulle / Av du Consul General Nordling,48,
2.023E+11,9,6,2023,11:00,1,92,92050,1,1,1,4,A86,48,
2.023E+11,18,12,2023,08:00,2,93,93077,2,1,1,6,Rue André Leuret,48,
2.023E+11,10,12,2023,16:15,2,93,93070,2,1,2,3,Avenue Gabriel Péri,48,
2.023E+11,9,6,2023,12:00,1,93,93007,1,1,1,5,AUTOROUTE A1,48,
2.023E+11,15,12,2023,15:57,1,13,13211,2,1,1,6,A50-Sens Aubagne vers Marseille,43,
2.023E+11,9,6,2023,09:15,1,92,92078,1,1,1,7,AUTOROUTE A86,48,
2.023E+11,8,6,2023,18:30,1,93,93008,1,1,1,3,AUTOROUTE A86,48,
2.023E+11,14,12,2023,13:20,1,60,60196,1,1,1,3,autoroute A16  pk r055+200 sens P/B,49,
2.023E+11,1,12,2023,04:35,3,60,60009,1,1,1,7,autoroute  A 16,49,
2.023E+11,8,6,2023,17:10,1,93,93027,1,1,1,3,AUTOROUTE A1,48,
2.023E+11,22,12,2023,12:05,1,76,76540,2,2,6,3,EUROPE. BOULEVARD DE L',49,
2.023E+11,8,6,2023,11:00,1,92,92036,1,1,1,4,AUTOROUTE A15,48,
2.023E+11,17,12,2023,18:50,5,76,76681,2,3,1,3,RASPAIL. RUE FRANCOIS,49,
2.023E+11,8,6,2023,10:40,1,93,93008,1,1,1,2,AUTOROUTE A86,48,
2.023E+11,30,12,2023,17:13,3,10,10357,1,1,1,2,ROCADE EST (RD 610),48,
2.023E+11,7,6,2023,03:30,3,95,95607,1,1,1,6,A115,49,
2.023E+11,8,6,2023,23:10,3,94,94017,1,1,1,2,A4,48,
2.023E+11,27,12,2023,04:35,5,10,10387,2,3,1,3,WEBER (RUE),48,
2.023E+11,5,12,2023,08:10,1,59,59599,2,1,2,6,GAND (RUE DE),50,
2.023E+11,8,6,2023,09:50,1,67,67447,2,3,1,3,GOURAUD (RUE),48,
2.023E+11,8,6,2023,18:40,1,94,94071,2,5,1,6,GEORGES POMPIDOU (AV),48,
2.023E+11,6,6,2023,09:10,1,93,93008,2,1,1,3,Avenue Paul Vaillant - Couturier,48,
2.023E+11,8,6,2023,16:40,1,92,92073,2,1,1,6,LATTRE DE TASSIGNY (BOULEVARD DU MARECHA,48,
2.023E+11,3,11,2023,12:50,1,91,91377,2,2,1,3,FRANCE (AVENUE DE),48,
2.023E+11,4,6,2023,10:10,1,83,83069,2,1,1,6,COSTEBELLE (MONTEE DE),43,
2.023E+11,3,6,2023,04:00,2,29,29232,1,1,1,6,Chemin de Kerequellou,47,
2.023E+11,10,10,2023,15:50,1,971,97115,1,1,1,3,RN2,16,
2.023E+11,27,2,2023,09:00,1,32,32181,1,1,4,6,N21,43,
2.023E+11,20,12,2023,18:55,5,83,83137,2,9,1,4,COLLET (AVE AMIRAL),43,
2.023E+11,31,1,2023,20:25,5,32,32272,2,3,1,6,Route de Chélan,43,
2.023E+11,31,12,2023,13:30,1,69,69029,2,1,1,3,Avenue du 8 Mai 1945,45,
2.023E+11,7,6,2023,07:50,1,974,97411,2,2,1,6,LECONTE DE LISLE (AVENUE),-20,
2.023E+11,8,6,2023,17:20,1,974,97407,2,1,1,3,COMMUNE DE PARIS (AVENUE),-20,
2.023E+11,8,6,2023,17:25,1,973,97302,2,3,1,2,VIRGILE (AVENUE),4,
2.023E+11,6,12,2023,15:50,1,14,14068,1,6,1,2,Route de la Bijude,49,
2.023E+11,8,6,2023,09:00,1,973,97302,2,6,1,5,BADUEL (ROND POINT DE),4,
2.023E+11,23,11,2023,14:12,1,14,14117,2,6,8,6,Avenue de la Divette,49,
2.023E+11,11,11,2023,20:45,5,14,14225,2,1,1,7,10 Rue Gaston Manneville,49,
2.023E+11,3,6,2023,16:45,1,973,97302,2,3,1,3,SAINT ANTOINE (CHEMIN),4,
2.023E+11,22,12,2023,03:10,3,93,93051,1,1,1,4,A4,48,
2.023E+11,8,6,2023,16:30,1,69,69387,2,1,1,1,Rue de la Madeleine,45,
2.023E+11,21,12,2023,12:40,1,93,93027,2,1,2,2,Avenue Roger Salengro,48,
2.023E+11,20,12,2023,21:02,5,93,93027,2,8,1,3,Avenue Jean Jaurès / Rue Danton,48,
2.023E+11,8,6,2023,15:05,1,69,69388,2,4,1,3,Avenue Viviani,45,
2.023E+11,8,6,2023,08:45,1,69,69384,2,1,1,1,Avenue de Birmingham,45,
2.023E+11,20,12,2023,16:47,2,93,93051,1,1,2,6,A4,48,
2.023E+11,7,6,2023,08:30,1,69,69034,2,1,1,1,Avenue de Poumeyrol,45,
2.023E+11,20,12,2023,08:00,2,95,95088,1,2,8,3,EUROPE (AVENUE DE L'),48,
2.023E+11,8,6,2023,07:05,1,69,69149,2,1,1,6,Boulevard Emile Zola,45,
2.023E+11,19,12,2023,14:10,1,93,93027,2,2,1,3,Rue de Valmy / Boulevard Pasteur,48,
2.023E+11,7,6,2023,17:15,1,69,69034,2,1,1,2,96 Grande rue de Saint Clair,45,
2.023E+11,18,12,2023,18:03,5,93,93027,2,3,1,3,Boulevard Pasteur / Avenue Victor Hugo,48,
2.023E+11,8,6,2023,13:00,1,2B,2B033,2,1,1,1,NOUVEAU PORT - RUE DU,42,
2.023E+11,18,12,2023,07:45,4,93,93051,1,1,1,3,A4,48,
2.023E+11,15,12,2023,18:45,5,93,93030,2,2,1,6,Avenue Louis Larivière / Rue Georges Guynemer,48,
2.023E+11,7,6,2023,20:00,5,971,97101,1,3,1,3,PENNEL - DUGAZON (CHEMIN),16,
2.023E+11,13,12,2023,07:55,3,93,93013,2,5,1,6,Rue Anizan Cavillon / Rue de Verdun,48,
2.023E+11,7,6,2023,03:58,3,971,97113,2,9,1,3,RN4 - SECTION RIVIERA,16,
2.023E+11,9,12,2023,09:40,1,93,93027,2,6,3,3,Rue Emile Zola / Rue Suzanne Masson,48,
2.023E+11,26,12,2023,15:15,1,74,74281,2,1,1,6,CANAL (BOULEVARD DU),46,
2.023E+11,8,6,2023,07:07,2,2A,2A004,2,3,1,6,ROSSINI PASCAL BD,41,
2.023E+11,22,12,2023,19:35,3,38,38544,1,1,2,6,D41,45,
2.023E+11,8,12,2023,01:30,3,93,93051,1,9,2,7,A4,48,
2.023E+11,8,6,2023,14:28,1,95,95585,2,1,1,3,D10,48,
2.023E+11,6,12,2023,06:30,5,93,93013,2,5,1,3,Avenue de la Division Leclerc / Rue du Commandant Rolland,48,
2.023E+11,1,6,2023,13:55,1,95,95585,2,1,1,6,PAUL VALERY (AVENUE),48,
2.023E+11,4,12,2023,23:15,3,93,93051,1,1,2,4,A4,48,
2.023E+11,8,6,2023,10:00,1,95,95197,2,4,1,6,EDOUARD BRANLY (RUE),48,
2.023E+11,4,12,2023,22:20,3,93,93051,1,1,2,7,A4,48,
2.023E+11,28,11,2023,17:40,3,93,93051,1,1,1,4,A4,48,
2.023E+11,23,11,2023,06:45,5,93,93051,1,1,1,4,A4,48,
2.023E+11,8,6,2023,16:40,1,91,91377,2,1,1,3,AV DU MARECHAL JUIN,48,
2.023E+11,21,11,2023,13:20,1,93,93027,1,1,2,6,AUTOROUTE A1,48,
2.023E+11,8,6,2023,15:30,1,91,91689,2,2,1,1,RUE DE L AMIRAL MOUCHEZ,48,
2.023E+11,6,12,2023,18:50,3,60,60175,1,1,2,5,RD 201_SORTIE 201_ACCES BD S.ALLENDE,49,
2.023E+11,7,6,2023,11:45,1,90,90008,2,3,7,3,BELFORT (RUE DE),47,
2.023E+11,12,12,2023,18:25,5,8,8409,2,1,2,2,CHANZY (BOULEVARD),49,
2.023E+11,7,6,2023,15:00,1,88,88415,2,1,1,3,RUE DU VELODROME,48,
2.023E+11,14,12,2023,08:10,1,9,9225,2,1,2,6,MIREPOIX ROUTE DE,43,
2.023E+11,7,6,2023,15:41,1,87,87085,2,3,1,2,FOUGERAS (RUE DE),45,
2.023E+11,9,12,2023,07:05,3,9,9225,2,3,1,3,RIJOLE AVENUE DE LA,43,
2.023E+11,7,6,2023,10:50,1,83,83137,2,1,1,6,15EME CORPS (AVE DU),43,
2.023E+11,5,12,2023,06:40,3,9,9225,1,1,9,6,ROUTE NATIONALE 20,43,
2.023E+11,8,6,2023,19:25,1,79,79191,2,1,1,7,,46,
2.023E+11,8,6,2023,09:35,1,78,78133,2,9,1,3,Route de Mantes,48,
2.023E+11,27,12,2023,19:59,5,38,38053,2,3,1,3,Rue Theophile Diederichs,45,
2.023E+11,23,12,2023,20:10,5,38,38053,2,6,1,3,Avenue Henri Barbusse,45,
2.023E+11,23,12,2023,18:17,5,38,38053,2,1,1,3,Avenue Henri Barbusse,45,
2.023E+11,8,6,2023,16:30,1,77,77350,1,1,1,6,D471,48,
2.023E+11,23,10,2023,09:00,1,38,38185,2,2,2,6,RUE LESDIGUIÈRES,45,
2.023E+11,8,6,2023,16:25,1,77,77350,2,9,1,6,RUE LAVOISIER,48,
2.023E+11,17,11,2023,19:15,2,83,83126,2,2,1,3,QUATRE SEPTEMBRE (BD DU),43,
2.023E+11,8,6,2023,16:50,1,77,77058,2,2,1,6,BOULEVARD PIERRE MENDES FRANCE,48,
2.023E+11,7,6,2023,13:40,1,77,77438,1,1,1,2,D934,48,
2.023E+11,8,12,2023,06:50,5,13,13001,2,4,3,3,GARDANNE (ROUTE DE ),43,
2.023E+11,6,6,2023,15:30,1,76,76351,2,1,1,6,RENE CANCE,49,
2.023E+11,12,10,2023,12:00,1,32,32426,1,1,7,3,D129,43,
2.023E+11,26,10,2023,08:00,5,32,32462,2,1,3,6,3 Rue de la République,43,
2.023E+11,7,6,2023,12:15,1,72,72181,2,9,1,3,DEMORIEUX PAIRS-ROCADE A RP D'ALLONNES,47,
2.023E+11,24,10,2023,15:30,1,62,62654,1,3,1,7,Chemin exploitation,50,
2.023E+11,8,6,2023,11:20,1,71,71076,2,1,1,6,SAINT EXUPERY (RUE),46,
2.023E+11,4,2,2023,14:55,1,62,62497,1,1,1,7,Rue Séraphin Cordier,50,
2.023E+11,24,12,2023,11:35,1,88,88116,2,7,2,1,Place de la Pranziere,47,
2.023E+11,8,6,2023,22:00,5,69,69256,2,1,1,3,120 Avenue Gabriel Péri,45,
2.023E+11,7,6,2023,17:20,1,69,69029,2,1,1,7,39 Avenue du Président Salvador Allende,45,
2.023E+11,19,12,2023,17:35,5,88,88321,2,3,2,3,Rue Jules Ferry,48,
2.023E+11,8,12,2023,08:54,1,88,88462,1,1,2,6,Route de Gérardmer,48,
2.023E+11,7,6,2023,23:20,5,69,69259,2,1,1,6,Boulevard Irène Joliot Curie,45,
2.023E+11,4,6,2023,18:15,1,25,25018,1,1,1,7,D73,47,
2.023E+11,4,6,2023,14:00,1,25,25619,1,1,1,7,Rue Principale,46,
2.023E+11,8,6,2023,11:05,1,67,67482,2,3,1,3,VAUBAN (RUE),48,
2.023E+11,4,4,2023,18:30,1,59,59135,2,1,1,7,rue de watten,50,
2.023E+11,7,6,2023,17:30,1,67,67482,2,3,1,3,BUDAPEST (RUE DE),48,
2.023E+11,16,10,2023,18:00,1,60,60097,1,3,7,3,D981,49,
2.023E+11,15,11,2023,10:15,1,60,60175,1,6,1,3,RD 201,49,
2.023E+11,13,12,2023,17:55,3,14,14304,1,1,2,2,D579,49,
2.023E+11,5,6,2023,12:50,1,66,66136,2,1,1,3,,42,
2.023E+11,10,11,2023,23:35,5,9,9225,2,3,2,3,TOULOUSE AVENUE DE,43,
2.023E+11,7,9,2023,03:35,3,13,13026,1,1,1,3,A55-Sens Martigues vers Marseille,43,
2.023E+11,18,11,2023,07:30,3,14,14045,1,1,3,1,Route de Rouen,49,
2.023E+11,30,12,2023,20:40,3,18,18170,1,1,1,7,N/A,47,
2.023E+11,26,12,2023,16:00,1,18,18033,2,2,1,6,Boulevard de Juranville,47,
2.023E+11,19,11,2023,05:15,3,74,74079,2,1,1,6,1943 Route de Serraval,45,
2.023E+11,18,12,2023,10:50,1,13,13063,2,1,1,6,Avenue de l’Arc En Ciel,43,
2.023E+11,8,12,2023,23:15,3,13,13047,1,1,1,7,D.52A,43,
2.023E+11,5,12,2023,19:50,5,13,13063,2,1,1,3,MARIUS CHALVE AVENUE,43,
2.023E+11,31,12,2023,08:30,2,13,13213,2,6,1,3,COLIBRIS (ROND POINT DES),43,
2.023E+11,23,10,2023,16:50,1,974,97409,2,1,1,3,CRESSONNIERE (rue de la),-20,
2.023E+11,27,10,2023,16:35,1,24,24139,1,1,2,7,A89 PK 108.700,45,
2.023E+11,26,10,2023,04:15,3,56,56220,1,1,1,7,Kergo,47,
2.023E+11,26,10,2023,17:40,2,80,80443,1,3,1,5,CD 51,49,
2.023E+11,25,10,2023,11:35,1,65,65025,2,1,1,6,Maison médicale - Avenue des pyrénées-,43,
2.023E+11,26,9,2023,01:50,3,12,12264,1,1,1,6,D988,44,
2.023E+11,27,10,2023,06:48,3,71,71133,1,1,1,5,D985,46,
2.023E+11,25,9,2023,10:50,1,22,22341,1,1,1,2,RN12,48,
2.023E+11,26,10,2023,18:05,2,71,71412,1,1,2,4,ROUTE NATIONALE 70,46,
2.023E+11,25,9,2023,14:30,1,22,22251,1,1,1,6,RN12,,
2.023E+11,7,9,2023,15:45,1,974,97414,2,1,1,3,avenue principale,-21,
2.023E+11,27,10,2023,17:00,2,63,63400,2,1,2,3,lieu dit les sources,46,
2.023E+11,26,9,2023,08:50,1,1,1357,2,3,1,3,RD 1084 / RD 55,46,
2.023E+11,27,10,2023,18:02,2,55,55153,1,1,1,7,D114,49,
2.023E+11,26,9,2023,13:22,1,83,83070,2,1,1,2,Avenue du Général de Gaulle,43,
2.023E+11,26,10,2023,13:00,1,46,46268,1,1,3,6,RIVIERE BASSE D662,44,
2.023E+11,25,9,2023,13:30,1,8,8001,1,1,1,7,RN 51,49,
2.023E+11,27,10,2023,07:05,2,47,47274,2,1,2,1,D813,44,
2.023E+11,23,9,2023,18:30,1,47,47034,2,1,1,7,Le Clavier,44,
2.023E+11,26,10,2023,06:30,5,25,25411,2,1,2,6,Rue Pasteur,47,
2.023E+11,25,9,2023,18:35,1,41,41274,1,1,1,3,D917,47,
2.023E+11,7,9,2023,08:12,1,34,34192,2,4,1,3,Rue Sire de Joinville,43,
2.023E+11,26,9,2023,07:45,1,30,30196,1,1,1,1,RD5,44,
2.023E+11,26,10,2023,13:50,1,38,38287,2,1,8,1,Route du Bourg,45,
2.023E+11,25,9,2023,21:00,5,69,69100,1,1,1,4,Rue du Vieux Port,45,
2.023E+11,27,10,2023,17:00,1,2,2810,1,1,8,6,Route Nationale 2,49,
2.023E+11,25,9,2023,18:20,1,30,30034,1,1,1,3,N/A,43,
2.023E+11,20,10,2023,16:45,1,14,14098,1,2,1,7,38 Rue de Secqueville à Putot,49,
2.023E+11,22,9,2023,14:00,1,56,56184,1,1,1,6,kerjuhel,47,
2.023E+11,26,9,2023,08:10,1,2B,2B218,1,1,7,6,T50,42,
2.023E+11,26,10,2023,22:00,3,50,50394,1,6,3,5,D900/D24,49,
2.023E+11,26,9,2023,17:40,1,2B,2B318,1,1,1,6,Terra Rossa,42,
2.023E+11,27,10,2023,15:10,1,50,50484,2,3,2,3,132 Rue de Paris,48,
2.023E+11,26,10,2023,16:00,1,45,45282,1,1,1,1,D951 PR 100 + 36,47,
2.023E+11,27,10,2023,08:00,2,36,36012,1,1,2,7,Le Plaix,46,
2.023E+11,25,9,2023,18:08,1,71,71162,1,3,1,2,Route de Beaune,46,
2.023E+11,27,10,2023,08:30,1,40,40243,1,1,8,1,Rue de Cournaou,43,
2.023E+11,24,9,2023,18:56,1,63,63455,2,3,1,3,D8/ chemin du moulin de la paille,45,
2.023E+11,11,10,2023,07:00,1,85,85078,1,3,5,2,RD25C,46,
2.023E+11,26,9,2023,18:00,1,55,55181,1,1,1,1,D618,49,
2.023E+11,26,9,2023,18:00,1,39,39471,1,1,1,1,N/A,46,
2.023E+11,27,10,2023,13:30,1,38,38486,2,1,1,3,Avenue Louis Vicat,45,
2.023E+11,24,10,2023,05:15,3,30,30125,1,1,1,6,Autoroute A54 au point kilométrique 007+600,43,
2.023E+11,25,9,2023,08:45,1,29,29076,2,1,1,1,Lieu Dit Keravel Quinquis,48,
2.023E+11,25,9,2023,19:00,1,31,31303,1,1,1,6,Route de Berat,43,
2.023E+11,26,10,2023,19:35,3,42,42151,1,1,3,1,Route de Montbrison,45,
2.023E+11,26,9,2023,07:15,1,38,38517,2,1,1,6,avenue de la gare,45,
2.023E+11,26,10,2023,14:39,1,95,95658,1,1,8,7,D14,49,
2.023E+11,27,10,2023,13:20,1,91,91461,2,1,1,1,D97,48,
2.023E+11,26,10,2023,21:25,3,34,34307,1,1,2,6,Route de Montpellier,43,
2.023E+11,21,7,2023,16:30,1,1,1263,2,1,1,6,Rue de Lyon,46,
2.023E+11,27,10,2023,11:00,1,13,13027,2,1,7,1,Boulevard Ernest Genevet,43,
2.023E+11,27,10,2023,14:25,1,71,71384,1,2,1,3,D906,46,
2.023E+11,26,9,2023,11:25,1,26,26166,1,2,1,5,BOULEVARD FREDERIC MISTRAL,44,
2.023E+11,26,9,2023,10:55,1,14,14478,2,1,1,6,6 Rue Guillonnière,49,
2.023E+11,27,10,2023,07:10,2,26,26250,1,1,1,2,Route de Romans,45,
2.023E+11,24,9,2023,21:45,3,50,50197,1,1,1,7,D7,48,
2.023E+11,27,10,2023,11:05,1,1,1390,1,2,1,5,D 84,45,
2.023E+11,26,9,2023,08:00,1,60,60673,1,1,7,1,N/A,49,
2.023E+11,27,10,2023,08:20,1,69,69047,1,1,1,6,Descente de Ladry,45,
2.023E+11,25,9,2023,20:15,3,16,16323,1,1,1,6,D4,,
2.023E+11,26,9,2023,11:35,1,21,21576,1,1,1,1,D26,47,
2.023E+11,24,10,2023,18:45,3,60,60079,1,2,1,3,Route Départementale 922,49,
2.023E+11,26,9,2023,13:45,1,37,37050,2,1,1,6,213 Avenue du Grand Sud,47,
2.023E+11,27,10,2023,15:50,1,80,80236,1,1,1,7,D41 PK 5.200,49,
2.023E+11,25,9,2023,13:00,1,42,42254,1,1,1,2,A89,45,
2.023E+11,24,10,2023,23:50,5,13,13212,1,1,1,2,A507 sens Marseille - Aubagne,43,
2.023E+11,25,9,2023,17:20,1,34,34022,1,1,1,2,A709 PK 001+800,43,
2.023E+11,26,10,2023,12:55,1,69,69029,1,1,1,2,Autoroute 43,45,
2.023E+11,26,9,2023,04:45,3,83,83140,1,1,1,2,A8 pk 65.400,43,
2.023E+11,27,8,2023,04:00,3,988,98808,1,1,1,6,Karagreu (Tribu),-21,
2.023E+11,22,10,2023,11:05,1,67,67152,1,1,1,3,N/A,48,
2.023E+11,18,9,2023,03:00,3,988,98819,1,1,1,6,Tribu de Saint Pierre,-20,
2.023E+11,24,10,2023,13:20,1,33,33013,1,1,1,4,ROUTE NATIONALE 230,44,
2.023E+11,20,10,2023,08:15,1,59,59237,1,1,2,7,AUTOROUTE A25,50,
2.023E+11,25,9,2023,08:15,1,77,77508,1,9,1,3,D231,48,
2.023E+11,26,10,2023,20:30,3,91,91174,1,1,3,2,RN 104,48,
2.023E+11,26,9,2023,08:20,1,77,77091,1,2,7,3,Intersection D96 et D216 PK20+565,48,
2.023E+11,26,10,2023,19:30,3,94,94003,1,1,2,5,A6B,48,
2.023E+11,26,10,2023,19:17,2,91,91161,1,1,2,4,AUTOROUTE A6,48,
2.023E+11,23,9,2023,15:00,1,68,68318,2,2,1,7,Rue de la Vallée,47,
2.023E+11,26,10,2023,12:30,1,94,94021,1,1,2,2,A6A,48,
2.023E+11,26,9,2023,09:45,1,88,88321,2,1,1,6,Rue de la 1ère Armée Française,48,