Num_Acc,jour,mois,an,hrmn,lum,dep,com,agg,int,atm,col,adr,lat,long
2.023E+11,26,9,2023,10:50,1,55,55145,1,1,1,7,D19,49,
2.023E+11,26,10,2023,11:00,1,91,91228,1,1,1,3,AUTOROUTE A6,48,
2.023E+11,26,9,2023,15:10,1,63,63284,2,6,1,6,Sortie parking Intermarché,45,
2.023E+11,26,10,2023,12:55,1,92,92025,1,1,8,4,A86,48,
2.023E+11,25,10,2023,20:15,3,92,92047,1,1,2,7,A13,48,
2.023E+11,26,9,2023,17:15,1,42,42094,2,4,1,3,Allée de la Loise,45,
2.023E+11,26,9,2023,15:40,1,42,42214,2,3,1,7,Route de Bellegarde,45,
2.023E+11,25,10,2023,05:00,3,78,78029,1,1,3,5,A13,48,
2.023E+11,25,10,2023,02:30,5,92,92051,1,1,3,6,RN13,48,
2.023E+11,26,9,2023,17:00,1,42,42147,1,4,1,2,Route de Précieux,45,
2.023E+11,26,10,2023,12:20,1,95,95277,1,1,1,3,A3,48,
2.023E+11,26,9,2023,09:35,1,42,42147,2,1,1,6,Montée de Rigaud,45,
2.023E+11,26,10,2023,10:25,1,93,93053,1,1,2,6,AUTOROUTE A103,48,
2.023E+11,26,10,2023,09:10,1,93,93078,1,1,2,6,AUTOROUTE A104,48,
2.023E+11,26,9,2023,07:55,2,38,38059,2,1,1,3,D5,45,
2.023E+11,25,10,2023,10:30,1,95,95582,1,1,2,6,D170,48,
2.023E+11,26,9,2023,06:58,2,69,69050,2,2,1,1,Route Buissonniere,45,
2.023E+11,28,10,2023,06:50,3,94,94018,1,1,2,6,A4,48,
2.023E+11,21,9,2023,13:15,1,31,31291,1,1,1,3,D65,43,
2.023E+11,26,10,2023,21:25,3,94,94044,1,1,2,6,N406,48,
2.023E+11,26,10,2023,09:10,1,94,94073,1,1,2,2,A86,48,
2.023E+11,14,1,2023,02:05,5,44,44190,2,1,2,6,54bis Route de Clisson,47,
2.023E+11,26,9,2023,10:23,1,33,33055,1,2,1,3,Rue de la Prade,45,
2.023E+11,20,7,2023,07:50,1,74,74010,2,1,7,3,Route de la roche sur foron,45,
2.023E+11,19,8,2023,09:30,1,74,74275,2,4,1,3,Route de saint-germain,45,
2.023E+11,23,9,2023,16:00,1,33,33266,2,1,1,4,route de cavignac,45,
2.023E+11,25,8,2023,21:45,5,74,74012,2,1,2,6,FLEUTET (RUE MME),46,
2.023E+11,25,9,2023,08:00,1,13,13033,1,1,1,2,A55-Sens Martigues vers Marseille,43,
2.023E+11,24,9,2023,23:30,3,83,83035,1,1,1,6,A50,43,
2.023E+11,17,8,2023,18:20,1,74,74265,1,1,1,1,Route du Col du Marais,45,
2.023E+11,23,9,2023,13:20,1,59,59403,1,1,1,6,AUTOROUTE A23,50,
2.023E+11,16,8,2023,14:40,1,74,74263,2,1,1,6,Avenue de bonnatrait,46,
2.023E+11,24,9,2023,07:26,2,59,59009,1,1,1,2,AUTOROUTE A22,50,
2.023E+11,18,8,2023,17:15,1,74,74077,1,1,1,1,La Corbie (Prairie)_,46,
2.023E+11,25,9,2023,20:30,5,91,91549,1,1,1,7,RN 104,48,
2.023E+11,16,8,2023,01:50,3,74,74032,1,1,1,6,2072 Route de la Chèvrerie,46,
2.023E+11,25,9,2023,02:30,3,92,92036,1,1,1,7,A86,48,
2.023E+11,24,9,2023,18:45,1,78,78291,1,1,1,2,A13,48,
2.023E+11,4,8,2023,15:25,1,74,74131,1,1,2,1,RD1508,46,
2.023E+11,10,8,2023,06:15,2,74,74108,1,1,1,1,D1508,45,
2.023E+11,25,9,2023,09:35,1,93,93064,1,1,1,2,AUTOROUTE A86,48,
2.023E+11,3,8,2023,09:30,1,74,74191,2,1,1,6,698 Route d'avoriaz,46,
2.023E+11,23,9,2023,11:33,1,31,31149,2,1,1,6,MARCEL DASSAULT (BOULEVARD),43,
2.023E+11,19,8,2023,02:00,5,33,33063,2,6,1,7,Place Tourny,44,
2.023E+11,25,10,2023,08:20,1,974,97411,1,1,1,5,LANCASTEL (BOULEVARD),-20,
2.023E+11,13,5,2023,16:30,1,14,14228,2,2,1,3,1 Allée du Temps Libre,49,
2.023E+11,24,10,2023,13:15,1,974,97411,1,7,1,1,YLANG-YLANG (CHEMIN DE L'),-20,
2.023E+11,24,9,2023,21:26,5,69,69382,2,3,1,3,Rue Vaubecour,45,
2.023E+11,24,9,2023,10:40,1,971,97101,2,3,1,1,NELSON MANDELA,16,
2.023E+11,25,10,2023,19:05,1,973,97302,2,1,1,6,BONHOMME (CITE),4,
2.023E+11,24,9,2023,04:05,5,95,95268,2,1,1,7,D84,48,
2.023E+11,23,10,2023,19:00,5,973,97302,2,9,1,3,BADUEL (ROUTE DE),4,
2.023E+11,23,9,2023,11:15,1,95,95428,2,4,1,1,GEORGES CLEMENCEAU (AVENUE),48,
2.023E+11,25,10,2023,11:30,1,972,97213,2,1,1,2,ROUTE NATIONALE 1,14,
2.023E+11,25,9,2023,00:55,5,95,95018,2,6,1,1, JEAN LURCAT (RUE),48,
2.023E+11,24,9,2023,17:55,1,91,91161,2,2,1,3,AV MAZARIN,48,
2.023E+11,25,10,2023,08:50,1,972,97209,1,1,1,5,DOROTHY (ROUTE DE),14,
2.023E+11,23,9,2023,11:10,1,91,91097,2,1,1,2,RUE DE ROCHOPT,48,
2.023E+11,24,9,2023,13:30,1,91,91027,1,3,1,3,RUE PAUL DEMANGE,48,
2.023E+11,22,10,2023,23:30,4,972,97209,2,2,1,3,GENERAL DE GAULLE (BLD DU),14,
2.023E+11,23,9,2023,12:10,1,81,81163,2,3,1,3,TASSIGNY (DE LATTRE DE),43,
2.023E+11,22,9,2023,15:50,1,81,81163,1,1,1,7,RD 118,43,
2.023E+11,26,10,2023,00:02,5,69,69389,2,2,2,3,Rue de Saint-Cyr,45,
2.023E+11,24,9,2023,22:00,5,81,81065,2,3,1,3,DE GAULLE RD 612 (AV. CHARLES),43,
2.023E+11,25,10,2023,15:18,1,69,69382,2,2,8,6,Quai Jules Courmont,45,
2.023E+11,25,10,2023,06:35,1,971,97120,2,9,1,6,GERTY ARCHIMEDE (RESIDENCE),16,
2.023E+11,24,10,2023,21:30,5,971,97113,1,1,1,5,Morne Salines,16,
2.023E+11,29,4,2023,10:15,1,69,69266,2,1,1,5,Avenue Albert Einstein,45,
2.023E+11,24,9,2023,22:42,5,64,64129,2,1,1,2,SANTONA DE,43,
2.023E+11,24,9,2023,20:40,5,64,64445,2,2,1,3,SERGENT BERNES CAMBOT DU,43,
2.023E+11,23,9,2023,13:50,1,61,61001,2,1,1,2,Voie Communale,48,
2.023E+11,22,10,2023,04:45,4,95,95288,2,6,1,2,D311,48,
2.023E+11,25,10,2023,07:35,5,95,95197,2,1,2,6,D311,48,
2.023E+11,24,9,2023,21:14,5,54,54451,2,4,1,1,Rue de Longwy,49,
2.023E+11,22,9,2023,16:30,1,51,51108,2,1,1,7,CARNOT (RUE),48,
2.023E+11,23,9,2023,10:00,1,42,42305,2,2,7,6,Rue Victor Hugo,45,
2.023E+11,6,9,2023,11:55,1,91,91174,2,2,1,2,RUE DE LA DAUPHINE,48,
2.023E+11,24,9,2023,14:50,1,35,35238,2,1,1,6,DINAN (DE),48,
2.023E+11,24,10,2023,12:35,1,87,87085,1,1,1,7,GORDINI ( RUE AMEDEE),45,
2.023E+11,24,9,2023,00:45,5,33,33063,2,1,1,2,Rue Lucien Faure,44,
2.023E+11,24,10,2023,09:06,1,84,84080,1,1,1,5,CD 942 RTE SARRIANS A ROSSI,44,
2.023E+11,23,9,2023,17:20,1,17,17306,2,1,1,3,ROCHEFORT (DE)  (AVENUE),45,
2.023E+11,24,10,2023,15:00,1,30,30011,1,1,1,6,R.N. 100,43,
2.023E+11,24,9,2023,01:10,5,15,15014,2,1,1,6,JAURES (BOULEVARD JEAN),44,
2.023E+11,24,9,2023,14:00,1,13,13209,2,1,1,3,SORMIOU (CHEMIN DE),43,
2.023E+11,24,9,2023,14:20,1,13,13205,2,1,1,2,BAILLE (BOULEVARD),43,
2.023E+11,25,10,2023,08:20,2,77,77132,2,1,2,3,AV ROBERT SCHUMAN,48,
2.023E+11,24,10,2023,18:38,2,72,72181,1,1,2,2,Boulevard Henri FRENAY,48,
2.023E+11,24,9,2023,11:22,1,13,13216,1,1,1,1,LITTORAL (CHEMIN DU),43,
2.023E+11,24,10,2023,07:30,2,67,67180,1,1,3,1,WOERTH (ROUTE DE),48,
2.023E+11,24,9,2023,05:30,5,7,7281,2,1,1,1,TREMOLETS (RUE DES),44,
2.023E+11,24,10,2023,09:40,1,64,64445,2,1,1,7,TOURASSE,43,
2.023E+11,25,10,2023,14:30,1,63,63113,2,1,2,3,DUNKERQUE (RUE DE),45,
2.023E+11,23,9,2023,18:25,1,3,3185,2,4,1,3,Avenue Jules Guesde,46,
2.023E+11,25,10,2023,09:50,1,63,63113,2,1,1,3,BOULANGER (RUE PIERRE),45,
2.023E+11,19,10,2023,21:10,5,62,62215,2,1,1,6,Rue du 11 Novembre,50,
2.023E+11,24,9,2023,09:49,1,1,1053,2,3,1,3,FERRY ( BOULEVARD JULES),46,
2.023E+11,25,10,2023,07:15,3,62,62013,2,2,2,1,Rue Pasteur,50,
2.023E+11,24,9,2023,20:10,5,75,75112,2,1,1,4,PORTE DE VINCENNES,48,
2.023E+11,25,10,2023,13:15,1,61,61001,2,1,2,2,D112,48,
2.023E+11,24,9,2023,10:17,1,75,75115,2,1,1,2,BD PERIPHERIQUE INTERIEUR,48,
2.023E+11,24,9,2023,13:00,1,75,75106,2,1,1,6,QUAI MALAQUAIS,48,
2.023E+11,25,10,2023,11:05,1,59,59512,2,2,2,3,SALENGRO  (AVENUE ROGER),50,
2.023E+11,24,9,2023,12:10,1,75,75119,2,2,1,6,RUE MATHIS,48,
2.023E+11,24,9,2023,16:30,1,75,75115,2,1,1,6,BOULEVARD LEFEBVRE,48,
2.023E+11,25,10,2023,14:20,1,59,59350,2,3,2,3,Facade de l'Esplanade,50,
2.023E+11,23,9,2023,19:05,1,75,75112,2,2,1,3,RUE DE WATTIGNIES,48,
2.023E+11,24,9,2023,00:10,5,75,75111,2,5,1,1,BOULEVARD VOLTAIRE,48,
2.023E+11,25,10,2023,09:15,1,59,59143,1,4,2,3,PONCHELLE POREE (RUE),50,
2.023E+11,24,10,2023,08:09,5,56,56121,2,2,2,7,DEMAINE ( BD YVES ),47,
2.023E+11,24,9,2023,19:45,5,75,75110,2,3,1,3,BOULEVARD DE STRASBOURG,48,
2.023E+11,24,10,2023,18:00,2,54,54495,2,1,1,2,Grand Rue,48,
2.023E+11,24,9,2023,16:30,1,75,75110,2,4,1,3,RUE LOUIS BLANC,48,
2.023E+11,24,10,2023,17:50,2,54,54547,2,1,1,2,Avenue des Jonquilles,48,
2.023E+11,23,9,2023,23:30,5,75,75110,2,3,1,3,BOULEVARD DE BONNE NOUVELLE,48,
2.023E+11,23,9,2023,20:55,5,75,75109,2,2,1,6,RUE DE LA CHAUSSEE D ANTIN,48,
2.023E+11,24,10,2023,16:30,1,54,54395,2,1,1,6,Rue Mazagran,48,
2.023E+11,24,10,2023,10:20,1,51,51454,2,2,2,3,TALLEYRAND (RUE),49,
2.023E+11,25,10,2023,15:09,1,45,45232,2,2,1,3,595 Avenue de Verdun,47,
2.023E+11,23,9,2023,20:20,5,75,75102,2,3,1,3,BOULEVARD DE SEBASTOPOL,48,
2.023E+11,25,10,2023,19:05,5,38,38421,2,1,2,6,AVENUE DU 8 MAI 1945,45,
2.023E+11,24,9,2023,03:35,4,94,94081,2,1,1,6,Rue du Gal Malleret Joinville,48,
2.023E+11,24,9,2023,07:00,2,94,94058,2,5,1,3,Boulevard d'Alsace-lorraine,48,
2.023E+11,25,10,2023,13:30,1,37,37122,2,3,1,5,JAURES (BOULEVARD JEAN),47,
2.023E+11,25,10,2023,11:40,1,37,37261,2,6,1,3,POMPIDOU (AVENUE GEORGES),47,
2.023E+11,24,9,2023,14:30,1,94,94078,2,3,1,2,Rue de Paris,48,
2.023E+11,23,9,2023,23:35,5,94,94054,2,1,1,2,Rue du Bas Marin,48,
2.023E+11,23,10,2023,18:10,1,29,29232,1,1,1,7,RN165,47,
2.023E+11,19,10,2023,18:30,1,29,29232,1,1,1,7,Rond-Point de Park Poullig,48,
2.023E+11,24,9,2023,18:20,1,93,93078,1,1,1,1,Avenue du Sausset,48,
2.023E+11,25,10,2023,17:15,1,29,29019,2,3,1,6,rue du Commandant Drogou,48,
2.023E+11,24,9,2023,17:10,1,93,93078,1,1,1,7,Avenue du Sausset,48,
2.023E+11,23,9,2023,16:25,1,93,93078,2,2,1,2,Boulevard Robert Ballanger / Av du Mal de Lattre de Tassigny,48,
2.023E+11,25,10,2023,20:55,5,22,22278,2,3,2,6,CAMUS (ALBERT),48,
2.023E+11,24,9,2023,13:50,1,93,93071,2,3,1,3,Rue Gabriel Péri / Rue Henri Martin,48,
2.023E+11,25,10,2023,14:45,1,17,17415,1,7,2,3,Départementale  137,45,
2.023E+11,24,9,2023,22:00,3,93,93070,2,1,1,6,Rue du Docteur Bauer,48,
2.023E+11,25,10,2023,17:15,1,17,17306,2,3,3,3,Rue François Arago,45,
2.023E+11,25,10,2023,14:00,1,13,13209,2,3,1,3,ROMAIN ROLLAND (BOULEVARD),43,
2.023E+11,24,9,2023,17:22,1,93,93066,2,2,1,3,Avenue de Stalingrad / Rue Guynemer,48,
2.023E+11,24,9,2023,15:15,1,93,93051,2,2,1,3,Boulevard du Ru de Nesles / Rue des Aerostiers,48,
2.023E+11,25,10,2023,09:20,1,13,13213,2,1,1,1,RUE PAUL PREBOIST,43,
2.023E+11,24,9,2023,15:15,1,93,93046,2,1,1,7,Allee Jean Coulon,48,
2.023E+11,25,10,2023,09:57,1,75,75105,2,3,2,6,BOULEVARD SAINT MARCEL,48,
2.023E+11,24,9,2023,19:50,5,92,92064,2,9,1,1,BUZENVAL,48,
2.023E+11,25,10,2023,07:35,5,75,75105,2,2,2,7,RUE MONGE,48,
2.023E+11,24,9,2023,19:30,1,92,92020,2,1,1,6,LIBERTE BOULEVARD DE LA N° PAIRS,48,
2.023E+11,24,9,2023,06:25,5,92,92024,2,2,1,3,VICTOR HUGO (BD),48,
2.023E+11,25,10,2023,09:00,1,75,75118,2,3,2,1,BOULEVARD NEY,48,
2.023E+11,24,9,2023,11:10,1,92,92012,2,1,1,7,JEAN BAPTISTE CLEMENT (AVENUE) 49/FIN -,48,
2.023E+11,24,9,2023,12:10,2,92,92002,2,3,1,3,MIRABEAU (RUE),48,
2.023E+11,25,10,2023,07:20,5,75,75116,2,1,2,6,PLACE D AUTEUIL,48,
2.023E+11,25,9,2023,15:15,1,974,97415,1,1,3,7,Rue Hubert Delisle,-21,
2.023E+11,25,10,2023,14:20,1,75,75113,2,3,2,1,AVENUE D IVRY,48,
2.023E+11,22,9,2023,09:50,1,35,35236,2,3,1,3,Rue de Cotard,47,
2.023E+11,25,10,2023,06:19,5,75,75113,2,1,2,3,AVENUE DE LA PORTE D ITALIE,48,
2.023E+11,25,10,2023,13:42,1,75,75111,2,2,1,6,RUE DE LA ROQUETTE,48,
2.023E+11,17,9,2023,01:05,3,95,95529,1,1,1,3,A16,49,
2.023E+11,25,10,2023,05:05,5,75,75110,2,7,2,1,Place du Colonel Fabien,48,
2.023E+11,25,9,2023,08:25,1,11,11018,1,1,7,2,A61 - PK 311.180,43,
2.023E+11,25,10,2023,08:15,1,75,75104,2,2,2,6,RUE DES ARCHIVES,48,
2.023E+11,17,9,2023,18:25,2,33,33021,1,3,2,3,D12,44,
2.023E+11,22,10,2023,11:45,1,75,75103,2,3,1,3,PLACE DES VOSGES,48,
2.023E+11,25,9,2023,06:10,3,83,83026,1,1,1,6,Autoroute A8,,
2.023E+11,25,10,2023,00:30,5,94,94081,2,1,1,3,Avenue Rouget de Lisle,48,
2.023E+11,24,9,2023,20:30,5,51,51346,2,1,1,6,16 avenue Paul Doumer,49,
2.023E+11,25,10,2023,18:35,2,94,94073,2,3,1,3,Avenue de Fontainebleau,48,
2.023E+11,24,9,2023,17:00,1,974,97412,1,1,1,1,Chemin Assing,-21,
2.023E+11,25,9,2023,15:15,1,94,94038,2,1,8,6,Avenue Flouquet,48,
2.023E+11,24,9,2023,19:00,1,27,27507,2,1,1,1,Rue de Foucrainville,48,
2.023E+11,25,10,2023,12:00,1,93,93073,2,3,2,2,Chemin du Loup / Rue Rodin,48,
2.023E+11,25,10,2023,19:30,5,93,93071,2,2,8,6,Rue Pierre Brossolette / Allée Corot,48,
2.023E+11,18,9,2023,16:20,1,21,21272,1,1,1,2,A6,47,
2.023E+11,25,10,2023,08:30,2,93,93073,2,1,2,6,Avenue du Parc,48,
2.023E+11,25,9,2023,12:20,1,54,54127,1,1,1,6,D17b,49,
2.023E+11,25,10,2023,21:40,5,93,93070,2,2,2,6,Avenue Gabriel Péri / Rue des Rosiers,48,
2.023E+11,25,9,2023,09:50,1,83,83070,2,1,1,6,Avenue du General Bouvet,43,
2.023E+11,25,10,2023,19:00,5,93,93066,2,3,1,3,Avenue Lénine / Rue Jules Védrines,48,
2.023E+11,24,9,2023,19:30,2,50,50039,1,3,7,1,Le Hamel Dumont,48,
2.023E+11,25,10,2023,08:40,1,93,93062,2,1,2,3,LIVRY (AVENUE DE),48,
2.023E+11,23,9,2023,17:05,1,56,56040,1,2,1,3,La Croix Hello,47,
2.023E+11,25,10,2023,17:08,1,93,93055,2,1,8,4,Avenue Jean Lolive,48,
2.023E+11,24,10,2023,12:55,1,93,93053,2,1,2,6,CHANZY (RUE),48,
2.023E+11,24,9,2023,10:23,1,56,56036,1,1,1,2,N/A,47,
2.023E+11,25,10,2023,12:25,1,93,93048,2,2,2,6,Rue Armand Carrel / Rue de la République,48,
2.023E+11,23,10,2023,15:14,1,93,93063,2,3,2,6,Avenue Lénine / Avenue du Président Wilson,48,
2.023E+11,23,9,2023,08:45,1,56,56177,1,1,1,4,Gohler,47,
2.023E+11,24,10,2023,17:11,1,93,93031,2,1,1,6,Avenue de Lattre de Tassigny,48,
2.023E+11,19,9,2023,09:15,1,56,56233,1,3,1,1,Zone d’Activités de Kerran,47,
2.023E+11,25,10,2023,20:00,5,93,93027,2,1,8,6,Rue Suzanne Masson,48,
2.023E+11,25,10,2023,08:10,2,92,92075,2,3,2,3,HOCHE (RUE),48,
2.023E+11,24,9,2023,17:50,1,56,56126,1,9,1,3,D765 - Le Pont,47,
2.023E+11,24,10,2023,19:30,5,92,92050,2,1,1,2,GARCHES RUE DE,48,
2.023E+11,25,9,2023,14:40,1,76,76446,2,1,1,3,763 Rue du Lieutenant Aubert,49,
2.023E+11,25,10,2023,12:35,1,92,92040,2,1,2,6,ERNEST RENAN,48,
2.023E+11,24,10,2023,07:50,1,92,92025,2,3,8,6,COMMERCE (RUE DU),48,
2.023E+11,25,10,2023,20:20,5,92,92060,2,1,1,6,DESCARTES (AVENUE),48,
2.023E+11,9,8,2023,13:20,1,81,81177,1,1,7,3,RD 59,43,
2.023E+11,25,10,2023,11:09,1,92,92012,2,1,2,3,ANDRE MORIZET (AVENUE) 1/47 - 2/52,48,
2.023E+11,25,9,2023,01:00,3,71,71208,2,1,5,6,23 Montee Saint Martin,46,
2.023E+11,24,10,2023,17:25,1,92,92012,2,3,1,3,POINT DU JOUR (QUAI DU),48,
2.023E+11,25,10,2023,19:00,4,92,92002,2,1,8,3,GEORGES BESSE (RUE),48,
2.023E+11,24,9,2023,16:50,1,61,61063,1,1,1,6,RD20,48,
2.023E+11,23,9,2023,16:20,1,42,42224,1,1,1,3,Route du Col de la Republique,45,
2.023E+11,24,10,2023,21:10,5,92,92002,2,2,1,3,PRESIDENT KENNEDY (50 A LA FIN),48,
2.023E+11,26,10,2023,17:40,1,80,80192,2,2,1,6,Rue d'Etinehem,49,
2.023E+11,25,10,2023,20:15,3,51,51262,1,1,2,1,ROUTE DÉPARTEMENTALE 396,48,
2.023E+11,25,9,2023,16:50,1,41,41280,1,1,1,3,La Marcottière,47,
2.023E+11,26,10,2023,09:57,1,71,71222,1,1,2,7,D980,46,
2.023E+11,15,9,2023,20:30,3,41,41280,1,1,1,5,Rue de Pruniers,47,
2.023E+11,25,10,2023,18:08,2,19,19273,1,1,2,1,D8,45,
2.023E+11,30,8,2023,20:05,1,41,41016,1,9,1,1,Rue de la Musse,47,
2.023E+11,20,10,2023,08:05,2,56,56140,1,1,5,4,le roscoet,47,
2.023E+11,25,10,2023,16:45,1,31,31056,2,1,2,6,Route de Grenade,43,
2.023E+11,23,9,2023,10:00,1,22,22235,1,1,1,6,Kroaz Martin,48,
2.023E+11,24,9,2023,18:15,1,39,39238,1,1,1,7,N/A,47,
2.023E+11,6,7,2023,18:45,1,33,33226,2,1,1,6,Route de Créon,44,
2.023E+11,22,9,2023,09:45,1,44,44084,1,2,1,3,Le Chemin Noir,47,
2.023E+11,26,10,2023,17:50,1,71,71204,2,1,2,1,Rue Alfred Kastler,46,
2.023E+11,24,9,2023,16:45,1,35,35211,2,1,1,3,31 Rue Chevalier Lancelot du Lac,48,
2.023E+11,25,10,2023,15:45,1,11,11105,2,1,1,6,5 Allée de la Pouzaque,43,
2.023E+11,26,10,2023,16:40,1,89,89347,1,1,8,6,route départementale 36,47,
2.023E+11,24,9,2023,18:30,1,29,29184,1,1,6,6,Route de Kerlaudy,48,
2.023E+11,25,10,2023,11:00,1,89,89034,1,1,2,1,D965,47,
2.023E+11,26,10,2023,12:44,1,63,63178,2,1,2,3,Avenue Pierre Mendes-France,45,
2.023E+11,24,9,2023,12:45,1,29,29166,1,1,1,3,Kervennou,48,
2.023E+11,23,10,2023,11:00,1,22,22345,1,1,2,6,D6,,
2.023E+11,25,10,2023,17:00,1,39,39190,1,1,2,7,N/A,47,
2.023E+11,25,9,2023,07:25,2,29,29260,1,3,1,3,Rue de l'Etain,48,
2.023E+11,26,10,2023,12:30,1,29,29020,1,2,1,3,Les Trois Croix,48,
2.023E+11,26,10,2023,13:11,1,29,29075,2,1,1,6,44 allée des Camélias,48,
2.023E+11,24,9,2023,19:50,4,2,2600,1,1,1,1,N/A,49,
2.023E+11,24,10,2023,16:16,1,66,66009,1,1,1,1,N/A,42,
2.023E+11,24,9,2023,10:45,1,70,70355,1,1,1,6,L'Abbayotte,47,
2.023E+11,19,10,2023,09:55,1,14,14570,1,2,1,3,Valorbiquet,49,
2.023E+11,25,9,2023,11:18,1,58,58083,2,1,7,6,Place du Champ de Foire,47,
2.023E+11,25,10,2023,19:30,5,14,14623,2,2,2,3,17 Route d'Harcourt,49,
2.023E+11,23,9,2023,15:00,1,58,58178,1,1,1,6,Départementale 18,46,
2.023E+11,26,10,2023,08:28,2,50,50110,1,1,3,1,le pont caudel,49,
2.023E+11,24,9,2023,16:05,1,54,54059,1,1,7,7,D44,48,
2.023E+11,26,10,2023,15:30,1,18,18017,1,1,2,2,N/A,46,
2.023E+11,26,10,2023,02:20,3,85,85139,2,2,1,6,31 Rue Principale,46,
2.023E+11,19,9,2023,13:30,1,50,50177,1,2,1,1,Le Grand Chemin,49,
2.023E+11,24,9,2023,01:15,3,50,50363,1,1,1,7,1650 Route de l?Aubannerie,49,
2.023E+11,25,10,2023,08:25,1,30,30088,1,1,1,5,D999,43,
2.023E+11,26,10,2023,18:30,2,64,64430,1,1,3,6,A64,43,
2.023E+11,24,9,2023,10:30,1,83,83044,1,1,1,1,D955,43,
2.023E+11,24,9,2023,20:00,3,45,45045,1,1,1,7,D30 PR 3 + 800,48,
2.023E+11,26,10,2023,07:00,3,34,34298,1,1,8,4,N/A,43,
2.023E+11,25,10,2023,18:30,3,69,69013,1,1,3,6,Autoroute 6,46,
2.023E+11,25,9,2023,19:45,3,73,73096,1,3,1,1,D1006,45,
2.023E+11,25,10,2023,15:50,1,2B,2B307,1,1,1,5,ROUTE TERRITORIALE 10,42,
2.023E+11,25,10,2023,15:40,1,83,83071,2,6,1,7,Rond Point Chateau Vert,43,
2.023E+11,24,9,2023,22:00,3,43,43152,1,1,1,5,D13,45,
2.023E+11,26,10,2023,12:10,1,83,83143,1,1,1,3,D562,43,
2.023E+11,24,9,2023,14:30,1,7,7011,1,1,1,7,578,44,
2.023E+11,17,10,2023,16:06,1,21,21132,1,1,1,7,Chambœuf,47,
2.023E+11,27,5,2023,09:30,1,21,21500,1,2,1,3,CD 9,47,
2.023E+11,25,10,2023,17:12,1,10,10300,1,1,8,1,D50,48,
2.023E+11,22,9,2023,16:20,1,40,40080,2,7,7,6,Place de l'Ancienne Bastide,43,
2.023E+11,25,10,2023,12:10,1,38,38545,2,4,1,1,1 Rue des Astragales,45,
2.023E+11,26,10,2023,15:20,1,7,7264,1,1,8,6,D86,44,
2.023E+11,24,9,2023,11:45,1,37,37033,1,1,1,6,Voie Communale 1,46,
2.023E+11,25,10,2023,10:45,1,69,69255,1,4,8,3,Route d’Yzeron,45,
2.023E+11,25,9,2023,15:30,1,48,48092,2,4,1,3,27 Avenue du Docteur de Framont,44,
2.023E+11,26,10,2023,05:15,3,33,33498,2,3,3,3,Route de Badet,44,
2.023E+11,24,9,2023,04:00,3,987,98752,1,1,2,6,PK 54,-17,
2.023E+11,16,10,2023,17:55,1,27,27165,2,1,1,6,Route de Sainte-marguerite,48,
2.023E+11,23,10,2023,19:35,5,59,59237,2,1,2,6,Route Nationale,50,
2.023E+11,24,9,2023,08:15,2,24,24370,2,1,7,2,56 Avenue du Périgord,44,
2.023E+11,26,10,2023,12:35,1,59,59051,1,6,8,7,Route de Lille,50,
2.023E+11,24,9,2023,17:50,1,69,69027,2,1,1,6,Avenue Ferdinand Gaillard,45,
2.023E+11,25,10,2023,01:00,3,69,69259,1,1,1,2,Boulevard Périphérique Laurent Bonnevay,45,
2.023E+11,24,9,2023,08:20,1,987,98712,2,1,1,3,avenue ariipaea pomare ,-17,
2.023E+11,25,10,2023,18:15,1,91,91689,1,1,1,2,AUTOROUTE A6,48,
2.023E+11,25,10,2023,16:30,1,91,91179,1,1,1,7,AUTOROUTE A6,48,
2.023E+11,23,9,2023,10:35,1,11,11202,2,6,1,3,Avenue de septimanie,42,
2.023E+11,25,10,2023,14:15,1,91,91136,1,1,8,7,AUTOROUTE A10,48,
2.023E+11,25,9,2023,01:40,3,988,98823,1,1,1,6,Tribu de NEOUTA,-21,
2.023E+11,25,10,2023,11:35,1,91,91228,1,1,1,3,RN 104,48,
2.023E+11,25,10,2023,09:48,1,91,91521,1,1,1,7,RN 441,48,
2.023E+11,6,8,2023,07:00,1,986,98613,2,9,1,3,Utufua,-13,
2.023E+11,25,10,2023,07:35,5,75,75113,1,1,2,6,A6B,48,
2.023E+11,25,10,2023,05:10,4,91,91179,1,1,2,2,RN 337,48,
2.023E+11,22,9,2023,14:00,1,971,97125,1,1,1,3,Desbonnes,16,
2.023E+11,23,10,2023,21:10,3,78,78640,1,1,1,6,A86 EXT,48,
2.023E+11,20,9,2023,16:20,1,29,29230,1,1,2,1,Penn ar Prat,47,
2.023E+11,25,9,2023,09:20,1,77,77153,2,9,1,1,D401,49,
2.023E+11,24,9,2023,05:55,4,95,95592,2,1,1,1,D913,49,
2.023E+11,24,9,2023,16:45,1,66,66030,1,1,1,6,D614A,42,
2.023E+11,23,9,2023,22:20,3,11,11001,1,1,1,6,N/A,43,
2.023E+11,24,9,2023,17:52,1,84,84003,1,1,1,6,D943,43,