Num_Acc,jour,mois,an,hrmn,lum,dep,com,agg,int,atm,col,adr,lat,long
2.023E+11,24,9,2023,11:40,1,4,4152,1,1,1,7,Chemin de Montfuron,43,
2.023E+11,21,9,2023,22:20,3,26,26002,1,1,2,5,Autoroutes A7 PK 033+000,45,
2.023E+11,25,9,2023,07:35,1,67,67067,2,2,1,6,Rue de la Paix,48,
2.023E+11,25,9,2023,08:10,2,54,54519,2,1,1,1,Rue d'Alsace,48,
2.023E+11,6,9,2023,08:20,1,69,69056,2,3,7,3,Impasse des Saillants,45,
2.023E+11,25,9,2023,15:40,1,69,69099,1,3,1,3,1940  Route de Saint Laurent,45,
2.023E+11,25,9,2023,08:25,1,31,31161,1,3,1,3,intersection rd 813 chemin des monges,43,
2.023E+11,20,9,2023,06:30,3,33,33184,1,2,1,3,les forgettes,45,
2.023E+11,24,9,2023,19:05,1,44,44073,1,2,1,3,Le Bois Sicard,47,
2.023E+11,22,9,2023,18:50,1,29,29161,1,1,1,1,Route de Goarem Kergrimen,47,
2.023E+11,24,9,2023,09:47,1,13,13001,1,1,1,6,A51-Sens Marseille vers Aix en Provence,43,
2.023E+11,24,9,2023,06:40,3,13,13026,1,1,1,1,A55-Sens Marseille vers Martigues,43,
2.023E+11,21,8,2023,20:48,1,10,10081,2,3,1,3,OUEST (BD),48,
2.023E+11,21,8,2023,14:42,1,10,10081,2,1,1,6,PRESIDENT RENE COTY,48,
2.023E+11,20,8,2023,04:50,5,6,6159,2,1,1,6,IMPERATRICE ANNA FEODOROVNA,43,
2.023E+11,20,8,2023,12:50,1,6,6123,2,1,1,6,FAHNESTOCK G. CORNICHE,43,
2.023E+11,20,8,2023,04:55,4,6,6155,2,2,1,7,LIBERTE AV.DE LA,43,
2.023E+11,22,8,2023,18:53,1,6,6155,2,1,1,1,POSTE AV.DE LA,43,
2.023E+11,21,8,2023,20:30,1,75,75119,2,1,1,3,PORTE D AUBERVILLIERS,48,
2.023E+11,23,8,2023,12:30,1,75,75106,2,2,1,3,RUE DE SEVRES,48,
2.023E+11,21,8,2023,14:20,1,75,75106,2,2,1,3,BOULEVARD SAINT GERMAIN,48,
2.023E+11,23,8,2023,18:50,1,75,75120,2,1,2,3,BD PERIPHERIQUE INTERIEUR,48,
2.023E+11,21,8,2023,13:10,1,75,75120,2,4,1,7,AVENUE IBSEN,48,
2.023E+11,21,8,2023,17:40,1,75,75119,2,7,1,7,PLACE SKANDERBEG,48,
2.023E+11,21,8,2023,14:50,1,75,75119,2,3,1,7,BOULEVARD DE LA VILLETTE,48,
2.023E+11,23,8,2023,05:40,2,75,75118,2,1,1,1,BOULEVARD NEY,48,
2.023E+11,23,8,2023,09:05,1,75,75117,2,3,1,6,RUE GUERSANT,48,
2.023E+11,22,8,2023,19:10,1,75,75116,2,2,1,3,BOULEVARD MURAT,48,
2.023E+11,22,8,2023,15:45,1,75,75116,2,2,1,3,AVENUE MARCEAU,48,
2.023E+11,23,8,2023,16:25,1,75,75115,2,3,1,2,BOULEVARD LEFEBVRE,48,
2.023E+11,23,8,2023,08:15,1,75,75115,2,1,7,3,QUAI D ISSY LES MOULINEAUX,48,
2.023E+11,21,8,2023,18:30,1,75,75115,2,1,1,7,AVENUE DE LA PORTE DE SEVRES,48,
2.023E+11,23,8,2023,12:20,1,75,75114,2,5,1,6,AVENUE DU MAINE,48,
2.023E+11,23,8,2023,20:10,5,75,75115,2,1,1,6,PORT DE JAVEL BAS,48,
2.023E+11,23,8,2023,20:50,5,75,75112,2,3,1,6,RUE DES MEUNIERS,48,
2.023E+11,21,8,2023,09:10,1,75,75116,2,9,1,3,VOIE GEORGES POMPIDOU,48,
2.023E+11,21,8,2023,00:30,5,75,75107,2,1,1,6,PONT D IENA,48,
2.023E+11,23,8,2023,18:10,1,94,94041,2,1,1,6,Rue Carnot,48,
2.023E+11,17,8,2023,09:25,1,94,94041,2,9,1,3,Boulevard de Stalingrad,48,
2.023E+11,23,8,2023,17:40,1,94,94021,2,1,1,2,Avenue Georges Guynemer,48,
2.023E+11,16,8,2023,11:41,1,94,94028,2,1,1,2,Rue des Mèches,48,
2.023E+11,23,8,2023,20:55,2,94,94022,2,2,1,3,Avenue Victor Hugo,48,
2.023E+11,23,8,2023,14:40,1,93,93066,2,2,1,1,Rue Gabriel Péri / Rue Franciade,48,
2.023E+11,23,8,2023,06:45,2,93,93066,2,3,1,3,Boulevard de la Libération / Rue Michael Faraday,48,
2.023E+11,23,8,2023,06:50,2,93,93050,2,9,1,3,Boulevard du Marechal Foch,48,
2.023E+11,23,8,2023,17:35,1,93,93048,2,1,1,6,Bd Paul Vaillant Couturier,48,
2.023E+11,22,8,2023,21:20,5,93,93063,2,3,1,3,Avenue Lénine / Rue Vassou,48,
2.023E+11,23,8,2023,14:10,1,93,93010,2,3,1,3,GALLIENI (AV.) DE 1 A 109,48,
2.023E+11,22,8,2023,17:15,1,93,93001,2,3,1,1,Rue de Saint Denis / Rue de Valmy,48,
2.023E+11,14,8,2023,16:15,1,92,92078,2,2,8,3,VERDUN (AVENUE) (PAIRS 92 ET PLUS),48,
2.023E+11,22,8,2023,18:17,1,92,92073,2,1,1,3,LOUCHEUR (BOULEVARD LOUIS),48,
2.023E+11,15,8,2023,19:55,1,92,92072,2,1,1,6,BRUYERES (RUE DES),48,
2.023E+11,23,8,2023,16:50,1,92,92063,2,9,1,3,MONTBRISON (RUE DU LIEUTENANT COLONEL DE,48,
2.023E+11,23,8,2023,01:45,5,92,92051,2,1,1,6,CHARLES DE GAULLE (AVENUE,,
2.023E+11,23,8,2023,09:50,1,92,92044,2,1,1,3,ANA.FRANCE(RUE) 141+ ET 126 +,48,
2.023E+11,23,8,2023,19:29,1,92,92025,2,3,1,6,STALINGRAD (AV DE),48,
2.023E+11,16,8,2023,10:10,1,92,92024,2,2,1,6,VICTOR MERIC (RUE),48,
2.023E+11,23,8,2023,12:00,1,92,92012,2,1,1,6,ANDRE MORIZET (AVENUE) - 49/FIN - 54/FIN,48,
2.023E+11,16,8,2023,09:22,1,92,92012,2,1,1,6,PARIS (RUE DE) 1/97 - 2/114,48,
2.023E+11,23,8,2023,12:55,1,39,39437,1,1,1,5,N/A,46,
2.023E+11,21,8,2023,16:40,1,14,14162,1,1,1,6,La Lande,48,
2.023E+11,23,8,2023,03:00,3,83,83072,1,1,1,6,2050 Route de Salernes,43,
2.023E+11,24,8,2023,06:45,2,66,66190,1,1,1,2,N/A,42,
2.023E+11,22,8,2023,12:00,1,988,98812,1,1,1,6,RT1,-20,
2.023E+11,21,8,2023,18:05,1,10,10350,2,1,7,6,Rue du Professeur d'Hérelle,48,
2.023E+11,22,8,2023,19:00,1,62,62614,1,2,1,6,D 943,50,
2.023E+11,24,8,2023,07:06,1,63,63264,1,1,1,6,D983,45,
2.023E+11,23,8,2023,08:10,1,63,63004,2,1,1,6,Avenue du Plan d'Eau,45,
2.023E+11,23,8,2023,19:25,1,55,55557,1,1,1,7,A4 - sens PARIS/METZ - PK 271.300,49,
2.023E+11,24,8,2023,09:06,1,79,79174,1,3,7,3,N/A,46,
2.023E+11,24,8,2023,20:00,2,83,83070,1,1,1,1,D559,43,
2.023E+11,18,8,2023,16:35,1,83,83070,2,3,1,1,379 route de Benat,43,
2.023E+11,21,8,2023,19:30,2,65,65133,1,1,1,6,Route du Tourtou,43,
2.023E+11,22,8,2023,11:50,1,38,38342,1,1,1,1,Ruisseau du Gravenon,,
2.023E+11,24,8,2023,08:30,1,62,62376,1,1,8,6,D 937,50,
2.023E+11,21,8,2023,12:02,1,37,37179,1,1,1,5,autoroute a10,47,
2.023E+11,24,8,2023,17:30,1,83,83116,2,1,1,6,Chemin du Real Vieux,43,
2.023E+11,21,8,2023,21:30,5,91,91553,2,3,1,1,Route de St Germain Rd 947,48,
2.023E+11,21,8,2023,19:25,1,51,51545,1,1,1,6,D977,48,
2.023E+11,20,8,2023,13:00,1,19,19181,1,1,1,7,RD 128,45,
2.023E+11,24,8,2023,16:00,1,56,56005,2,1,1,7,Rue Centrale,47,
2.023E+11,11,8,2023,14:30,1,77,77020,1,9,1,3,N4,48,
2.023E+11,23,8,2023,15:50,1,76,76328,1,2,1,2,D151,49,
2.023E+11,22,8,2023,11:30,1,2B,2B049,1,1,1,1,route de calenzana,42,
2.023E+11,22,8,2023,10:00,1,2B,2B318,1,9,1,2,San Piovanaccio,42,
2.023E+11,20,8,2023,21:30,3,80,80163,1,1,1,6,D3,50,
2.023E+11,24,8,2023,00:45,4,65,65388,2,1,1,6,rd929 routed'autun,42,
2.023E+11,22,8,2023,09:27,1,65,65470,1,3,1,1,Rd 921B,43,
2.023E+11,22,8,2023,13:30,1,55,55012,1,1,1,7,D908,48,
2.023E+11,23,8,2023,17:10,1,49,49086,2,1,1,1,Rue de la bâte,47,
2.023E+11,23,8,2023,11:00,1,12,12171,1,1,7,1,D901,44,
2.023E+11,24,8,2023,11:00,1,42,42181,1,1,1,6,Route de Montagny,45,
2.023E+11,22,8,2023,12:30,1,42,42262,1,1,1,3,Route de Périgneux,45,
2.023E+11,24,8,2023,09:10,1,47,47203,1,1,7,1,309 Route de Tournon,44,
2.023E+11,23,8,2023,12:43,1,39,39328,1,1,1,7,N/A,46,
2.023E+11,21,8,2023,15:55,1,39,39401,2,3,1,3,12 Rue du Château,46,
2.023E+11,24,8,2023,12:40,1,25,25440,1,1,1,1,N57,47,
2.023E+11,22,8,2023,07:42,2,29,29202,1,6,1,2,Roc’h Tredudon,48,
2.023E+11,24,8,2023,10:25,1,31,31589,1,1,1,6,D813,43,
2.023E+11,23,8,2023,18:50,1,38,38163,1,9,1,6,Le Pleynet (Plateforme),45,
2.023E+11,21,8,2023,21:50,3,2,2556,1,1,1,6,D18,49,
2.023E+11,22,8,2023,17:25,1,2,2527,2,1,1,6,Rue des Vignes,49,
2.023E+11,24,8,2023,16:30,1,3,3089,2,1,1,6,Place de l’Ecole,46,
2.023E+11,29,7,2023,15:00,1,15,15188,1,1,1,6,D74,45,
2.023E+11,21,8,2023,14:50,1,58,58080,1,1,1,7,D958,,
2.023E+11,21,8,2023,19:20,1,66,66179,1,1,1,1,départementale D3,42,
2.023E+11,23,8,2023,20:30,2,72,72363,1,1,1,6,fief barry,48,
2.023E+11,23,8,2023,09:45,1,72,72386,2,6,7,3,Avenue du Mans,48,
2.023E+11,24,8,2023,20:30,5,14,14678,1,1,2,2,Route d'Argences,48,
2.023E+11,24,8,2023,10:40,1,14,14092,2,1,2,6,la Hogue,49,
2.023E+11,23,8,2023,17:30,1,50,50092,1,1,1,7,départementale 141,49,
2.023E+11,5,5,2023,12:15,1,6,6088,2,2,7,4,TURIN (RTE DE),43,
2.023E+11,5,5,2023,22:00,5,6,6085,2,1,1,3,CAMPELIERES (CHEMIN DES),43,
2.023E+11,4,5,2023,12:45,1,75,75112,2,1,1,3,ECHANGEUR BERCY,48,
2.023E+11,4,5,2023,09:30,1,75,75106,2,3,1,3,RUE DE VAUGIRARD,48,
2.023E+11,5,5,2023,12:45,1,75,75119,2,2,1,3,BOULEVARD D INDOCHINE,48,
2.023E+11,28,11,2023,17:45,2,92,92025,2,3,1,3,ROUGET DE L'ISLE (RUE),48,
2.023E+11,5,5,2023,05:55,2,75,75119,2,1,1,6,PLACE DES FETES,48,
2.023E+11,28,11,2023,12:27,1,92,92025,2,2,1,3,AGRICULTURE (RUE DE L'),48,
2.023E+11,5,5,2023,01:05,5,75,75119,2,2,1,3,RUE D AUBERVILLIERS,48,
2.023E+11,24,11,2023,17:20,2,62,62447,2,1,1,6,D340,50,
2.023E+11,5,5,2023,11:45,1,75,75115,2,2,1,3,RUE FIZEAU,48,
2.023E+11,22,11,2023,04:45,3,38,38157,1,3,1,3,Rue des Potiers,45,
2.023E+11,5,5,2023,09:50,1,75,75115,2,2,1,3,BOULEVARD DE VAUGIRARD,48,
2.023E+11,29,11,2023,06:39,2,38,38238,2,2,1,1,Route des Cerisiers,45,
2.023E+11,28,11,2023,20:25,3,2,2009,1,1,1,6,N/A,49,
2.023E+11,5,5,2023,20:55,5,75,75112,2,5,2,4,RUE VAN GOGH,48,
2.023E+11,29,11,2023,11:00,1,40,40304,2,1,1,6,328 Avenue des Pervenches,43,
2.023E+11,5,5,2023,08:30,1,75,75111,2,7,8,2,PLACE LEON BLUM,48,
2.023E+11,28,11,2023,12:30,1,57,57232,1,1,1,1,D22,48,
2.023E+11,5,5,2023,15:00,1,75,75110,2,2,1,1,RUE DU FAUBOURG SAINT DENIS,48,
2.023E+11,28,11,2023,21:40,5,11,11203,2,3,9,3,N/A,43,
2.023E+11,5,5,2023,19:40,2,75,75101,2,3,2,2,BOULEVARD DE SEBASTOPOL,48,
2.023E+11,8,9,2023,15:30,1,36,36033,1,1,1,6,N/A,46,
2.023E+11,5,5,2023,18:30,1,75,75102,2,2,1,7,RUE D ABOUKIR,48,
2.023E+11,5,5,2023,20:20,1,94,94068,2,1,1,3,Rue Traversière,48,
2.023E+11,28,11,2023,09:45,1,71,71420,1,3,2,3,Rue de la Poste,46,
2.023E+11,5,5,2023,11:45,1,94,94068,2,2,1,6,Avenue du Bac,48,
2.023E+11,28,11,2023,23:00,3,30,30331,1,1,1,6,d5,44,
2.023E+11,5,5,2023,13:10,1,94,94015,2,6,8,3,Boulevard Pasteur,48,
2.023E+11,28,11,2023,18:45,3,57,57602,1,1,1,1,D1,49,
2.023E+11,5,5,2023,20:30,2,94,94073,2,9,1,3,Boulevard du Nord,48,
2.023E+11,5,5,2023,07:10,2,94,94033,2,1,2,7,  Av. du Maréchal de Lattre de Tassigny,48,
2.023E+11,13,11,2023,19:30,3,95,95612,1,1,1,7,D47,49,
2.023E+11,5,5,2023,20:02,1,94,94071,2,1,8,6,Rue Henri Dunant,48,
2.023E+11,25,11,2023,09:05,2,76,76014,1,1,7,6,D125,49,
2.023E+11,5,5,2023,10:00,1,93,93078,2,1,2,6,Chemin des Fontaines,48,
2.023E+11,4,5,2023,14:05,1,93,93078,2,6,1,2,Avenue Georges Clémenceau / Boulevard Robert Ballanger,48,
2.023E+11,29,11,2023,06:00,3,76,76449,1,3,1,3,D929,49,
2.023E+11,5,5,2023,08:00,1,93,93005,2,1,2,3,Route de Mitry,48,
2.023E+11,29,11,2023,06:30,3,79,79185,1,1,1,2,N/A,46,
2.023E+11,25,11,2023,00:55,3,63,63364,1,1,1,6,D2089,45,
2.023E+11,4,5,2023,22:50,5,93,93070,2,2,1,6,Boulevard Jean Jaurès / Rue du Docteur Bauer,48,
2.023E+11,5,5,2023,14:00,1,93,93051,2,3,1,3,Avenue du Pave Neuf / Allee Fernand Leger,48,
2.023E+11,29,11,2023,11:55,1,55,55570,1,2,1,3,D901,48,
2.023E+11,5,5,2023,20:15,2,93,93048,2,1,2,6,Rue de la Révolution,48,
2.023E+11,29,11,2023,08:00,2,49,49218,2,3,1,1,Rue de Bel-Air (Chaudron-en-Mauges),47,
2.023E+11,4,5,2023,23:40,5,93,93063,2,1,1,3,56 Rue de Benfleet,48,
2.023E+11,28,11,2023,20:45,3,42,42081,1,1,1,6,Route de Saint Galmier,45,
2.023E+11,5,5,2023,07:10,2,93,93031,2,9,2,3,Avenue de Jarrow,48,
2.023E+11,4,11,2023,17:00,2,34,34150,2,1,1,3,Impasse de la Gare,43,
2.023E+11,5,5,2023,18:45,1,93,93029,2,1,1,6,29 Rue Roger Petieu,48,
2.023E+11,28,11,2023,08:30,1,44,44166,1,3,1,5,Route des champs,47,
2.023E+11,4,5,2023,20:20,1,93,93027,2,2,1,3,Avenue Paul Vaillant Couturier / Rue Edouard Renard,48,
2.023E+11,28,11,2023,10:00,1,44,44158,2,6,1,7,36 Rue du Temple,47,
2.023E+11,4,5,2023,04:45,5,93,93046,2,2,1,1,Rue Pachot Lainé / Avenue Liégeard,48,
2.023E+11,28,11,2023,17:00,1,29,29015,2,1,1,7,8 Rue de Brest,48,
2.023E+11,5,5,2023,18:15,1,93,93005,2,3,1,3,Rue du Docteur Fleming / Rue du Docteur Jean Perlis,48,
2.023E+11,27,11,2023,18:50,5,64,64547,2,1,3,1,Rue de Hiribehere,43,
2.023E+11,5,5,2023,18:10,1,92,92073,2,1,1,3,DASSAULT (QUAI MARCEL),48,
2.023E+11,5,5,2023,22:00,5,92,92033,2,1,3,7,HENRI REGNAULT,48,
2.023E+11,28,11,2023,18:45,3,73,73270,1,2,2,3,D1006,45,
2.023E+11,4,5,2023,16:20,1,92,92036,2,1,1,6,GABRIEL PERI (AVENUE) (131/145),48,
2.023E+11,29,11,2023,13:55,1,10,10328,1,1,1,4,D960,48,
2.023E+11,4,5,2023,11:55,1,92,92036,2,2,1,6,LOUIS CALMEL (RUE) (1),48,
2.023E+11,5,5,2023,18:10,1,92,92025,2,1,1,3,VALMY (BD DE),48,
2.023E+11,29,11,2023,17:05,2,7,7007,1,1,1,5,D14,44,
2.023E+11,5,5,2023,15:25,1,92,92025,2,2,1,3,PRESIDENT SALVADOR ALLENDE (RUE DU),48,
2.023E+11,29,11,2023,15:30,1,7,7338,1,9,1,6,D21,44,
2.023E+11,28,11,2023,22:55,3,53,53153,1,1,1,7,le brindeau,48,
2.023E+11,4,5,2023,18:00,1,92,92024,2,2,1,3,VICTOR HUGO (BD),48,
2.023E+11,29,11,2023,16:20,1,23,23057,1,1,1,6,Soumeranges,46,
2.023E+11,4,5,2023,05:42,5,92,92004,2,1,1,7,BERNARD JUSSIEU ( RUE ),48,
2.023E+11,27,11,2023,11:48,1,73,73082,1,1,1,6,Autoroute A 43,45,
2.023E+11,6,5,2023,12:30,1,60,60040,1,9,1,3,D152,49,
2.023E+11,28,11,2023,19:05,3,1,1031,1,1,1,3,A404,46,
2.023E+11,5,5,2023,19:10,1,37,37147,1,1,1,2,la Motte,47,
2.023E+11,29,11,2023,12:15,1,44,44028,1,6,1,6,Rond-point de la joie,47,
2.023E+11,6,5,2023,17:20,1,47,47145,1,1,1,6,D17,44,
2.023E+11,28,11,2023,14:55,1,38,38062,1,1,2,2,Autoroute A41 s Point kilometrique 030.500,45,
2.023E+11,6,5,2023,16:58,1,54,54264,1,9,1,7,D50,48,
2.023E+11,27,11,2023,19:40,3,978,97801,1,1,1,6,R DES TERRES BASSES,18,
2.023E+11,5,5,2023,19:10,1,86,86183,2,1,1,6,D910,46,
2.023E+11,6,5,2023,20:35,2,28,28018,1,1,3,6,A11 - PK 116.300,48,
2.023E+11,30,10,2023,18:30,3,37,37072,1,2,1,1,D751,47,
2.023E+11,5,5,2023,20:57,2,22,22093,1,1,1,3,RN12,48,
2.023E+11,29,11,2023,11:57,1,91,91200,2,1,1,6,1 Rue Gautreau,48,
2.023E+11,6,5,2023,01:40,3,974,97410,1,1,1,6,Route Nationale 2,-21,
2.023E+11,28,11,2023,12:30,1,91,91405,2,4,1,6,Place du Marché,48,
2.023E+11,29,11,2023,07:40,2,78,78090,1,3,1,3,rd113,48,
2.023E+11,6,5,2023,13:45,1,50,50048,1,1,1,6,A84 pr 198 sens CAEN vers RENNES,48,
2.023E+11,29,11,2023,07:35,2,71,71371,1,2,5,3,Chemin de Nancelle,46,
2.023E+11,29,11,2023,06:40,3,42,42094,2,1,5,6,Rue René Cassin,45,
2.023E+11,5,5,2023,14:50,1,51,51181,1,1,1,4,D228,49,
2.023E+11,6,5,2023,06:05,1,95,95527,1,6,1,2,D902A,49,
2.023E+11,28,11,2023,07:50,1,7,7245,2,1,1,6,avenue de provence,45,
2.023E+11,3,5,2023,16:00,1,79,79202,2,1,1,6,N/A,46,
2.023E+11,29,11,2023,11:10,1,1,1262,2,1,1,1,Avenue des Platanes,45,
2.023E+11,6,5,2023,18:15,1,80,80609,1,1,1,6,7 Grand Rue le Festel,50,
2.023E+11,29,11,2023,07:45,3,76,76418,1,1,2,7,D40,49,
2.023E+11,5,5,2023,17:15,1,81,81124,1,1,1,6,pintou,43,
2.023E+11,28,11,2023,22:00,5,62,62892,2,1,1,2,D50,50,
2.023E+11,6,5,2023,11:20,1,71,71198,1,1,1,1,Route de Sellieres,46,
2.023E+11,6,5,2023,13:15,1,71,71490,1,1,1,6,RN 70 les chèvres,46,
2.023E+11,24,11,2023,18:06,5,59,59550,2,8,2,6,Rue Jules Ferry,50,
2.023E+11,28,11,2023,06:25,5,13,13210,1,1,1,6,A507 sens Aubagne- Marseille,43,
2.023E+11,5,5,2023,19:00,1,89,89318,1,1,1,2,Villiers les Potots,47,
2.023E+11,6,5,2023,17:40,1,61,61298,2,2,2,3,Voie Communale,48,
2.023E+11,3,11,2023,12:15,1,69,69199,1,1,1,4,Boulevard Périphérique Laurent Bonnevay,45,
2.023E+11,23,11,2023,14:10,1,69,69029,1,1,1,4,Boulevard Périphérique Laurent Bonnevay,45,
2.023E+11,6,5,2023,16:30,1,42,42091,1,4,1,1,Route du Musée,45,
2.023E+11,6,5,2023,17:11,1,39,39557,1,1,1,7,N/A,46,
2.023E+11,27,11,2023,18:10,3,67,67152,1,1,2,5,N/A,48,
2.023E+11,6,5,2023,07:30,1,25,25560,1,6,5,6,Route de Belfort,47,
2.023E+11,22,11,2023,08:30,1,67,67482,1,1,1,4,M351,48,
2.023E+11,3,5,2023,17:30,1,44,44131,2,6,1,3,46 Rue de la Fontaine aux Bretons,47,
2.023E+11,27,11,2023,08:00,3,62,62498,1,1,2,2,A21,50,
2.023E+11,5,5,2023,18:20,1,54,54491,1,3,1,3,RD 156,49,
2.023E+11,22,11,2023,18:45,4,62,62624,1,1,1,3,A1,50,
2.023E+11,5,5,2023,18:00,1,50,50110,1,1,8,6,D8 LES LANDES,49,
2.023E+11,28,11,2023,19:45,3,94,94038,1,1,1,5,A6B,48,
2.023E+11,6,5,2023,15:55,1,64,64538,2,1,1,1,D933,43,
2.023E+11,28,11,2023,11:21,1,91,91228,1,1,1,6,AUTOROUTE A6,48,
2.023E+11,5,5,2023,21:42,3,10,10063,1,1,1,2,D443,48,
2.023E+11,28,11,2023,13:55,1,92,92078,1,1,1,3,AUTOROUTE A86,48,
2.023E+11,28,11,2023,07:55,1,93,93006,1,1,1,2,AUTOROUTE A3,48,
2.023E+11,29,4,2023,15:10,1,36,36220,1,1,1,3,La Renauderie,46,
2.023E+11,6,5,2023,03:45,3,7,7204,2,6,1,6,20 Rue du Docteur Tourasse,45,
2.023E+11,27,11,2023,19:40,3,93,93010,1,1,2,3,AUTOROUTE A3,48,
2.023E+11,27,11,2023,18:00,3,95,95212,1,1,3,6,N104,49,
2.023E+11,5,5,2023,22:00,3,53,53210,2,2,1,3,La Grande Rue,47,
2.023E+11,27,11,2023,16:15,1,93,93053,1,1,2,3,AUTOROUTE A3,48,
2.023E+11,5,5,2023,21:45,5,21,21258,2,1,1,6,30 Rue de l'Orme,47,
2.023E+11,27,11,2023,05:30,2,93,93008,1,1,2,2,AUTOROUTE A86,48,
2.023E+11,5,5,2023,14:00,1,21,21713,2,1,2,1,d 961 route de pontailler,47,
2.023E+11,28,11,2023,09:35,1,94,94018,1,1,2,2,A4,48,
2.023E+11,6,5,2023,17:30,1,4,4208,1,1,1,7,RD51 le vieux jas,43,
2.023E+11,28,11,2023,07:00,1,94,94065,1,1,2,6,A86,48,
2.023E+11,6,5,2023,16:30,1,4,4024,1,1,1,3,D900,44,
2.023E+11,28,9,2023,09:25,1,65,65440,2,1,1,6,Rue Serge Reggiani,43,
2.023E+11,5,5,2023,11:40,1,27,27679,1,1,1,6,Chemin des Buttes Rouges,48,
2.023E+11,26,11,2023,16:45,1,988,98818,2,3,1,2,ROUTE DE LA BAIE DES DAMES/RUE HENRI SIMONIN,-22,
2.023E+11,6,5,2023,16:30,1,8,8217,1,1,1,7,N/A,49,
2.023E+11,27,11,2023,06:50,1,976,97611,2,1,1,2,m'tsapere-Nationale 2 (route),-12,
2.023E+11,6,5,2023,11:10,1,9,9193,1,3,1,3,D25,42,
2.023E+11,26,11,2023,06:55,1,974,97411,2,1,1,6,RUISSEAU BLANC (CHEMIN DU),-20,
2.023E+11,5,5,2023,17:15,1,34,34116,2,1,1,1,RM127,43,
2.023E+11,2,5,2023,22:20,3,13,13067,1,1,1,2,A7,43,
2.023E+11,26,11,2023,22:55,4,972,97213,1,1,1,3,AUTOROUTE A1,14,
2.023E+11,27,11,2023,08:40,1,971,97101,2,1,1,6,MARECHAL LECLERC,16,
2.023E+11,27,11,2023,07:00,1,971,97101,2,9,1,3,ROUTE DE CELIGNY,16,
2.023E+11,5,5,2023,15:00,1,971,97134,1,3,1,3,Val de l'Orge,16,
2.023E+11,27,11,2023,01:20,5,971,97101,1,9,1,6,Route de Besson,16,
2.023E+11,8,4,2023,17:20,1,77,77392,1,1,1,1,Départementale 41A,49,
2.023E+11,26,11,2023,10:00,1,971,97105,2,4,1,4,FLAMBOYANTS (ALLEE DES),16,
2.023E+11,6,5,2023,01:30,3,6,6065,1,1,1,6,Route de Saint-Laurent,43,
2.023E+11,6,5,2023,16:40,1,13,13059,1,1,1,7,rd 96,43,
2.023E+11,27,11,2023,09:00,1,95,95280,1,1,2,3,D47,49,
2.023E+11,6,5,2023,15:24,1,88,88387,1,2,1,5,D3,48,
2.023E+11,27,11,2023,21:05,5,91,91021,2,1,3,4,RTE NATIONALE 20,48,
2.023E+11,27,11,2023,17:15,2,91,91589,2,1,2,6,AV CHARLES DE GAULLE,48,
2.023E+11,5,5,2023,17:50,1,74,74042,2,2,1,3,Rue honoré martin,46,
2.023E+11,27,11,2023,08:10,2,91,91027,2,3,2,3,AV DE MORANGIS,48,
2.023E+11,2,5,2023,12:33,1,73,73026,1,1,1,6,D1006,45,
2.023E+11,25,11,2023,17:28,5,87,87085,2,1,1,7,CURIE  (RUE PIERRE ET MARIE),45,
2.023E+11,4,5,2023,12:15,1,42,42129,2,9,1,3,Route de Pélussin,45,
2.023E+11,24,11,2023,14:55,1,87,87085,2,1,2,4,PORT DU NAVEIX (RUE DU),45,
2.023E+11,6,5,2023,06:00,2,85,85167,1,1,1,6,RD65,46,
2.023E+11,24,11,2023,19:31,5,87,87085,2,1,1,4,DUMAS (AVENUE GEORGES),45,
2.023E+11,27,11,2023,07:50,3,85,85191,2,1,1,6,Rue philippe lebon,46,
2.023E+11,5,5,2023,16:35,1,44,44122,1,1,1,1,N/A,47,
2.023E+11,25,11,2023,08:52,1,84,84007,2,3,1,7,SAINT MICHEL (Boulevard),43,
2.023E+11,25,11,2023,06:13,5,84,84007,2,3,1,3,LIMBERT (Boulevard),43,
2.023E+11,6,5,2023,16:20,1,56,56178,2,3,1,1,Boulevard des Poilus,48,
2.023E+11,21,11,2023,17:55,5,80,80021,2,1,2,6,DELIVRANCE (RUE DE LA),49,
2.023E+11,27,11,2023,20:10,3,78,78551,2,1,2,6,ROUTE NATIONALE 13,48,
2.023E+11,2,5,2023,08:30,1,69,69152,1,1,1,3,Autoroute 450 ,45,
2.023E+11,27,11,2023,16:30,1,78,78481,2,3,2,3,CHARLES DE GAULLE (AVENUE),48,
2.023E+11,4,5,2023,07:00,1,69,69163,1,1,1,2,Autoroute 46,45,
2.023E+11,21,4,2023,15:50,1,1,1275,1,1,1,2,A42   4.353 A 5.760   GEN/LYON,45,
2.023E+11,28,11,2023,00:10,5,77,77284,2,3,2,1,D603,48,
2.023E+11,3,5,2023,07:50,1,69,69276,1,1,1,3,Autoroute 7 ,45,
2.023E+11,5,5,2023,19:50,1,33,33397,1,1,1,2,AUTOROUTE A 10,44,
2.023E+11,5,5,2023,17:40,1,91,91589,1,1,1,7,AUTOROUTE A6,48,
2.023E+11,27,11,2023,17:25,3,77,77186,1,1,2,4,D138. girat.valvins à croix de vitry,48,