Num_Acc,jour,mois,an,hrmn,lum,dep,com,agg,int,atm,col,adr,lat,long
2.023E+11,8,6,2023,17:00,1,59,59043,2,1,1,6,LILLE (RUE DE),50,
2.023E+11,24,3,2023,21:10,5,13,13001,2,1,1,3,MONNET JEAN (AV),43,
2.023E+11,27,5,2023,11:20,1,974,97409,1,1,2,2,RN2 SENS ST BENOIT ST DENIS,-20,
2.023E+11,25,3,2023,16:50,1,11,11069,2,1,1,6,15 Rue des Lauriers,43,
2.023E+11,8,6,2023,13:25,1,58,58194,2,3,7,3,GUICHET,46,
2.023E+11,7,12,2023,20:30,3,33,33063,2,1,3,2,Avenue de Nontraste,44,
2.023E+11,25,3,2023,16:49,1,6,6088,2,1,1,6,FAURE (AV. FELIX),43,
2.023E+11,17,12,2023,11:00,1,13,13071,2,1,1,6,MITTERRAND (AVENUE FRANCOIS),43,
2.023E+11,25,3,2023,07:22,1,6,6088,2,1,1,2,TUNNEL ET VOIE MALRAUX,43,
2.023E+11,2,10,2023,17:30,1,27,27054,2,1,1,7,chemin de la seigneurie,48,
2.023E+11,6,6,2023,22:48,3,57,57019,2,6,1,7,TERRASSES DU SOLEIL (CHEMIN DES),49,
2.023E+11,25,3,2023,01:37,5,6,6088,2,2,1,6,GARIBALDI (PL.),43,
2.023E+11,3,4,2023,08:30,1,93,93062,2,1,1,2,Avenue de Livry,48,
2.023E+11,24,3,2023,11:55,1,75,75119,2,1,1,7,BOULEVARD PERIPHERIQUE EXTERIEUR,48,
2.023E+11,7,6,2023,16:53,1,54,54395,2,2,1,3,BOUFFLERS (AV. DE 74 A 334 - 53 A 399),48,
2.023E+11,24,3,2023,05:00,5,75,75116,2,1,2,2,ECHANGEUR PASSY,48,
2.023E+11,27,3,2023,08:20,1,93,93062,2,9,1,3,SAPINS (ALLEE DES),48,
2.023E+11,7,6,2023,23:15,5,51,51454,2,2,1,3,LAON (AVENUE) DU N° 51 A 217 ET DU N° 62,49,
2.023E+11,23,3,2023,00:15,5,75,75106,2,2,1,6,BOULEVARD DU MONTPARNASSE,48,
2.023E+11,30,12,2023,13:15,1,74,74173,2,1,1,1,603 Route nationale,45,
2.023E+11,7,6,2023,10:35,1,51,51454,2,1,1,2,BERTHELOT ( BOULEVARD  MARCELLIN),49,
2.023E+11,24,3,2023,13:25,1,75,75105,2,1,2,3,RUE LAGRANGE,48,
2.023E+11,28,12,2023,14:45,1,74,74018,1,1,8,2,A40,46,
2.023E+11,24,3,2023,11:50,1,75,75105,2,1,1,6,SQUARE VERMENOUZE,48,
2.023E+11,7,6,2023,11:45,1,49,49007,2,4,1,3,SAINT MICHEL BOULEVARD,47,
2.023E+11,25,3,2023,02:30,5,75,75119,2,4,1,6,AVENUE JEAN JAURES,48,
2.023E+11,16,12,2023,17:00,5,74,74010,2,1,1,6,CARNOT (RUE),45,
2.023E+11,6,6,2023,16:35,1,49,49007,2,2,1,6,PASTEUR AVENUE,47,
2.023E+11,24,3,2023,11:40,1,75,75119,2,4,1,6,RUE DE CRIMEE,48,
2.023E+11,28,12,2023,22:40,3,74,74112,1,1,1,7,1636 Route de la Montagne,45,
2.023E+11,8,6,2023,08:00,1,48,48095,2,3,1,3,OCTROI (RUE DE L'),44,
2.023E+11,25,3,2023,17:55,1,75,75117,2,3,1,3,AVENUE DE CLICHY,48,
2.023E+11,25,3,2023,04:15,5,75,75117,2,1,1,6,RUE DE ROME,48,
2.023E+11,8,6,2023,10:45,1,45,45147,2,1,1,6,195 Rue des Fosses,47,
2.023E+11,28,12,2023,10:45,1,74,74225,2,4,8,6,Avenue Gantin,45,
2.023E+11,8,6,2023,01:00,3,44,44162,1,1,1,6,,47,
2.023E+11,24,3,2023,12:20,1,75,75117,2,7,1,3,PLACE DE LA PORTE MAILLOT,48,
2.023E+11,24,12,2023,05:20,3,74,74165,1,1,1,1,route de rumilly,45,
2.023E+11,25,3,2023,00:01,5,75,75115,2,2,1,3,PLACE FERNAND FOREST,48,
2.023E+11,8,6,2023,23:05,5,43,43157,2,2,1,3,Rue du Faubourg Saint Jean,45,
2.023E+11,26,12,2023,07:50,2,74,74010,1,1,1,2,A41,45,
2.023E+11,4,6,2023,13:00,1,42,42207,2,1,1,6,Grande rue,45,
2.023E+11,30,12,2023,11:53,1,74,74081,2,1,1,6,238 Avenue paul bechet,46,
2.023E+11,24,3,2023,19:45,5,75,75115,2,2,2,6,RUE DE DANTZIG,48,
2.023E+11,8,6,2023,18:20,1,37,37261,2,1,1,3,MAGINOT (AV. ANDRE),47,
2.023E+11,25,12,2023,23:15,4,74,74267,2,1,1,6,Route d'albertville,45,
2.023E+11,7,6,2023,17:00,1,36,36044,2,1,1,3,189 Avenue d'Argenton,46,
2.023E+11,25,3,2023,16:45,1,75,75113,2,3,1,3,RUE DE LA FONTAINE A MULARD,48,
2.023E+11,8,6,2023,16:00,1,35,35238,2,1,1,3,LORIENT (DE),48,
2.023E+11,15,12,2023,17:30,5,74,74043,2,2,1,3,335 Avenue du jura,46,
2.023E+11,25,3,2023,14:30,1,75,75111,2,2,1,3,AVENUE PHILIPPE AUGUSTE,48,
2.023E+11,12,12,2023,12:35,1,74,74171,1,1,2,6,N/A,46,
2.023E+11,7,6,2023,16:00,1,35,35238,2,2,1,3,BULGARIE (BD DE),48,
2.023E+11,25,3,2023,20:15,5,75,75110,2,3,1,6,BOULEVARD DE LA CHAPELLE,48,
2.023E+11,23,12,2023,10:55,1,74,74010,2,1,1,3,LAC (RUE DU),45,
2.023E+11,24,3,2023,18:30,1,75,75109,2,2,3,6,RUE LAMARTINE,48,
2.023E+11,7,6,2023,12:36,1,31,31555,2,1,1,3,MINIMES (AV DES) DU 1AU 178,43,
2.023E+11,21,12,2023,07:30,5,74,74281,2,3,2,3,DRANSE (AVENUE DE LA),46,
2.023E+11,24,3,2023,00:00,5,75,75109,2,1,2,6,BOULEVARD POISSONNIERE,48,
2.023E+11,7,6,2023,11:00,1,29,29232,1,1,1,6,RN 165,47,
2.023E+11,12,12,2023,22:19,5,74,74133,1,1,2,6,A411,46,
2.023E+11,3,6,2023,18:10,1,29,29232,2,1,1,6,Rue de Stang Bihan,48,
2.023E+11,25,3,2023,14:00,1,75,75108,2,7,1,3,PLACE DE LA CONCORDE,48,
2.023E+11,24,3,2023,13:40,1,75,75108,2,1,2,3,PLACE DE LA CONCORDE,48,
2.023E+11,7,6,2023,14:17,1,29,29039,2,1,1,6,Rue du Colonel Moll,47,
2.023E+11,11,12,2023,07:45,2,74,74042,1,1,3,5,A40,46,
2.023E+11,25,3,2023,04:05,5,75,75107,2,3,1,3,QUAI VOLTAIRE,48,
2.023E+11,8,6,2023,13:20,1,28,28404,2,1,1,1,DELIBES (RUE LEO),48,
2.023E+11,24,3,2023,20:50,5,75,75107,2,3,1,3,AVENUE RAPP,48,
2.023E+11,17,11,2023,23:40,3,74,74262,1,1,1,5,A40,46,
2.023E+11,5,11,2023,01:30,5,74,74133,1,1,2,7,A411,46,
2.023E+11,24,3,2023,18:20,1,75,75107,2,2,3,3,RUE DE L UNIVERSITE,48,
2.023E+11,24,3,2023,13:10,1,75,75102,2,1,2,6,BOULEVARD DE SEBASTOPOL,48,
2.023E+11,13,12,2023,17:50,5,12,12202,2,6,2,6,PAUL RAMADIER (BOULEVARD),44,
2.023E+11,7,6,2023,14:10,1,27,27681,2,1,7,2,JAURES (BOULEVARD JAURES),49,
2.023E+11,9,11,2023,10:40,1,13,13056,1,1,3,1,COURONNE,43,
2.023E+11,7,6,2023,12:25,1,27,27229,1,1,1,2,ORLEANS (RUE D'),49,
2.023E+11,24,3,2023,18:05,2,94,94080,2,1,2,4,Rue de Fontenay,48,
2.023E+11,14,12,2023,15:05,1,57,57370,2,6,8,3,route de thionville,49,
2.023E+11,22,12,2023,04:50,3,57,57556,2,1,2,7,Rue Nationale,49,
2.023E+11,6,6,2023,18:45,1,22,22278,2,1,1,2,71° RI (DU),48,
2.023E+11,25,12,2023,01:46,3,57,57482,1,1,1,1,D603,49,
2.023E+11,24,3,2023,14:50,1,94,94078,2,1,1,2,Rue de Paris,48,
2.023E+11,8,6,2023,14:15,1,22,22106,2,1,1,2,VERNE (RUE JULES),48,
2.023E+11,30,12,2023,15:30,1,43,43268,1,1,1,7,D7,45,
2.023E+11,8,6,2023,08:30,1,22,22215,1,1,1,4,LOGE (RUE DE LA),48,
2.023E+11,29,12,2023,00:00,5,44,44109,2,2,8,3,25 Boulevard Emile Romanet,47,
2.023E+11,24,3,2023,08:40,1,94,94074,1,1,1,5,Avenue Julien Duranton,48,
2.023E+11,28,12,2023,11:15,1,44,44190,2,1,8,3,47 Avenue de la Martellière,47,
2.023E+11,7,6,2023,16:20,1,17,17333,2,6,1,3,SUZAC (AVENUE DE),45,
2.023E+11,23,3,2023,17:20,2,94,94068,2,1,2,6,27 Avenue de Chanzy,48,
2.023E+11,27,12,2023,11:40,1,44,44143,2,1,8,6,65 Rue Aristide Briand,47,
2.023E+11,24,5,2023,17:50,1,13,13056,2,9,1,7,HOTEL DE VILLE ROND POINT DE L',43,
2.023E+11,23,12,2023,13:48,1,44,44109,2,6,8,2,Rue Gaston Michel,47,
2.023E+11,8,6,2023,21:40,5,13,13212,2,3,1,3,CAILLOLS (AVENUE DES),43,
2.023E+11,24,3,2023,21:55,5,94,94058,2,9,2,2,Boulevard Raymond Poincaré,48,
2.023E+11,8,6,2023,16:30,1,13,13005,2,1,1,3,SAINT JEAN DE GARGUIER (CHEMIN),43,
2.023E+11,21,12,2023,09:20,1,44,44109,2,6,8,3,4 Rue Marcel Paul,47,
2.023E+11,25,3,2023,18:35,1,94,94076,2,1,1,2,50 Avenue de la République,48,
2.023E+11,21,12,2023,21:40,5,44,44109,2,1,8,6,16 Rue de la Garde,47,
2.023E+11,7,6,2023,08:30,1,13,13005,2,1,1,2,CD 2 (CAMP MAJOR),43,
2.023E+11,21,12,2023,19:35,3,44,44114,1,1,8,6,N/A,47,
2.023E+11,7,6,2023,18:00,1,13,13004,2,1,1,1,CHE DE MARGAILLAN PT DE CRAU,43,
2.023E+11,25,3,2023,14:45,1,94,94003,2,1,1,1,Avenue Paul Vaillant-couturier,48,
2.023E+11,19,12,2023,07:30,2,44,44109,2,6,8,3,Rue Marcel Paul,47,
2.023E+11,7,6,2023,16:57,1,10,10387,2,1,1,3,LIEUTENANT PIERRE MURARD (RUE),48,
2.023E+11,19,12,2023,14:20,1,44,44109,2,6,8,3,Rond-Point de la Louisiane,47,
2.023E+11,24,3,2023,14:00,1,94,94076,2,1,1,5,Boulevard Maxime Gorki,48,
2.023E+11,7,6,2023,21:10,1,10,10333,2,2,1,2,PRESIDENT WILSON (CD),48,
2.023E+11,4,6,2023,09:30,1,8,8409,2,9,1,2,STACKLER (AVENUE),49,
2.023E+11,24,3,2023,13:55,1,94,94011,2,1,2,2,Avenue Rhin et Danube,48,
2.023E+11,31,12,2023,19:05,3,93,93064,1,1,1,1,AUTOROUTE A86,48,
2.023E+11,23,3,2023,14:45,1,94,94028,2,1,1,6,Route de Choisy,48,
2.023E+11,16,10,2023,10:00,1,93,93046,2,9,1,2,ARISTIDE BRIAND AVENUE,48,
2.023E+11,8,6,2023,07:55,1,6,6069,2,1,1,3,SAINT EXUPERY (AVENUE ANTOINE DE),43,
2.023E+11,7,6,2023,19:25,1,75,75120,2,1,1,2,BD PERIPHERIQUE EXTERIEUR,48,
2.023E+11,25,10,2023,04:00,5,93,93046,2,2,2,3,Avenue Vauban / Avenue Paul Bert,48,
2.023E+11,25,3,2023,11:50,1,94,94017,2,2,1,5,Boulevard de Stalingrad,48,
2.023E+11,8,6,2023,01:25,5,75,75106,2,3,1,3,RUE DE SEVRES,48,
2.023E+11,31,10,2023,19:00,5,93,93046,2,2,2,1,Boulevard Gutenberg / Avenue Vauban,48,
2.023E+11,24,3,2023,16:10,1,94,94017,2,2,2,2,Rue Charles Floquet,48,
2.023E+11,7,6,2023,18:40,1,75,75120,2,9,1,3,BOULEVARD DE MENILMONTANT,48,
2.023E+11,1,10,2023,09:35,1,93,93046,2,3,1,6,Avenue Aristide Briand / Avenue de Sully,48,
2.023E+11,8,6,2023,14:50,1,75,75119,2,1,1,6,AVENUE DE LA PORTE DU PRE SAINT GERVAIS,48,
2.023E+11,24,3,2023,10:30,1,94,94017,2,1,1,3,Boulevard de Stalingrad,48,
2.023E+11,9,10,2023,09:24,1,93,93074,2,1,1,3,Rue de Meaux,48,
2.023E+11,18,12,2023,18:10,5,44,44109,2,3,8,3,6 Rue du Cherche Midi,47,
2.023E+11,24,3,2023,15:00,1,93,93066,2,1,1,6,Boulevard Félix Faure,48,
2.023E+11,8,6,2023,20:20,1,75,75116,2,2,1,3,RUE NUNGESSER ET COLI,48,
2.023E+11,28,9,2023,00:30,5,93,93046,2,1,1,6,Avenue Emile Gérard,48,
2.023E+11,8,6,2023,16:20,1,75,75116,2,1,1,6,AVENUE DE NEW YORK,48,
2.023E+11,24,3,2023,20:30,5,93,93055,2,1,8,3,Avenue Jean Jaurès,48,
2.023E+11,16,12,2023,22:58,3,44,44109,2,1,8,7,Boulevard Benoît Frachon,47,
2.023E+11,8,6,2023,12:55,1,75,75116,2,2,1,6,AVENUE D IENA,48,
2.023E+11,8,6,2023,09:00,1,75,75116,2,1,1,3,AVENUE VICTOR HUGO,48,
2.023E+11,15,12,2023,15:30,1,44,44109,2,1,8,6,4 Place de l'Ecluse,47,
2.023E+11,24,3,2023,16:00,1,93,93053,2,1,2,3,Avenue de Rosny,48,
2.023E+11,16,12,2023,09:00,1,9,9160,2,1,1,2,rue jean jaures,42,
2.023E+11,7,6,2023,13:30,1,75,75115,2,7,1,2,BOULEVARD DE GRENELLE,48,
2.023E+11,10,12,2023,10:30,1,9,9167,1,3,1,7,D919,43,
2.023E+11,25,3,2023,17:40,1,93,93051,2,1,1,5,Boulevard Paul Pambrun,48,
2.023E+11,7,6,2023,10:55,1,75,75115,2,3,1,6,RUE SAINT CHARLES,48,
2.023E+11,5,12,2023,17:30,2,9,9282,1,1,1,1,D820,43,
2.023E+11,24,3,2023,16:55,1,93,93051,2,3,2,6,Avenue du Fort / Avenue Médéric,48,
2.023E+11,14,12,2023,17:45,5,66,66017,2,9,1,1,Rue Annibal,42,
2.023E+11,8,6,2023,20:45,2,75,75113,2,3,1,3,AVENUE D ITALIE,48,
2.023E+11,10,11,2023,15:55,1,13,13076,1,3,1,2,D26,43,
2.023E+11,6,6,2023,22:15,5,75,75113,2,2,1,2,BOULEVARD KELLERMANN,48,
2.023E+11,24,3,2023,15:20,1,93,93049,2,1,8,6,6 Boulevard Galliéni,48,
2.023E+11,14,12,2023,15:40,1,44,44143,2,3,8,2,32 Avenue de la libération,47,
2.023E+11,8,6,2023,11:30,1,75,75112,2,2,1,6,COURS DE VINCENNES,48,
2.023E+11,12,12,2023,07:53,2,44,44109,2,-1,8,6,Rue André Tardieu,47,
2.023E+11,24,3,2023,17:10,1,93,93048,2,3,2,3,Boulevard Aristide Briand / Rue Claude Bernard,48,
2.023E+11,8,6,2023,08:30,1,75,75112,2,2,1,6,AVENUE DU GENERAL MICHEL BIZOT,48,
2.023E+11,12,12,2023,11:00,1,44,44109,2,3,8,3,46 Boulevard de la Solidarité,47,
2.023E+11,24,3,2023,17:00,1,93,93046,2,1,6,7,9 Boulevard Jean Jaurès,48,
2.023E+11,11,12,2023,10:10,1,44,44109,2,1,8,6,6 Rue Casimir Perier,47,
2.023E+11,9,12,2023,19:20,5,44,44109,2,1,8,6,171 Route de Sainte Luce,47,
2.023E+11,8,6,2023,12:30,1,75,75109,2,2,1,3,RUE BLANCHE,48,
2.023E+11,25,3,2023,18:34,1,93,93031,2,3,1,6,67 Rue Félix Merlin / Rue de Dijon,48,
2.023E+11,8,12,2023,19:49,5,44,44109,2,1,8,7,7 Cours des 50 Otages,47,
2.023E+11,8,6,2023,09:16,1,94,94078,2,1,1,6,Place Pierre Semard,48,
2.023E+11,7,12,2023,19:00,5,44,44143,2,1,8,6,64 Rue de la Commune de 1871,47,
2.023E+11,7,12,2023,20:35,5,44,44109,2,-1,8,7,46 Rue Joseph Doury,47,
2.023E+11,8,6,2023,08:45,1,94,94078,2,1,1,6,Avenue Léo Lagrange,48,
2.023E+11,25,3,2023,08:45,1,93,93029,2,1,1,3,Rue Anatole France,48,
2.023E+11,7,12,2023,08:45,2,44,44162,2,1,8,6,Boulevard Salvardor Allende,47,
2.023E+11,8,6,2023,21:40,2,94,94046,2,2,1,3,Avenue de la République,48,
2.023E+11,7,12,2023,12:00,1,44,44162,2,6,8,6,66 Avenue de la Bouvardière,47,
2.023E+11,6,12,2023,09:50,1,44,44109,2,1,1,7,6 Boulevard des Américains,47,
2.023E+11,24,3,2023,17:30,1,93,93027,2,2,2,3,Avenue Jean Jaurès / Rue Raspail,48,
2.023E+11,5,12,2023,15:40,1,44,44109,2,1,8,6,13 Boulevard du Tertre,47,
2.023E+11,8,6,2023,11:00,1,94,94046,2,2,1,2,Rue Jean Jaurès,48,
2.023E+11,5,12,2023,12:25,1,44,44109,1,1,8,2,Pont de Cheviré,47,
2.023E+11,24,3,2023,10:40,1,93,93027,2,1,8,6,Allée Philippe Roux,48,
2.023E+11,4,12,2023,09:16,1,44,44109,2,6,8,3,82 Route de Rennes,47,
2.023E+11,8,6,2023,18:45,2,94,94043,2,1,1,2,Place Jean Jaures,48,
2.023E+11,8,6,2023,03:30,5,94,94076,2,1,1,7,Boulevard Maxime Gorki,48,
2.023E+11,4,12,2023,18:30,5,44,44143,2,3,8,6,49 Rue de la Chesnaie,47,
2.023E+11,23,3,2023,21:24,5,93,93027,2,1,2,6,Avenue Paul Vaillant Couturier,48,
2.023E+11,1,12,2023,20:00,3,44,44162,2,3,1,1,Boulevard Charles de Gaulle,47,
2.023E+11,7,6,2023,19:45,1,94,94081,2,2,1,3,Avenue Rouget de Lisle,48,
2.023E+11,1,12,2023,03:30,5,44,44109,2,1,1,7,107 Rue de Coulmiers,47,
2.023E+11,25,3,2023,17:45,1,93,93005,2,1,1,6,Boulevard Marc Chagall,48,
2.023E+11,29,11,2023,17:30,3,44,44162,1,1,8,3,N/A,47,
2.023E+11,8,6,2023,19:40,1,94,94073,1,1,1,2,N186B,48,
2.023E+11,28,11,2023,08:15,2,44,44143,2,6,8,6,28 Rue François Marchais,47,
2.023E+11,7,6,2023,15:00,1,94,94011,2,9,1,3,Route de Stains,48,
2.023E+11,27,11,2023,16:35,2,44,44109,1,2,8,3,17 Rue George Sand,47,
2.023E+11,25,3,2023,16:00,1,93,93005,2,2,1,3,Rue Paul Vaillant Couturier / Av du Mal de Lattre de Tassigny,48,
2.023E+11,8,6,2023,19:35,1,93,93031,2,1,1,3,Avenue de Lattre de Tassigny,48,
2.023E+11,25,11,2023,12:29,1,44,44143,2,3,8,2,112 Rue Aristide Briand,47,
2.023E+11,23,11,2023,17:40,5,44,44190,2,1,8,3,19 Rue des Bignons,47,
2.023E+11,8,6,2023,19:52,1,93,93027,2,1,1,6,Rue de la Convention,48,
2.023E+11,23,12,2023,14:11,1,74,74282,1,9,1,2,A41,45,
2.023E+11,25,3,2023,08:27,1,93,93005,2,9,1,3,Avenue Charles de Gaulle,48,
2.023E+11,8,6,2023,07:40,1,93,93014,2,1,1,3,Allée de Montfermeil,48,
2.023E+11,17,12,2023,15:45,1,74,74108,1,1,7,6,D1508,45,
2.023E+11,8,6,2023,15:30,1,93,93007,2,1,1,6,Chemin de Notre Dame,48,
2.023E+11,31,12,2023,11:55,1,74,74133,2,1,3,3,ZONE (ROUTE DE),46,
2.023E+11,24,3,2023,00:01,5,93,93027,2,6,2,6,Place du Huit Mai 1945,48,
2.023E+11,21,12,2023,22:00,3,74,74041,1,9,3,6,D22,46,
2.023E+11,8,6,2023,17:50,1,93,93007,2,2,1,3,Avenue Henri Barbusse / Rue Maxime Gorki,48,
2.023E+11,21,12,2023,21:20,3,74,74128,1,1,2,6,D20,46,
2.023E+11,22,3,2023,15:00,1,92,92072,2,2,8,3,VILLE D'AVRAY (RUE DE ),48,
2.023E+11,8,6,2023,19:00,1,92,92051,2,2,7,3,MAILLOT (BOULEVARD),48,
2.023E+11,21,12,2023,14:41,1,74,74159,1,1,2,1,D1205,46,
2.023E+11,8,6,2023,16:50,1,92,92020,2,1,1,6,PARIS AVENUE DE N°2 A82,48,
2.023E+11,24,3,2023,09:39,1,92,92064,2,1,1,3,MARCEL DASSAULT,48,
2.023E+11,19,12,2023,01:00,4,74,74191,2,1,9,1,Route de la combe à zore,46,
2.023E+11,17,12,2023,08:10,2,74,74105,2,2,1,6,Avenue des voirons,46,
2.023E+11,8,6,2023,03:10,5,92,92020,2,2,1,1,REPUBLIQUE AV. N°27 A 105 ET 26 A 178,48,
2.023E+11,8,12,2023,16:55,5,74,74112,1,3,2,6,rue du commerce,45,
2.023E+11,24,3,2023,17:35,1,92,92063,2,1,2,2,LECLERC DE HAUTECLOQUE (AVENUE DU MARECH,48,
2.023E+11,18,12,2023,16:00,1,74,74026,1,1,1,7,Route de la léchère,45,
2.023E+11,7,6,2023,17:45,1,92,92020,2,6,1,3,REPUBLIQUE AV. N°27 A 105 ET 26 A 178,48,
2.023E+11,30,11,2023,16:40,5,74,74123,2,1,2,6,Rue simon tissot dupont,45,
2.023E+11,7,6,2023,15:32,1,92,92025,2,1,1,3,VALMY (BD DE),48,
2.023E+11,2,11,2023,03:50,3,74,74044,1,1,8,6,A40,46,
2.023E+11,24,3,2023,21:00,5,92,92050,2,2,1,3,MARTIN HENRI AVENUE,48,
2.023E+11,23,10,2023,21:50,5,74,74042,1,9,8,5,RD1205,46,
2.023E+11,6,6,2023,11:15,1,92,92004,2,1,1,5,DOCTEUR DERVAUX  ( QUAI DU ),48,
2.023E+11,21,9,2023,15:00,1,35,35176,2,3,1,3,D777,47,
2.023E+11,6,6,2023,19:30,1,92,92004,2,1,1,2,PONT DE CLICHY,48,
2.023E+11,25,3,2023,20:30,5,92,92020,2,1,2,6,PARIS AVENUE DE N° IMPAIRS,48,
2.023E+11,28,10,2023,18:40,3,62,62203,1,2,3,3,D215,50,
2.023E+11,7,6,2023,17:30,1,76,76517,1,9,1,4,A28,49,
2.023E+11,13,10,2023,14:00,1,22,22391,1,1,8,1,le Bas Fouénard,48,
2.023E+11,24,3,2023,20:35,4,92,92049,2,2,2,6,BRIAND AVENUE ARISTIDE N°2 A 114,48,
2.023E+11,22,11,2023,11:30,1,44,44162,2,1,1,6,Avenue de Cheverny,47,
2.023E+11,7,6,2023,16:55,1,22,22237,1,1,9,6,la millière,48,
2.023E+11,22,11,2023,14:20,1,44,44109,2,1,8,6,41 Rue Général Buat,47,
2.023E+11,18,11,2023,21:40,5,44,44109,2,2,1,3,38 Rue Ledru Rollin,47,
2.023E+11,4,6,2023,01:20,3,33,33166,2,2,1,2,Le Bourg,45,
2.023E+11,22,3,2023,19:02,1,92,92036,2,1,1,2,CAMELINAT (BOULEVARD) (2 AU 66),48,
2.023E+11,18,11,2023,11:15,1,44,44109,2,3,8,1,Place Primil,47,
2.023E+11,8,6,2023,08:29,1,6,6161,2,1,1,3,Avenue des Plans,43,
2.023E+11,16,11,2023,08:00,2,44,44109,2,2,1,6,5 Avenue Chanzy,47,
2.023E+11,24,3,2023,11:45,1,92,92035,2,1,1,3,National ( boulevard ),48,
2.023E+11,15,11,2023,08:10,2,44,44109,2,2,8,3,3 Cours Olivier De Clisson,47,
2.023E+11,7,6,2023,17:45,1,49,49092,1,3,1,3,D160 SAINT GEORGES DES GARDES 49120,47,
2.023E+11,15,11,2023,14:20,1,44,44109,2,1,8,7,Rue Voltaire,47,
2.023E+11,14,11,2023,13:00,1,44,44109,2,1,8,6,151 Rue des Hauts Pavés,47,
2.023E+11,8,6,2023,14:15,1,974,97412,2,1,1,6,170 Boulevard de l'Océan,-21,
2.023E+11,10,11,2023,16:15,1,44,44190,2,3,8,6,277 Route de Clisson,47,
2.023E+11,24,3,2023,16:10,1,92,92025,2,1,8,6,BOURNARD (RUE DU),48,
2.023E+11,31,5,2023,14:15,1,972,97227,1,1,1,1,Voie No 5 Lot les Cerisiers,14,
2.023E+11,10,11,2023,10:15,1,44,44109,2,6,8,3,1 Place Beaumanoir,47,
2.023E+11,8,11,2023,09:25,1,44,44109,2,1,8,3,34 Boulevard Bénoni Goullin,47,
2.023E+11,9,6,2023,14:45,1,76,76616,1,1,1,3,Côte de Gournay,49,
2.023E+11,30,12,2023,23:00,3,93,93066,1,1,1,2,AUTOROUTE A86,48,
2.023E+11,23,3,2023,20:45,5,92,92025,2,3,1,3,MONTS CLAIRS (AV VILLA RUE),48,
2.023E+11,9,6,2023,05:30,1,1,1446,1,1,1,7,D936,46,
2.023E+11,8,6,2023,12:20,1,14,14027,1,1,1,7,D54,49,
2.023E+11,30,12,2023,01:20,3,93,93007,1,1,1,1,AUTOROUTE A3,48,
2.023E+11,23,3,2023,19:20,3,92,92025,2,1,1,6,PAUL BERT (RUE),48,
2.023E+11,29,12,2023,13:15,1,69,69382,2,1,2,2,Quai Perrache,45,
2.023E+11,2,12,2023,13:35,1,15,15012,1,1,8,6,RD 617,44,
2.023E+11,5,6,2023,18:50,1,84,84025,1,2,1,3,intersection D2 et D148,43,
2.023E+11,8,6,2023,17:40,1,85,85144,1,9,2,6,le Bois Trieau,46,
2.023E+11,23,3,2023,07:25,1,92,92025,2,2,2,1,VALMY> 68   55 (BD DE),48,
2.023E+11,29,11,2023,09:30,1,13,13211,1,1,1,6,A50-Sens Aubagne vers Marseille,43,
2.023E+11,9,6,2023,10:10,1,44,44129,1,1,1,3,,47,
2.023E+11,20,11,2023,19:00,3,13,13214,1,1,1,2,A7-Sens Lyon vers Marseille,43,
2.023E+11,6,6,2023,11:00,1,66,66050,2,9,1,6,,42,
2.023E+11,23,3,2023,14:00,1,92,92024,2,2,1,3,VICTOR HUGO (BD),48,
2.023E+11,24,8,2023,16:30,1,60,60577,1,1,1,1,Route Nationale 31,49,
2.023E+11,8,6,2023,07:40,1,30,30060,2,1,1,2,Chemin de la Carreirasse (Pont),43,
2.023E+11,17,11,2023,19:46,3,13,13106,1,1,1,2,A7-Sens Marseille vers Lyon,43,
2.023E+11,28,5,2023,10:50,1,57,57275,1,1,1,7,D79,49,
2.023E+11,17,11,2023,14:42,1,13,13203,1,1,1,2,A557-Liaison A7 Marseille-A55 Marseille,43,
2.023E+11,25,3,2023,15:00,1,80,80668,2,1,6,1,25 Grande Rue,49,
2.023E+11,8,6,2023,19:00,1,51,51027,1,9,1,1,D3,49,
2.023E+11,23,8,2023,17:00,1,18,18278,1,2,1,3,N/A,46,
2.023E+11,18,11,2023,09:58,1,13,13071,1,1,1,3,A55 - Sens Marseille vers Martigues,43,
2.023E+11,26,3,2023,12:15,1,60,60357,1,1,3,7,D58,49,
2.023E+11,8,6,2023,04:50,3,51,51388,1,1,1,6,CD 19,49,
2.023E+11,23,8,2023,19:30,1,16,16065,1,1,9,6,LIEU DIT LE PETIT VIGNAUD,46,
2.023E+11,8,11,2023,07:20,5,13,13212,1,1,1,2,A507 sens Marseille - Aubagne,43,
2.023E+11,5,6,2023,21:05,1,56,56249,1,1,1,6,Bel Air,47,
2.023E+11,21,8,2023,17:30,1,7,7258,1,1,7,7,D121,45,
2.023E+11,7,11,2023,17:40,2,13,13088,1,1,1,2,A55-Sens Marseille vers Martigues,43,