Num_Acc,jour,mois,an,hrmn,lum,dep,com,agg,int,atm,col,adr,lat,long
2.023E+11,25,3,2023,06:35,1,47,47040,2,1,1,1,Avenue des Landes,44,
2.023E+11,10,5,2023,10:00,1,56,56008,1,1,1,6,Kerfraval D316,47,
2.023E+11,21,8,2023,17:45,1,21,21414,1,1,7,7,voie communale 11,47,
2.023E+11,2,11,2023,21:05,3,93,93073,2,9,1,2,Rue du Chapitre,49,
2.023E+11,7,6,2023,16:45,1,76,76197,1,1,1,5,D149,49,
2.023E+11,7,11,2023,08:45,1,44,44109,2,3,1,3,158 Boulevard des Anglais,47,
2.023E+11,20,8,2023,19:14,1,21,21412,2,2,1,3,Rue de la Gare,46,
2.023E+11,25,3,2023,23:50,3,974,97404,1,1,1,6,sortie 19 RN1,-21,
2.023E+11,30,10,2023,16:45,1,44,44143,2,6,1,6,Rue des Sorinières,47,
2.023E+11,9,6,2023,16:45,1,2A,2A271,2,1,1,6,T22,41,
2.023E+11,23,8,2023,19:25,1,24,24129,1,3,1,3,d78 - LES DANES,45,
2.023E+11,14,11,2023,19:00,3,93,93051,1,1,1,3,A4,48,
2.023E+11,24,3,2023,15:00,1,26,26324,1,1,1,4,A7 PK 141.500 vers nord,44,
2.023E+11,8,6,2023,12:00,1,2A,2A271,1,3,1,6,T22,41,
2.023E+11,23,8,2023,21:25,3,85,85096,2,1,1,6,Rue de la Minoterie,46,
2.023E+11,7,11,2023,07:00,3,93,93051,1,1,1,3,A4,48,
2.023E+11,25,3,2023,15:50,1,65,65153,1,1,1,7,D21,43,
2.023E+11,7,6,2023,19:20,1,2B,2B251,2,3,1,3,Casamozza,41,
2.023E+11,2,11,2023,06:00,3,93,93051,1,1,6,7,A4,48,
2.023E+11,8,6,2023,19:53,1,2B,2B150,1,1,1,7,rt30,42,
2.023E+11,25,3,2023,19:00,2,72,72260,1,1,2,2,Lieu Dit les Hunaudieres,47,
2.023E+11,19,8,2023,14:00,1,17,17140,1,1,1,3,Route des Huîtres,45,
2.023E+11,30,10,2023,20:40,3,44,44035,1,-1,8,3,N/A,47,
2.023E+11,25,3,2023,17:30,1,41,41184,1,1,1,6,La Triffardiere,47,
2.023E+11,5,6,2023,07:50,1,82,82131,1,1,1,3,1110 Route de Caussade,44,
2.023E+11,30,10,2023,17:15,1,44,44109,2,9,8,6,Place de Bretagne,47,
2.023E+11,24,8,2023,12:30,1,87,87154,1,2,7,3,Lieu Dit la Grosse Borne,45,
2.023E+11,31,8,2023,10:16,1,38,38389,1,1,1,7,Route du Revoireau,45,
2.023E+11,8,6,2023,18:45,1,32,32190,2,3,1,3,place de l'armagnac,43,
2.023E+11,28,10,2023,02:15,5,44,44109,2,1,8,3,52 Boulevard Joliot Curie,47,
2.023E+11,23,8,2023,19:55,1,30,30210,2,2,1,3,Avenue de l'Aigoual,43,
2.023E+11,26,3,2023,09:45,1,19,19229,1,1,1,2,A89,45,
2.023E+11,27,10,2023,07:40,2,44,44109,2,1,8,3,Bouelvard de la Prairie de Mauves,47,
2.023E+11,24,8,2023,19:20,2,48,48027,1,1,1,7,D6,44,
2.023E+11,9,6,2023,19:35,2,63,63179,1,1,2,1,pont de chantemerle,45,
2.023E+11,21,10,2023,17:00,2,44,44162,2,1,8,6,20 Rue Jean Jacques Rousseau,47,
2.023E+11,26,3,2023,05:30,3,51,51391,1,1,2,1,N31,49,
2.023E+11,28,5,2023,12:00,1,61,61210,1,4,1,3,Intersection D29/D784,48,
2.023E+11,24,8,2023,08:18,1,31,31255,1,2,1,3,intersection N125 / D825,43,
2.023E+11,24,3,2023,12:10,1,19,19010,2,6,2,7,D1120,45,
2.023E+11,26,12,2023,11:25,1,88,88319,2,1,1,3,Rue de l'Hôtel de Ville,48,
2.023E+11,9,6,2023,12:00,1,55,55060,1,1,1,3,D154,49,
2.023E+11,25,3,2023,20:25,3,59,59337,1,1,8,1,18 Route de Saint Omer,50,
2.023E+11,22,12,2023,13:15,1,88,88290,1,3,2,2,D674,48,
2.023E+11,20,8,2023,17:45,1,1,1067,1,1,1,1,A40 PK 129.070,46,
2.023E+11,31,5,2023,20:00,2,49,49069,1,1,7,1,L'Epinaiserie (Champtoceaux),47,
2.023E+11,25,12,2023,05:25,4,88,88251,1,1,1,6,D32,48,
2.023E+11,26,3,2023,03:50,3,82,82127,1,1,1,6,Route de Laujol,44,
2.023E+11,10,7,2023,18:45,1,35,35353,2,1,1,3,Route de Lorient,48,
2.023E+11,7,6,2023,10:00,1,12,12056,2,1,1,6,Avenue de Toulouse,44,
2.023E+11,18,12,2023,13:45,1,88,88320,2,1,7,6,Chemin des Goutys,48,
2.023E+11,25,3,2023,22:20,5,65,65455,2,1,1,6,6 Route de Cantaous,43,
2.023E+11,9,6,2023,00:05,3,34,34223,1,1,1,1,D909,43,
2.023E+11,21,8,2023,19:20,1,13,13058,2,1,1,1,65 Avenue de la Vallée des Baux,43,
2.023E+11,26,12,2023,15:18,1,10,10220,1,1,2,4,RD619,48,
2.023E+11,8,6,2023,19:15,1,44,44006,1,1,2,6,28 Rue du Calvaire,47,
2.023E+11,24,8,2023,10:19,1,28,28392,1,1,1,6,autoroute A10 point kilométrique 061+260 direction Orléans (45),48,
2.023E+11,1,12,2023,12:15,1,10,10224,2,2,1,3,Rue Gambetta,48,
2.023E+11,24,3,2023,17:00,1,65,65375,1,2,1,6,D5,43,
2.023E+11,21,8,2023,08:00,1,987,98722,2,1,1,6,Descente Atima,-17,
2.023E+11,8,6,2023,17:15,1,35,35122,2,3,1,1,Rue d'Aleth,48,
2.023E+11,24,7,2023,13:45,1,34,34289,2,4,1,3,D13,43,
2.023E+11,7,6,2023,16:30,1,3,3093,1,1,1,2,Rue du Mourgon,46,
2.023E+11,13,9,2023,18:00,1,93,93066,1,1,1,4,AUTOROUTE A1,48,
2.023E+11,22,8,2023,17:20,1,987,98729,1,1,1,3,RT 91 PK 8 - Afareaitu,-17,
2.023E+11,25,3,2023,19:25,2,33,33384,1,1,8,6,Lieu Dit Guillemot,44,
2.023E+11,7,6,2023,17:00,1,70,70467,2,1,1,3,Avenue d'Augrogne,47,
2.023E+11,25,10,2023,20:20,5,44,44162,2,6,1,3,17 Rue Jacques Cartier,47,
2.023E+11,22,8,2023,12:38,1,974,97408,1,1,1,7,N1,-20,
2.023E+11,23,10,2023,19:15,3,44,44162,2,1,1,6,31 Avenue du Parnasse,47,
2.023E+11,26,3,2023,17:30,1,71,71014,2,1,7,6,Rue de la Croix Blanche,46,
2.023E+11,9,6,2023,09:50,1,26,26118,2,2,1,3,Chemin du Bois de Seyve,45,
2.023E+11,23,8,2023,21:30,3,973,97311,1,1,1,5,Route départementale 9,,
2.023E+11,21,10,2023,19:11,4,44,44109,2,6,1,3,Rue des Dervallières,47,
2.023E+11,6,6,2023,17:48,1,72,72253,2,9,1,1,Route de la Suze,47,
2.023E+11,26,3,2023,17:32,1,61,61214,2,1,8,6,Voie Communale,48,
2.023E+11,8,6,2023,04:35,3,6,6150,1,1,1,7,Avenue de Cap d'Ail,43,
2.023E+11,20,10,2023,07:45,2,44,44109,2,1,1,2,57 Rue Amiral Du Chaffault,47,
2.023E+11,20,8,2023,11:50,1,33,33333,1,1,1,4,route du temple,44,
2.023E+11,20,10,2023,19:10,4,44,44143,2,6,8,6,Rue de la Gamalière,47,
2.023E+11,25,3,2023,16:45,1,42,42149,2,1,1,1,Avenue des Sources,45,
2.023E+11,7,6,2023,01:10,3,50,50464,1,1,1,7,route de l'abbaye,49,
2.023E+11,20,8,2023,07:50,1,45,45051,2,1,1,6,Rue de Chateaubriand,47,
2.023E+11,11,8,2023,19:15,1,10,10333,2,3,1,3,THIERS (RUE),48,
2.023E+11,8,6,2023,18:15,1,50,50158,1,1,1,3,D48,48,
2.023E+11,24,3,2023,20:15,5,44,44069,1,1,2,1,1097 route de saint-lyphard,47,
2.023E+11,9,8,2023,12:44,1,10,10333,2,2,1,1,Rue Pierre de Celle,48,
2.023E+11,9,6,2023,09:05,1,60,60319,1,1,1,1,D981,49,
2.023E+11,18,8,2023,22:34,3,45,45039,2,3,1,1,D948 PR 30 + 475,47,
2.023E+11,7,6,2023,06:45,2,45,45148,2,1,1,6,30 Rue du Val,48,
2.023E+11,24,3,2023,23:30,3,29,29174,2,1,1,6,Rue Jules Ferry,47,
2.023E+11,20,10,2023,21:55,5,44,44109,2,3,8,6,Avenue Général de Gaulle,47,
2.023E+11,24,3,2023,19:00,2,2,2232,1,1,8,7,N/A,49,
2.023E+11,5,8,2023,19:55,1,10,10081,2,1,8,3,JULES FERRY (RUE),48,
2.023E+11,21,8,2023,15:30,1,45,45316,1,1,1,1,D2060 PR 60 + 265,47,
2.023E+11,9,6,2023,17:35,1,18,18126,1,1,1,5,,46,
2.023E+11,19,10,2023,17:07,1,44,44109,2,1,1,6,Rue Henri IV,47,
2.023E+11,25,3,2023,16:30,1,66,66222,2,1,1,6,15 Boulevard des Pyrénées,42,
2.023E+11,7,6,2023,21:30,2,36,36120,1,1,1,6,le relais,46,
2.023E+11,17,10,2023,10:40,1,44,44114,2,1,1,2,87 Avenue de la Patouillerie,47,
2.023E+11,9,6,2023,11:45,1,36,36140,1,1,1,7,Poudeau,46,
2.023E+11,19,8,2023,14:45,1,91,91461,1,9,1,3,D116d,48,
2.023E+11,25,3,2023,17:45,1,72,72381,2,1,1,7,Zone D Activite Za Actival Lieu Dit Les Clottees,47,
2.023E+11,17,10,2023,07:20,2,44,44162,2,6,1,6,277 Boulevard Marcel Paul,47,
2.023E+11,8,6,2023,17:20,1,53,53043,1,1,1,7,route départementale 557,48,
2.023E+11,14,10,2023,19:15,1,44,44143,2,1,1,7,28 Rue du Lieutenant de Monti,47,
2.023E+11,23,8,2023,05:50,2,91,91587,1,1,1,6,N 20,48,
2.023E+11,9,6,2023,05:25,2,24,24067,1,1,1,6,1173 Chemin de Nivelle,44,
2.023E+11,25,3,2023,20:40,3,60,60030,1,1,2,5,D927,49,
2.023E+11,14,10,2023,11:55,1,44,44162,2,3,8,6,46 Rue de la Porchellerie,47,
2.023E+11,8,6,2023,01:00,3,24,24481,1,1,1,6,86 Route de la Coquille,45,
2.023E+11,14,10,2023,11:25,1,44,44109,1,6,8,6,Rond-Point Abel Durant,47,
2.023E+11,22,8,2023,13:40,1,66,66140,1,1,1,1,N/A,42,
2.023E+11,8,6,2023,21:10,2,4,4233,1,1,1,7,D4,44,
2.023E+11,25,3,2023,19:00,1,18,18270,1,1,1,3,Route de Farges,46,
2.023E+11,22,8,2023,09:00,1,66,66037,2,1,1,3,N/A,42,
2.023E+11,25,3,2023,16:15,1,36,36016,2,1,1,6,Rue de l’Abbe Pigeaud,46,
2.023E+11,9,6,2023,17:00,1,4,4008,1,1,2,1,rn 202,43,
2.023E+11,13,10,2023,13:00,1,44,44109,1,1,1,2,Pont de Cheviré,47,
2.023E+11,21,8,2023,23:20,3,84,84068,2,1,1,6,Route de Vaugines,43,
2.023E+11,26,3,2023,13:00,1,7,7343,1,6,1,6,Rond-Point aérodrome D104,44,
2.023E+11,6,6,2023,12:00,1,85,85246,1,2,1,3,intersection RD52 RD29,46,
2.023E+11,9,10,2023,08:50,2,44,44109,2,1,1,3,546 Route de Saint Joseph,47,
2.023E+11,21,8,2023,12:15,1,84,84054,1,1,1,6,D938,43,
2.023E+11,4,10,2023,06:20,2,44,44109,2,1,1,7,14 Rue Léon Maître,47,
2.023E+11,26,3,2023,19:30,2,85,85146,1,1,1,6,la mussetière,47,
2.023E+11,9,6,2023,00:40,3,17,17032,1,1,9,7,Rue des Rampots,46,
2.023E+11,4,10,2023,12:25,1,44,44109,2,2,8,3,38 Rue Grande Biesse,47,
2.023E+11,23,8,2023,22:10,3,84,84141,2,1,1,1,Route de Morières,43,
2.023E+11,8,6,2023,12:00,1,37,37033,1,1,7,1,D725,46,
2.023E+11,2,10,2023,11:00,1,44,44109,2,1,8,7,15 Boulevard Emile Gabory,47,
2.023E+11,8,6,2023,15:30,1,30,30227,2,1,1,2,Boulevard du Portalet,44,
2.023E+11,25,3,2023,18:44,1,17,17448,1,2,1,3,Le bois de la coudrée,45,
2.023E+11,21,8,2023,17:35,1,83,83042,2,3,1,1,221 Route des Mines,43,
2.023E+11,3,10,2023,07:40,5,44,44162,2,1,8,3,11 Avenue des Thébaudières,47,
2.023E+11,5,6,2023,16:40,1,48,48128,1,1,1,7,ZI de Pont Archat,44,
2.023E+11,4,6,2023,21:00,2,31,31341,1,1,1,6,Route de Montaigut,43,
2.023E+11,26,3,2023,09:40,1,87,87017,1,9,2,3,Rn 145,46,
2.023E+11,29,11,2023,14:45,1,92,92040,2,3,1,3,GARIBALDI (BOULEVARD),48,
2.023E+11,22,8,2023,03:55,5,83,83099,2,2,1,3,Dn7,43,
2.023E+11,9,6,2023,15:45,1,74,74014,1,1,2,3,D6,46,
2.023E+11,5,11,2023,00:06,3,13,13071,1,1,1,2,A55 - Sens Marseille vers Martigues,43,
2.023E+11,25,3,2023,20:44,3,30,30061,1,1,1,6,N/A,43,
2.023E+11,30,9,2023,08:30,1,44,44109,2,6,8,3,4 Place Général Mellinet,47,
2.023E+11,23,8,2023,10:10,1,6,6134,2,1,1,6,Route Departementale 6085,43,
2.023E+11,9,6,2023,11:15,1,66,66172,2,1,1,6,,42,
2.023E+11,29,9,2023,18:40,1,44,44143,1,1,1,2,N/A,47,
2.023E+11,22,8,2023,22:50,3,6,6058,1,1,1,7,ROUTE DEPARTEMENTALE 6085,43,
2.023E+11,6,6,2023,08:28,1,80,80695,1,1,1,2,A2,50,
2.023E+11,29,9,2023,03:35,3,44,44215,1,1,8,6,N/A,47,
2.023E+11,25,3,2023,17:45,1,10,10256,1,1,8,6,N/A,48,
2.023E+11,24,8,2023,12:00,1,5,5063,1,1,1,6,D1091,45,
2.023E+11,9,6,2023,11:30,1,974,97418,2,1,1,2,Rue Roger Payet,-20,
2.023E+11,28,9,2023,14:00,1,44,44109,2,2,8,6,Boulevard François Bruneau,47,
2.023E+11,26,3,2023,01:30,4,971,97103,1,1,1,7,N1,16,
2.023E+11,18,9,2023,17:45,1,44,44143,2,6,8,2,Rue de l'île Macé,47,
2.023E+11,8,6,2023,04:55,3,13,13040,1,1,1,1,D6,43,
2.023E+11,26,3,2023,01:00,3,988,98808,1,1,1,6,collège de wani,-21,
2.023E+11,28,9,2023,08:40,1,44,44114,2,1,8,2,325 Route de Vannes,47,
2.023E+11,23,8,2023,21:20,3,13,13066,1,1,1,1,D28,43,
2.023E+11,8,6,2023,16:20,1,95,95040,1,1,1,6,D14,49,
2.023E+11,27,9,2023,12:20,1,44,44109,2,1,8,3,81 Boulevard Jules Verne,47,
2.023E+11,21,8,2023,16:00,1,38,38215,2,1,1,7,2274 Route du Plan,45,
2.023E+11,4,6,2023,01:20,3,91,91041,1,1,1,2,Route Nationale 20,48,
2.023E+11,25,9,2023,09:35,1,44,44143,2,1,8,7,80 Rue Charles Rivière,47,
2.023E+11,24,3,2023,22:20,3,971,97117,1,1,1,6,Route de la Houssaie,16,
2.023E+11,8,6,2023,14:30,1,2B,2B084,1,1,1,7,rd151,42,
2.023E+11,18,9,2023,14:30,1,44,44109,2,6,8,6,535 Route de Saint Joseph,47,
2.023E+11,21,8,2023,07:20,1,1,1142,2,6,7,3,Rue des Chartinières,45,
2.023E+11,18,9,2023,18:15,1,44,44109,2,6,1,7,Boulevard des Tribunes,47,
2.023E+11,9,6,2023,15:20,1,66,66171,2,1,1,2,,42,
2.023E+11,24,3,2023,20:05,3,84,84105,1,1,1,1,D900,43,
2.023E+11,22,8,2023,10:45,1,69,69178,2,1,1,1,Le Bourg,45,
2.023E+11,17,9,2023,06:40,2,44,44109,2,1,8,6,Boulevard Jean Phillipot,47,
2.023E+11,8,6,2023,19:15,1,30,30258,2,1,1,3,Rue Andre Gide,43,
2.023E+11,17,9,2023,04:31,5,44,44109,2,1,8,3,168 Rue Paul Bellamy,47,
2.023E+11,25,3,2023,18:15,1,13,13030,1,1,1,2,D8N,43,
2.023E+11,24,8,2023,08:30,1,81,81105,2,3,1,6,Avenue de l'Europe,43,
2.023E+11,16,9,2023,10:30,1,44,44109,2,1,8,6,1 Rue Général Buat,47,
2.023E+11,7,6,2023,13:45,1,84,84049,1,9,1,3,D8,44,
2.023E+11,23,8,2023,14:30,1,65,65059,2,1,1,2,52 rue du Général de Gaulle,43,
2.023E+11,25,3,2023,20:00,5,13,13041,2,3,1,3,Avenue Pierre Brossolette,43,
2.023E+11,15,9,2023,13:00,1,44,44109,2,1,1,2,Pont Eric Tabarly,47,
2.023E+11,19,8,2023,18:44,1,31,31395,2,1,1,6,N/A,43,
2.023E+11,14,9,2023,17:20,1,44,44109,2,1,8,7,27 Boulevard Pierre de Coubertin,47,
2.023E+11,9,6,2023,19:25,1,71,71150,2,3,8,2,RD906,46,
2.023E+11,26,3,2023,10:45,1,58,58160,2,1,3,7,Route de Saint-baudière,46,
2.023E+11,14,9,2023,09:10,1,44,44109,2,1,8,6,Boulevard Bénoni Goullin,47,
2.023E+11,9,6,2023,14:40,1,68,68247,1,1,1,7,D430 Route des Crètes,47,
2.023E+11,24,8,2023,05:10,5,33,33042,2,1,1,6,24 Route de Bordeaux,44,
2.023E+11,13,9,2023,11:05,1,44,44109,2,6,8,3,41 Rue des Bourbonnières,47,
2.023E+11,6,6,2023,05:23,2,57,57242,1,1,1,6,D54,49,
2.023E+11,21,8,2023,23:40,4,49,49332,1,9,1,7,D63,47,
2.023E+11,11,9,2023,12:00,1,44,44020,2,6,8,7,Rond-Point de la Pierre,47,
2.023E+11,9,6,2023,02:40,3,81,81038,1,6,1,6,D968,43,
2.023E+11,24,3,2023,16:50,1,67,67118,2,2,1,5,74 Avenue du Général de Gaulle,48,
2.023E+11,9,9,2023,00:05,5,44,44190,2,6,8,3,Boulevard des Pas Enchantés,47,
2.023E+11,8,6,2023,14:50,1,65,65168,1,1,1,6,Vaenue du Barège,42,
2.023E+11,21,8,2023,06:15,2,49,49020,1,9,1,7,D523,47,
2.023E+11,9,9,2023,07:50,1,44,44162,2,1,8,6,34 Boulevard du Tertre,47,
2.023E+11,25,3,2023,18:20,2,54,54437,1,1,1,1,chemin de pulligny,48,
2.023E+11,7,9,2023,14:20,1,44,44114,2,1,1,2,62 Avenue e la Paquelais,47,
2.023E+11,9,6,2023,18:30,1,17,17058,2,3,1,3,Avenue du Général de Gaulle,45,
2.023E+11,23,8,2023,08:35,1,22,22054,1,2,1,3,La Croix Rouge,48,
2.023E+11,2,9,2023,11:15,1,14,14754,1,1,1,7,3105 Route de Touques,49,
2.023E+11,9,3,2023,09:50,1,73,73179,1,1,1,5,D1504,45,
2.023E+11,22,8,2023,18:30,1,80,80561,2,1,1,7,Chemin du Fond d?Amiens,49,
2.023E+11,7,6,2023,16:40,1,33,33530,2,9,1,5,Avenue de Royan,45,
2.023E+11,5,9,2023,20:49,1,44,44109,2,2,1,3,Boulevard de Doulon,47,
2.023E+11,8,6,2023,18:45,1,85,85092,2,3,1,3,Rue georges clemenceau,46,
2.023E+11,4,9,2023,19:10,1,44,44109,2,6,8,7,34 Rue Saint-Jacques,47,
2.023E+11,8,6,2023,21:40,1,50,50041,2,1,1,6,Chemin du Palis,49,
2.023E+11,27,12,2023,18:15,5,33,33236,2,2,1,3,Route du Moulin,44,
2.023E+11,21,8,2023,18:06,1,13,13015,1,1,1,3,A515CM-sortie Gardanne/Bouc Bel Air,43,
2.023E+11,7,6,2023,11:40,1,56,56167,1,1,1,4,N/A,47,
2.023E+11,26,8,2023,05:30,2,44,44020,1,1,3,6,Route de Pornic,47,
2.023E+11,21,8,2023,15:50,1,13,13071,1,1,1,2,A7-Sens Marseille vers Lyon,43,
2.023E+11,8,6,2023,16:50,1,22,22179,1,1,1,7,D34,48,
2.023E+11,22,8,2023,18:17,1,44,44114,2,1,8,6,307 Route de Vannes,47,
2.023E+11,16,8,2023,18:00,1,13,13081,1,1,1,3,A7-Sens Lyon vers Marseille,43,
2.023E+11,9,6,2023,13:15,1,22,22242,1,1,1,3,Départementale 52,48,
2.023E+11,21,8,2023,16:35,1,44,44143,2,1,8,6,2 Rue Azucena Villaflor,47,
2.023E+11,10,8,2023,12:15,1,62,62274,1,1,1,7,A21,50,
2.023E+11,17,8,2023,12:35,1,44,44162,2,6,8,7,86 Avenue de la Branchoire,47,
2.023E+11,8,6,2023,13:14,1,22,22081,1,3,1,3,Rue de Brest,48,
2.023E+11,23,8,2023,15:40,1,91,91553,1,1,1,2,RN 104,48,
2.023E+11,16,8,2023,20:10,1,44,44190,2,1,1,3,2 Rue des Acacias,47,
2.023E+11,21,8,2023,21:08,3,91,91471,1,1,1,7,RN 118,48,
2.023E+11,6,6,2023,08:45,1,60,60589,1,6,1,5,D1016,49,
2.023E+11,11,8,2023,13:01,1,44,44109,2,3,8,3,Rue de Manille,47,
2.023E+11,21,8,2023,18:40,1,94,94038,1,1,1,3,A6B,48,
2.023E+11,8,6,2023,18:00,1,60,60487,1,1,1,7,Route du Pont d’Aincourt,49,
2.023E+11,10,8,2023,18:30,1,44,44184,2,3,8,3,59 Rue des Tisserands,47,
2.023E+11,9,6,2023,00:31,5,59,59249,2,1,1,7,Rue Paul Lafargue,50,
2.023E+11,21,8,2023,07:51,1,92,92047,1,1,1,4,A13,48,
2.023E+11,10,8,2023,11:46,1,44,44109,2,1,1,2,88 Rue Paul Bellamy,47,
2.023E+11,6,6,2023,16:15,1,59,59416,2,1,7,3,Rue Saint - Firmin,50,
2.023E+11,9,8,2023,18:10,1,44,44109,2,1,8,3,Rond-Point de Rennes,47,
2.023E+11,3,6,2023,17:30,1,13,13071,1,1,1,3,A7-Sens Marseille vers Lyon,43,
2.023E+11,23,7,2023,20:40,1,44,44109,2,1,1,3,32 Boulevard de la Beaujoire ,47,
2.023E+11,19,8,2023,23:19,3,78,78402,1,1,1,5,A13,48,
2.023E+11,8,6,2023,08:20,1,83,83144,1,2,1,3,A57,43,
2.023E+11,1,10,2023,10:45,1,39,39441,1,1,1,7,N/A,46,
2.023E+11,19,8,2023,20:45,2,78,78242,1,1,1,2,NON UTILISEE,48,
2.023E+11,27,4,2023,09:00,1,69,69204,1,1,1,5,Autoroute 450,45,
2.023E+11,23,12,2023,15:25,1,17,17283,1,2,1,3,D732,45,
2.023E+11,23,8,2023,15:30,1,95,95582,1,1,1,6,A115,48,
2.023E+11,1,8,2023,07:20,1,44,44109,2,6,1,6,8 Rue Gaëtan Rondeau,47,
2.023E+11,23,8,2023,15:00,1,93,93064,1,1,1,6,AUTOROUTE A103,48,
2.023E+11,6,6,2023,18:30,1,59,59128,1,1,1,6,ROUTE DEPARTEMENTALE 652,50,
2.023E+11,23,8,2023,00:45,3,93,93078,1,1,1,6,AUTOROUTE A104,48,
2.023E+11,26,5,2023,17:00,1,59,59234,1,1,1,6,AUTOROUTE A21,50,
2.023E+11,29,7,2023,19:15,1,44,44184,2,2,8,3,Avenue François Mitterrand,47,
2.023E+11,23,7,2023,09:00,1,44,44109,2,1,8,7,39 Boulevard Robert Schuman,47,
2.023E+11,20,5,2023,23:00,4,59,59360,1,1,1,6,AUTOROUTE A25,50,
2.023E+11,21,8,2023,19:34,1,93,93053,1,1,1,3,AUTOROUTE A3,48,
2.023E+11,8,6,2023,07:20,1,91,91216,1,1,1,3,AUTOROUTE A6,48,
2.023E+11,21,8,2023,15:20,1,93,93066,1,1,1,5,AUTOROUTE A1,48,
2.023E+11,8,6,2023,16:30,1,92,92036,1,1,1,2,A86,48,
2.023E+11,22,7,2023,15:25,1,44,44184,2,6,8,3,Rond-Point Océanis,47,
2.023E+11,21,8,2023,15:00,1,93,93066,1,1,1,2,AUTOROUTE A1,48,
2.023E+11,8,6,2023,09:05,1,92,92064,1,1,1,2,A13,48,
2.023E+11,7,6,2023,17:50,1,92,92072,1,1,1,3,N118,48,
2.023E+11,21,8,2023,14:30,1,94,94017,1,1,1,3,A4,48,
2.023E+11,3,6,2023,14:50,1,93,93010,1,1,1,7,AUTOROUTE A3,48,
2.023E+11,19,5,2023,12:15,1,14,14366,2,1,1,6,30 Avenue Georges Pompidou,49,
2.023E+11,7,6,2023,12:40,1,93,93006,1,1,1,2,AUTOROUTE A3,48,
2.023E+11,26,5,2023,11:50,1,26,26198,2,6,1,6,SAINT GERVAIS (Route),44,
2.023E+11,7,6,2023,12:00,1,92,92036,1,1,1,2,AUTOROUTE A86,48,
2.023E+11,16,6,2023,13:45,1,94,94044,2,1,1,6,Avenue Descartes,48,
2.023E+11,7,6,2023,07:50,1,95,95582,1,1,1,3,A15,48,
2.023E+11,15,6,2023,08:42,1,94,94074,2,1,1,3,Avenue Henri Barbusse,48,
2.023E+11,7,6,2023,08:00,1,93,93005,1,1,1,2,AUTOROUTE A3,48,
2.023E+11,6,6,2023,17:20,1,95,95365,1,1,1,6,N104,49,
2.023E+11,6,6,2023,13:10,1,95,95306,1,1,1,5,A15,49,
2.023E+11,16,6,2023,12:10,1,94,94046,2,1,1,3,Avenue de la République,48,
2.023E+11,6,6,2023,12:15,1,95,95572,1,1,1,6,A15 ,49,
2.023E+11,8,6,2023,13:15,1,77,77363,1,1,1,6,A104,48,
2.023E+11,16,6,2023,19:50,1,94,94022,2,3,1,3,112 Boulevard de Stalingrad,48,
2.023E+11,7,6,2023,19:30,3,974,97416,1,9,1,6,RN3 (1),-21,
2.023E+11,7,6,2023,10:45,1,974,97416,2,1,1,6,RN3 (1),-21,
2.023E+11,7,6,2023,22:45,5,974,97411,2,1,1,6,MACE (BOULEVARD GABRIEL),-20,
2.023E+11,15,6,2023,02:10,5,94,94022,2,9,1,3,Boulevard des Alliés,48,
2.023E+11,15,6,2023,23:00,5,94,94079,2,6,1,6,Avenue du Lac,48,
2.023E+11,7,6,2023,18:30,5,974,97411,2,3,1,7,STADE DE L'EST (RUE DU),-20,
2.023E+11,7,6,2023,19:35,5,974,97407,2,1,1,6,VERDUN (BOULEVARD),-20,
2.023E+11,18,6,2023,09:15,1,92,92019,2,2,1,3,THOMAS ALBERT (AVENUE),48,
2.023E+11,22,8,2023,01:40,3,974,97416,1,1,1,6,RN3 (1),-21,
2.023E+11,7,6,2023,16:40,1,973,97302,2,1,1,3,BADUEL (ROUTE DE),4,
2.023E+11,7,6,2023,12:10,1,973,97302,2,1,3,7,MADELEINE (ROUTE DE LA),4,
2.023E+11,18,8,2023,22:35,5,974,97411,2,3,1,7,BRUNET (LOUIS ET AUGUSTE),-20,
2.023E+11,7,6,2023,09:05,1,972,97213,1,6,1,3,ROUTE DEPARTEMENTALE 3,14,
2.023E+11,7,6,2023,01:19,5,972,97213,1,1,1,6,ROUTE DEPARTEMENTALE 15,14,
2.023E+11,21,8,2023,10:05,1,974,97407,1,2,1,3,CARPAYE(AVENUE),-20,
2.023E+11,7,6,2023,15:40,1,972,97209,1,1,1,2,RD 41 (ROCADE),14,
2.023E+11,21,8,2023,19:25,1,69,69384,2,1,1,3,19 Grande Rue de la Croix-Rousse,45,
2.023E+11,20,8,2023,04:20,3,971,97113,1,1,2,3,RN4 - SECTION RIVIERA,16,
2.023E+11,6,6,2023,08:40,1,972,97209,2,3,8,6,RAVINE VILAINE (CHEMIN DEPARTEMENTAL DE),14,
2.023E+11,20,8,2023,11:55,1,971,97113,1,9,2,4,PETIT HAVRE (SECTEUR),16,