Num_Acc,jour,mois,an,hrmn,lum,dep,com,agg,int,atm,col,adr,lat,long
2.023E+11,12,2,2023,09:45,1,974,97416,2,1,1,6,SALETTE (CHEMIN DE LA),-21,
2.023E+11,21,8,2023,20:00,2,2A,2A004,2,6,1,3,SEBASTIANU COSTA BD,41,
2.023E+11,12,2,2023,00:25,5,974,97409,2,1,1,6,MASCAREIGNES (Avenue des),-20,
2.023E+11,21,8,2023,19:05,1,95,95197,2,1,1,3,D928,48,
2.023E+11,12,2,2023,17:23,1,973,97302,2,1,1,7,MONTABO (ROUTE DE) 1,4,
2.023E+11,21,8,2023,17:20,1,95,95176,2,2,1,3,SAINT GERMAIN (RUE DE),48,
2.023E+11,12,2,2023,18:10,1,69,69386,2,4,1,3,Boulevard des Belges,45,
2.023E+11,21,8,2023,20:23,1,91,91432,2,3,1,3,AV DE LA COUR DE FRANCE,48,
2.023E+11,11,2,2023,05:10,5,972,97209,2,1,2,7,AURELIE DICANOT (RUE),14,
2.023E+11,21,8,2023,10:10,1,83,83062,2,1,1,1,MUSELLIER (AVENUE AMIRAL),43,
2.023E+11,12,2,2023,13:15,1,95,95268,2,1,1,2,D125,48,
2.023E+11,11,2,2023,18:40,2,91,91223,2,1,1,7,REPUBLIQUE (RUE DE LA),48,
2.023E+11,19,8,2023,11:05,1,83,83126,2,3,1,3,ALLENDE (AV. SALVADOR),43,
2.023E+11,18,8,2023,14:25,1,83,83129,2,1,1,5,COUDOULIERE (LA),43,
2.023E+11,11,2,2023,20:20,3,77,77186,1,1,1,1,D116,48,
2.023E+11,21,8,2023,19:35,2,78,78650,2,2,7,3,CARNOT (BOULEVARD),48,
2.023E+11,11,2,2023,11:15,1,77,77156,2,1,1,3,D403,48,
2.023E+11,21,8,2023,11:15,1,77,77305,2,1,1,6,HUGO (RUE VICTOR),48,
2.023E+11,12,2,2023,18:50,5,69,69286,2,1,1,6,Chemin de la Teyssonnière,45,
2.023E+11,18,8,2023,19:05,1,74,74298,2,1,1,4,TANINGES (ROUTE DE ),46,
2.023E+11,12,2,2023,04:30,5,69,69266,2,3,1,2,Cours André Philip,45,
2.023E+11,20,8,2023,21:20,3,72,72181,2,1,1,2,LEFAUCHEUX PIERRE (BD),47,
2.023E+11,12,2,2023,18:20,2,69,69259,2,1,1,3,26 Rue André Sentuc,45,
2.023E+11,20,8,2023,18:00,1,72,72181,2,1,1,6,boulevard des Italiens,47,
2.023E+11,11,2,2023,16:10,1,69,69029,2,1,1,6,3 Rue Lionel Terray,45,
2.023E+11,21,8,2023,13:25,1,71,71076,2,3,1,3,SAINT COSME (QUAI),46,
2.023E+11,12,2,2023,22:45,5,59,59512,2,2,1,3,MOTTE (AVENUE ALFRED),50,
2.023E+11,21,8,2023,19:25,1,69,69282,2,2,1,6,Avenue du Dauphiné,45,
2.023E+11,12,2,2023,09:00,1,54,54096,1,1,1,7,52 (ROUTE NATIONALE),49,
2.023E+11,18,8,2023,21:20,5,69,69199,2,1,1,1,1 Allée de l'Arsenal,45,
2.023E+11,19,8,2023,16:45,1,66,66136,1,6,1,3,ARCADES (RD POINT),42,
2.023E+11,12,2,2023,14:30,1,45,45147,2,7,1,3,2 Place Jean Zay,47,
2.023E+11,19,8,2023,20:05,1,64,64140,2,2,1,1,GLIZE (RUE RAYMOND ET MARCEL),43,
2.023E+11,12,2,2023,14:30,1,45,45234,2,1,1,6,17 Boulevard Jean Jaurès,47,
2.023E+11,21,8,2023,19:28,1,63,63113,2,1,1,6,LOUVERTURE (RUE TOUSSAINT),45,
2.023E+11,21,8,2023,10:20,1,60,60057,2,1,1,6,Rue de Clermont,49,
2.023E+11,12,2,2023,01:15,5,45,45147,2,2,1,3,51 Rue Condorcet,47,
2.023E+11,15,8,2023,05:58,2,55,55545,2,4,1,3,PARIS ( AVENUE DE ),49,
2.023E+11,12,2,2023,15:30,1,37,37261,2,2,1,6,VELPEAU (PLACE),47,
2.023E+11,20,7,2023,09:20,1,55,55545,2,1,1,6,AVENUE DE L EUROPE,49,
2.023E+11,12,2,2023,18:10,2,33,33529,1,1,1,2,BISCAROSSE (AVE) DUNE VERS BISCA,44,
2.023E+11,21,8,2023,09:30,1,54,54528,2,3,1,3,Rue du Chaveau,48,
2.023E+11,12,2,2023,16:55,1,31,31555,2,1,1,2,RUE SAINT ROCH,43,
2.023E+11,20,8,2023,03:50,3,52,52121,2,1,1,6,GENERAL GIRAUD (RUE),48,
2.023E+11,12,2,2023,07:45,2,31,31555,2,1,1,4,Autoroute 620,43,
2.023E+11,20,8,2023,15:10,1,51,51454,2,2,1,3,JAURES (AVENUE JEAN) DU N° 74 A FIN (PAI,49,
2.023E+11,11,2,2023,22:25,3,31,31565,1,1,1,2,D 8,43,
2.023E+11,18,8,2023,16:50,1,51,51454,2,1,1,4,ARNOULD (BOULEVARD CHARLES),49,
2.023E+11,12,2,2023,17:24,1,17,17306,2,1,1,6,GARDES,45,
2.023E+11,18,8,2023,11:15,1,45,45004,1,1,1,4,D2060 PR 28 + 739,47,
2.023E+11,12,2,2023,14:10,1,13,13117,1,1,1,5,,43,
2.023E+11,21,8,2023,12:15,1,43,43041,2,4,1,3,54 Avenue Pierre Farigoule,45,
2.023E+11,12,2,2023,20:40,5,13,13213,2,1,1,1,NOTRE DAME DE CONSOLATION,43,
2.023E+11,10,8,2023,19:10,1,42,42218,2,3,1,2,Boulevard Antonio Vivaldi,45,
2.023E+11,12,2,2023,02:00,5,13,13207,2,1,1,6,Corniche John Fitzgérald Kennedy,43,
2.023E+11,20,8,2023,11:50,1,34,34032,1,1,1,1,Route de Maureilhan,43,
2.023E+11,12,2,2023,14:30,1,13,13202,2,1,1,2,DUNKERQUE  (BOULEVARD DE),43,
2.023E+11,21,8,2023,15:45,1,33,33009,2,1,1,6,GOLF (AVE DU),44,
2.023E+11,20,8,2023,01:25,5,29,29019,2,1,1,6,rue Pierre Brossolette,48,
2.023E+11,10,2,2023,17:15,1,13,13215,2,1,1,3,Avenue ibrahim ali ( 1977-1995),43,
2.023E+11,12,2,2023,15:55,1,7,7316,1,9,1,6,VIVIER (CHEMIN DU),44,
2.023E+11,20,8,2023,19:50,1,28,28134,2,3,7,3,FERRY (BLD JULES),48,
2.023E+11,12,2,2023,22:51,5,6,6088,2,2,1,3,REPUBLIQUE (AV. DE LA),43,
2.023E+11,21,8,2023,21:50,5,25,25462,2,3,1,3,MOULIN PARNET DU,46,
2.023E+11,21,8,2023,15:35,1,25,25204,2,2,1,3,Pomone,46,
2.023E+11,12,2,2023,20:40,5,75,75113,2,2,1,3,AVENUE D ITALIE,48,
2.023E+11,11,2,2023,16:45,1,974,97416,2,1,1,3,JOLI-FOND (CHEMIN),-21,
2.023E+11,19,8,2023,14:00,1,19,19275,1,1,1,1,R.D. 1089 NORD,45,
2.023E+11,21,8,2023,20:20,1,14,14220,2,1,1,1,6 Chemin de Taux,49,
2.023E+11,11,2,2023,08:45,1,974,97411,1,3,1,3,FRANCOIS (RUE GEORGES),-20,
2.023E+11,19,8,2023,18:56,1,14,14333,1,1,1,3,Quai Saint Etienne,49,
2.023E+11,3,2,2023,11:30,1,973,97302,2,3,9,7,BADUEL (ROUTE DE),4,
2.023E+11,21,8,2023,19:55,1,13,13215,2,2,1,6,LEDRU ROLLI (BOULEVARD),43,
2.023E+11,11,2,2023,12:05,1,973,97302,2,1,1,3,14 ET 22 JUIN 1962,4,
2.023E+11,21,8,2023,18:10,1,13,13203,2,3,1,1,FÉLIX PYAT (RUE),43,
2.023E+11,11,2,2023,17:30,1,69,69388,2,2,1,2,Avenue Paul Santy,45,
2.023E+11,21,8,2023,15:57,1,11,11069,2,1,1,1,Chemin de Montlegun,43,
2.023E+11,11,2,2023,17:30,2,69,69387,2,1,1,6,40 Avenue Tony Garnier,45,
2.023E+11,20,8,2023,12:19,1,10,10333,2,1,1,3,TILLEULS (AVENUE),48,
2.023E+11,19,8,2023,11:24,1,6,6069,2,4,1,1,SEMARD (AVENUE PIERRE),43,
2.023E+11,11,2,2023,09:45,1,69,69383,2,2,1,3,49 Cours Eugénie,45,
2.023E+11,16,8,2023,00:55,3,6,6004,2,9,1,7,ROCHAT AV.PHILIPPE,43,
2.023E+11,10,2,2023,19:30,3,971,97101,1,1,2,1,AMEDEE ABARRE - SALLE D'ASILE (RUE),16,
2.023E+11,7,2,2023,17:05,1,89,89024,2,1,1,6,FAIDHERBE (RUE),47,
2.023E+11,22,8,2023,08:35,1,75,75114,2,1,1,5,PORTE D ORLEANS,48,
2.023E+11,11,2,2023,09:50,1,83,83137,2,1,1,6,VILLEVIEILLE (ROND POINT),43,
2.023E+11,22,8,2023,08:40,1,75,75114,2,1,1,2,PORTE D ORLEANS,48,
2.023E+11,10,2,2023,18:05,2,83,83009,1,1,1,5,BEAUSSET (ROUTE DU),43,
2.023E+11,22,8,2023,19:25,1,75,75106,2,2,1,6,RUE DE RENNES,48,
2.023E+11,22,8,2023,18:00,1,75,75120,2,1,1,3,RUE ORFILA,48,
2.023E+11,10,2,2023,18:46,3,77,77518,1,1,1,5,D372,48,
2.023E+11,11,2,2023,06:15,5,77,77016,1,3,1,3,D40 / D40E,48,
2.023E+11,22,8,2023,07:45,1,75,75117,2,3,1,6,RUE CARDINET,48,
2.023E+11,11,2,2023,08:25,1,77,77014,2,2,1,6,FRANKLIN ROOSEVELT (AVENUE),48,
2.023E+11,11,2,2023,21:45,3,77,77013,1,1,8,6,D402,48,
2.023E+11,19,8,2023,14:30,1,75,75114,2,2,1,3,BOULEVARD ROMAIN ROLLAND,48,
2.023E+11,11,2,2023,06:30,5,76,76108,2,2,1,3,Rue Jeanne d’Arc,49,
2.023E+11,16,8,2023,14:15,1,94,94080,2,9,1,3,D237,48,
2.023E+11,22,8,2023,16:25,1,94,94078,2,9,1,2,Av du Pdt J Fitzgerald Kennedy,48,
2.023E+11,11,2,2023,00:35,5,69,69266,2,6,1,3,Rue de la Feyssine,45,
2.023E+11,11,2,2023,06:00,5,64,64348,2,3,1,3,JEAN MERMOZ,43,
2.023E+11,22,8,2023,17:35,1,94,94042,2,9,1,3,Avenue du Général Galliéni,48,
2.023E+11,11,2,2023,12:30,1,64,64024,2,3,1,3,BIARRITZ (AVENUE DE),43,
2.023E+11,21,8,2023,16:20,1,94,94037,1,1,1,6,Rue de la Div du General Leclerc,48,
2.023E+11,10,2,2023,18:48,5,62,62040,2,9,1,2,D210,50,
2.023E+11,10,2,2023,20:20,5,62,62617,2,1,1,3,D937,50,
2.023E+11,21,8,2023,01:05,5,94,94041,2,2,1,3,Rue Jules Vanzuppe,48,
2.023E+11,11,2,2023,14:20,1,59,59599,2,3,8,1,JUIN (RUE DU MARECHAL),50,
2.023E+11,12,2,2023,00:41,5,59,59560,2,1,1,6,BURGAULT RUE,50,
2.023E+11,22,8,2023,15:40,1,94,94034,2,2,1,3,Avenue de la Division Leclerc,48,
2.023E+11,10,2,2023,07:30,5,59,59271,2,4,5,3,SOURCE - ALLEE,51,
2.023E+11,21,8,2023,11:38,1,94,94011,2,3,1,3,Avenue des 28 Arpents,48,
2.023E+11,11,2,2023,11:00,1,56,56121,2,6,1,2,BELLE-FONTAINE (RUE  DE LA ),47,
2.023E+11,11,2,2023,18:00,3,54,54395,2,1,1,3,FOLLER (RUE),48,
2.023E+11,20,8,2023,14:00,1,94,94028,2,1,1,4,Car de Pompadour,48,
2.023E+11,11,2,2023,18:40,5,54,54395,2,1,1,3,LIBERATION (AVENUE DE LA),48,
2.023E+11,21,8,2023,10:45,1,94,94073,2,3,1,3,Rue du Bas Marin,48,
2.023E+11,11,2,2023,19:28,5,49,49246,2,1,1,2,GALLIENI AVENUE,47,
2.023E+11,21,8,2023,05:50,3,94,94060,1,1,1,6,Cuvette de CHAMPLAIN,48,
2.023E+11,11,2,2023,20:50,5,45,45338,2,1,1,6,26 Rue Ambroise Paré,47,
2.023E+11,22,8,2023,16:24,1,94,94017,2,3,1,6,Avenue du Général de Gaulle,48,
2.023E+11,25,10,2023,21:40,3,95,95582,1,1,1,7,D170,48,
2.023E+11,11,2,2023,18:50,5,43,43157,2,4,1,3,17 Avenue Marechal Foch,45,
2.023E+11,25,10,2023,09:25,1,93,93001,1,1,2,6,AUTOROUTE A86,48,
2.023E+11,22,8,2023,11:55,1,93,93059,2,2,1,4,Boulevard Charles de Gaulle /  Rue Etienne Dolet,48,
2.023E+11,11,2,2023,20:30,5,37,37233,2,1,1,3,DUCLOS (AVENUE JACQUES),47,
2.023E+11,21,8,2023,11:20,1,93,93072,2,3,1,3,Avenue de Stalingrad / Rue Francis Bazin,48,
2.023E+11,24,10,2023,23:55,3,95,95018,1,1,1,4,A15,48,
2.023E+11,11,2,2023,14:45,1,37,37261,2,1,1,3,GRAMMONT (AVENUE DE),47,
2.023E+11,22,8,2023,08:35,1,93,93064,2,6,1,2,Rond Point de l'Europe / Rue Jules Ferry,48,
2.023E+11,11,2,2023,14:50,1,37,37261,2,2,1,3,BOYER (RUE LEON),47,
2.023E+11,25,10,2023,21:10,3,94,94081,1,1,1,3,A86,48,
2.023E+11,21,8,2023,19:20,1,93,93064,2,9,7,3,Boulevard d'Alsace-lorraine,48,
2.023E+11,11,2,2023,11:30,1,37,37261,2,1,1,3,POMPIDOU (AVENUE GEORGES),47,
2.023E+11,25,10,2023,16:40,1,94,94017,1,1,2,2,A4,48,
2.023E+11,21,8,2023,14:10,1,93,93064,2,1,1,1,Boulevard Gabriel Péri,48,
2.023E+11,25,10,2023,14:50,1,94,94079,1,1,8,2,A4,48,
2.023E+11,11,2,2023,08:20,1,37,37261,2,6,1,2,ROTONDE (ROND-POINT DE LA),47,
2.023E+11,22,8,2023,15:15,1,93,93055,2,1,1,3,EDOUARD VAILLANT DU 1 A FIN.,48,
2.023E+11,10,2,2023,16:30,1,37,37261,2,3,1,2,NIESSEL (AVENUE DU GENERAL),47,
2.023E+11,25,10,2023,06:20,3,94,94073,1,1,2,4,A86,48,
2.023E+11,22,8,2023,17:57,1,93,93050,2,9,1,5,Boulevard du Marechal Foch,48,
2.023E+11,11,2,2023,10:40,1,33,33529,2,1,1,3,PARC DES EXPOSITIONS (Ave du),44,
2.023E+11,21,8,2023,19:15,1,93,93048,2,1,1,6,Rue de Rosny,48,
2.023E+11,21,8,2023,01:10,5,69,69383,2,5,1,6,Rue Paul Bert,45,
2.023E+11,11,2,2023,17:10,1,28,28134,2,1,7,6,FERRY (BLD JULES),48,
2.023E+11,22,8,2023,16:30,1,93,93072,2,2,1,6,Boulevard Maxime Gorki / Rue Bégé,48,
2.023E+11,11,2,2023,21:06,5,22,22278,2,1,1,6,FEVAL (PAUL),48,
2.023E+11,19,8,2023,18:00,1,69,69264,2,1,1,6,Rue Claude Vignard,45,
2.023E+11,22,8,2023,12:08,1,93,93027,2,1,1,3,Rue Emile Zola,48,
2.023E+11,10,2,2023,17:25,1,22,22278,2,2,1,3,BRAILLE (LOUIS),48,
2.023E+11,20,8,2023,00:00,5,69,69264,2,1,1,3,Route de Frans,45,
2.023E+11,21,8,2023,08:52,1,92,92063,2,1,1,2,BROSSOLETTE (RUE PIERRE),48,
2.023E+11,11,2,2023,01:05,3,22,22187,1,9,1,7,D 6,48,
2.023E+11,21,8,2023,15:10,1,92,92050,2,1,1,2,JOFFRE MARECHAL AVENUE DU,48,
2.023E+11,19,8,2023,19:20,1,35,35238,2,1,1,6,MANIEZ (AVENUE JULES),48,
2.023E+11,11,2,2023,11:12,1,17,17274,2,1,1,3,CIMETIERE   AVENUE DU,46,
2.023E+11,22,8,2023,08:20,1,92,92044,2,2,1,3,ED.VAILLANT(RUE) 37A45 ET 36A48,48,
2.023E+11,11,2,2023,05:05,5,13,13208,2,1,1,3,PRADO (AVENUE DU),43,
2.023E+11,24,10,2023,16:30,1,976,97611,2,1,1,3,mamoudzou centre-Republique (Place ),-12,
2.023E+11,20,8,2023,23:00,5,92,92040,2,9,1,3,VERDUN (AVENUE DE) DU 152 AU 226,48,
2.023E+11,10,2,2023,14:00,1,13,13005,2,2,1,3,ESPILLIERES (CHEMIN DES),43,
2.023E+11,20,8,2023,13:30,1,92,92035,2,9,7,3,National ( boulevard ),48,
2.023E+11,23,10,2023,17:30,1,974,97416,2,1,1,6,PERE MAITRE(RUE DU),-21,
2.023E+11,11,2,2023,02:05,5,13,13001,2,3,1,3,BONAPARTE NAPOLEON(AV),43,
2.023E+11,19,8,2023,02:50,5,92,92026,2,2,1,3,CHARRAS,48,
2.023E+11,24,10,2023,08:15,1,974,97411,2,1,1,2,JAURES (BLD 1 JEAN),-20,
2.023E+11,11,2,2023,11:55,1,6,6088,2,2,1,6,PARMENTIER (R. ET IMP.),43,
2.023E+11,21,8,2023,09:30,1,92,92025,2,9,1,3,HENRI BARBUSSE (AV),48,
2.023E+11,11,2,2023,04:20,5,6,6088,2,1,1,3,ARSON (RUE),43,
2.023E+11,23,10,2023,17:25,2,974,97411,2,1,1,3,MACE (ROUTE GABRIEL),-20,
2.023E+11,10,2,2023,10:00,1,4,4112,2,1,1,6,BRET (BD. M.),43,
2.023E+11,22,8,2023,16:50,1,92,92024,2,2,1,3,CLICHY (QUAI DE) DE (104 A 202),48,
2.023E+11,12,2,2023,03:35,5,75,75119,2,1,1,6,BD PERIPHERIQUE EXTERIEUR,48,
2.023E+11,22,8,2023,06:00,3,11,11115,1,1,1,5,Route Départementale 118,43,
2.023E+11,12,2,2023,05:50,3,75,75116,2,1,1,3,ALLEE DES FORTIFICATIONS,48,
2.023E+11,24,10,2023,12:45,1,973,97302,2,1,1,2,ROUTE NATIONALE 3,4,
2.023E+11,22,8,2023,19:45,1,50,50447,1,1,1,1,Route de la Sabotiere,48,
2.023E+11,12,2,2023,07:40,2,75,75114,2,2,1,6,RUE D ALESIA,48,
2.023E+11,24,10,2023,03:45,5,973,97302,1,9,1,7,ROUTE NATIONALE 1,4,
2.023E+11,23,8,2023,16:55,1,50,50616,1,1,1,1,N175,48,
2.023E+11,23,10,2023,09:35,1,973,97302,2,3,1,3,FLAMBOYANTS (RUE DES),4,
2.023E+11,12,2,2023,08:29,1,75,75110,2,2,8,3,BOULEVARD DE STRASBOURG,48,
2.023E+11,22,8,2023,23:00,5,56,56078,2,1,1,1,Rue du Bas Pouldu,47,
2.023E+11,24,10,2023,12:50,1,69,69386,2,2,2,3,Rue Montgolfier,45,
2.023E+11,11,2,2023,18:26,5,75,75108,2,2,1,2,AVENUE DES CHAMPS ELYSEES,48,
2.023E+11,23,8,2023,18:10,1,77,77321,2,3,1,1,Route de Sens,48,
2.023E+11,24,10,2023,17:46,1,69,69381,2,3,1,6,Place Tobie Robatel,45,
2.023E+11,24,10,2023,10:50,1,69,69152,2,1,3,7,Rue Henri Moissan,45,
2.023E+11,12,2,2023,11:20,1,94,94078,2,4,8,3,Rue de Paris / Pont Wilson,48,
2.023E+11,22,8,2023,16:30,1,76,76482,1,1,1,3,Route départementale 925,49,
2.023E+11,24,10,2023,10:10,1,2B,2B033,2,1,2,6,GRAZIANI - BLD,42,
2.023E+11,12,2,2023,19:20,5,94,94003,2,1,1,3,Avenue Paul Doumer,48,
2.023E+11,23,8,2023,09:35,1,2B,2B252,1,1,7,7,D506,42,
2.023E+11,12,2,2023,15:59,1,94,94018,2,1,1,6,Quai des Carrieres,48,
2.023E+11,24,10,2023,13:40,1,971,97101,1,1,1,1,ROUTE DE COMA,16,
2.023E+11,23,8,2023,07:40,1,2B,2B346,1,6,7,3,TERRAGLIOLO,42,
2.023E+11,7,2,2023,23:35,5,92,92063,2,9,1,6,ARTS (PLACE DES),48,
2.023E+11,23,8,2023,14:30,1,2B,2B152,2,9,1,1,Santa Severa,42,
2.023E+11,23,10,2023,14:32,1,971,97101,1,1,1,4,Frédéric JALTON,16,
2.023E+11,11,2,2023,14:00,1,92,92051,2,1,1,3,VICTOR HUGO (BOULEVARD,,
2.023E+11,23,8,2023,19:40,1,80,80373,2,2,1,3,111 Rue Charles de Gaulle,49,
2.023E+11,13,2,2023,08:40,1,9,9085,2,1,1,2,43 Avenue Noel Peyrevidal,42,
2.023E+11,22,8,2023,10:50,1,82,82018,1,1,1,6,Route de Cayrac,44,
2.023E+11,24,10,2023,07:40,5,2A,2A004,2,1,2,2,BONAPARTE CHARLES  BD,41,
2.023E+11,11,2,2023,18:20,2,34,34242,1,1,1,6,D1,43,
2.023E+11,21,8,2023,10:30,1,71,71157,2,2,1,3,Chemin de l?Ermitage,46,
2.023E+11,24,10,2023,08:20,1,95,95598,2,6,2,7,D144,48,
2.023E+11,12,2,2023,18:10,1,35,35126,1,1,1,1,D776,47,
2.023E+11,21,8,2023,21:00,3,49,49364,1,2,1,3,Rue du Château,47,
2.023E+11,11,2,2023,10:45,1,1,1090,1,2,7,2,D22,46,
2.023E+11,20,8,2023,18:30,1,47,47196,2,1,1,6,D813,44,
2.023E+11,12,2,2023,11:40,1,33,33327,2,1,1,1,Super U (Supermarché),44,
2.023E+11,21,8,2023,11:54,1,22,22258,1,1,1,2,Saint Queneuc,48,
2.023E+11,13,2,2023,11:43,1,71,71105,1,1,1,2,Autoroute A6,,
2.023E+11,24,10,2023,07:50,3,89,89387,1,1,6,6,PONT DE SALCY,48,
2.023E+11,11,8,2023,10:10,1,44,44211,2,6,2,3,31 Rue du Pinker,47,
2.023E+11,11,2,2023,19:00,3,972,97207,1,1,1,2,Route nationale 5,14,
2.023E+11,23,8,2023,03:30,3,44,44169,1,1,1,6,65 Route de la Goulaine,47,
2.023E+11,13,2,2023,11:29,1,63,63181,1,1,1,1,rd 2144 pr 16+100,46,
2.023E+11,23,10,2023,20:27,5,87,87085,2,1,1,1,HOPITAL (RUE DE L'),45,
2.023E+11,23,8,2023,17:45,1,35,35095,1,1,7,6,D795,48,
2.023E+11,23,10,2023,07:00,2,84,84007,2,1,1,3,LAVARIN (Chemin du ),43,
2.023E+11,13,2,2023,09:15,1,55,55242,1,9,5,7,A4,49,
2.023E+11,19,8,2023,17:05,1,35,35263,1,2,1,3,la trinité,48,
2.023E+11,23,10,2023,12:30,1,83,83137,2,1,1,1,MOULINS (AVE DES DE 18 A 23,43,
2.023E+11,21,8,2023,16:15,1,29,29160,1,3,1,7,Lieu Dit Croassant Ar Vugale,48,
2.023E+11,24,10,2023,15:20,1,78,78440,2,2,1,3,MOLIERE (RUE),48,
2.023E+11,18,1,2023,18:10,5,35,35125,2,2,1,6,Rue du Grand Mail,47,
2.023E+11,24,10,2023,12:30,1,78,78498,2,2,1,1,DEVAUX BD,48,
2.023E+11,22,8,2023,18:52,1,70,70216,1,1,1,1,2 Route de Saint Sauveur,47,
2.023E+11,24,10,2023,10:50,1,77,77350,1,3,1,2,D471,48,
2.023E+11,22,8,2023,20:40,2,6,6079,1,1,1,6,Avenue de Fréjus,43,
2.023E+11,9,10,2023,18:09,1,77,77210,1,3,1,1,D210,48,
2.023E+11,24,10,2023,15:08,1,77,77445,2,3,1,3,CURIE (AVENUE PIERRE ET MARIE),48,
2.023E+11,23,8,2023,15:45,1,50,50216,1,4,1,1,Rue du Haut Vernay,49,
2.023E+11,23,8,2023,09:10,1,45,45258,2,1,7,6,D948 PR 6 + 522,48,
2.023E+11,23,8,2023,18:45,1,10,10141,1,1,1,7,RD70,48,
2.023E+11,21,8,2023,14:50,1,53,53188,2,3,1,3,Route de Pouancé,47,
2.023E+11,21,8,2023,21:40,3,87,87203,1,1,1,7,D82,45,
2.023E+11,24,10,2023,19:00,2,76,76212,2,2,1,3,Boulevard de la Paix,49,
2.023E+11,23,8,2023,05:00,3,30,30281,1,2,1,6,D22,43,
2.023E+11,22,10,2023,02:30,5,76,76351,2,1,1,1,SUEDE (QUAI DE),49,
2.023E+11,21,8,2023,17:43,1,48,48146,1,1,1,6,D986,44,
2.023E+11,21,10,2023,12:45,1,76,76351,2,3,2,6,HALLES CENTRALES (PLACE DES),49,
2.023E+11,23,8,2023,16:00,1,72,72299,1,1,8,6,A28,47,
2.023E+11,20,10,2023,15:45,1,76,76351,2,2,1,1,DEMIDOFF (RUE),49,
2.023E+11,20,8,2023,22:40,3,973,97307,1,1,1,2,Route du Larivot,4,
2.023E+11,21,8,2023,12:00,1,24,24086,2,3,1,3,Le Bourg D51,44,
2.023E+11,23,10,2023,13:10,1,72,72181,2,9,2,3,PATIS SAINT LAZARE (PL DU),48,
2.023E+11,22,8,2023,19:00,5,73,73237,1,1,1,3,A43 pk 136.600,45,
2.023E+11,22,8,2023,11:00,1,30,30169,1,1,1,6,N113,43,
2.023E+11,24,10,2023,22:50,5,69,69264,1,3,1,6,Rue Charles Seve,45,
2.023E+11,22,8,2023,17:15,2,976,97616,1,3,2,3,CCD5 ( Route de Tahiti plage direction le Sud ),-12,
2.023E+11,23,10,2023,08:45,1,68,68056,1,1,8,1,RD8B1 - Didenheim ,47,
2.023E+11,22,8,2023,04:50,3,17,17379,1,1,1,7,A10,45,
2.023E+11,24,10,2023,16:40,1,64,64445,2,1,1,3,ALSACE LORRAINE D',43,
2.023E+11,24,10,2023,12:05,1,64,64445,2,3,1,3,PAIX,43,
2.023E+11,12,10,2023,18:45,1,64,64445,2,1,1,2,14 JUILLET DU,43,
2.023E+11,24,10,2023,17:50,1,62,62826,2,6,8,3,Avenue de Picardie,50,
2.023E+11,25,10,2023,00:15,5,62,62239,1,1,2,2,Boulevard du Kent,50,
2.023E+11,23,9,2023,23:05,5,13,13212,1,1,1,2,A507 sens Marseille - Aubagne,43,
2.023E+11,24,10,2023,12:20,1,62,62193,2,1,1,6,LOUIS BLERIOT (AVENUE),50,
2.023E+11,23,9,2023,23:15,3,69,69204,1,1,1,2,Autoroute 450,45,
2.023E+11,19,9,2023,07:55,1,67,67389,1,1,1,2,M35,48,
2.023E+11,24,10,2023,15:00,1,60,60175,2,7,7,6,Rue Georges Stephenson,49,
2.023E+11,24,9,2023,18:30,1,91,91345,1,1,1,3,AUTOROUTE A6,48,
2.023E+11,24,9,2023,08:15,1,75,75113,1,1,1,6,A6B,48,
2.023E+11,24,9,2023,13:50,1,93,93078,1,1,1,3,AUTOROUTE A104,48,
2.023E+11,24,9,2023,01:30,3,95,95424,1,1,1,6,A15,48,
2.023E+11,23,10,2023,17:25,1,60,60175,1,1,2,4,RD 201,49,
2.023E+11,23,9,2023,21:35,3,93,93064,1,1,1,3,AUTOROUTE A86,48,
2.023E+11,23,9,2023,21:30,3,95,95256,1,1,1,4,N184,49,
2.023E+11,24,10,2023,10:20,1,60,60057,2,9,1,3,Avenue Salvador Allende,49,
2.023E+11,23,9,2023,18:40,1,93,93010,1,1,1,3,AUTOROUTE A3,48,
2.023E+11,24,9,2023,15:00,1,94,94017,1,1,1,2,A4,48,
2.023E+11,23,10,2023,19:23,5,57,57221,2,1,3,6,LORRAINE (AVENUE DE),49,
2.023E+11,24,9,2023,13:20,1,94,94017,1,1,1,2,A4,48,
2.023E+11,23,9,2023,03:25,3,94,94081,1,1,1,3,A86,48,
2.023E+11,24,10,2023,17:30,1,57,57412,2,1,1,2,SAINT SYMPHORIEN (BOULEVARD ),49,
2.023E+11,23,9,2023,03:25,3,94,94081,1,1,1,6,A86,48,
2.023E+11,21,10,2023,13:41,1,57,57019,2,1,1,6,CASINO (RUE DU),49,
2.023E+11,22,9,2023,20:35,3,77,77363,1,1,1,6,RN104,48,
2.023E+11,23,10,2023,17:35,1,56,56098,2,6,2,7,DIX HUIT JUIN 1940 (ROND-POINT DU),47,
2.023E+11,24,5,2023,18:40,1,62,62826,2,2,1,3,Rue Saint-amand,50,
2.023E+11,23,9,2023,18:30,5,973,97302,2,1,1,3,MONTABO (ROUTE DE) 1,4,
2.023E+11,23,10,2023,15:55,1,54,54395,2,1,1,2,BOUFFLERS (AV. DE 74 A 334 - 53 A 399),48,
2.023E+11,22,9,2023,15:45,1,69,69034,2,1,2,2,53 Montée de la Boucle,45,