Num_Acc,jour,mois,an,hrmn,lum,dep,com,agg,int,atm,col,adr,lat,long
2.023E+11,18,11,2023,02:15,3,24,24115,2,1,1,6,route de la tour blanche,45,
2.023E+11,11,2,2023,18:00,3,95,95134,1,1,1,6,D4,49,
2.023E+11,3,5,2023,12:40,1,2A,2A004,2,1,1,6,NAPOLEON COURS APRES BEVERINI,41,
2.023E+11,28,11,2023,08:35,1,53,53108,1,1,1,6,A81 PK 265+650,48,
2.023E+11,11,2,2023,09:45,1,86,86254,1,2,7,3,D729,46,
2.023E+11,27,11,2023,19:20,3,38,38253,1,1,4,7,RD220,45,
2.023E+11,11,2,2023,21:00,3,60,60385,1,1,2,6,Chemin du Parc de Bourneville,49,
2.023E+11,2,5,2023,19:10,1,91,91421,1,1,1,2,NATIONALE 6 (PARTIE FORET),48,
2.023E+11,28,11,2023,13:25,1,6,6088,1,1,1,7,Autoroute A8,,
2.023E+11,8,2,2023,10:50,1,44,44103,1,1,1,2,,47,
2.023E+11,11,2,2023,19:40,3,23,23235,1,1,1,7,Mas Fevrier,46,
2.023E+11,29,11,2023,00:00,3,988,98831,2,3,1,7,Route de la Plage de Gatope,-20,
2.023E+11,2,5,2023,14:15,1,87,87085,2,1,1,3,LEGENDRE (RUE CHARLES),45,
2.023E+11,12,2,2023,08:50,1,21,21373,1,1,5,7,D33,47,
2.023E+11,11,2,2023,17:00,1,51,51287,1,1,1,3,D1,49,
2.023E+11,30,4,2023,08:15,1,87,87085,2,6,1,2,BUGEAUD (COURS),45,
2.023E+11,8,11,2023,19:00,5,78,78537,2,3,1,3,D29,48,
2.023E+11,12,2,2023,14:45,1,82,82155,1,1,7,1,D958,44,
2.023E+11,30,4,2023,05:30,3,87,87085,2,1,1,6,DORMOY (RUE MAX),45,
2.023E+11,28,11,2023,18:00,5,84,84054,2,1,1,2,avenue aristide briand,43,
2.023E+11,12,2,2023,09:00,1,32,32107,1,1,1,1,route de cahuzac,43,
2.023E+11,29,4,2023,02:00,5,87,87085,2,1,1,6,LECLERC (AVENUE DU GENERAL),45,
2.023E+11,26,11,2023,16:40,2,13,13097,1,1,6,6,N568,43,
2.023E+11,12,2,2023,11:20,1,61,61483,2,6,1,6,D916,48,
2.023E+11,28,4,2023,20:20,2,87,87048,1,1,1,7,PEYROUX (LIEU DIT LE),45,
2.023E+11,27,11,2023,13:45,1,89,89438,1,1,3,3,Autoroute A6 PK 166+600,47,
2.023E+11,30,4,2023,20:20,1,85,85194,2,1,1,1,14 Rue jean neau,46,
2.023E+11,12,2,2023,01:45,3,42,42185,1,1,1,6,Rue de la Loire,45,
2.023E+11,12,2,2023,07:45,2,22,22203,1,1,5,6,Les Ecredes (L'Hermitage-Lorge),48,
2.023E+11,27,11,2023,18:35,5,67,67067,2,1,3,6,Rue Jacques Kablé,48,
2.023E+11,3,5,2023,19:35,1,83,83069,2,2,1,1,DECUGIS (AVENUE ALFRED),43,
2.023E+11,11,2,2023,15:00,1,39,39560,1,1,7,7,,46,
2.023E+11,12,2,2023,10:10,1,29,29093,1,1,1,1,16 - Treverroc,48,
2.023E+11,3,5,2023,19:30,1,78,78418,2,6,1,3,HUIT MAI 1945 (RUE DU),48,
2.023E+11,27,11,2023,19:35,3,88,88531,1,1,4,1,D8,48,
2.023E+11,11,2,2023,01:30,4,38,38095,1,6,1,6,D20,45,
2.023E+11,27,11,2023,18:30,3,73,73176,1,1,4,7,D1090,45,
2.023E+11,3,5,2023,15:40,1,77,77243,2,1,1,4,JACQUES LEPAIRE  (RUE   ),48,
2.023E+11,12,2,2023,04:15,3,2,2759,2,4,5,6,8 Rue de Verdun,49,
2.023E+11,27,11,2023,18:45,5,73,73213,2,2,2,6,Rue Richelieu,45,
2.023E+11,4,5,2023,00:10,5,76,76157,2,3,1,1,Avenue du President Allende,49,
2.023E+11,11,2,2023,19:45,3,3,3080,1,2,1,3,D2209,46,
2.023E+11,3,5,2023,19:50,1,76,76319,1,1,7,7,D132,49,
2.023E+11,25,11,2023,08:15,1,38,38449,1,1,1,6,Chemin de la Poype,45,
2.023E+11,12,2,2023,15:10,1,15,15038,2,3,1,3,D 679,45,
2.023E+11,3,5,2023,15:00,1,76,76540,2,2,1,6,Rue Victor Hugo,49,
2.023E+11,2,5,2023,09:10,1,76,76391,2,1,1,6,Rue Frété,49,
2.023E+11,12,2,2023,10:25,1,72,72373,1,1,8,1,les jauges,48,
2.023E+11,12,2,2023,12:20,1,50,50464,1,1,1,3,La Vaudonniere,48,
2.023E+11,30,4,2023,22:50,3,76,76447,1,1,1,2,RD 489,49,
2.023E+11,27,11,2023,18:25,5,38,38158,2,3,2,3,Rue Irene Joliot Curie,45,
2.023E+11,12,2,2023,08:00,3,50,50251,1,1,1,6,La croix verte,49,
2.023E+11,3,5,2023,06:31,1,72,72181,2,3,1,6,ROUSSEAU JJ  BD N° IMP 1 A 133,47,
2.023E+11,11,2,2023,20:30,3,60,60029,1,1,2,6,Route de Villotran,49,
2.023E+11,28,11,2023,07:00,2,69,69009,1,1,2,3,Route de Lyon,45,
2.023E+11,12,2,2023,05:55,3,43,43152,1,1,1,6,5 Route du Collet,45,
2.023E+11,3,5,2023,21:45,5,69,69266,2,6,1,6,Rue Gabriel Péri,45,
2.023E+11,27,11,2023,17:30,5,81,81140,2,6,2,6,5 Allées Jean Jaurès,43,
2.023E+11,3,5,2023,14:25,1,69,69266,2,1,1,6,161 Rue Léon Blum,45,
2.023E+11,11,2,2023,20:20,3,36,36128,1,1,1,6,Rosiers,46,
2.023E+11,2,5,2023,00:30,5,69,69256,2,1,1,6,Avenue Salvador Allende,45,
2.023E+11,26,11,2023,16:00,2,46,46057,1,1,1,6,lasfargue,44,
2.023E+11,11,2,2023,20:30,5,7,7183,2,3,1,7,2830 Route de Ruoms,44,
2.023E+11,3,5,2023,13:00,1,69,69264,2,3,1,3,Rue Jean-Michel Savigny,45,
2.023E+11,28,11,2023,20:35,3,17,17021,2,1,1,6,11 Rue des Bergères,45,
2.023E+11,11,2,2023,16:00,1,24,24216,1,1,1,1,Néplier - D708,45,
2.023E+11,11,2,2023,16:45,1,85,85047,2,6,7,3,VC Rue de Bois de Céné,46,
2.023E+11,27,11,2023,19:10,3,86,86017,1,1,2,6,D42,46,
2.023E+11,3,5,2023,20:00,1,69,69259,2,6,1,3,Avenue Jacques Duclos,45,
2.023E+11,11,2,2023,13:15,1,85,85090,1,1,1,1,D64,46,
2.023E+11,27,11,2023,17:05,2,47,47157,2,1,3,6,25 Rue Jean Moulin,44,
2.023E+11,12,2,2023,03:30,3,42,42185,1,1,1,6,Route de Veauche,45,
2.023E+11,3,5,2023,07:17,1,69,69259,2,2,1,3,Avenue Jean Cagne,45,
2.023E+11,12,2,2023,07:45,2,49,49068,1,1,1,6,A 11 PK 289,47,
2.023E+11,20,11,2023,13:25,1,60,60524,1,1,8,3,D1016,49,
2.023E+11,3,5,2023,11:15,1,67,67218,2,1,1,6,STRASBOURG (AVENUE DE),48,
2.023E+11,11,2,2023,16:40,1,976,97605,2,1,1,7,Route de Sohoa,-12,
2.023E+11,12,2,2023,11:45,1,62,62559,1,9,1,6,A26,50,
2.023E+11,25,11,2023,21:15,5,60,60433,2,1,1,2,D1001,49,
2.023E+11,27,4,2023,15:40,1,67,67043,2,3,1,3,PERIGUEUX (AVENUE DE),48,
2.023E+11,18,11,2023,18:50,5,2,2381,2,1,2,6,50 Avenue de Verdun,49,
2.023E+11,27,4,2023,10:20,1,67,67482,2,3,1,6,SALZMANN (RUE),48,
2.023E+11,12,2,2023,16:30,1,34,34327,1,1,1,5,D68,43,
2.023E+11,2,5,2023,21:42,5,66,66136,2,1,1,2,N/A,42,
2.023E+11,12,2,2023,06:50,3,42,42065,1,1,1,6,Route de Roanne,45,
2.023E+11,27,11,2023,15:45,1,59,59626,1,1,2,1,D129,50,
2.023E+11,11,2,2023,17:34,1,1,1032,2,1,1,6,Montee de Beligneux,45,
2.023E+11,1,5,2023,13:54,1,66,66136,2,3,1,3,JUIN (AVENUE DU MARECHAL),42,
2.023E+11,24,11,2023,10:35,1,38,38087,1,9,1,2,A7,45,
2.023E+11,12,2,2023,17:45,1,85,85250,1,1,1,1,D760,46,
2.023E+11,9,2,2023,22:00,3,83,83027,1,1,1,2,A50,43,
2.023E+11,27,11,2023,12:35,1,33,33063,1,1,2,6,ROCADE A 630,44,
2.023E+11,3,5,2023,12:35,1,64,64483,2,1,1,5,ASCAIN (ROUTE D'),43,
2.023E+11,24,1,2023,15:00,1,69,69297,1,1,1,3,Autoroute 47,45,
2.023E+11,3,5,2023,01:05,3,64,64545,1,1,1,7,ROUTE D'IBARDIN,43,
2.023E+11,27,11,2023,09:00,1,33,33013,1,1,2,3,ROUTE NATIONALE 230,44,
2.023E+11,11,2,2023,22:05,3,91,91617,1,1,1,2,RN 104,48,
2.023E+11,2,5,2023,12:10,1,64,64445,2,1,1,6,ALSACE LORRAINE D',43,
2.023E+11,27,11,2023,10:07,1,94,94003,1,1,2,3,A6A,48,
2.023E+11,11,2,2023,20:43,3,91,91377,1,1,1,2,AUTOROUTE A10,48,
2.023E+11,2,5,2023,17:52,1,64,64024,2,1,1,3,MONTBRUN (AVENUE DE),43,
2.023E+11,11,2,2023,17:29,2,91,91689,1,1,1,2,AUTOROUTE A6,48,
2.023E+11,26,11,2023,04:25,3,94,94034,1,1,1,6,A86,48,
2.023E+11,2,5,2023,17:20,1,64,64102,2,1,1,7,SOULT (AVENUE MARECHAL),43,
2.023E+11,11,2,2023,11:18,1,91,91161,1,1,1,2,AUTOROUTE A6,48,
2.023E+11,11,2,2023,02:30,3,91,91477,1,1,1,6,AUTOROUTE A126,48,
2.023E+11,26,11,2023,18:40,3,78,78158,1,1,1,5,A13,48,
2.023E+11,25,4,2023,09:10,1,63,63032,2,2,1,3,Rt de ROMAGNAT / Barbier d'Aubrée,45,
2.023E+11,11,2,2023,15:15,1,93,93053,1,1,1,2,AUTOROUTE A3,48,
2.023E+11,11,2,2023,05:00,3,95,95252,1,1,1,6, A15,48,
2.023E+11,2,5,2023,08:30,1,63,63113,2,1,1,3,CLEMENTEL (BD ETIENNE),45,
2.023E+11,26,11,2023,17:50,3,92,92036,1,1,1,4,A86,48,
2.023E+11,10,2,2023,23:40,5,93,93066,1,1,1,4,AUTOROUTE A1,48,
2.023E+11,3,5,2023,22:15,3,62,62774,1,1,1,2,PARC DOVER PATROL,50,
2.023E+11,27,11,2023,08:00,2,93,93064,1,1,2,3,AUTOROUTE A86,48,
2.023E+11,10,2,2023,19:30,5,95,95018,1,1,1,2,A15,48,
2.023E+11,27,11,2023,13:45,2,94,94017,1,1,2,2,A4,48,
2.023E+11,2,5,2023,16:55,1,60,60325,1,1,1,4,Rd 1131,49,
2.023E+11,10,2,2023,15:00,1,93,93007,1,1,1,4,AUTOROUTE A1,48,
2.023E+11,10,2,2023,07:40,2,67,67267,2,1,1,6,KONRAD ADENAUER (RUE),48,
2.023E+11,3,5,2023,07:50,1,56,56260,2,3,1,3,49 Boulevard des Iles,47,
2.023E+11,27,11,2023,09:30,1,94,94017,1,1,2,5,A4,48,
2.023E+11,10,2,2023,19:37,3,49,49246,2,1,1,6,VEST,47,
2.023E+11,2,5,2023,17:34,1,56,56121,2,1,1,3,NORMANDIE ( BD ET IMP DE ),47,
2.023E+11,28,8,2023,08:50,1,74,74208,1,9,2,2,Route Nationale 205,45,
2.023E+11,10,2,2023,16:35,1,75,75116,2,3,1,6,RUE RAYNOUARD,48,
2.023E+11,2,11,2023,19:43,5,14,14137,2,1,2,6,59 Route de Caumont,49,
2.023E+11,3,5,2023,22:45,5,45,45234,2,2,1,3,305 Rue des Murlins,47,
2.023E+11,10,2,2023,07:50,1,93,93064,2,2,1,3,Rue des 2 Communes / Rue Henri Mondor,48,
2.023E+11,18,5,2023,10:30,1,14,14409,2,1,1,3,98 Route de Cabourg,49,
2.023E+11,3,5,2023,18:00,1,38,38185,2,1,1,6,RUE NICOLAS CHORIER,45,
2.023E+11,10,2,2023,16:40,1,92,92076,2,1,1,6,GENETS,48,
2.023E+11,26,11,2023,16:40,1,974,97416,2,1,1,6,MAHY (RUE FRANCOIS DE),-21,
2.023E+11,24,4,2023,21:20,5,36,36044,2,1,1,6,13 Rue Joseph Bellier,46,
2.023E+11,9,2,2023,10:15,1,76,76540,2,1,1,6,Boulevard de la Marne,49,
2.023E+11,9,2,2023,11:19,1,63,63113,2,2,1,6,TORPILLEUR SIROCCO / rue du Cheval,45,
2.023E+11,26,11,2023,10:00,1,974,97416,1,9,1,7,RN1(BRETELLE ACCES),-21,
2.023E+11,3,5,2023,12:00,1,35,35238,2,2,1,3,STRASBOURG (BOULEVARD DE),48,
2.023E+11,9,2,2023,18:37,5,63,63075,2,1,1,6,BERTHELOT (BOULEVARD),45,
2.023E+11,3,5,2023,16:15,1,33,33119,2,1,1,6,Avenue René Cassagne,44,
2.023E+11,9,2,2023,07:30,1,13,13202,2,1,1,6,ROGER SALENGRO (AVENUE),43,
2.023E+11,26,11,2023,10:45,1,973,97302,2,2,1,3,MANDELA  (BOULEVARD),4,
2.023E+11,9,2,2023,08:25,1,91,91468,1,1,1,5,AUTOROUTE A6,48,
2.023E+11,3,5,2023,11:45,1,33,33162,2,3,1,3,Avenue du Médoc,44,
2.023E+11,25,11,2023,20:30,5,973,97302,2,1,1,7,SAINT ANTOINE (CHEMIN),4,
2.023E+11,8,2,2023,08:25,1,8,8409,2,1,9,6,MARNE (AVENUE DE LA),49,
2.023E+11,20,4,2023,16:00,1,30,30189,2,6,1,3,rond point zion ,43,
2.023E+11,25,11,2023,18:50,5,973,97302,1,1,1,6,ROUTE NATIONALE 1,4,
2.023E+11,8,2,2023,12:20,1,67,67482,2,1,1,6,COLMAR (AVENUE DE),48,
2.023E+11,8,2,2023,10:45,1,77,77288,2,1,1,6,SAINT AMBROISE (RUE),48,
2.023E+11,25,11,2023,00:40,5,973,97302,2,1,2,7,ROBERT VIGNON (RUE),4,
2.023E+11,29,4,2023,10:38,1,28,28085,2,1,7,6,BOIS MERRAIN (RUE DU),48,
2.023E+11,10,2,2023,09:18,1,976,97611,2,1,1,2,m'tsapere-Case pente ( rue ),-12,
2.023E+11,26,11,2023,15:25,1,972,97209,2,1,1,2,RD 41 (ROCADE),14,
2.023E+11,28,4,2023,13:45,1,27,27229,2,1,1,6,BART (RUE JEAN),49,
2.023E+11,10,2,2023,12:35,1,974,97416,1,1,1,2,RN1 (ROUTE NATIONALE),-21,
2.023E+11,3,5,2023,19:30,1,26,26198,2,6,1,6,Route d’Espeluche,44,
2.023E+11,8,2,2023,22:45,5,974,97411,2,6,1,2,JAURES (BOULEVARD JEAN),-20,
2.023E+11,26,11,2023,15:20,1,69,69389,2,2,1,3,Rue Marietton,45,
2.023E+11,3,5,2023,20:20,1,25,25056,2,1,1,2,LANGUEDOC RUE DU,47,
2.023E+11,10,2,2023,07:07,1,973,97302,2,1,1,3,BADUEL (ROUTE DE),4,
2.023E+11,20,4,2023,03:00,5,22,22278,2,1,1,6,LAENNEC (BD),48,
2.023E+11,10,2,2023,08:45,1,972,97213,1,1,2,3,PAYS MELES,14,
2.023E+11,26,11,2023,13:30,1,971,97105,2,3,1,5,BOLOGNE (ROUTE DE),16,
2.023E+11,3,5,2023,14:01,1,17,17300,2,9,1,6,CHEF DE VILLE   RUE,46,
2.023E+11,10,2,2023,15:55,1,2A,2A004,2,1,1,1,ROUTE DU STILETTO,41,
2.023E+11,10,2,2023,12:05,1,2A,2A004,2,1,1,3,ROUTE DU STILETTO,41,
2.023E+11,3,5,2023,10:15,1,14,14271,1,1,1,3,N814,49,
2.023E+11,25,11,2023,17:50,3,95,95585,2,1,1,5,D125,48,
2.023E+11,9,2,2023,17:40,1,91,91174,2,1,1,6,RUE PAUL BERT,48,
2.023E+11,3,5,2023,12:30,1,13,13206,2,2,1,6,ROUET (RUE DU),43,
2.023E+11,10,2,2023,08:35,1,86,86214,2,2,1,3,D162,46,
2.023E+11,26,11,2023,14:00,1,91,91692,2,1,1,2,OCEANIE (AVENUE DE L'),48,
2.023E+11,4,2,2023,13:00,1,80,80021,2,9,1,3,LONGUEVILLE (PLACE),49,
2.023E+11,3,5,2023,12:40,1,13,13211,2,1,1,6,SAINT MENET (MONTEE),43,
2.023E+11,3,5,2023,07:52,1,13,13210,2,1,1,4,ROMAIN ROLLAND (BOULEVARD),43,
2.023E+11,10,2,2023,20:20,5,76,76322,2,1,1,6,Boulevard Maurice Ravel,49,
2.023E+11,15,1,2023,01:10,3,73,73065,2,6,3,6,Marius Berroir / Costa de Beauregard,45,
2.023E+11,3,5,2023,05:50,2,13,13215,2,1,1,6,BOURRELY (CHEMIN DES),43,
2.023E+11,26,11,2023,18:20,5,91,91097,2,9,1,4,AV DU GAL CHARLES DE GAULLE,48,
2.023E+11,7,2,2023,05:15,5,67,67482,2,1,1,3,COMTES (ALLEE DES),48,
2.023E+11,3,5,2023,21:40,3,13,13005,2,1,1,7,AVELANEDE (CHEMIN DE L'),43,
2.023E+11,9,2,2023,17:10,1,67,67482,2,1,1,2,LOUIS PASTEUR (QUAI),48,
2.023E+11,26,11,2023,10:30,1,91,91097,2,1,1,6,AV JEAN MOULIN,48,
2.023E+11,3,5,2023,19:45,1,13,13001,2,1,1,6,MARSEILLE (ROUTE DE ),43,
2.023E+11,10,2,2023,11:50,1,64,64445,2,1,1,1,TOURASSE,43,
2.023E+11,2,5,2023,14:40,1,10,10333,2,1,1,4,Avenue d'Echenilly,48,
2.023E+11,26,11,2023,18:00,5,89,89387,2,3,1,3,LUCIEN CORNET (AVENUE),48,
2.023E+11,9,2,2023,20:53,5,64,64445,2,2,1,3,JEAN MERMOZ,43,
2.023E+11,2,5,2023,08:26,1,10,10333,2,1,1,3,AUXERRE (ROUTE),48,
2.023E+11,26,11,2023,19:17,5,77,77320,2,1,1,6,D934,48,
2.023E+11,3,5,2023,19:20,1,6,6088,2,3,1,6,CIMIEZ (BD) A PARTIR DU 16-17,43,
2.023E+11,26,3,2023,11:12,1,38,38348,2,6,9,7,impasse du plan d'eau,45,
2.023E+11,3,5,2023,08:50,1,4,4112,2,1,1,6,MAJORAL ARNAUD (AV.),43,
2.023E+11,26,11,2023,18:35,5,76,76540,2,2,1,3,Rue du Renard,49,
2.023E+11,10,2,2023,18:05,1,64,64024,2,1,1,1,DASSAULT (AVENUE MARCEL),43,
2.023E+11,25,3,2023,20:40,5,69,69028,2,3,1,7,Route Neuve,45,
2.023E+11,3,5,2023,19:15,1,2,2738,2,1,1,1,56 Rue Denfert Rochereau,49,
2.023E+11,26,3,2023,03:00,3,9,9082,1,1,1,7,RD 117,43,
2.023E+11,25,11,2023,16:12,1,76,76575,1,1,1,3,Boulevard Lénine,49,
2.023E+11,26,3,2023,19:30,2,14,14076,1,1,3,6,10 Rue de la Mer,49,
2.023E+11,10,2,2023,16:30,1,64,64102,2,1,1,3,PINEDE (CHEMIN),43,
2.023E+11,3,5,2023,14:20,1,75,75108,2,2,1,3,PLACE DE LA CONCORDE,48,
2.023E+11,25,11,2023,15:40,1,69,69266,2,2,1,3,Rue Octavie,45,
2.023E+11,26,3,2023,05:00,3,35,35242,1,1,2,7,CD 12 - PK 10+ 100,48,
2.023E+11,26,11,2023,16:40,5,67,67482,2,1,1,6,FEDERATION (ROUTE DE LA),48,
2.023E+11,2,5,2023,21:08,5,75,75107,2,2,1,1,RUE DU BAC,48,
2.023E+11,25,3,2023,19:30,3,27,27123,1,3,1,2,Route Nationale 13,49,
2.023E+11,10,2,2023,15:18,1,64,64102,2,1,1,6,PIECE NOYEE (ROND POINT DE LA),43,
2.023E+11,26,11,2023,06:30,3,64,64132,1,1,1,6,D938,43,
2.023E+11,3,5,2023,16:45,1,75,75105,2,3,1,2,QUAI DE LA TOURNELLE,48,
2.023E+11,25,3,2023,17:50,1,60,60589,2,6,8,3,Avenue de la Paix,49,
2.023E+11,25,11,2023,11:30,1,62,62667,2,2,1,7,D119E1,50,
2.023E+11,3,5,2023,17:50,1,75,75117,2,1,1,3,AVENUE DE WAGRAM,48,
2.023E+11,20,2,2023,14:20,1,69,69152,1,1,1,4,Route de Métropole 7,45,
2.023E+11,26,11,2023,10:10,1,58,58194,2,1,5,1,MARECHAL KOENING,46,
2.023E+11,3,5,2023,18:40,2,75,75115,2,2,1,3,RUE DE LA CROIX NIVERT,48,
2.023E+11,9,2,2023,16:20,1,64,64024,2,1,1,3,LARREBAT (RUE JUSTIN),43,
2.023E+11,25,3,2023,00:00,3,91,91553,1,1,1,5,RN6 PROVINCE / RN104 INT,48,
2.023E+11,24,11,2023,22:00,5,57,57606,2,7,2,3,AGORA (RUE DE L'),49,
2.023E+11,3,5,2023,18:30,1,75,75113,2,4,1,3,BOULEVARD KELLERMANN,48,
2.023E+11,9,2,2023,18:52,5,62,62178,2,1,1,6,Rue Louis Dussart,50,
2.023E+11,25,11,2023,22:30,5,51,51454,2,1,1,3,COURLANCY (RUE DE),49,
2.023E+11,3,5,2023,18:30,1,75,75113,2,2,1,3,AVENUE D ITALIE,48,
2.023E+11,25,3,2023,17:55,1,92,92050,1,1,1,6,A86,48,
2.023E+11,6,2,2023,16:30,1,62,62119,2,6,1,6,Rue Marcelin Berthelot,50,
2.023E+11,26,11,2023,12:30,1,41,41047,2,1,1,3,ONYX (RUE DE),47,
2.023E+11,3,5,2023,18:00,1,75,75112,2,3,1,3,AVENUE DE GRAVELLE,48,
2.023E+11,25,3,2023,15:15,1,95,95527,1,1,1,3,A3,48,
2.023E+11,26,11,2023,07:05,5,35,35238,2,3,1,3,SAINT-JEAN BAPTISTE DE LA SALLE,48,
2.023E+11,3,5,2023,16:20,1,75,75112,2,2,1,3,QUAI DE LA RAPEE,48,
2.023E+11,10,2,2023,14:30,1,59,59599,2,1,1,6,GRAND PLACE,50,
2.023E+11,24,3,2023,20:10,3,93,93064,1,1,8,4,AUTOROUTE A86,48,
2.023E+11,24,3,2023,13:15,1,95,95252,1,1,1,6,A115,48,
2.023E+11,25,11,2023,16:45,1,35,35278,2,6,1,5,MONTGERMONT (ROND POINT DE),48,
2.023E+11,3,5,2023,16:40,1,75,75111,2,2,1,3,BOULEVARD DES FILLES DU CALVAIRE,48,
2.023E+11,24,3,2023,18:50,3,972,97213,1,1,2,6,ROUTE DEPARTEMENTALE 15,14,
2.023E+11,10,2,2023,22:00,3,59,59636,1,1,1,6,VERT GALANT LIEU DIT,50,
2.023E+11,26,11,2023,14:05,1,34,34172,2,3,1,3,AUTIGNAC (RUE GUILLAUME D'),43,
2.023E+11,23,3,2023,19:25,5,62,62186,2,1,3,6,D166,50,
2.023E+11,3,5,2023,06:45,1,75,75111,2,2,1,3,AVENUE PARMENTIER,48,
2.023E+11,22,3,2023,17:00,1,59,59350,2,1,8,6,GAMBETTA LEON RUE,50,
2.023E+11,26,11,2023,18:36,5,33,33200,2,3,1,3,Avenue Pasteur,44,
2.023E+11,3,5,2023,10:45,1,75,75110,2,3,1,3,RUE DU FAUBOURG SAINT MARTIN,48,
2.023E+11,10,2,2023,20:20,5,59,59350,2,1,1,3,ESCH SUR ALZETTE RUE,50,
2.023E+11,22,3,2023,16:55,1,29,29019,2,1,1,6,rue Corot,48,
2.023E+11,3,5,2023,08:00,1,75,75110,2,1,1,1,BOULEVARD DE MAGENTA,48,
2.023E+11,26,11,2023,06:36,5,33,33063,2,3,1,6,Cours de la Marne,44,
2.023E+11,7,2,2023,17:10,1,59,59328,2,1,1,1,CHENIER ANDRE RUE,50,
2.023E+11,26,11,2023,16:10,1,31,31555,2,1,1,3,BD GRIFFOUL DORVAL,43,
2.023E+11,24,3,2023,19:30,5,973,97302,2,6,1,3,SUZINI (CARREFOUR),4,
2.023E+11,3,5,2023,13:20,1,75,75108,2,2,1,5,RUE DE COURCELLES,48,
2.023E+11,10,2,2023,09:20,1,56,56098,2,6,1,2,TRUDAINE (RUE  DANIEL ),47,
2.023E+11,26,11,2023,03:00,3,30,30007,2,1,1,6,MAS D'HOURS (QUAI DU),44,
2.023E+11,23,3,2023,18:12,2,973,97302,2,1,1,7,TROUBIRAN (CHEMIN DE),4,
2.023E+11,26,11,2023,11:45,1,29,29051,1,1,1,6,Route d'Elliant,47,
2.023E+11,24,3,2023,23:26,5,69,69381,2,2,1,6,Rue de la Martinière,45,
2.023E+11,10,2,2023,16:25,1,54,54547,2,6,1,6,EUROPE (BOULEVARD DE L'),48,
2.023E+11,24,3,2023,08:20,1,69,69152,2,1,1,6,154 Rue des Martyrs de la Libération,45,
2.023E+11,3,5,2023,19:10,1,75,75101,2,3,1,3,RUE DE RIVOLI,48,
2.023E+11,9,2,2023,15:35,1,54,54395,2,1,1,6,SAINT JEAN (RUE),48,
2.023E+11,25,11,2023,20:54,3,28,28134,1,9,1,1,N 154 (ROCADE),48,
2.023E+11,24,3,2023,11:46,1,2A,2A004,2,1,1,2,SEBASTIANU COSTA BD,41,
2.023E+11,24,3,2023,21:00,5,95,95680,2,1,1,6,Allee Pierre Corneille,49,
2.023E+11,3,5,2023,16:45,1,75,75101,2,3,1,6,RUE DE RIVOLI,48,
2.023E+11,26,11,2023,14:50,1,25,25056,2,2,1,2,KENNEDY  BOULEVARD J.F.,47,
2.023E+11,23,3,2023,18:37,1,95,95598,2,1,1,3,Avenue de Paris,48,
2.023E+11,3,5,2023,22:00,5,94,94046,2,1,1,2,Avenue du Général de Gaulle,48,
2.023E+11,9,2,2023,16:35,1,50,50129,2,2,1,3,LECLERC (RUE DU GENERAL),49,
2.023E+11,25,11,2023,05:00,3,13,13108,1,1,1,7,ARLES (PETITE ROUTE D ARLES CD 35),43,
2.023E+11,3,5,2023,07:20,1,94,94003,2,9,1,3,PAUL VAILLANT COUTURIER (AV),48,
2.023E+11,24,3,2023,16:30,1,91,91691,2,1,1,6,PIERRE GUILBERT(RUE),48,
2.023E+11,22,11,2023,15:45,1,30,30032,2,1,7,6,AVENUE DE LA PLAINE,43,
2.023E+11,9,2,2023,18:45,3,49,49007,2,3,1,6,DAVID D'ANGERS,47,
2.023E+11,3,5,2023,18:35,1,94,94041,2,1,1,3,Rue Amédée Huon,48,
2.023E+11,24,3,2023,19:45,5,91,91286,2,1,2,3,CORBEIL (ROUTE DE),48,
2.023E+11,28,10,2023,12:00,1,30,30032,2,1,1,6,COURS GAMBETTA,43,
2.023E+11,9,2,2023,15:20,1,49,49007,2,1,1,6,CAMUS BOULEVARD,47,
2.023E+11,3,5,2023,10:50,1,94,94077,2,6,1,6,Rue du Maréchal Lyautey / Avenue de la République,48,
2.023E+11,23,3,2023,06:50,2,91,91228,2,1,2,3,JEAN MERMOZ (RUE),48,
2.023E+11,9,2,2023,08:15,1,49,49007,2,1,1,7,DUNANT RUE HENRI ET ROND POINT,47,
2.023E+11,26,11,2023,03:45,5,13,13204,2,1,1,3,ALEX. FLEMING (BOULEVARD),43,
2.023E+11,3,5,2023,14:45,1,94,94079,2,3,1,3,Av du Mal de Lattre de Tassigny,48,
2.023E+11,21,3,2023,17:50,1,85,85194,2,1,1,2,VC Boulevard pasteur,46,
2.023E+11,23,3,2023,18:46,1,84,84007,1,1,1,6,VERTES RIVES (Avenue des ) - MONTFAVET,43,
2.023E+11,25,11,2023,23:43,5,13,13212,2,3,1,6,SAINT JULIEN (AVENUE DE ),43,
2.023E+11,3,5,2023,07:40,1,94,94079,2,2,1,3,Avenue des Saules,48,
2.023E+11,23,3,2023,15:10,1,84,84007,2,1,1,1,MAGNANARELLES (Avenue des)-MONTFAVET,43,
2.023E+11,10,2,2023,12:00,1,45,45338,2,2,8,2,82 Rue du Vieux Bourg,47,
2.023E+11,25,11,2023,21:50,5,13,13214,2,1,1,6,ROLAND DORGELES (BOULEVARD),43,
2.023E+11,3,5,2023,18:50,1,93,93059,2,3,1,6,Rue Jules Chatenay / Avenue Jacques Prévert,48,
2.023E+11,25,11,2023,17:55,5,13,13208,2,1,1,3,HAMBOURG (BOULEVARD),43,