Num_Acc,jour,mois,an,hrmn,lum,dep,com,agg,int,atm,col,adr,lat,long
2.023E+11,3,5,2023,13:00,1,93,93031,2,1,1,3,Avenue du 18 Juin 1940,48,
2.023E+11,22,3,2023,08:30,1,84,84007,2,2,1,6,C.De GAULLE (Rocade),43,
2.023E+11,26,11,2023,19:45,2,6,6069,2,6,1,1,CANNES (ROUTE DE)  -RD 6085-,43,
2.023E+11,10,2,2023,00:50,5,44,44109,2,1,1,1,10 Boulevard de l'Estuaire,47,
2.023E+11,2,5,2023,08:30,1,93,93057,2,3,1,6,Avenue Aristide Briand / Rue des Ecoles,48,
2.023E+11,24,3,2023,10:50,1,83,83137,2,1,1,6,PRUNEAU (AVE GENERAL),43,
2.023E+11,26,11,2023,12:00,1,6,6004,1,1,1,3,LITTORAL(BDM APRES BIJOU PLAGE RN98,43,
2.023E+11,3,5,2023,11:15,1,93,93001,2,2,1,6,Avenue des Ponceaux / Rue de Crèvecoeur,48,
2.023E+11,9,2,2023,08:10,1,41,41018,2,1,1,2,CABOCHON (RUE DE),47,
2.023E+11,24,3,2023,18:15,1,83,83069,1,1,1,1,PIERREFEU (ROUTE DE) RD 12,43,
2.023E+11,26,11,2023,15:05,1,75,75112,2,1,1,5,PORTE DE VINCENNES,48,
2.023E+11,2,5,2023,18:51,1,92,92046,2,7,1,6,ONZE NOVEMBRE 1918 (PLACE DU),48,
2.023E+11,24,3,2023,09:55,1,82,82121,2,2,1,3,CHATEAUVIEUX (RUE DE),44,
2.023E+11,3,5,2023,16:00,1,92,92050,2,1,1,6,LEVANT BOULEVARD DU,48,
2.023E+11,10,2,2023,07:45,1,40,40192,2,3,1,3,HAUSSEZ (BD D'),43,
2.023E+11,26,11,2023,00:15,5,75,75112,2,1,1,2,PORTE DE VINCENNES,48,
2.023E+11,23,3,2023,09:40,1,82,82121,2,3,1,3,Rue rené char,44,
2.023E+11,10,2,2023,16:16,1,38,38151,2,3,1,3,COURS JEAN JAURÈS,45,
2.023E+11,3,5,2023,20:13,1,92,92044,2,1,1,3,CHARLES PASQUA (QUAI) 32 A 58,48,
2.023E+11,25,11,2023,05:30,5,75,75116,2,1,1,2,PORTE MAILLOT,48,
2.023E+11,10,2,2023,15:30,2,38,38169,2,1,1,6,QUAI DU DRAC,45,
2.023E+11,3,5,2023,16:45,1,92,92044,2,1,1,6,VOLTAIRE(RUE)53A81 ET 42A62,48,
2.023E+11,10,2,2023,14:00,1,35,35238,2,1,1,6,POSTUMINUS,48,
2.023E+11,25,11,2023,17:45,5,75,75116,2,1,1,3,PORTE DE PASSY,48,
2.023E+11,10,2,2023,15:30,1,35,35281,2,1,1,3,NANTES (RUE DE),48,
2.023E+11,3,5,2023,13:00,1,92,92035,2,2,1,2,Kléber ( rue ),48,
2.023E+11,10,2,2023,08:05,2,35,35238,2,1,1,6,SAINT-BRIEUC (DE),48,
2.023E+11,24,11,2023,18:33,5,75,75117,2,3,1,2,AVENUE DE LA PORTE DE CHAMPERRET,48,
2.023E+11,24,3,2023,13:30,1,76,76540,2,4,1,3,Route de Bonsecours,49,
2.023E+11,3,5,2023,13:30,1,92,92026,2,1,1,2,AUGUSTE BAILLY,48,
2.023E+11,22,3,2023,19:15,5,72,72181,2,2,2,3,LOUIS BLANC (QUAI),48,
2.023E+11,3,5,2023,08:30,1,92,92025,2,1,1,3,STALINGRAD (AV DE),48,
2.023E+11,26,11,2023,10:46,1,75,75105,2,2,1,6,RUE MONGE,48,
2.023E+11,10,2,2023,17:40,1,34,34172,2,2,1,3,717 Avenue Jean Mermoz,43,
2.023E+11,24,3,2023,10:20,1,69,69256,2,1,8,3,39 Avenue Eugénie Cotton,45,
2.023E+11,3,5,2023,02:15,5,92,92024,2,3,1,6,BAC D'ASNIERE (RUE DU),48,
2.023E+11,10,2,2023,22:05,4,33,33200,2,6,1,7,Avenue de Magudas,44,
2.023E+11,26,11,2023,07:35,2,75,75118,2,3,1,6,BOULEVARD BARBES,48,
2.023E+11,11,2,2023,01:45,3,22,22187,2,1,1,7,GRIPPET (Rue du ),48,
2.023E+11,4,5,2023,08:18,1,85,85181,1,1,1,5,RD 148,46,
2.023E+11,24,11,2023,13:45,1,75,75116,2,1,1,1,ROUTE DE SURESNES,48,
2.023E+11,23,3,2023,19:50,5,67,67482,2,1,1,3,DRESDE (BOULEVARD DE),48,
2.023E+11,24,3,2023,16:20,1,64,64102,2,1,1,3,MAI 1945 (AVENUE DU 8),43,
2.023E+11,28,4,2023,16:54,1,67,67034,1,1,3,1,D30,48,
2.023E+11,25,11,2023,01:40,5,75,75115,2,2,1,6,QUAI DE GRENELLE,48,
2.023E+11,10,2,2023,18:30,3,22,22187,1,1,1,2,RN12,48,
2.023E+11,4,5,2023,15:20,1,32,32418,1,1,1,1,RD32,43,
2.023E+11,24,3,2023,12:15,1,64,64102,1,1,2,3,SAINT BERNARD (CHEMIN DE),43,
2.023E+11,26,11,2023,12:40,1,75,75114,2,2,1,3,AVENUE DE LA PORTE DE CHATILLON,48,
2.023E+11,10,2,2023,13:05,1,22,22278,2,1,1,7,ECLUSES (CHEM. DE L'),48,
2.023E+11,30,4,2023,09:15,1,62,62785,1,1,1,6,D939,50,
2.023E+11,23,3,2023,19:20,5,64,64102,2,1,1,2,SAINT LEON (ROND POINT),43,
2.023E+11,10,2,2023,20:50,3,13,13019,1,1,1,7,D9,43,
2.023E+11,25,11,2023,15:04,1,75,75113,2,2,1,3,BOULEVARD DU GENERAL JEAN SIMON,48,
2.023E+11,4,5,2023,13:45,1,34,34270,1,3,1,1,2 Rue Louis Breguet,43,
2.023E+11,23,3,2023,13:45,1,64,64102,2,6,1,3,DE MARTRES (AVENUE RAYMOND),43,
2.023E+11,4,5,2023,07:20,2,34,34270,2,1,7,6,6 Route de Beziers,43,
2.023E+11,26,11,2023,18:45,5,75,75111,2,2,1,6,BOULEVARD DE BELLEVILLE,48,
2.023E+11,23,1,2023,22:50,5,13,13056,2,1,1,6,RIMBAUD ARTHUR,43,
2.023E+11,4,5,2023,05:00,5,37,37153,1,1,1,6,A 10,47,
2.023E+11,25,11,2023,23:55,5,75,75120,2,7,1,3,BOULEVARD DE MENILMONTANT,48,
2.023E+11,23,3,2023,09:00,1,64,64024,2,2,1,3,CINQ CANTONS (RUE DES),43,
2.023E+11,4,5,2023,15:20,1,51,51412,1,1,1,7,D5,48,
2.023E+11,26,11,2023,16:40,2,93,93055,2,1,1,6,Avenue Édouard Vaillant,48,
2.023E+11,10,2,2023,18:15,5,13,13210,2,5,1,1,PAUL CLAUDEL (BOULEVARD),43,
2.023E+11,21,3,2023,14:30,1,62,62637,2,1,1,3,DARCHICOURT (AV FERNAND),50,
2.023E+11,25,11,2023,18:47,5,93,93046,2,1,1,1,Boulevard Jean Moulin,48,
2.023E+11,10,2,2023,10:45,1,13,13208,2,1,1,6,HAMBOURG (BOULEVARD),43,
2.023E+11,22,3,2023,17:55,1,62,62758,1,1,2,1,Rue du Denacre,50,
2.023E+11,26,11,2023,12:00,1,92,92064,2,1,1,7,PARC SAINT CLOUD,48,
2.023E+11,10,2,2023,11:45,1,13,13214,2,1,1,6,SAINTE MARTHE (chemin),43,
2.023E+11,24,3,2023,16:00,1,59,59350,2,2,1,3,CORMONTAIGNE  METRO,50,
2.023E+11,26,11,2023,17:58,3,35,35268,1,2,1,3,La Belle Alouette,47,
2.023E+11,10,2,2023,08:57,1,13,13215,2,1,1,1,DE SAINT LOUIS AU ROVE (chemin),43,
2.023E+11,24,3,2023,12:15,1,59,59143,2,9,2,3,KLEBER RINGOT (PLACE),50,
2.023E+11,25,11,2023,07:30,1,1,1383,1,1,1,1,Route de Servas,46,
2.023E+11,22,3,2023,14:30,1,58,58194,2,6,1,3,CROIX JOYEUSE (CARREFOUR),46,
2.023E+11,26,11,2023,03:20,3,1,1054,1,1,1,6,D1084,45,
2.023E+11,7,6,2023,07:30,1,69,69385,2,1,1,7,31 Montée du Chemin Neuf,45,
2.023E+11,25,11,2023,11:05,1,6,6161,1,9,1,2,Boulevard Valery Giscard d'Estaing,43,
2.023E+11,22,3,2023,15:00,1,54,54526,2,2,1,3,FRATERNITE (RUE DE LA),48,
2.023E+11,6,6,2023,13:31,1,2B,2B120,1,1,2,2,11 - RT,42,
2.023E+11,20,11,2023,18:35,5,49,49092,2,1,2,6,Avenue du Général de Gaulle (Chemillé),47,
2.023E+11,22,3,2023,17:54,1,51,51454,2,1,1,2,rue de l'Arbalète,49,
2.023E+11,7,6,2023,13:48,1,2A,2A004,2,3,1,2,NAPOLEON COURS AVANT BEVERINI,41,
2.023E+11,25,11,2023,17:40,5,68,68145,2,3,1,7,Rue du Jura,48,
2.023E+11,24,3,2023,17:10,1,51,51663,2,1,1,2,Avenue Alfred Anatole Thevenet,49,
2.023E+11,7,6,2023,13:15,1,95,95197,2,2,7,3,PAVILLON (RUELLE DU),48,
2.023E+11,24,3,2023,15:25,1,49,49007,1,1,1,6,Rue François Mauriac,47,
2.023E+11,26,11,2023,19:50,3,972,97222,2,1,1,6,N1,14,
2.023E+11,23,3,2023,14:48,1,49,49007,2,1,1,6,BRIAND AVENUE,47,
2.023E+11,7,6,2023,13:00,1,95,95288,2,1,1,6,D311,48,
2.023E+11,26,11,2023,14:00,1,972,97220,1,1,1,1,Regale,14,
2.023E+11,7,6,2023,09:50,1,95,95210,2,1,1,2,D311,48,
2.023E+11,24,3,2023,07:35,1,45,45234,2,3,1,3,158bis Rue de la Barrière Saint-Marc,47,
2.023E+11,26,11,2023,14:25,1,974,97414,1,1,1,2,N5,-21,
2.023E+11,24,3,2023,19:33,5,37,37261,2,2,2,3,GIRAUDEAU (RUE),47,
2.023E+11,27,11,2023,07:30,2,68,68315,2,1,1,7,Route de Bollwiller,47,
2.023E+11,22,11,2023,23:30,3,85,85109,1,1,1,7,Route de l'Aurière,46,
2.023E+11,24,3,2023,19:55,5,35,35238,2,1,1,3,BOURGEOIS (BOULEVARD LEON),48,
2.023E+11,24,11,2023,08:10,1,30,30141,2,3,1,3,N580,44,
2.023E+11,24,3,2023,13:45,1,35,35238,2,3,1,3,SAINT-HELIER,48,
2.023E+11,24,3,2023,22:30,5,34,34172,2,1,1,1,500 Avenue des Prés d'Arènes,43,
2.023E+11,7,11,2023,17:15,3,51,51115,2,6,1,4,D951,49,
2.023E+11,27,11,2023,08:20,1,51,51418,1,1,3,7,D980 - PK 31,49,
2.023E+11,24,3,2023,20:10,5,33,33281,2,2,1,2,Avenue du Truc,44,
2.023E+11,26,11,2023,10:00,1,51,51030,1,2,1,6,départemantele D201,49,
2.023E+11,23,3,2023,08:15,1,33,33281,2,3,1,3,Avenue de la Libération,44,
2.023E+11,27,11,2023,08:05,2,19,19002,1,1,9,3,Le Ciarneix,45,
2.023E+11,7,6,2023,17:37,1,91,91425,1,1,1,2,RTE D ORLEANS RN 20,48,
2.023E+11,24,3,2023,21:20,5,33,33529,2,9,1,3,LAGRUA (RUE),44,
2.023E+11,27,11,2023,07:57,2,76,76070,1,1,2,3,Route d’Ardouval,49,
2.023E+11,7,6,2023,10:45,1,91,91377,2,6,1,3,RUE VICTOR BASCH,48,
2.023E+11,21,3,2023,23:10,5,31,31555,2,1,1,3,CARNOT (BD LAZARE) DU 1AU 81,43,
2.023E+11,10,7,2023,10:30,1,61,61484,2,6,1,3,D407,48,
2.023E+11,23,11,2023,18:15,3,2B,2B346,2,1,1,1,RT 10,42,
2.023E+11,2,5,2023,14:40,1,91,91174,2,1,1,3,QUAI DE L APPORT PARIS,48,
2.023E+11,9,7,2023,18:30,1,61,61081,1,3,1,3,D737 PR5+920,48,
2.023E+11,26,11,2023,15:00,1,2B,2B207,2,1,1,3,Folelli,42,
2.023E+11,4,6,2023,22:04,5,91,91174,2,1,1,1,RUE PABLO PICASSO,48,
2.023E+11,6,6,2023,13:42,1,87,87085,2,1,1,6,FEUILLANTS (RUE DES),45,
2.023E+11,24,3,2023,07:25,1,26,26313,1,1,1,5,LACRA RN532,44,
2.023E+11,13,7,2023,20:30,2,12,12133,2,6,7,6,Avenue de Rodez,44,
2.023E+11,6,6,2023,12:30,1,85,85194,2,2,1,3,62bis Rue du docteur schweitzer,46,
2.023E+11,13,7,2023,22:00,3,47,47173,1,1,1,7,Rouby,44,
2.023E+11,24,3,2023,19:40,1,26,26198,2,1,1,3,Route de Dieulefit,44,
2.023E+11,26,11,2023,20:35,3,61,61484,1,2,1,3,D923 PR10+100,48,
2.023E+11,4,6,2023,15:45,1,83,83118,2,6,1,6,AVENUE VALROSE,43,
2.023E+11,13,7,2023,18:55,1,47,47252,1,1,1,1,D911,44,
2.023E+11,24,3,2023,17:25,1,24,24037,2,1,1,3,Boulevard Auguste Comte,44,
2.023E+11,27,11,2023,08:15,2,22,22265,1,1,3,6,Route de Goazoures,48,
2.023E+11,11,4,2023,23:00,5,83,83061,1,1,1,1,AVENUE DE LA CORNICHE D'AZUR,43,
2.023E+11,24,3,2023,23:50,3,17,17415,2,6,3,7,DICONCHE,45,
2.023E+11,12,7,2023,19:50,1,86,86271,1,1,1,6,D15,46,
2.023E+11,2,6,2023,13:35,1,80,80021,2,6,1,6,ALEXANDRE DUMAS (RUE),49,
2.023E+11,24,3,2023,19:10,2,17,17300,2,1,8,3,GRANDES VARENNES   AVENUE DES,46,
2.023E+11,10,7,2023,13:05,1,25,25147,2,3,1,3,Place de la Mare,47,
2.023E+11,26,11,2023,18:12,3,25,25063,1,1,5,6,D480,47,
2.023E+11,7,6,2023,18:20,1,78,78440,2,1,1,3,MOLIERE (RUE),48,
2.023E+11,24,3,2023,07:05,1,13,13210,2,1,1,3,TOULON (AVENUE DE),43,
2.023E+11,11,7,2023,17:15,1,44,44018,2,6,1,3,Rue de Nantes,47,
2.023E+11,26,11,2023,19:40,3,44,44183,1,1,1,6,N/A,47,
2.023E+11,24,3,2023,03:30,5,13,13211,2,1,1,1,MENARD (PIERRE) (BOULEVARD),43,
2.023E+11,27,11,2023,11:50,1,58,58046,1,1,8,1,Lieu Dit les Arreaux,46,
2.023E+11,13,7,2023,19:30,1,35,35331,1,2,1,3,Crabassou,48,
2.023E+11,24,3,2023,13:00,1,13,13004,2,1,1,3,AV STALINGRAD,43,
2.023E+11,13,7,2023,20:00,1,34,34192,2,1,1,6,Avenue de la Pourquiere,43,
2.023E+11,22,3,2023,16:10,1,11,11069,2,2,1,3,N/A,43,
2.023E+11,25,11,2023,15:50,1,72,72191,1,1,7,3,L'Archerie,47,
2.023E+11,8,6,2023,00:20,5,74,74218,1,1,1,5,THONON (AVENUE DE),46,
2.023E+11,24,3,2023,12:40,1,7,7102,2,1,1,6,LYON (AVENUE DE),44,
2.023E+11,14,7,2023,04:40,3,29,29143,2,9,1,6,Hameau de Ranyéré,48,
2.023E+11,7,6,2023,19:05,1,74,74012,2,1,1,6,MONT-BLANC (RUE DU),46,
2.023E+11,27,11,2023,07:45,1,6,6007,1,1,1,2,Route de Saint Jacques,43,
2.023E+11,24,3,2023,15:20,1,6,6069,2,9,1,4,ORME (CHEMIN DE L'),43,
2.023E+11,12,7,2023,19:35,1,38,38012,2,2,1,2,D1516,45,
2.023E+11,6,6,2023,19:20,1,72,72181,2,1,1,5,MITTERAND FRANCOIS (AV),48,
2.023E+11,24,3,2023,19:00,2,6,6027,2,1,1,6,NICE AVENUE DE (RN7),43,
2.023E+11,7,11,2023,15:25,1,5,5011,1,1,1,6,D942,44,
2.023E+11,14,7,2023,06:30,1,2,2564,1,1,1,6,N/A,49,
2.023E+11,26,11,2023,21:30,3,5,5132,1,1,1,6,Route de Pelisse D23,44,
2.023E+11,30,5,2023,16:45,1,71,71076,2,3,1,3,VERDUN (AVENUE),46,
2.023E+11,23,3,2023,15:48,1,6,6027,2,2,1,1,CHENES AVENUE DES,43,
2.023E+11,7,6,2023,11:13,1,69,69266,2,2,1,3,Boulevard Laurent Bonnevay,45,
2.023E+11,22,1,2023,06:00,3,13,13077,1,1,1,7,RN 568,43,
2.023E+11,27,11,2023,16:30,1,73,73182,2,1,2,3,Chemin via dessous,45,
2.023E+11,14,7,2023,15:00,1,15,15124,1,1,7,1,RD 3,45,
2.023E+11,26,11,2023,16:50,5,43,43012,1,9,1,7,Avenue de Firminy,45,
2.023E+11,23,3,2023,18:05,3,976,97611,2,1,1,6,cavani-Belle vue (rue),-12,
2.023E+11,7,6,2023,00:05,5,69,69259,2,2,1,3,Boulevard Irène Joliot Curie,45,
2.023E+11,23,3,2023,15:30,1,976,97611,2,1,1,6,mamoudzou centre-Cinema Alpajoe (rue du),-12,
2.023E+11,6,6,2023,23:00,5,69,69259,2,1,1,4,Boulevard Pinel,45,
2.023E+11,25,11,2023,20:20,5,987,98735,1,3,1,3,Mataiea pk 44.500,-17,
2.023E+11,8,7,2023,18:15,1,6,6089,1,5,1,2,D3,43,
2.023E+11,23,3,2023,17:00,1,974,97407,2,1,1,6,MAHY FRANCOIS (RUE),-20,
2.023E+11,22,7,2023,21:30,2,44,44184,2,1,1,6,41 rue Georges de Buffon,47,
2.023E+11,14,7,2023,16:05,1,5,5098,2,1,1,3,Route du Boussolenc,44,
2.023E+11,3,6,2023,00:15,3,66,66136,1,1,1,1,,42,
2.023E+11,23,3,2023,06:30,1,973,97302,2,2,1,3,MONTABO (ROUTE DE) 1,4,
2.023E+11,21,7,2023,03:00,3,44,44109,2,1,1,7,Boulevard Léon Jouhaux,47,
2.023E+11,13,7,2023,13:15,1,5,5132,1,1,1,7,Route du Domaine,44,
2.023E+11,25,11,2023,02:00,5,987,98748,1,1,1,6,PK 17+800 Teahupoo,-17,
2.023E+11,24,3,2023,00:50,5,69,69386,2,1,2,6,Rue Duguesclin,45,
2.023E+11,6,6,2023,17:45,1,64,64445,2,1,1,6,PARC EN CIEL,43,
2.023E+11,7,7,2023,15:15,1,90,90005,1,1,1,1,D12,47,
2.023E+11,20,7,2023,13:00,1,44,44109,2,2,8,3,74 Quai de la Fosse,47,
2.023E+11,7,6,2023,07:30,1,64,64125,2,1,1,3,BAYONNE (AVENUE DE),43,
2.023E+11,25,11,2023,18:20,3,988,98817,1,1,1,1,Roches lianes (Arrêt de bus),-22,
2.023E+11,23,3,2023,09:30,1,69,69383,2,2,1,3,1 Rue Bonnand,45,
2.023E+11,18,7,2023,18:30,1,44,44109,2,1,1,6,52 Rue Nicolas Appert,47,
2.023E+11,13,7,2023,18:00,1,60,60286,2,1,1,3,Rue de Rouen,49,
2.023E+11,27,11,2023,11:30,1,976,97608,2,1,1,3,Boulevard des Crabes,-12,
2.023E+11,23,3,2023,18:00,1,69,69152,2,1,1,6,21 Rue Voltaire,45,
2.023E+11,11,12,2023,09:05,1,10,10401,2,2,2,3,Rue des Anciennes Tanneries,48,
2.023E+11,26,11,2023,00:15,3,13,13088,1,1,1,7,D568,43,
2.023E+11,2,6,2023,16:45,1,62,62498,2,3,1,6,Boulevard Emile Basly,50,
2.023E+11,23,3,2023,09:00,1,69,69381,2,3,1,3,10 Rue de la République,45,
2.023E+11,13,7,2023,23:40,3,64,64495,1,2,1,3,D918,43,
2.023E+11,1,6,2023,18:55,1,62,62193,2,1,1,7,Impasse Magnesia,50,
2.023E+11,29,11,2023,13:40,1,10,10328,1,1,2,-1,RD 960,48,
2.023E+11,25,11,2023,00:45,3,13,13033,1,1,6,2,D9,43,
2.023E+11,22,3,2023,16:34,1,971,97101,1,1,1,2,Secteur Pont de la Gabarre,16,
2.023E+11,13,7,2023,17:20,1,64,64216,1,1,1,1,CD817,43,
2.023E+11,27,11,2023,09:57,1,37,37129,1,1,8,6,129 Les 3 Cheminees,47,
2.023E+11,21,11,2023,17:14,2,10,10064,1,4,2,3,D960,48,
2.023E+11,17,5,2023,16:50,1,62,62244,2,6,7,3,D127,50,
2.023E+11,25,11,2023,14:10,1,77,77088,2,1,1,6,Rue de l?Avenir,48,
2.023E+11,17,7,2023,13:13,1,44,44172,2,1,8,3,24 Route de Paris,47,
2.023E+11,23,3,2023,16:20,1,95,95277,1,1,1,5,RD170,48,
2.023E+11,26,5,2023,14:30,1,62,62193,2,1,1,6,Rue Martin Luther King,50,
2.023E+11,13,7,2023,17:10,1,43,43051,1,3,1,1,Les Barandons,45,
2.023E+11,25,11,2023,05:56,3,77,77044,1,1,1,5,D227,48,
2.023E+11,15,7,2023,08:30,1,44,44162,2,1,1,6,2 Chemin du Vigneau,47,
2.023E+11,7,3,2023,16:19,1,95,95427,2,1,1,6,D311,48,
2.023E+11,14,7,2023,15:05,1,16,16382,1,1,1,7,Route de Villebois-Lavalette,45,
2.023E+11,7,6,2023,09:50,1,60,60057,2,1,1,1,59 Rue de Savignies,49,
2.023E+11,15,7,2023,09:45,1,44,44109,2,1,8,6,15 Chemin des Basteliers,47,
2.023E+11,26,11,2023,15:05,1,66,66164,2,1,1,7,chemin de saint-bernard,42,
2.023E+11,23,3,2023,11:30,1,91,91589,2,1,1,3,AV CHARLES DE GAULLE,48,
2.023E+11,14,7,2023,00:30,3,17,17085,1,1,1,7,D215,45,
2.023E+11,14,7,2023,10:40,1,44,44109,2,1,8,6,Boulevard Léon Jouhaux,47,
2.023E+11,7,6,2023,21:00,1,59,59512,2,2,1,3,LANNOY (RUE DE),50,
2.023E+11,26,11,2023,14:42,1,11,11295,1,1,1,6,les Campets,43,
2.023E+11,13,7,2023,16:00,1,23,23022,1,1,1,7,freiteix,46,
2.023E+11,14,7,2023,18:30,1,44,44109,2,1,8,3,3 Rue du Quebec,47,
2.023E+11,13,7,2023,09:33,1,87,87027,1,1,1,7,Le Cluzaud,45,
2.023E+11,23,3,2023,14:45,1,83,83137,2,3,1,3,LECLERC (AVE GENERAL),43,
2.023E+11,7,6,2023,18:23,1,59,59585,1,1,7,3,VENDEVILLE ROUTE DE,50,
2.023E+11,23,11,2023,11:45,1,84,84141,2,6,1,3,rond point   RD942 avec l'autoroute,43,
2.023E+11,13,7,2023,19:10,1,44,44190,2,1,1,3,12 Rue des Couscous,47,
2.023E+11,14,7,2023,04:30,3,30,30285,1,1,1,6,N/A,44,
2.023E+11,25,11,2023,03:00,3,83,83107,1,1,1,6,Dn7,43,
2.023E+11,7,6,2023,07:05,2,57,57630,2,2,1,3,PHALSBOURG,48,
2.023E+11,15,3,2023,18:45,1,83,83129,2,3,7,6,EUROPE (AVENU DE L'),43,
2.023E+11,14,11,2023,17:25,5,88,88413,2,1,3,6,Avenue de l'egalité,48,
2.023E+11,27,11,2023,08:10,1,67,67118,2,1,1,3,10 Avenue du Général de Gaulle,48,
2.023E+11,4,6,2023,16:30,1,54,54174,2,1,1,6,avenue du 15e génie,48,
2.023E+11,7,11,2023,17:19,3,88,88413,2,1,1,3,Rue d'Alsace,48,
2.023E+11,14,3,2023,07:45,2,83,83050,2,6,1,3,VERDUN( AVENUE DE),43,
2.023E+11,13,7,2023,16:40,1,33,33122,1,1,1,1,Chemin de la Croix d'Hins,44,
2.023E+11,13,7,2023,08:30,1,44,44109,2,1,8,7,Boulevard de Vendée,47,
2.023E+11,7,6,2023,19:00,1,47,47001,2,6,1,3,LECLERC (AV. DU GENERAL),44,
2.023E+11,27,11,2023,07:55,2,42,42147,2,6,8,3,Avenue de Saint Étienne,45,
2.023E+11,23,3,2023,15:10,1,82,82033,2,3,1,2,MARECHAL LECLERC (AVENUE DU) ,44,
2.023E+11,12,7,2023,00:05,5,44,44109,2,6,8,3,Rond-Point de Rennes,47,
2.023E+11,7,6,2023,16:20,1,38,38185,2,8,1,6,AVENUE MARCELIN BERTHELOT,45,
2.023E+11,13,7,2023,22:47,3,33,33284,1,1,1,2,A660 PK 08+200,44,
2.023E+11,23,3,2023,19:11,2,81,81257,1,1,1,7,VILLEFRANCHE ( AVENUE DE ),43,
2.023E+11,26,11,2023,14:00,1,33,33243,2,2,1,3,D1089,44,
2.023E+11,11,7,2023,07:50,1,44,44109,2,1,8,3,162 Rue Paul Bellamy,47,
2.023E+11,14,7,2023,13:00,1,45,45302,1,9,1,6,A10 PR 93 + 502,47,
2.023E+11,20,2,2023,08:20,1,78,78621,1,1,1,3,CD 912,48,
2.023E+11,7,6,2023,00:15,5,38,38185,2,2,1,3,COURS JEAN JAURÈS,45,
2.023E+11,25,11,2023,17:30,2,44,44210,1,9,1,5,N/A,47,
2.023E+11,11,7,2023,12:35,1,44,44109,2,1,8,3,26ter Boulevard Gabriel Guist'Hau,47,
2.023E+11,14,7,2023,11:26,1,973,97311,2,1,7,2,Avenue Christophe Colomb,5,
2.023E+11,9,7,2023,15:25,1,44,44143,2,1,8,7,90 Rue des Sorinières,47,
2.023E+11,7,6,2023,18:20,1,37,37261,2,1,1,3,LOUIS XI (BOULEVARD),47,
2.023E+11,22,3,2023,17:10,1,77,77186,2,3,1,3,GRANDE (RUE),48,
2.023E+11,25,11,2023,09:30,1,60,60141,1,9,1,3,D924,49,
2.023E+11,8,7,2023,08:50,1,44,44114,2,6,8,3,329 Route de Vannes,47,
2.023E+11,14,7,2023,12:55,1,95,95199,2,9,7,3,1 CLICHY (ALLEE),49,
2.023E+11,7,6,2023,09:10,1,37,37261,2,4,1,6,REMPART (RUE DU),47,
2.023E+11,22,3,2023,19:02,1,72,72181,2,9,2,2,MESSIAEN OLIVIER (AV) IMPAIRS,48,
2.023E+11,7,7,2023,09:25,1,44,44109,2,1,8,3,3 Rue Félix Lemoine,47,
2.023E+11,13,7,2023,09:40,1,84,84003,2,1,1,6,Avenue de la Libération,43,
2.023E+11,6,6,2023,12:50,1,37,37122,2,1,1,3,ROND-POINT DES QUATRE BORNES,47,
2.023E+11,7,7,2023,10:10,1,44,44109,2,1,8,3,8 Rue Porte Neuve,47,
2.023E+11,27,11,2023,16:15,2,80,80237,2,1,2,5,Grande Rue,49,
2.023E+11,21,3,2023,16:25,1,72,72181,2,1,1,6,PATTON GENERAL RTE BAUGE A CHEMIN RONDE,48,
2.023E+11,7,6,2023,07:00,1,34,34172,2,1,1,6,RM986,43,
2.023E+11,14,7,2023,10:00,1,83,83065,1,1,1,5,D61,43,
2.023E+11,27,11,2023,07:20,5,80,80570,2,1,2,6,6 Place Norbert Malterre,49,
2.023E+11,6,7,2023,23:15,5,44,44109,2,1,1,3,76 Route de Vertou,47,
2.023E+11,23,3,2023,23:25,5,69,69266,2,1,1,6,Rue du Canal,45,
2.023E+11,7,6,2023,14:45,1,33,33063,1,1,1,1,Avenue de Labarde,44,
2.023E+11,6,7,2023,18:15,1,44,44184,2,6,1,3,Giratoire Sadi Lecointe,47,
2.023E+11,12,7,2023,11:00,1,6,6048,1,1,1,3,Avenue Flaminius Raiberti,43,
2.023E+11,21,11,2023,16:45,1,80,80799,1,3,1,3,D 23,49,
2.023E+11,23,3,2023,18:30,2,69,69266,2,6,1,3,32 Rue Gabriel Péri,45,
2.023E+11,7,6,2023,09:50,1,28,28134,2,9,1,3,JUILLET (BOULEVARD DE),48,
2.023E+11,5,7,2023,16:00,1,44,44143,2,1,1,3,72 Rue Ernest Sauvestre,47,
2.023E+11,26,11,2023,02:20,3,13,13028,1,1,1,2,A50-Sens Toulon vers Aubagne,43,
2.023E+11,10,7,2023,08:40,1,13,13093,2,1,1,3,D561,43,
2.023E+11,5,7,2023,13:40,1,44,44009,1,1,8,6,N/A,47,
2.023E+11,6,6,2023,12:45,1,27,27681,2,1,1,3,FOCH (AVENUE DU MARECHAL),49,
2.023E+11,22,3,2023,17:35,1,69,69259,2,1,1,4,Rue du Professeur Roux,45,
2.023E+11,25,11,2023,22:56,3,13,13216,1,1,1,3,A55-Sens Martigues vers Marseille,43,
2.023E+11,13,7,2023,22:15,5,71,71512,2,3,1,1,rue de la république,46,
2.023E+11,6,6,2023,10:30,1,19,19031,2,1,1,6,RIVET (AVENUE JEAN CHARLES),45,