Num_Acc,jour,mois,an,hrmn,lum,dep,com,agg,int,atm,col,adr,lat,long
2.023E+11,24,3,2023,15:30,1,972,97224,2,1,3,3,Rivière Roches,14,
2.023E+11,25,3,2023,14:00,1,44,44190,2,6,8,3,Rue de la Commune de 1871,47,
2.023E+11,1,7,2023,01:20,3,38,38421,2,1,1,7,RUE DU BOURGAMON,45,
2.023E+11,25,3,2023,09:05,1,78,78193,1,1,1,6,D58,48,
2.023E+11,24,3,2023,18:00,1,44,44184,2,1,8,6,150 Boulevard Emile Broodcoorens,47,
2.023E+11,8,6,2023,17:30,1,61,61129,1,3,1,3,D9,48,
2.023E+11,12,7,2023,12:45,1,37,37261,2,3,1,3,LOUIS XI (BOULEVARD),47,
2.023E+11,21,3,2023,09:40,1,44,44190,2,1,8,1,119 Route de Clisson,47,
2.023E+11,8,6,2023,17:08,1,50,50413,2,1,1,6,Voie de la Liberté,48,
2.023E+11,24,3,2023,07:40,1,84,84047,1,2,1,6,Route des Nourrats,43,
2.023E+11,12,7,2023,14:55,1,35,35238,2,3,1,3,N/A,48,
2.023E+11,20,3,2023,08:00,1,44,44109,2,6,8,3,Boulevard du Petit Port,47,
2.023E+11,7,6,2023,18:10,1,64,64499,2,1,1,6,28 Avenue des Docteurs Foix,43,
2.023E+11,25,3,2023,10:00,1,6,6101,1,1,1,2,D6202,43,
2.023E+11,11,7,2023,16:12,1,34,34032,2,1,1,6,38 Boulevard de Verdun,43,
2.023E+11,8,6,2023,12:00,1,7,7128,1,1,7,6,Route de Rochepaule,45,
2.023E+11,13,3,2023,09:45,1,44,44109,2,2,8,3,39 Rue Vidie,47,
2.023E+11,12,7,2023,11:15,1,33,33529,2,1,8,1,MAGRETTE (CH. DE LA),44,
2.023E+11,24,3,2023,23:00,3,71,71307,1,1,1,1,PR 013+0071 - Route du marais,46,
2.023E+11,7,6,2023,12:30,1,27,27284,2,1,1,6,11 Rue du Pré de l’Empereur,49,
2.023E+11,13,3,2023,19:48,1,44,44109,2,3,1,3,69 Avenue du Bout des Landes,47,
2.023E+11,13,7,2023,00:30,5,31,31149,2,7,8,1,FORT (RUE DU),43,
2.023E+11,3,2,2023,16:00,1,12,12243,1,1,1,7,D992,44,
2.023E+11,8,6,2023,07:55,1,17,17480,1,1,1,1,D117,46,
2.023E+11,24,3,2023,18:30,1,71,71556,2,1,1,2,D906,46,
2.023E+11,12,7,2023,09:50,1,31,31483,1,1,1,2,D 5,43,
2.023E+11,30,11,2023,18:00,5,43,43002,2,1,3,6,Avenue de Bonneville,45,
2.023E+11,8,6,2023,09:05,1,87,87097,1,1,1,6,D951,46,
2.023E+11,12,7,2023,14:07,1,17,17415,2,1,1,6,ANCIENNE CASERNE PASSAGE DE,45,
2.023E+11,25,3,2023,03:45,4,88,88086,2,1,1,7,20 Rue du 5 Septembre 1944,48,
2.023E+11,14,12,2023,09:00,1,43,43157,2,1,8,3,12 Boulevard Docteur Chantemesse,45,
2.023E+11,7,6,2023,17:10,1,30,30012,1,6,1,2,,43,
2.023E+11,25,3,2023,09:45,1,54,54318,2,1,6,6,56 Route de Pompey,48,
2.023E+11,8,6,2023,16:00,1,13,13024,1,1,1,1,D67,43,
2.023E+11,14,12,2023,08:00,1,43,43089,2,1,2,4,36 Avenue du Puy_,45,
2.023E+11,12,7,2023,17:00,1,17,17306,2,4,1,4,Rue Emile Gaboriau,45,
2.023E+11,25,3,2023,06:45,1,63,63470,1,1,1,7,D450,45,
2.023E+11,10,3,2023,17:15,1,44,44109,2,1,1,6,80 Boulevard Joliot Curie,47,
2.023E+11,7,6,2023,14:55,1,1,1303,1,1,1,2,A40 Pk 136.400,46,
2.023E+11,12,7,2023,08:20,1,13,13071,2,3,1,2,ROUTE NATIONALE 368 (VILLAGE),43,
2.023E+11,25,3,2023,13:25,1,38,38135,1,1,1,1,D1075,45,
2.023E+11,25,9,2023,13:31,1,74,74218,2,6,1,6,DRANSE (RUE DU PONT DE)_,46,
2.023E+11,12,7,2023,02:15,3,13,13208,2,1,1,6,MENDES FRANCE (AVENUE),43,
2.023E+11,1,6,2023,08:10,1,69,69244,2,3,1,7,Avenue Victor Hugo,45,
2.023E+11,24,3,2023,14:15,1,17,17336,2,3,1,3,18bis Impasse des Nourauds,45,
2.023E+11,15,6,2023,13:30,1,13,13213,2,1,1,6,FRANÇOIS MIGNET (AVENUE),43,
2.023E+11,8,6,2023,17:25,1,53,53108,1,3,1,3,Intersection D57 et D168,48,
2.023E+11,12,7,2023,20:20,1,10,10387,2,6,1,7,GEORGES POMPIDOU (RUE),48,
2.023E+11,24,3,2023,16:00,1,35,35292,1,1,1,1,L'Esconnerie,48,
2.023E+11,8,6,2023,07:30,1,38,38348,1,1,1,2,A43 - PK 39-800,45,
2.023E+11,12,7,2023,13:36,1,10,10333,2,1,1,6,CHARLES DE REFUGE (RUE),48,
2.023E+11,24,3,2023,18:52,1,60,60139,2,1,2,6,Place de l’Eglise,49,
2.023E+11,20,11,2023,08:00,2,74,74105,2,1,1,6,66 Avenue de geneve,46,
2.023E+11,3,6,2023,17:30,1,33,33229,1,1,1,2,Cd106,44,
2.023E+11,8,7,2023,17:50,1,7,7070,1,1,1,2,ROUTE DEPARTEMENTALE 86,44,
2.023E+11,13,12,2023,11:43,1,74,74296,1,1,2,7,N/A,46,
2.023E+11,25,3,2023,17:20,1,2,2555,1,1,1,7,N/A,48,
2.023E+11,12,7,2023,17:15,1,6,6027,2,1,1,2,PLAGE BOULEVARD DE LA,43,
2.023E+11,22,8,2023,17:45,1,74,74281,2,2,1,6,MARTINET (CHEMIN DU)_,46,
2.023E+11,18,3,2023,13:29,1,59,59411,2,6,1,6,D120,50,
2.023E+11,7,6,2023,16:50,2,988,98808,1,2,1,6,tribu de BA,-21,
2.023E+11,8,6,2023,00:30,5,971,97128,1,6,1,6,Bouliqui,16,
2.023E+11,12,7,2023,00:40,4,5,5061,2,1,1,1,JEAN MACE ( RUE ),44,
2.023E+11,9,3,2023,15:20,1,44,44109,2,1,8,2,15 Rue Louis Blanc,47,
2.023E+11,28,1,2023,18:50,5,13,13213,1,1,1,2,A507 sens Marseille - Aubagne,43,
2.023E+11,7,6,2023,18:25,1,28,28096,1,1,1,1,D115.2,48,
2.023E+11,24,3,2023,20:00,3,69,69029,1,1,1,6,Route Départementale 383,45,
2.023E+11,11,7,2023,23:50,5,75,75119,2,4,1,4,PORTE D AUBERVILLIERS,48,
2.023E+11,9,3,2023,14:30,1,44,44109,2,1,8,6,Cours des 50 Otages,47,
2.023E+11,7,6,2023,19:28,1,77,77183,2,1,1,6,D603,48,
2.023E+11,10,7,2023,21:50,5,75,75119,2,1,1,7,PORTE DE PANTIN,48,
2.023E+11,8,3,2023,11:00,1,44,44143,1,1,8,3,N/A,47,
2.023E+11,21,3,2023,17:10,1,54,54357,1,1,1,3,Autoroute A 31,48,
2.023E+11,8,3,2023,08:00,1,44,44162,2,6,2,7,boulevard salvador allende,47,
2.023E+11,10,7,2023,09:20,1,75,75116,2,1,1,2,PORTE DAUPHINE,48,
2.023E+11,7,6,2023,13:00,1,13,13101,1,1,1,2,Grand Rue,43,
2.023E+11,24,3,2023,17:50,1,94,94021,1,1,2,7,A6A,48,
2.023E+11,26,12,2023,08:45,2,83,83123,1,1,7,2,N/A,43,
2.023E+11,12,7,2023,12:47,1,75,75108,2,2,1,6,BOULEVARD MALESHERBES,48,
2.023E+11,8,6,2023,15:45,1,7,7324,2,1,1,1,28 Rue du Doux,45,
2.023E+11,24,3,2023,16:50,1,91,91161,1,1,1,1,AUTOROUTE A126,48,
2.023E+11,24,5,2023,22:20,3,1,1264,1,1,1,6,RD 936,46,
2.023E+11,10,7,2023,21:45,2,75,75119,2,3,1,2,BOULEVARD PERIPHERIQUE INTERIEUR NORD  ,48,
2.023E+11,24,3,2023,15:35,1,91,91216,1,1,1,2,AUTOROUTE A6,48,
2.023E+11,7,6,2023,13:30,1,46,46138,1,1,1,6,A20 / AIRE DES JARDINS DES CAUSSES,44,
2.023E+11,11,7,2023,15:45,1,75,75116,2,1,1,2,BOULEVARD PERIPHERIQUE INTERIEUR OUEST,48,
2.023E+11,3,3,2023,07:05,1,44,44109,2,3,8,3,92 Route de Sainte Luce,47,
2.023E+11,26,4,2023,08:05,1,83,83137,1,1,1,2,A50 ENTRÉE TUNNEL TUBE SUD,43,
2.023E+11,24,3,2023,14:48,1,91,91136,1,1,1,4,AUTOROUTE A126,48,
2.023E+11,12,7,2023,09:03,1,75,75105,2,1,1,1,BOULEVARD SAINT MARCEL,48,
2.023E+11,15,12,2023,07:15,5,74,74008,2,3,1,3,MON IDEE (RUE DE),46,
2.023E+11,24,3,2023,15:50,1,92,92036,1,1,1,3,A86,48,
2.023E+11,2,6,2023,17:15,1,57,57474,1,1,1,3,Autoroute A31,49,
2.023E+11,13,12,2023,07:40,3,74,74012,2,1,3,6,18 AOUT 44 (RUE DU),46,
2.023E+11,23,3,2023,17:50,1,78,78455,1,1,1,2,A13,48,
2.023E+11,12,7,2023,00:00,5,75,75120,2,2,1,3,BOULEVARD DAVOUT,48,
2.023E+11,7,6,2023,16:10,1,94,94065,1,1,1,2,N186,48,
2.023E+11,11,12,2023,07:00,3,74,74298,2,1,3,3,EUROPE (AVENUE DE L'),46,
2.023E+11,9,12,2023,15:30,1,74,74012,2,1,2,6,18 AOUT 44 (RUE DU),46,
2.023E+11,12,7,2023,11:15,1,75,75119,2,3,1,7,AVENUE SIMON BOLIVAR,48,
2.023E+11,24,3,2023,08:45,1,95,95351,1,1,1,4,RN 104,49,
2.023E+11,7,6,2023,14:55,1,94,94038,1,1,1,2,A6B,48,
2.023E+11,6,12,2023,10:40,1,74,74010,2,1,1,6,FRANCE (AVENUE)(SECTEUR 310),45,
2.023E+11,24,3,2023,07:30,1,93,93063,1,1,1,3,AUTOROUTE A3,48,
2.023E+11,7,6,2023,07:25,1,94,94038,1,1,1,6,A6A,48,
2.023E+11,12,7,2023,18:55,1,75,75117,2,2,1,3,AVENUE DE LA PORTE D ASNIERES,48,
2.023E+11,15,12,2023,17:00,5,10,10387,2,3,1,3,MADAGASCAR (RUE DE)_,48,
2.023E+11,24,3,2023,06:41,5,93,93066,1,1,1,2,AUTOROUTE A1,48,
2.023E+11,11,7,2023,18:50,1,75,75116,2,1,1,2,SOUTERRAIN VARSOVIE,48,
2.023E+11,15,12,2023,08:57,1,10,10333,2,1,8,3,AUXERRE (ROUTE)_,48,
2.023E+11,7,6,2023,09:16,1,91,91553,1,1,1,5,RN 104,48,
2.023E+11,2,9,2023,06:30,2,5,5061,2,1,1,6,RN 85,44,
2.023E+11,11,7,2023,23:05,5,75,75116,2,2,1,3,AVENUE INGRES,48,
2.023E+11,24,3,2023,07:40,1,93,93051,1,1,1,5,A4,48,
2.023E+11,7,6,2023,02:00,3,91,91534,1,1,1,7,RN 118,48,
2.023E+11,6,6,2023,22:11,3,91,91179,1,1,1,7,AUTOROUTE A6,48,
2.023E+11,13,10,2023,17:15,1,3,3155,2,1,1,1,22 boulevard Gambetta,46,
2.023E+11,23,3,2023,08:55,1,75,75116,2,1,1,3,ECHANGEUR MUETTE,48,
2.023E+11,21,11,2023,10:42,1,74,74119,1,1,9,6,RTE DE LA CORNICHE,46,
2.023E+11,11,7,2023,12:00,1,75,75113,2,4,1,6,BOULEVARD SAINT MARCEL,48,
2.023E+11,22,3,2023,22:00,5,75,75113,2,1,1,2,PORTE DE GENTILLY,48,
2.023E+11,7,6,2023,17:25,1,92,92063,1,1,1,3,A86,48,
2.023E+11,22,3,2023,12:30,1,75,75120,2,1,1,6,ECHANGEUR BAGNOLET,48,
2.023E+11,11,7,2023,09:50,1,75,75110,2,2,1,7,QUAI DE JEMMAPES,48,
2.023E+11,7,6,2023,09:50,1,92,92023,1,1,1,7,A86,48,
2.023E+11,22,10,2023,13:40,1,74,74218,2,3,1,4,RIVE (AVENUE DE LA) RD 1005,46,
2.023E+11,23,3,2023,13:18,1,75,75114,2,2,8,3,AVENUE DU MAINE,48,
2.023E+11,12,7,2023,14:44,1,75,75108,2,2,1,6,AVENUE HOCHE,48,
2.023E+11,16,10,2023,16:50,1,74,74281,2,9,1,3,CORNICHE (BD DE LA) SUPERIEUR N°20,46,
2.023E+11,6,6,2023,07:20,1,92,92025,1,1,1,2,A86,48,
2.023E+11,12,7,2023,11:40,1,94,94058,2,1,1,6,Avenue du Général de Gaulle,48,
2.023E+11,9,10,2023,20:40,3,74,74119,2,3,1,3,GOLF (ROUTE DU),46,
2.023E+11,4,6,2023,23:30,3,93,93005,1,1,1,3,AUTOROUTE A3,48,
2.023E+11,12,7,2023,12:30,1,94,94076,1,1,1,3,Avenue Paul Vaillant-couturier,48,
2.023E+11,30,9,2023,16:29,1,74,74281,2,1,1,2,PLANTEES (AVENUE DES),46,
2.023E+11,22,3,2023,19:56,5,75,75115,2,1,1,2,BOULEVARD PERIPHERIQUE EXTERIEUR SUD,48,
2.023E+11,30,9,2023,15:50,1,74,74281,2,1,1,2,SAINT DISDILLE (AVENUE DE),46,
2.023E+11,4,6,2023,21:30,2,95,95042,1,1,1,5,N104,49,
2.023E+11,9,7,2023,11:50,1,94,94033,2,9,1,3,Avenue de Neuilly,48,
2.023E+11,20,9,2023,14:14,1,74,74218,2,1,1,1,RIVE (AVENUE DE LA) RD 1005,46,
2.023E+11,12,7,2023,09:50,1,94,94073,2,2,1,6,route de fontainebleau,48,
2.023E+11,12,7,2023,17:55,1,94,94018,1,1,1,7,Quai de Charenton,48,
2.023E+11,4,6,2023,14:50,1,95,95277,1,1,1,5,D170 ,48,
2.023E+11,28,11,2023,07:25,3,50,50546,1,1,3,4,Rue de Tessy - Gourfaleur,49,
2.023E+11,12,7,2023,09:10,1,94,94018,2,9,1,2,Quai de Bercy,48,
2.023E+11,7,6,2023,19:20,1,77,77249,1,1,1,3,RN104,48,
2.023E+11,2,3,2023,09:50,1,44,44109,2,1,2,2,18 Rue Marceau,47,
2.023E+11,12,7,2023,18:20,1,94,94017,2,1,1,3,Avenue Maurice Thorez,48,
2.023E+11,23,2,2023,12:14,1,44,44190,2,1,8,6,64 Avenue de la Martellière,47,
2.023E+11,11,7,2023,21:32,1,94,94002,2,9,1,6,33 Rue des Ecoles,48,
2.023E+11,7,6,2023,16:35,1,94,94011,1,1,1,4,N406,48,
2.023E+11,15,2,2023,13:05,1,44,44109,2,1,8,6,104 Route de Saint-Joseph,47,
2.023E+11,12,7,2023,06:40,2,93,93073,2,9,7,6,Aeroport Charles de Gaulle,48,
2.023E+11,16,4,2023,11:55,1,95,95018,2,9,1,6,HELOISE (BOULEVARD),48,
2.023E+11,13,2,2023,08:45,1,44,44109,2,1,8,3,12 Rue Louis Blanc,47,
2.023E+11,13,3,2023,16:00,1,43,43224,2,1,1,1,Route du Mont,45,
2.023E+11,12,7,2023,18:30,1,93,93077,2,2,1,3,Avenue Franklin / Rue Jean Fallay,48,
2.023E+11,7,2,2023,11:05,1,44,44109,2,1,8,6,28 Rue de Gigant,47,
2.023E+11,10,3,2023,11:40,1,43,43007,1,1,6,7,D15,45,
2.023E+11,3,2,2023,08:00,1,44,44109,2,1,8,7,boulevard du général de gaulle,47,
2.023E+11,12,7,2023,13:00,1,93,93077,2,2,1,3,Avenue Franklin / Rue Jean Fallay,48,
2.023E+11,3,2,2023,12:25,1,44,44020,2,1,8,3,Rue de la Californie,47,
2.023E+11,6,6,2023,18:55,1,93,93059,2,1,1,6,Avenue Gabriel Péri,48,
2.023E+11,11,7,2023,20:10,1,93,93053,2,5,1,2,Boulevard Michelet / Avenue Marceau,48,
2.023E+11,1,2,2023,08:35,1,44,44109,2,1,1,3,21 Rue Paul Painlevé,47,
2.023E+11,6,6,2023,16:20,1,93,93027,2,3,1,3,Avenue Jean Jaurès / Rue Corneille,48,
2.023E+11,12,7,2023,19:19,1,93,93051,2,1,1,3,Boulevard du Marechal Foch,48,
2.023E+11,30,1,2023,08:05,1,44,44109,2,1,8,4,297 Route de Sainte Luce,47,
2.023E+11,6,6,2023,13:15,1,92,92024,2,2,1,6,GEORGES BOISSEAU (RUE),48,
2.023E+11,12,7,2023,14:20,1,93,93051,2,9,1,3,Boulevard du Ru de Nesles,48,
2.023E+11,28,1,2023,02:15,5,44,44109,2,1,8,6,135 Boulevard Robert Schuman,47,
2.023E+11,28,1,2023,15:05,1,44,44109,2,1,8,6,20 Quai Ernest Renaud,47,
2.023E+11,5,6,2023,12:40,1,82,82033,2,1,7,6,Route de Moissac rd 813,44,
2.023E+11,16,6,2023,09:10,1,93,93008,2,1,1,2,Av du President Salvador Allende,48,
2.023E+11,20,1,2023,13:30,1,44,44109,2,1,8,7,72 Boulevard Jules Verne,47,
2.023E+11,5,6,2023,16:25,1,94,94058,2,1,1,6,137 bis Avenue Pierre Brossolette,48,
2.023E+11,12,7,2023,19:40,1,93,93001,2,1,1,5,Avenue Jean Jaurès,48,
2.023E+11,27,1,2023,08:00,1,44,44109,2,3,8,6,Rue de Strasbourg,47,
2.023E+11,6,2,2023,12:50,1,93,93031,2,1,1,6,Avenue Galliéni,48,
2.023E+11,12,7,2023,10:40,1,92,92078,1,1,1,6,GALLIENI (BD) (1 A 79 ET 22 A 102),48,
2.023E+11,25,1,2023,10:20,1,44,44190,2,3,8,6,126 Rue du Général De Gaulle,47,
2.023E+11,12,2,2023,20:00,5,92,92023,2,1,1,3,GENERAL DE GAULLE (AV DU) N°130 A 340 ET,48,
2.023E+11,12,7,2023,10:00,1,92,92051,2,9,1,2,COMMANDANT CHARCOT (BOULEVARD DU),48,
2.023E+11,23,1,2023,07:40,1,44,44087,1,6,8,2,Rond-Point du Moulin Morcat,46,
2.023E+11,23,8,2023,06:50,1,91,91363,1,1,1,3,A10 - PK 003+200 - en direction de la province,48,
2.023E+11,5,6,2023,09:15,1,987,98735,2,1,1,4,CLEMENCEAU ( RUE QTIER DEFLESSELLE),-17,
2.023E+11,12,7,2023,12:10,1,92,92050,2,1,1,6,PICASSO PABLO AVENUE,48,
2.023E+11,21,8,2023,00:00,5,11,11202,2,1,1,2,avenue georges candilis,42,
2.023E+11,6,6,2023,15:50,1,974,97416,1,1,1,2,RN03,-21,
2.023E+11,11,7,2023,10:12,1,92,92049,2,1,1,3,DARDAN RUE GERMAIN,48,
2.023E+11,22,12,2023,10:00,1,21,21464,1,1,3,5,A31,47,
2.023E+11,3,8,2023,11:20,1,987,98747,2,1,7,3,PK 60 - TARAVAO CENTRE,-17,
2.023E+11,10,7,2023,08:40,1,92,92002,2,1,1,6,ARMAND GUILLEBAUD (AVENUE),48,
2.023E+11,5,6,2023,08:30,1,974,97416,1,3,1,3,BOISSY (CHEMIN DE),-21,
2.023E+11,22,8,2023,16:10,1,77,77339,2,1,1,6,La Chesnaye,48,
2.023E+11,13,7,2023,04:40,5,11,11194,2,1,1,6,Route des 4 Chateaux,43,
2.023E+11,9,12,2023,15:45,1,45,45254,1,3,1,3,D940 PR 11 + 162,47,
2.023E+11,22,8,2023,14:00,1,2B,2B059,1,1,1,1,RT30,42,
2.023E+11,6,6,2023,19:00,5,974,97411,2,1,1,6,BEDIER (AVENUE JOSEPH),-20,
2.023E+11,11,12,2023,18:50,5,14,14118,2,3,1,6,Quai Vendeuvre,49,
2.023E+11,13,7,2023,00:15,5,91,91235,2,1,1,2,39 Rue Clément Ader,48,
2.023E+11,15,9,2023,10:50,1,36,36150,1,1,1,7,N/A,46,
2.023E+11,6,6,2023,07:30,1,974,97407,2,1,7,6,14 JUILLET 1789(AVENUE DU),-20,
2.023E+11,14,8,2023,23:15,5,34,34344,1,1,1,2,D62,43,
2.023E+11,5,7,2023,13:30,1,38,38336,2,1,1,7,384 Route Nationale 7 Nord St Christ,45,
2.023E+11,21,1,2023,01:00,5,44,44109,2,1,8,6,1 rue des forges,47,
2.023E+11,22,8,2023,11:54,1,83,83068,2,1,1,6,1651 Route du Littoral,43,
2.023E+11,6,6,2023,15:45,1,973,97302,2,1,1,2,COLLERY (ZONE INDUSTRIELLE),4,
2.023E+11,9,7,2023,05:00,2,41,41150,1,3,1,7,Route de Clènord,47,
2.023E+11,20,1,2023,01:15,3,44,44109,2,1,8,7,Pont de Tbilissi,47,
2.023E+11,22,8,2023,19:20,1,83,83068,2,1,1,5,Route du Littoral,43,
2.023E+11,11,7,2023,07:00,1,49,49092,1,1,7,2,Route Départementale 24,47,
2.023E+11,6,6,2023,13:50,1,973,97302,2,9,1,3,MADELEINE (ROUTE DE LA),4,
2.023E+11,21,1,2023,14:30,1,44,44162,2,3,8,7,Chemin des Bodinières,47,
2.023E+11,23,8,2023,11:30,1,68,68136,1,1,1,1,Rue de Sainte Croix En Plaine,48,
2.023E+11,12,7,2023,18:57,1,41,41144,2,2,1,3,Rue de Pasnel,47,
2.023E+11,5,6,2023,19:20,4,973,97302,2,1,1,6,MANDELA  (BOULEVARD),4,
2.023E+11,20,1,2023,08:35,1,44,44082,1,1,8,2,N/A,47,
2.023E+11,10,7,2023,09:50,1,5,5027,1,1,1,7,D902,44,
2.023E+11,20,1,2023,08:25,1,44,44109,2,1,8,7,Quai Henri Barbusse,47,
2.023E+11,9,8,2023,13:15,1,67,67368,1,1,1,1,D426,48,
2.023E+11,5,6,2023,20:50,1,973,97309,2,1,1,2,TIGRE (ROUTE DU),4,
2.023E+11,13,7,2023,04:00,3,21,21642,1,1,1,7,A6 PK 220+130,47,
2.023E+11,20,1,2023,07:00,2,44,44109,2,3,8,7,45 Route de Paris,47,
2.023E+11,22,8,2023,17:30,1,57,57474,2,2,1,3,Rue de Boussange,49,
2.023E+11,13,7,2023,18:00,1,41,41091,1,1,1,2,Autoroute A10 PK 155.950 en direction de TOURS,47,
2.023E+11,5,6,2023,06:55,1,973,97302,2,1,1,3,MONTABO (ROUTE DE) 1,4,
2.023E+11,19,1,2023,17:24,1,44,44184,1,1,8,1,Route de la laiterie,47,
2.023E+11,22,8,2023,14:00,1,73,73117,2,3,1,3,D1006 Avenue de la liberté,45,
2.023E+11,22,1,2023,19:15,5,44,44215,2,1,1,7,486 Route de Clisson,47,
2.023E+11,4,6,2023,23:20,5,973,97302,2,6,2,1,MADELEINE (ROUTE DE LA),4,
2.023E+11,13,7,2023,10:25,1,6,6033,1,1,1,5,RM 6202 bis,43,
2.023E+11,16,11,2023,18:00,2,14,14543,1,6,2,6,Route de Bayeux,49,
2.023E+11,23,8,2023,14:05,1,42,42296,1,1,1,7,D10,45,
2.023E+11,13,7,2023,20:15,1,60,60092,1,1,1,7,D20,49,
2.023E+11,6,6,2023,07:05,1,69,69386,2,2,1,3,Cours Vitton,45,
2.023E+11,19,1,2023,15:50,1,44,44143,2,6,8,1,50 Rue Camille Claudel,47,
2.023E+11,20,8,2023,11:15,1,1,1444,2,1,1,7,269 rue du Village,45,
2.023E+11,17,1,2023,15:45,1,44,44109,2,1,8,6,68 Boulevard Eugène Orieux,47,
2.023E+11,23,8,2023,19:50,1,64,64109,2,1,1,1,101 Rue des Pyrénées,43,
2.023E+11,5,6,2023,16:50,1,69,69387,2,3,1,3,Avenue Berthelot,45,
2.023E+11,23,8,2023,10:00,1,85,85054,1,1,1,7,chateaulong,46,
2.023E+11,17,1,2023,12:55,1,44,44109,2,6,8,7,route de carquefou,47,
2.023E+11,13,7,2023,00:00,3,63,63116,1,1,1,2,A89 PK 355+900 vers Bordeaux,45,
2.023E+11,9,7,2023,10:15,1,61,61194,1,1,1,6,A88 PK28+780,48,
2.023E+11,22,8,2023,10:25,1,22,22070,2,9,7,3,Rue de la passerelle,48,
2.023E+11,11,11,2023,16:00,1,14,14118,2,2,1,3,Boulevard Maréchal Juin,49,
2.023E+11,5,6,2023,16:00,1,69,69383,2,2,1,3,Rue Vendôme,45,
2.023E+11,22,8,2023,18:30,1,22,22197,1,1,1,7,Rue champ des grèves - croix formal,48,
2.023E+11,12,7,2023,09:35,1,51,51113,2,6,1,3,D951,48,
2.023E+11,13,1,2023,03:20,5,44,44190,2,6,1,6,Boulevard des Pas Enchantés,47,
2.023E+11,22,8,2023,02:21,3,22,22026,1,1,1,6,La Noe,48,
2.023E+11,6,6,2023,13:10,1,972,97209,2,3,1,3,JEAN JAURES (AVENUE),14,
2.023E+11,13,1,2023,15:50,1,44,44109,2,1,8,6,11 Boulevard Alexandre Millerand,47,
2.023E+11,20,8,2023,15:20,1,22,22093,1,1,1,3,Rue Albert Jacquard (Lamballe),48,
2.023E+11,12,1,2023,12:50,1,44,44109,2,6,8,6,77 rue du Perray,47,
2.023E+11,6,6,2023,08:00,1,972,97209,2,1,1,4,SOLEIL LEVANT (BOULEVARD DU),14,
2.023E+11,23,8,2023,12:50,1,60,60446,2,1,1,6,10 Rue de la Croix Verte,49,
2.023E+11,12,1,2023,08:45,1,44,44109,2,1,8,3,9 Avenue Carnot,47,
2.023E+11,12,7,2023,16:30,1,67,67281,1,1,1,1,D424,48,
2.023E+11,5,6,2023,00:40,3,972,97209,1,1,1,6,RN9,14,
2.023E+11,12,7,2023,16:45,1,67,67072,2,1,1,2,53 Rue de Ratzwiller,48,
2.023E+11,22,8,2023,14:30,1,13,13215,2,1,1,2,A7-Sens Lyon vers Marseille,43,
2.023E+11,8,1,2023,16:10,2,44,44035,1,1,8,3,N/A,47,
2.023E+11,13,7,2023,11:30,1,2A,2A040,1,1,1,6,T201,42,
2.023E+11,22,8,2023,02:38,3,13,13081,1,1,1,6,A7-Sens Marseille vers Lyon,43,
2.023E+11,27,10,2023,11:12,1,38,38151,2,1,1,6,COURS JEAN JAURÈS_,45,
2.023E+11,6,6,2023,14:10,1,69,69152,2,1,1,4,14 Rue Henri Moissan,45,
2.023E+11,13,7,2023,17:12,1,80,80092,1,1,1,1,D933,49,
2.023E+11,21,8,2023,20:58,3,13,13088,1,1,1,2,A55-Sens Marseille vers Martigues,43,
2.023E+11,14,10,2023,16:25,1,38,38053,2,2,8,6,ALPES_,45,
2.023E+11,13,7,2023,18:55,1,65,65062,2,1,1,6,15bis Rue de l'Egalité,43,
2.023E+11,5,6,2023,07:55,1,69,69385,2,5,1,6,Place de Trion,45,
2.023E+11,21,8,2023,16:27,1,13,13071,1,1,1,2,A7-Sens Marseille vers Lyon,43,
2.023E+11,12,7,2023,18:30,1,11,11020,1,1,1,6,D212,42,
2.023E+11,7,9,2023,08:35,1,38,38563,2,3,1,6,GRANDE (RUE),45,
2.023E+11,7,1,2023,16:04,1,44,44109,2,1,1,6,1 Boulevard Général de Gaulle,47,
2.023E+11,22,8,2023,01:00,5,83,83137,1,1,1,3,A50 TUNNEL TUBE NORD,43,
2.023E+11,4,6,2023,17:20,1,69,69202,2,1,1,4,Avenue de Limburg,45,
2.023E+11,13,7,2023,11:15,1,55,55543,1,1,1,5,Rue de Ligny,48,
2.023E+11,3,1,2023,10:00,1,44,44109,2,1,1,2,4 Boulevard Léon Bureau,47,
2.023E+11,22,8,2023,01:19,3,69,69091,1,1,1,3,Autoroute 47,45,
2.023E+11,12,7,2023,08:00,1,34,34223,1,2,1,6,RD16E4,43,
2.023E+11,3,6,2023,17:00,1,69,69381,2,3,1,3,Quai Jean Moulin,45,
2.023E+11,3,1,2023,16:54,2,44,44109,2,3,1,7,21 Rue de la Colterie,47,
2.023E+11,21,8,2023,22:45,3,57,57757,2,9,1,6,Autoroute A31,49,
2.023E+11,12,7,2023,15:30,1,38,38370,1,1,8,7,Route du Furand,45,
2.023E+11,2,9,2023,16:10,1,62,62083,1,1,1,7,D179,50,
2.023E+11,6,6,2023,21:55,3,2B,2B120,1,9,1,6,11 - RT,42,