Num_Acc,jour,mois,an,hrmn,lum,dep,com,agg,int,atm,col,adr,lat,long
2.023E+11,25,11,2023,12:40,1,75,75103,2,4,1,6,RUE SAINT MARTIN,48,
2.023E+11,24,3,2023,08:00,1,3,3103,2,1,2,6,21 Place de la République,46,
2.023E+11,20,10,2023,11:35,1,38,38318,1,1,1,5,LAVERLOCHERE(RUE),45,
2.023E+11,24,3,2023,03:30,3,1,1230,1,1,1,6,D975,46,
2.023E+11,4,7,2023,22:30,3,59,59369,1,1,2,6,RD 40,50,
2.023E+11,2,6,2023,20:20,2,76,76351,2,2,1,4,LENINGRAD (BD DE),49,
2.023E+11,25,11,2023,19:45,5,94,94080,2,2,1,3,Rue de Fontenay,48,
2.023E+11,20,1,2023,02:00,3,58,58278,1,1,1,6,D13,46,
2.023E+11,3,10,2023,10:22,1,38,38544,2,1,7,6,JEAN MOULIN(RUE),45,
2.023E+11,10,7,2023,17:10,1,59,59279,2,1,1,1,LEMIRE (RUE DE L'ABBE),50,
2.023E+11,25,11,2023,14:45,1,94,94042,2,1,1,3,Rue Charles Pathe,48,
2.023E+11,24,3,2023,07:45,2,66,66098,2,1,1,1,20 Rue de la Quillane,42,
2.023E+11,3,6,2023,23:30,5,76,76447,2,1,1,2,MARECHAL FOCH,49,
2.023E+11,23,9,2023,10:20,1,38,38544,1,1,1,5,CD 41,45,
2.023E+11,24,11,2023,18:20,5,94,94046,2,1,1,6,Rue de Mesly,48,
2.023E+11,10,7,2023,07:04,1,59,59512,2,2,1,3,ARMENTIERES (BOULEVARD D'),50,
2.023E+11,23,3,2023,15:30,1,54,54135,1,1,2,6,D4,48,
2.023E+11,30,5,2023,14:30,1,76,76351,2,2,1,6,GUSTAVE BRINDEAU (RUE),49,
2.023E+11,20,9,2023,18:03,2,38,38544,2,3,1,3,JEAN MOULIN(RUE),45,
2.023E+11,11,7,2023,08:00,1,59,59328,2,6,1,3,ALLIANCE NORD OUEST BVD DE L,50,
2.023E+11,3,6,2023,20:30,1,76,76351,2,9,1,3,VERDUN (RUE DE),49,
2.023E+11,24,3,2023,15:50,1,54,54312,1,1,1,6,RD 910 ,48,
2.023E+11,25,11,2023,09:55,1,94,94041,2,5,1,3,Boulevard Paul Vaillant Couturier,48,
2.023E+11,16,9,2023,15:53,1,38,38544,2,1,8,6,BRILLIER(COUR),45,
2.023E+11,6,7,2023,16:00,1,59,59350,2,7,1,2,Avenue Le Corbusier,50,
2.023E+11,5,6,2023,20:30,1,74,74298,2,1,1,6,MAIRIE (PLACE DE LA ),46,
2.023E+11,4,8,2023,18:05,2,38,38544,2,1,1,6,ST MARCEL(MONTEE),45,
2.023E+11,24,3,2023,14:00,1,50,50453,1,2,8,3,Rue des Etangs,48,
2.023E+11,10,7,2023,16:05,1,59,59476,2,1,7,3,PARIS (ROUTE DE),50,
2.023E+11,4,12,2023,08:38,1,74,74305,2,1,1,6,VOIRONS (RUE DES),46,
2.023E+11,25,11,2023,00:10,5,94,94038,2,3,1,3,Avenue Henri Barbusse,48,
2.023E+11,21,3,2023,08:30,1,60,60686,1,1,1,2,D92,49,
2.023E+11,5,6,2023,22:12,5,72,72181,2,1,1,7,NEGRIER GENERAL (BD) N° IMP,48,
2.023E+11,11,7,2023,07:30,1,51,51454,2,1,7,6,WITRY (ROUTE DE),49,
2.023E+11,25,11,2023,03:55,5,94,94077,2,1,1,6,Avenue de la République,48,
2.023E+11,3,12,2023,10:10,1,74,74010,2,1,1,6,FINS (SECTEUR 410),45,
2.023E+11,25,11,2023,03:30,5,94,94018,2,1,1,6,Av du Mal de Lattre de Tassigny,48,
2.023E+11,5,6,2023,15:10,1,72,72181,2,9,1,3,ANGEVINIERE (RUE DE L'),47,
2.023E+11,10,7,2023,19:52,1,51,51454,2,1,1,2,CHALONS (ROUTE DE) RN 44,49,
2.023E+11,3,6,2023,16:35,1,72,72181,1,1,1,2,PATTON GENERAL RTE ST-AUBIN A AV RUBILLA,48,
2.023E+11,24,3,2023,06:20,3,64,64211,1,2,1,6,42,43,
2.023E+11,25,11,2023,06:40,5,93,93059,2,1,1,1,Avenue Laënnec,48,
2.023E+11,8,7,2023,18:33,1,49,49007,2,3,1,3,ARAGON AVENUE,47,
2.023E+11,5,6,2023,12:40,1,71,71076,2,1,1,3,RICHARD (RUE ANTONIN),46,
2.023E+11,30,11,2023,18:20,5,56,56260,2,2,1,3,RESISTANCE(BLD DE LA) 4 A DDASS,47,
2.023E+11,6,7,2023,19:50,1,48,48095,2,1,1,7,GORGES DU TARN (AVENUE DES),44,
2.023E+11,24,11,2023,21:40,5,93,93051,2,3,1,6,Rue de la République / Rue de la Comédie,48,
2.023E+11,14,3,2023,15:15,1,36,36064,1,2,1,3,N/A,46,
2.023E+11,6,6,2023,19:50,1,69,69282,2,1,1,6,8 Rue du 8 Mai 1945,45,
2.023E+11,24,3,2023,02:58,3,7,7204,2,1,1,6,lotissement lichessol,44,
2.023E+11,11,7,2023,19:00,1,44,44109,2,1,1,1,14 Rue de la Bottière,47,
2.023E+11,24,11,2023,16:45,2,93,93033,2,7,1,3,Place Churchill / Rue Henri Guèrin,48,
2.023E+11,23,3,2023,22:30,3,24,24526,1,1,2,7,Bois Quatre Routes du Breu,45,
2.023E+11,6,6,2023,16:24,1,69,69266,2,6,1,3,Cours André Philip,45,
2.023E+11,20,10,2023,06:35,5,94,94028,2,1,2,6,Place des Alizes,48,
2.023E+11,10,7,2023,15:20,1,42,42207,2,2,1,3,Rue Victor Hugo,45,
2.023E+11,25,11,2023,18:30,5,93,93032,2,1,8,2,Rue Contant,48,
2.023E+11,18,1,2023,01:10,3,85,85273,1,9,8,6,RD948,46,
2.023E+11,6,7,2023,11:16,1,83,83019,1,1,1,7,N/A,43,
2.023E+11,27,12,2023,15:55,1,65,65083,2,1,1,7,N/A,43,
2.023E+11,25,11,2023,19:35,5,93,93031,2,3,1,3,Avenue de la République / Rue Henri Dunant,48,
2.023E+11,19,3,2023,15:30,1,17,17466,1,9,1,3,N11,46,
2.023E+11,5,6,2023,08:15,1,67,67482,2,3,1,3,LEBLOIS (BOULEVARD),48,
2.023E+11,10,7,2023,16:45,1,37,37208,2,1,1,1,GRAND COUR (RUE DE),47,
2.023E+11,16,9,2023,14:15,-1,65,65239,1,1,-1,7,RD 26 Route du Col de Coupe,43,
2.023E+11,22,3,2023,12:10,1,87,87041,1,1,1,1,D44,46,
2.023E+11,4,6,2023,14:30,1,67,67482,2,1,1,3,CHEMIN DE FER (RUE DU),48,
2.023E+11,25,11,2023,14:25,1,93,93029,2,1,1,2,Avenue Henri Barbusse,48,
2.023E+11,18,1,2023,06:35,3,35,35210,1,1,8,6,N/A,48,
2.023E+11,10,10,2023,08:00,1,69,69264,2,2,1,5,Rue Loyson de Chastelus,45,
2.023E+11,4,6,2023,00:45,5,67,67482,2,1,1,2,DOUBS (RUE DU),48,
2.023E+11,25,11,2023,08:20,1,93,93029,2,1,1,3,Avenue Henri Barbusse,48,
2.023E+11,11,7,2023,17:10,1,35,35238,1,1,1,4,RN136,48,
2.023E+11,24,3,2023,17:40,2,6,6067,1,1,1,1,Tunnel de la Coupière - A8 - PK 216.300,43,
2.023E+11,24,10,2023,09:30,1,75,75107,2,4,8,3,RUE DU BAC,48,
2.023E+11,4,6,2023,19:20,1,67,67482,2,3,1,3,LA FONTAINE (BOULEVARD),48,
2.023E+11,25,11,2023,19:50,5,93,93030,2,1,1,2,Avenue du Général de Gaulle,48,
2.023E+11,24,3,2023,13:00,1,69,69026,1,1,8,1,14 Route de Fontmartin,45,
2.023E+11,11,7,2023,19:35,2,33,33192,2,2,1,1,Rue du Marais,44,
2.023E+11,30,12,2023,23:25,3,49,49301,1,1,1,1,D158,47,
2.023E+11,2,6,2023,08:21,1,66,66172,1,1,1,2,,42,
2.023E+11,25,11,2023,10:45,1,93,93008,2,2,1,6,Avenue Louis Aragon / Rue de la Paix,48,
2.023E+11,28,2,2023,08:27,1,76,76484,1,1,1,2,A13,49,
2.023E+11,11,7,2023,10:35,1,33,33550,2,2,1,2,Avenue des Pyrénées,44,
2.023E+11,29,10,2023,14:00,1,14,14715,2,1,1,6,19 Route de Honfleur,49,
2.023E+11,21,3,2023,17:50,1,971,97125,2,1,1,6,avenue de l'europe,16,
2.023E+11,1,6,2023,17:07,1,66,66136,2,1,1,2,,42,
2.023E+11,24,11,2023,17:45,5,93,93005,2,2,1,3,Route de Mitry / Allee du Docteur Claude Bernard,48,
2.023E+11,25,11,2023,05:55,5,84,84035,1,1,1,2,DUNANT (AVENUE HENRY),43,
2.023E+11,10,7,2023,20:27,2,33,33522,2,3,7,3,Rue François Rabelais,44,
2.023E+11,1,6,2023,10:33,1,66,66136,2,1,1,6,,42,
2.023E+11,19,3,2023,16:10,1,978,97801,2,1,1,3,rue low town SAINT JAMES,18,
2.023E+11,25,11,2023,03:56,5,92,92040,2,1,1,7,VICTOR CRESSON (AVENUE) DU 02 AU 40,48,
2.023E+11,27,12,2023,13:40,1,38,38301,1,2,7,3,D1075,44,
2.023E+11,6,6,2023,18:25,1,64,64189,2,1,7,3,GENERAL DE GAULLE (PONT DU),43,
2.023E+11,11,7,2023,10:25,1,31,31555,2,1,1,6,BD GABRIEL KOENIGS,43,
2.023E+11,25,11,2023,12:25,1,92,92012,2,1,1,1,PIERRE GRENIER (AVENUE),48,
2.023E+11,19,1,2023,18:10,5,77,77440,2,2,1,6,D603,48,
2.023E+11,11,6,2023,23:10,3,14,14701,1,1,1,6,488 Chemin du Solier,49,
2.023E+11,10,7,2023,11:15,1,30,30007,2,1,1,6,Avenue du Docteur Jean Goubert,44,
2.023E+11,14,3,2023,17:00,1,34,34299,1,1,2,2,D37E11,43,
2.023E+11,26,11,2023,15:30,1,9,9214,2,1,8,6,Chemin du Bord du Lez,42,
2.023E+11,3,6,2023,12:55,1,64,64102,2,1,1,1,PLANTOUN (AVENUE),43,
2.023E+11,3,6,2023,05:30,2,14,14079,1,1,1,6,840 Route de Beaumont,49,
2.023E+11,23,3,2023,07:45,1,25,25505,1,1,2,3,D25 PR20,47,
2.023E+11,5,6,2023,07:34,1,60,60057,2,9,1,6,Boulevard Saint - André,49,
2.023E+11,26,11,2023,18:53,5,30,30334,2,1,1,6,8 Avenue des Cévennes,44,
2.023E+11,7,7,2023,19:25,1,30,30007,1,3,1,3,MONTEE DES CYPRES,44,
2.023E+11,28,5,2023,04:15,5,14,14220,2,1,1,3,84 Avenue de la République,49,
2.023E+11,20,1,2023,16:35,1,68,68323,1,1,1,2,lieu dit les sources d'appoline,47,
2.023E+11,5,6,2023,16:25,1,59,59508,2,1,1,6,LATTE (RUE DE LA),50,
2.023E+11,26,11,2023,06:19,3,30,30030,1,1,1,1,D981,44,
2.023E+11,11,7,2023,08:45,1,29,29232,1,1,2,5,Avenue de Ty Bos,47,
2.023E+11,24,3,2023,17:10,1,73,73303,1,1,2,1,D1508,45,
2.023E+11,28,11,2023,17:40,5,74,74298,2,6,1,3,EUROPE (AVENUE DE L'),46,
2.023E+11,6,6,2023,23:15,3,59,59527,2,1,1,1,FAURE FELIX RUE,50,
2.023E+11,11,7,2023,13:00,1,28,28110,2,1,1,1,DU GORD,48,
2.023E+11,25,11,2023,23:10,3,62,62583,1,9,1,7,Rue de Grincourt,50,
2.023E+11,24,3,2023,05:00,5,73,73213,2,3,2,6,D1006 route de challes,45,
2.023E+11,7,9,2023,10:59,1,93,93013,2,2,1,6,Avenue de la Division Leclerc / Avenue John Fitzgerald Kennedy,48,
2.023E+11,11,7,2023,13:40,1,27,27701,1,1,1,2,RD6015,49,
2.023E+11,5,6,2023,18:00,1,59,59350,2,2,1,1,CANONNIERS RUE DES 1:17-26:44,50,
2.023E+11,23,3,2023,21:40,5,69,69121,2,9,1,6,Route du Pont de Dorieux,45,
2.023E+11,25,11,2023,19:50,3,77,77162,1,1,1,1,D204,48,
2.023E+11,22,3,2023,17:50,1,9,9066,1,1,1,6,Hameau de Cazals,42,
2.023E+11,11,7,2023,17:25,1,25,25462,2,1,1,6,SALENGRO ROGER PLACE,46,
2.023E+11,5,6,2023,13:00,1,59,59350,2,1,1,3,TURENNE RUE,50,
2.023E+11,18,9,2023,12:00,1,29,29011,1,2,1,3,D26,48,
2.023E+11,25,11,2023,16:10,1,56,56205,1,3,1,2,D20,,
2.023E+11,10,7,2023,13:00,1,18,18033,1,1,1,3,Rue Nicephore Niepce,47,
2.023E+11,22,3,2023,16:30,1,17,17095,1,3,8,3,D156e1,45,
2.023E+11,2,6,2023,09:30,1,59,59008,2,1,1,1,GASPARD (RUE),50,
2.023E+11,18,12,2023,16:30,1,60,60612,2,1,2,6,Avenue de Compiègne,49,
2.023E+11,5,6,2023,06:24,1,57,57757,2,1,1,2,Nations (Avenue),49,
2.023E+11,23,3,2023,10:10,1,49,49021,2,7,1,6,Place Jeanne de Laval (Beaufort-en-Vallée),47,
2.023E+11,11,7,2023,05:25,5,17,17461,2,6,1,7,ROND-POINT DE BEAULIEU,45,
2.023E+11,24,3,2023,05:15,3,56,56041,1,1,9,6,Pontic Meïn,48,
2.023E+11,5,6,2023,23:20,5,57,57480,2,1,1,7,CANAL (RUE DU ),49,
2.023E+11,25,11,2023,19:55,3,65,65033,1,1,5,6,chemin de lassere lieu dit ball trapp,43,
2.023E+11,11,7,2023,23:45,5,13,13214,2,1,1,6,CAPITAINE GEZE (BOULEVARD),43,
2.023E+11,23,3,2023,18:00,1,62,62560,1,1,3,1,D231,50,
2.023E+11,25,11,2023,09:15,1,71,71263,2,1,8,7,Rue des Cours Béthy,46,
2.023E+11,7,11,2023,08:20,1,13,13216,1,1,1,3,A55-Sens Martigues vers Marseille,43,
2.023E+11,1,6,2023,14:27,1,57,57591,2,2,1,3,GARE (RUE DE LA),49,
2.023E+11,23,3,2023,09:35,1,59,59256,1,1,1,5,M145,50,
2.023E+11,26,12,2023,07:30,4,59,59507,1,1,2,7,AUTOROUTE A1,50,
2.023E+11,10,7,2023,15:15,1,13,13047,2,1,1,3,JEAN JACQUES PRAT BOULEVARD,43,
2.023E+11,26,11,2023,15:10,1,71,71359,1,1,1,3,d37 route de cuisery,46,
2.023E+11,4,6,2023,10:43,1,57,57019,2,1,1,6,FERME (RUE DE LA VIEILLE),49,
2.023E+11,26,9,2023,18:30,1,14,14110,1,6,1,6,Route de Varaville,49,
2.023E+11,23,3,2023,08:09,1,59,59071,2,2,2,5,Rue Nestor Longue Epee,50,
2.023E+11,26,11,2023,12:30,1,63,63368,1,1,1,7,Route de Billom,45,
2.023E+11,11,7,2023,23:00,3,13,13004,1,1,1,2,VC 113 DITE DE PALUN LONGUE,43,
2.023E+11,22,11,2023,14:00,1,74,74256,2,1,1,6,Rue de savoie,45,
2.023E+11,25,11,2023,16:40,1,63,63155,2,1,2,6,D997- lieu dit le pialoux,45,
2.023E+11,5,6,2023,15:35,1,57,57660,2,1,1,2,NATIONALE(RUE)LIMITE FORBACH/RUE ST ALIC,49,
2.023E+11,23,3,2023,10:00,1,13,13211,1,1,1,2,A50-Sens Marseille vers Aubagne,43,
2.023E+11,10,7,2023,22:05,5,9,9225,2,3,1,3,TOULOUSE ROUTE DE,43,
2.023E+11,26,11,2023,04:30,3,61,61081,1,1,1,6,D438,48,
2.023E+11,6,6,2023,10:15,1,56,56121,2,1,1,6,SCORFF ( BD DU ),47,
2.023E+11,17,11,2023,15:45,1,74,74058,2,1,8,1,Route des frasses,46,
2.023E+11,6,6,2023,11:00,1,56,56121,2,1,1,6,Parking du supermarché GEANT,47,
2.023E+11,14,11,2023,00:26,5,74,74096,1,1,3,7,A41,46,
2.023E+11,10,7,2023,12:40,1,7,7316,2,1,1,2,OLIVIER DE SERRES (AVENUE),44,
2.023E+11,23,3,2023,06:15,2,13,13026,1,1,1,2,A55-Sens Marseille vers Martigues,43,
2.023E+11,6,6,2023,08:14,1,56,56121,2,1,1,6,MARESCHAL ( RUE GEORGES ),47,
2.023E+11,9,11,2023,19:00,5,74,74242,2,1,2,2,22 Route d?Annecy,45,
2.023E+11,26,11,2023,12:09,1,42,42289,1,1,1,6,Route de Croizet-sur-Gand,45,
2.023E+11,11,7,2023,16:35,1,6,6088,2,1,1,3,VOIE RAPIDE,43,
2.023E+11,2,11,2023,19:00,3,74,74042,1,1,2,1,Route de geneve,46,
2.023E+11,5,6,2023,08:20,2,56,56121,2,2,7,3,GUEMENE (RUE  DE ),47,
2.023E+11,2,6,2023,18:34,1,56,56121,2,1,1,7,BOIS-DU-CHATEAU (RUE  DU ),47,
2.023E+11,27,10,2023,20:00,3,74,74094,1,9,2,2,Route des chasseurs,46,
2.023E+11,10,7,2023,16:45,1,6,6149,2,1,1,4,PENETRANTE DU PAILLON,43,
2.023E+11,5,6,2023,22:39,5,54,54265,2,6,1,3,Allée de la Genelière,48,
2.023E+11,16,6,2023,09:40,1,5,5061,2,1,1,3,EMILE FABRE (COURS  ),44,
2.023E+11,22,3,2023,15:40,1,13,13071,1,1,1,2,A55 - Sens Marseille vers Martigues,43,
2.023E+11,18,10,2023,16:00,1,74,74269,1,3,1,3,D992,45,
2.023E+11,5,6,2023,15:30,1,54,54274,2,2,1,3,MALGRANGE (AVENUE DE LA),48,
2.023E+11,5,7,2023,12:15,1,5,5061,1,1,1,3,VEYNES ( ROUTE DE ),44,
2.023E+11,25,11,2023,21:10,3,47,47208,1,1,1,1,D933,44,
2.023E+11,5,6,2023,12:05,1,54,54339,2,1,1,6,PASTEUR (RUE,48,
2.023E+11,12,6,2023,08:00,1,5,5061,1,1,1,2,RN85,44,
2.023E+11,15,10,2023,03:40,3,74,74233,1,1,1,6,A41,45,
2.023E+11,6,6,2023,09:10,1,54,54261,2,3,1,3,Avenue de la Concorde,49,
2.023E+11,12,10,2023,22:15,3,74,74212,2,1,1,7,749 Route de termine,46,
2.023E+11,11,7,2023,17:30,1,3,3185,2,9,1,1,SEMARD ( RUE PIERRE ),46,
2.023E+11,23,3,2023,17:36,1,69,69382,1,1,1,3,Route de Métropole 7,45,
2.023E+11,2,6,2023,13:15,1,52,52534,1,1,1,1,CLOS SAINT JEAN (CHEMIN DU),48,
2.023E+11,3,12,2023,17:16,5,2,2691,2,1,2,6,58 Rue d'Isle,49,
2.023E+11,10,7,2023,13:10,1,75,75106,2,2,1,6,RUE DE SEVRES,48,
2.023E+11,15,10,2023,18:20,1,51,51660,2,2,1,3,rue du 08 mai 1918 et rue des marais,49,
2.023E+11,5,6,2023,20:45,1,51,51454,2,1,1,6,BARTHOU (BOULEVARD LOUIS) IMPAIR,49,
2.023E+11,21,3,2023,22:10,3,33,33162,1,1,1,6,ROCADE A 630,44,
2.023E+11,25,11,2023,14:59,1,86,86235,1,1,1,5,D741,46,
2.023E+11,4,6,2023,17:20,1,51,51454,2,1,1,1,ADRIATIQUE  (RUE DE L'),49,
2.023E+11,20,10,2023,15:49,1,45,45208,2,1,1,3,95 Rue André Coquillet,47,
2.023E+11,11,7,2023,16:21,1,75,75118,2,7,1,3,PLACE ALBERT KAHN,48,
2.023E+11,26,11,2023,09:00,2,31,31430,1,1,5,6,route de gariouere,43,
2.023E+11,19,3,2023,04:10,3,59,59143,1,1,1,6,AUTOROUTE A25,50,
2.023E+11,25,11,2023,21:30,3,1,1245,1,1,2,6,RD 979,46,
2.023E+11,4,6,2023,13:45,1,51,51454,2,2,1,3,SFAX (RUE DE),49,
2.023E+11,11,7,2023,19:00,1,75,75118,2,1,1,6,RUE JEAN HENRI FABRE,48,
2.023E+11,29,7,2023,08:15,1,35,35196,1,2,1,3,N/A,48,
2.023E+11,3,6,2023,20:10,1,51,51454,2,1,1,2,OSEILLE (RUE),49,
2.023E+11,23,3,2023,17:45,1,91,91689,1,1,1,4,AUTOROUTE A6B,48,
2.023E+11,11,7,2023,11:00,1,75,75118,2,1,1,2,RUE DE LA BARRIERE BLANCHE,48,
2.023E+11,28,9,2023,09:40,1,22,22113,2,1,1,2,VIARMES (QUAI DE),48,
2.023E+11,24,11,2023,17:30,2,26,26345,1,1,1,3,Route de Ste-Cécile,44,
2.023E+11,3,6,2023,18:20,1,51,51454,2,2,1,3,DANTON (RUE),49,
2.023E+11,10,7,2023,21:45,5,75,75118,2,3,1,6,RUE MARX DORMOY,48,
2.023E+11,23,3,2023,13:30,1,91,91340,1,1,1,4,AUTOROUTE A6,48,
2.023E+11,10,7,2023,13:00,1,75,75116,2,1,1,6,AVENUE DE LA GRANDE ARMEE,48,
2.023E+11,23,3,2023,09:15,1,94,94076,1,1,1,3,A6B,48,
2.023E+11,23,3,2023,07:55,2,91,91064,1,1,8,7,RN 118,48,
2.023E+11,5,6,2023,10:35,1,49,49007,2,1,1,5,ATLANTIQUE  AVENUE DE L',47,
2.023E+11,25,11,2023,21:30,3,58,58245,1,1,1,6,RD979,46,
2.023E+11,27,11,2023,21:52,5,74,74012,2,2,2,6,AMOUREUX (RUE DES),46,
2.023E+11,23,3,2023,06:25,3,91,91286,1,1,2,2,AUTOROUTE A6,48,
2.023E+11,25,11,2023,22:50,4,14,14174,2,1,1,6,31 Rue du Pont Cel,48,
2.023E+11,26,1,2023,17:15,2,91,91479,1,1,1,2,RTE DE FONTAINEBLEAU,48,
2.023E+11,11,7,2023,10:50,1,75,75115,2,3,1,3,RUE DE LA CONVENTION,48,
2.023E+11,23,3,2023,05:00,3,78,78423,1,1,1,6,A12 Y,48,
2.023E+11,25,11,2023,18:35,3,18,18103,1,1,1,7,la Plaisance,47,
2.023E+11,30,7,2023,06:00,2,75,75116,2,5,1,2,ALLEE DE LONGCHAMP,48,
2.023E+11,26,11,2023,18:15,3,18,18224,1,1,1,7,Le Grand Briou,47,
2.023E+11,22,3,2023,17:50,1,92,92025,1,1,1,5,A86,48,
2.023E+11,5,6,2023,12:45,1,49,49007,1,1,1,2,ATLANTIQUE  AVENUE DE L',47,
2.023E+11,25,11,2023,10:30,1,7,7143,2,1,1,1,Rue d?Arcoules,45,
2.023E+11,27,1,2023,01:40,5,59,59512,2,9,1,2,FOURMIES (BOULEVARD DE),50,
2.023E+11,21,3,2023,09:45,1,78,78007,1,1,1,4,A13W,48,
2.023E+11,7,12,2023,18:35,5,40,40279,2,1,2,6,SAINT-VINCENT DE PAUL (BD),43,
2.023E+11,26,11,2023,02:05,3,63,63035,1,1,1,6,autoroute A 71 PR 365+300,45,
2.023E+11,23,3,2023,17:20,1,93,93066,1,1,1,4,AUTOROUTE A1,48,
2.023E+11,11,7,2023,13:50,1,75,75109,2,2,1,6,RUE LE PELETIER,48,
2.023E+11,23,3,2023,20:50,5,94,94028,2,3,2,3,Avenue Pierre Brossolette,48,
2.023E+11,25,11,2023,23:10,3,63,63072,1,1,2,7,A89 - PK 447+500 - Sens LYON/CLERMONT-FERRAND,45,
2.023E+11,23,3,2023,08:30,1,93,93008,1,1,1,3,AUTOROUTE A86,48,
2.023E+11,24,10,2023,18:20,1,73,73225,2,1,1,1,D12 Route des goulettes,45,
2.023E+11,26,11,2023,04:15,3,971,97112,1,1,1,6,Ducos,15,
2.023E+11,5,6,2023,06:55,1,49,49007,2,6,1,3,DE LATTRE DE TASSIGNY,47,
2.023E+11,22,3,2023,09:00,1,93,93007,1,1,2,3,AUTOROUTE A1,48,
2.023E+11,20,2,2023,15:25,1,81,81311,2,1,1,7,N/A,43,
2.023E+11,11,7,2023,00:15,5,75,75109,2,2,1,6,BOULEVARD DES CAPUCINES,48,
2.023E+11,21,3,2023,22:00,3,95,95527,1,1,1,4, A1,48,
2.023E+11,25,11,2023,18:00,5,971,97115,1,2,1,3,route nationale 2,16,
2.023E+11,4,6,2023,18:10,1,49,49246,2,6,1,3,CHAUVIN AVENUE,47,
2.023E+11,11,7,2023,00:51,5,75,75107,2,3,1,6,AVENUE DE LA BOURDONNAIS,48,
2.023E+11,25,11,2023,22:32,3,977,97701,2,6,1,1,RT 209,,
2.023E+11,22,3,2023,07:00,1,94,94015,1,1,1,2,A4,48,
2.023E+11,5,6,2023,10:36,1,47,47201,2,3,1,2,BENAZIE (RUE DE LA),44,
2.023E+11,11,7,2023,15:10,1,75,75104,2,2,1,6,RUE SAINT ANTOINE,48,
2.023E+11,5,6,2023,07:15,1,44,44109,2,1,7,6,Route de Paris,47,
2.023E+11,25,11,2023,10:35,1,977,97701,2,1,1,7,Route de Colombier,17,
2.023E+11,22,3,2023,10:20,1,54,54528,2,3,1,3,Rue de Verdun,48,
2.023E+11,11,7,2023,09:45,1,75,75101,2,2,1,2,RUE DE RIVOLI,48,
2.023E+11,5,6,2023,19:10,1,43,43157,2,1,8,7,Rue de la Ronzade,45,
2.023E+11,21,11,2023,17:30,1,977,97701,2,1,1,1,RT209,17,
2.023E+11,22,3,2023,15:30,1,6,6029,2,1,1,6,HIBERT (BOULEVARD JEAN),43,
2.023E+11,11,7,2023,18:30,1,94,94081,2,1,1,6,Impasse André Kommer,48,
2.023E+11,8,5,2023,19:50,1,42,42218,2,2,2,3,Rue de la Chance,45,
2.023E+11,11,7,2023,15:40,1,94,94081,2,1,1,6,GABRIEL PERI (R),48,
2.023E+11,26,11,2023,01:05,3,33,33199,2,1,1,6,Domaine de la Forge,44,
2.023E+11,11,7,2023,09:40,1,94,94041,2,1,1,6,Bd Paul Vaillant Couturier,48,
2.023E+11,5,6,2023,19:37,1,42,42187,2,6,1,3,Boulevard Baron du Marais,46,
2.023E+11,13,10,2023,16:40,1,32,32013,2,3,1,6,GUYNEMER,43,
2.023E+11,11,7,2023,08:10,1,94,94065,2,1,1,5,N186B,48,
2.023E+11,5,6,2023,08:30,1,41,41018,2,3,1,1,BART (RUE JEAN),47,
2.023E+11,22,3,2023,12:50,1,976,97611,2,1,1,6,doujani-Mouhindi Hassani (rue ),-12,
2.023E+11,11,10,2023,14:20,1,17,17449,2,1,1,6,ALSACE LORRAINE RUE,45,
2.023E+11,11,7,2023,08:30,1,94,94011,2,9,1,1,Av. du Maréchal Leclerc,48,
2.023E+11,26,11,2023,03:30,3,37,37091,1,1,5,6,135 rue de Chenonceaux,47,
2.023E+11,5,6,2023,19:20,1,37,37233,2,1,7,3,FARGES (AVENUE YVES),47,
2.023E+11,19,8,2023,01:10,4,14,14118,2,1,2,6,N814,49,
2.023E+11,22,12,2023,14:41,1,5,5061,2,1,7,2,FRANCOIS MITTERAND (AVENUE),44,
2.023E+11,8,7,2023,03:55,5,94,94017,2,1,1,6,Boulevard de Stalingrad,48,
2.023E+11,22,3,2023,13:15,1,974,97416,2,1,1,2,LEBLOND 2 (RUE MARIUS ET ARY),-21,
2.023E+11,6,6,2023,19:30,1,35,35238,2,6,1,2,GAYEULLES (AVENUE DES),48,
2.023E+11,18,8,2023,03:10,3,13,13117,2,1,1,6,Boulevard des Tamaris,43,
2.023E+11,27,12,2023,19:00,5,44,44172,1,6,3,3,N/A,47,
2.023E+11,11,7,2023,17:45,1,93,93078,2,6,7,2,Avenue Georges Clémenceau / Boulevard Robert Ballanger,48,
2.023E+11,19,8,2023,16:30,1,13,13208,2,9,1,3,MAZARGUES (AVENUE DE),43,
2.023E+11,6,6,2023,12:05,1,35,35238,2,2,1,3,DONELIERE (RUE DE LA),48,
2.023E+11,25,11,2023,16:19,2,37,37042,1,1,7,2,Crissay,47,
2.023E+11,26,9,2023,16:55,1,25,25200,2,2,1,2,Route de Vesoul,47,
2.023E+11,11,7,2023,17:50,1,93,93072,2,1,1,2,Avenue de Stalingrad,48,
2.023E+11,22,11,2023,09:00,2,45,45234,2,1,1,6,Place du Martroi,47,