Num_Acc,jour,mois,an,hrmn,lum,dep,com,agg,int,atm,col,adr,lat,long
2.023E+11,6,6,2023,08:50,1,35,35238,2,2,1,3,VITRE (BLD DE),48,
2.023E+11,11,7,2023,16:52,1,93,93070,2,1,1,2,Rue du Docteur Bauer,48,
2.023E+11,25,11,2023,01:20,3,45,45137,1,1,1,6,D2152 PR 29 + 470,48,
2.023E+11,19,8,2023,10:05,1,13,13213,2,3,1,3,ALBERT EINSTEIN (RUE),43,
2.023E+11,5,6,2023,17:20,1,35,35238,2,1,1,6,NANTES (DE),48,
2.023E+11,1,10,2023,13:15,1,38,38185,2,3,1,3,LIBERATION ET DU GENERAL DE GAULLE (COUR,45,
2.023E+11,20,3,2023,08:10,1,974,97411,2,1,1,3,RAMBAUD (LEOPOLD),-20,
2.023E+11,11,7,2023,08:00,1,93,93070,2,1,1,3,Rue du Landy,48,
2.023E+11,18,8,2023,10:00,1,13,13210,2,1,1,3,L ARMEE D AFRIQUE (CHEMIN DE L'),43,
2.023E+11,22,3,2023,12:45,1,974,97407,2,1,1,6,20 DECEMBRE 1948(AVENUE DU),-20,
2.023E+11,5,6,2023,09:00,1,34,34301,2,1,1,3,21 Rue Montmorency,43,
2.023E+11,11,7,2023,14:45,1,93,93053,2,3,1,6,Boulevard Michelet / Rue Condorcet,48,
2.023E+11,24,11,2023,19:45,5,74,74305,2,3,2,6,COTES (CHEMIN DES),46,
2.023E+11,28,6,2023,06:40,2,13,13215,2,1,1,3,PADOUANE (BD DE LA ),43,
2.023E+11,5,6,2023,15:40,1,34,34172,2,1,1,6,RM66,43,
2.023E+11,22,3,2023,08:32,1,973,97302,2,1,1,6,VOLTAIRE(AVENUE),4,
2.023E+11,11,7,2023,13:17,1,93,93053,2,9,1,3,Boulevard Michelet,48,
2.023E+11,21,3,2023,09:24,1,973,97302,2,6,1,6,MONTABO (ROUTE DE) 2,4,
2.023E+11,25,11,2023,23:20,3,13,13105,1,1,6,6,Chemin des Brayettes,43,
2.023E+11,4,6,2023,16:55,1,34,34336,2,3,1,3,49 Rue Jean Laurès,43,
2.023E+11,24,10,2023,14:30,1,13,13028,2,3,1,3,CARDINAL MAURIN (AVENUE ),43,
2.023E+11,17,8,2023,19:24,1,13,13211,2,6,1,2,VALENTINE (ROUTE DE LA),43,
2.023E+11,11,7,2023,18:30,1,93,93048,2,2,1,6,Rue de Stalingrad / Rue Désiré Chevalier,48,
2.023E+11,22,3,2023,18:20,1,69,69383,2,2,1,6,Rue de la Bannière,45,
2.023E+11,15,10,2023,19:24,3,13,13033,1,1,6,7,D5,43,
2.023E+11,24,11,2023,17:30,3,89,89257,2,7,2,6,Place Henri Dunant,47,
2.023E+11,17,8,2023,15:45,1,13,13208,2,9,1,3,PIERRE GUERRE (ROND-POINT),43,
2.023E+11,10,7,2023,22:35,5,93,93046,2,9,1,1,Av du Consul General Nordling,48,
2.023E+11,26,11,2023,04:40,3,89,89050,2,1,1,6,Rue du Seche Bouteille,47,
2.023E+11,22,3,2023,17:30,1,69,69388,2,1,1,6,Avenue Berthelot,45,
2.023E+11,5,6,2023,02:15,3,34,34003,2,6,1,3,1 Rond Point des Vignerons,43,
2.023E+11,25,6,2023,11:45,1,22,22077,1,1,1,7,Le Maupas,48,
2.023E+11,17,8,2023,01:37,5,13,13215,2,2,1,3,MADRAGUE VILLE (RUE),43,
2.023E+11,25,11,2023,23:15,3,38,38529,1,1,1,6,Route de Prémol,45,
2.023E+11,22,3,2023,18:10,1,69,69388,2,1,1,1,27 Avenue Jean Mermoz,45,
2.023E+11,23,11,2023,07:30,2,74,74118,2,1,8,3,DE GAULLE (RUE CHARLES),46,
2.023E+11,10,7,2023,23:45,5,93,93007,2,2,1,3,Avenue Henri Barbusse / Rue Joseph Darriet,48,
2.023E+11,6,6,2023,08:15,1,33,33249,2,1,1,3,Avenue de Paris,44,
2.023E+11,16,8,2023,20:40,2,13,13214,2,1,1,6,SIMON BOLIVAR (BOULEVARD),43,
2.023E+11,22,3,2023,12:05,1,69,69387,2,7,1,6,8 Place Jean Macé,45,
2.023E+11,23,11,2023,08:53,1,47,47001,2,6,1,6,1019 avenue de cahors,44,
2.023E+11,25,11,2023,10:15,1,69,69206,1,1,1,1,Route Départementale 306,46,
2.023E+11,5,6,2023,12:45,1,33,33318,2,1,1,6,Avenue du Maréchal Juin,44,
2.023E+11,16,8,2023,13:50,1,13,13210,2,9,1,1,CAPELETTE (AVENUE DE LA),43,
2.023E+11,11,7,2023,19:00,1,93,93001,2,2,1,3,Avenue du Président Roosevelt / Rue Schaeffer,48,
2.023E+11,22,3,2023,11:30,1,972,97209,2,1,1,2,BISHOP (Avenue Maurice),14,
2.023E+11,25,11,2023,23:02,3,31,31318,1,1,1,6,D10,43,
2.023E+11,16,8,2023,12:20,1,13,13203,2,1,1,6,CAMILLE PELLETAN (AVENUE),43,
2.023E+11,6,10,2023,10:20,1,13,13051,1,1,1,2,A7,,
2.023E+11,22,3,2023,12:00,1,95,95019,2,1,2,6,Rue Jean Jaurès,48,
2.023E+11,26,11,2023,14:00,1,40,40301,2,1,1,7,D72,43,
2.023E+11,10,7,2023,17:05,1,92,92050,2,1,1,2,JOFFRE MARECHAL AVENUE DU,48,
2.023E+11,16,8,2023,12:15,1,13,13206,2,1,1,6,BRETEUIL (RUE),43,
2.023E+11,5,6,2023,09:30,1,33,33039,2,2,1,3,Boulevard Jean-Jacques Bosc,44,
2.023E+11,16,8,2023,12:15,1,13,13214,2,1,1,2,LAVOISIER (BOULEVARD),43,
2.023E+11,25,10,2023,19:30,5,33,33449,2,1,2,6,Avenue Descartes,44,
2.023E+11,16,6,2023,00:59,5,92,92007,2,1,1,6,REPUBLIQUE AV. AUTRES N° ET METRO,48,
2.023E+11,5,6,2023,11:40,1,33,33529,2,1,1,3,RD 1250 (Camicas - Sortie Dune),44,
2.023E+11,21,3,2023,17:50,1,91,91471,2,1,1,7,DUBREUIL (BOULEVARD),48,
2.023E+11,29,12,2023,09:15,1,69,69286,1,1,2,3,Autoroute 46,45,
2.023E+11,17,8,2023,14:25,1,13,13063,1,2,1,3,BELVAL CHEMIN DE,43,
2.023E+11,11,7,2023,19:10,1,92,92026,2,2,1,3,COLOMBES,48,
2.023E+11,21,3,2023,17:14,1,87,87085,2,2,1,7,LATTRE-DE-TASSIGNY (AVENUE DU MARECHAL),45,
2.023E+11,25,11,2023,18:55,2,44,44026,1,1,1,5,Chemin de la Pintinière,47,
2.023E+11,6,6,2023,07:19,1,31,31555,2,1,1,1,ROSTAND (RUE EDMOND) DU 2AU 187,43,
2.023E+11,7,8,2023,09:00,1,10,10238,1,1,1,7,14 rue du lac,48,
2.023E+11,16,8,2023,17:05,1,13,13047,2,2,1,3,ASPIC RUE DE L',43,
2.023E+11,20,8,2023,09:00,1,44,44128,1,1,1,7,N/A,47,
2.023E+11,21,3,2023,15:08,1,87,87085,2,1,1,7,VANTEAUX (BOULEVARD DE),45,
2.023E+11,11,7,2023,10:25,1,92,92026,2,1,1,3,VERDUN (DE 62 A FIN),48,
2.023E+11,26,11,2023,11:20,1,35,35107,1,1,1,6,D26,48,
2.023E+11,6,6,2023,19:00,1,29,29232,1,1,1,3,Route de Rosporden,47,
2.023E+11,21,12,2023,15:25,1,44,44069,2,1,-1,7,Route des Paludiers,47,
2.023E+11,11,7,2023,13:15,1,92,92012,2,1,1,7,VICTOR HUGO (AVENUE) DEBUT/47 BIS- DEBUT,48,
2.023E+11,14,8,2023,17:00,1,13,13028,2,3,1,3,DULAC (AVENUE GUILLAUME),43,
2.023E+11,6,6,2023,15:35,1,29,29232,2,6,1,6,Boulevard Louis le Guennec,47,
2.023E+11,25,11,2023,23:50,3,62,62235,1,1,1,6,D940,50,
2.023E+11,21,3,2023,13:31,1,87,87085,2,2,1,3,SABLARD (AVENUE DE),45,
2.023E+11,10,6,2023,13:15,1,92,92002,2,4,1,3,RAYMON ARON (AVENUE),48,
2.023E+11,16,8,2023,11:15,1,13,13005,2,4,1,3,GOUMS (AVENUE DES),43,
2.023E+11,24,11,2023,18:40,5,13,13213,1,1,1,3,A507 sens Marseille - Aubagne,43,
2.023E+11,5,6,2023,20:20,1,28,28134,2,1,1,2,ROND POINT DES LIVRAINDIERES,48,
2.023E+11,12,7,2023,11:02,1,2A,2A174,1,1,1,6,Bocca di Sorrù (Col de montagne),42,
2.023E+11,18,8,2023,17:35,1,13,13001,2,9,1,3,ROI RENE (BD DU),43,
2.023E+11,25,11,2023,17:00,2,91,91689,1,1,1,6,AUTOROUTE A6B,48,
2.023E+11,21,12,2023,20:00,3,61,61348,1,3,1,3,D938,48,
2.023E+11,11,7,2023,11:00,1,91,91340,1,1,1,3,9 Rue des Pyrénées,48,
2.023E+11,5,6,2023,19:15,1,27,27229,2,3,1,1,Place de la République,49,
2.023E+11,16,8,2023,19:42,1,10,10387,2,3,1,6,BLANQUI (RUE),48,
2.023E+11,31,12,2023,16:00,1,59,59357,1,1,1,2,D649,50,
2.023E+11,25,11,2023,11:25,1,91,91589,1,1,1,4,AUTOROUTE A6,48,
2.023E+11,21,4,2023,15:00,1,41,41147,2,1,1,1,D764,47,
2.023E+11,17,8,2023,21:50,5,9,9122,1,1,1,6,RD 919,42,
2.023E+11,5,6,2023,17:15,1,27,27229,2,1,1,3,BECQUEREL (RUE HENRI),48,
2.023E+11,12,7,2023,11:00,1,28,28073,1,9,1,6,Autoroute A11 dans le sens Paris vers Province au PK 047+000,48,
2.023E+11,20,8,2023,05:30,5,7,7186,2,1,1,6,AUBENAS (ROUTE D'),44,
2.023E+11,11,8,2023,02:45,3,60,60480,1,1,1,2,A16 - PK 079.000,49,
2.023E+11,22,3,2023,04:20,5,71,71076,2,1,1,6,PARIS (AVENUE DE),46,
2.023E+11,16,8,2023,09:50,1,7,7281,1,1,1,7,TASSINI (AVENUE VICTOR),44,
2.023E+11,24,11,2023,20:30,3,91,91174,1,1,1,2,RN 104,48,
2.023E+11,12,7,2023,16:15,1,83,83036,1,1,1,1,D559,43,
2.023E+11,5,6,2023,16:00,1,27,27229,2,3,7,3,MARNIERE RIGA (RUE DE LA),49,
2.023E+11,25,7,2023,09:35,1,60,60139,1,1,2,2,D1001,49,
2.023E+11,22,3,2023,14:45,1,69,69290,2,9,1,3,261 Route de Grenoble,45,
2.023E+11,19,8,2023,11:00,1,6,6088,2,1,1,6,PENETRANTE DU PAILLON,43,
2.023E+11,11,7,2023,20:40,1,51,51147,1,1,1,7,D66,49,
2.023E+11,24,11,2023,19:05,3,92,92036,1,1,1,3,A86,48,
2.023E+11,5,8,2023,19:15,1,5,5061,2,3,1,3,JEAN JAURES ( AVENUE ),44,
2.023E+11,5,6,2023,16:20,1,26,26362,2,1,1,1,Rue de la Forêt,44,
2.023E+11,19,8,2023,11:30,1,6,6088,2,1,1,6,DABRAY (RUE ET IMP.),43,
2.023E+11,21,3,2023,15:50,1,67,67447,2,1,2,3,NOYER (RUE DU),48,
2.023E+11,11,7,2023,13:00,1,72,72124,1,1,1,6,Départementale 110,47,
2.023E+11,25,11,2023,02:40,3,92,92036,1,1,1,2,A86,48,
2.023E+11,18,8,2023,19:20,1,6,6088,1,1,1,1,MERCANTOUR (BD),43,
2.023E+11,1,12,2023,10:35,1,93,93001,2,3,1,3,Rue du Landy,48,
2.023E+11,5,6,2023,17:25,1,26,26198,2,1,1,2,GOURNIER (Avenue de),44,
2.023E+11,22,3,2023,17:32,1,64,64348,2,3,1,3,MARTYRS DU PONT LONG DES,43,
2.023E+11,11,7,2023,13:15,1,72,72200,1,1,1,3,7 Route de Mulsanne,47,
2.023E+11,18,8,2023,03:10,5,6,6088,2,1,1,6,ANGLAIS (DU N° 45 AU N° 112),43,
2.023E+11,8,10,2023,09:10,1,93,93051,2,1,1,1,Route de Neuilly,48,
2.023E+11,5,6,2023,07:23,1,24,24138,1,3,1,3,La Rampinsolle RD6021,45,
2.023E+11,24,11,2023,22:00,3,92,92048,1,1,1,5,N118,48,
2.023E+11,17,8,2023,01:30,5,6,6088,2,1,1,1,MONZIE (R. ANATOLE DE),43,
2.023E+11,2,10,2023,10:20,1,93,93066,1,1,1,2,AUTOROUTE A1,48,
2.023E+11,22,3,2023,14:40,1,64,64445,2,1,1,7,PAIX,43,
2.023E+11,12,7,2023,13:45,1,51,51312,2,1,1,6,allée du lac,49,
2.023E+11,6,6,2023,22:55,3,22,22278,2,1,1,7,COURSES (CHEM. DES),48,
2.023E+11,5,8,2023,22:50,5,6,6088,2,1,1,2,NAPOLEON III (PONT),43,
2.023E+11,25,11,2023,11:45,1,77,77294,1,1,1,2,A104,48,
2.023E+11,12,7,2023,08:30,1,59,59164,2,9,1,6,11 Chaussée Brunehaut,50,
2.023E+11,11,2,2023,20:00,3,22,22113,2,1,8,6,TREBEURDEN (ROUTE DE),48,
2.023E+11,21,3,2023,15:20,1,64,64102,2,1,1,6,BAB (Boulevard),43,
2.023E+11,25,11,2023,04:35,5,77,77517,1,9,2,6,A104.INT,48,
2.023E+11,16,8,2023,10:45,1,6,6104,2,1,1,6,GROTTES (CHEMIN DES),43,
2.023E+11,22,4,2023,18:20,1,62,62108,2,2,1,6,Rue du Docteur Victor Ménard,50,
2.023E+11,6,6,2023,08:33,1,18,18279,2,1,1,1,62 avenue maréchal philippe leclerc de hauteclocque,47,
2.023E+11,25,11,2023,02:45,3,94,94017,1,1,1,6,A4,48,
2.023E+11,21,3,2023,18:10,1,63,63113,2,6,1,3,Rd-pt Brézet (Brézet/Blériot),45,
2.023E+11,18,8,2023,10:05,1,6,6030,2,1,1,3,VALBONNE (ROUTE  DE),43,
2.023E+11,11,7,2023,15:50,1,56,56232,1,2,1,5,La Grae,47,
2.023E+11,14,11,2023,17:53,2,74,74118,2,1,2,2,DEPORTES (ROUTE DES ),46,
2.023E+11,5,6,2023,17:52,1,18,18033,2,1,1,6,36 Rue Pasteur John Bost,47,
2.023E+11,19,8,2023,01:30,5,6,6027,2,9,1,6,PLAGE BOULEVARD DE LA,43,
2.023E+11,11,3,2023,18:10,1,59,59350,2,1,1,2,Avenue Beethoven,50,
2.023E+11,20,10,2023,20:15,3,74,74208,1,1,2,6,Rn 205,45,
2.023E+11,24,11,2023,20:00,3,94,94065,1,1,1,5,N186,48,
2.023E+11,11,7,2023,18:30,1,80,80019,1,1,1,6,D936,49,
2.023E+11,20,3,2023,22:11,5,52,52121,2,1,1,1,REPUBLIQUE (AVENUE),48,
2.023E+11,17,8,2023,22:40,5,6,6123,2,1,1,5,MER AVENUE DE LA,43,
2.023E+11,23,5,2023,19:30,1,15,15014,2,6,1,2,CARMES (RUE DES),44,
2.023E+11,17,11,2023,15:55,1,74,74012,2,6,1,2,AMOUREUX (RUE DES),46,
2.023E+11,10,7,2023,20:20,2,65,65467,1,1,1,6,route du hautacam,42,
2.023E+11,24,11,2023,12:36,1,987,98735,2,1,1,6,DESTREMEAU (RUE URANIE),17,
2.023E+11,11,7,2023,22:30,4,33,33193,1,1,1,6,Route de l?Ocean,45,
2.023E+11,22,3,2023,16:00,1,51,51454,2,3,1,6,rue des Crayères,49,
2.023E+11,16,8,2023,09:31,1,6,6027,2,3,1,6,JUIN BOULEVARD MARECHAL,43,
2.023E+11,17,11,2023,16:45,2,74,74012,2,1,1,2,THONON (ROUTE DE),46,
2.023E+11,10,7,2023,20:30,1,11,11116,1,1,1,7,D1118,43,
2.023E+11,24,11,2023,08:45,1,976,97611,1,1,1,3,tsoundzou-Mangadzia  Tsoundzou 2 (rue ),-12,
2.023E+11,13,8,2023,14:06,1,4,4070,1,4,1,6,chaffaut ( route du ),44,
2.023E+11,6,11,2023,07:30,1,54,54149,1,3,8,2,D27,49,
2.023E+11,10,7,2023,09:48,1,11,11014,1,1,1,3,D31,43,
2.023E+11,28,10,2023,20:51,3,54,54096,1,1,2,7,D27,49,
2.023E+11,19,8,2023,10:28,1,3,3185,2,1,1,6,Rue Stephane Servant,46,
2.023E+11,12,7,2023,07:10,1,12,12203,1,1,1,6,RD 999,43,
2.023E+11,24,11,2023,06:30,1,974,97416,2,3,1,3,L'ENTRE DEUX(ROUTE DE),-21,
2.023E+11,6,6,2023,12:55,1,13,13203,2,1,1,3,PLOMBIERES (BOULEVARD DES),43,
2.023E+11,8,12,2023,17:30,1,971,97106,1,1,1,1,Section Thomas,,
2.023E+11,17,8,2023,17:40,1,75,75112,2,1,1,2,PORTE DE CHARENTON,48,
2.023E+11,11,7,2023,14:15,1,42,42224,2,1,1,6,Rue du Feuillage,45,
2.023E+11,31,5,2023,08:15,1,11,11262,2,1,1,6,18 Boulevard de 1830,43,
2.023E+11,21,3,2023,07:20,1,51,51454,2,1,1,4,boulevard Joffre,49,
2.023E+11,16,8,2023,16:50,1,75,75115,2,1,1,2,BOULEVARD PERIPHERIQUE EXTERIEUR,48,
2.023E+11,13,12,2023,20:35,3,13,13026,1,1,1,2,A55-Sens Marseille vers Martigues,43,
2.023E+11,24,11,2023,08:00,1,974,97411,2,1,1,3,JAURES (BLD 2 JEAN),-20,
2.023E+11,10,7,2023,19:00,1,47,47052,2,2,1,3,Rue de Veyries,44,
2.023E+11,20,11,2023,08:30,1,91,91114,1,9,1,7,RTE NATIONALE 6,48,
2.023E+11,23,5,2023,16:15,1,11,11262,2,2,8,3,6 Rue D 'Alger,43,
2.023E+11,22,3,2023,22:55,3,49,49099,1,1,2,2,RN 249,47,
2.023E+11,16,8,2023,18:22,1,75,75106,2,3,1,2,BOULEVARD SAINT GERMAIN,48,
2.023E+11,24,11,2023,16:00,1,973,97302,2,1,1,7,BOULEVARD DES CITES,4,
2.023E+11,11,7,2023,16:00,1,34,34028,1,1,1,1,D908,43,
2.023E+11,22,3,2023,01:54,5,49,49007,2,1,1,7,BEAUSSIER BOULEVARD,47,
2.023E+11,24,11,2023,17:00,1,973,97302,2,1,1,7,MARINGOUINS (ROND-POINT),4,
2.023E+11,6,6,2023,02:01,5,10,10081,2,6,1,6,JEAN BAPTISTE COLBERT (RUE),48,
2.023E+11,18,8,2023,14:40,1,75,75120,2,4,1,3,RUE SORBIER,48,
2.023E+11,18,12,2023,17:45,3,59,59009,2,9,1,1,Rue Jean Jaures,50,
2.023E+11,11,7,2023,17:50,1,31,31017,1,1,1,6,Coumanios,42,
2.023E+11,6,6,2023,15:00,1,9,9122,1,1,1,6,20 (R.N.) COTE NORD DU TUNNEL,42,
2.023E+11,24,11,2023,10:30,1,973,97302,2,1,2,7,14 ET 22 JUIN 1962,4,
2.023E+11,18,8,2023,16:40,1,75,75119,2,1,1,6,BOULEVARD MACDONALD,48,
2.023E+11,22,3,2023,00:06,5,49,49007,2,2,1,3,DESJARDIN,47,
2.023E+11,19,1,2023,14:45,1,92,92048,2,1,1,2,BANES (RUE) N° 3 A 19,48,
2.023E+11,10,7,2023,11:00,1,2,2575,2,1,1,6,50 Rue Pasteur,49,
2.023E+11,6,6,2023,09:00,1,6,6069,2,1,1,6,CARNOT (BOULEVARD ET TRAVERSE),43,
2.023E+11,17,8,2023,21:50,5,75,75119,2,1,1,6,AVENUE DE FLANDRE,48,
2.023E+11,21,12,2023,14:50,1,26,26369,1,1,1,1,rd 94,44,
2.023E+11,24,11,2023,08:00,1,973,97302,2,2,1,3,ROUGET DE L ' ISLE,4,
2.023E+11,22,3,2023,20:28,3,35,35238,2,4,2,3,PORTE ALMA,48,
2.023E+11,18,8,2023,14:35,1,75,75117,2,3,1,6,BOULEVARD MALESHERBES,48,
2.023E+11,12,7,2023,18:00,1,14,14685,1,3,1,3,Route de Creully,49,
2.023E+11,6,6,2023,22:25,5,6,6029,2,2,1,1,REPUBLIQUE (BOULEVARD DE LA),43,
2.023E+11,22,3,2023,12:15,1,35,35238,2,1,2,2,VERDUN (BD DE),48,
2.023E+11,24,11,2023,18:35,5,69,69387,2,3,2,3,Avenue Félix Faure,45,
2.023E+11,11,12,2023,09:50,1,94,94052,2,1,1,4,8bis Avenue de Joinville,48,
2.023E+11,5,6,2023,16:30,1,6,6030,2,1,2,3,BORDE (AVENUE DE LA),43,
2.023E+11,16,8,2023,12:10,1,75,75117,2,3,1,5,BOULEVARD DES BATIGNOLLES,48,
2.023E+11,12,7,2023,17:10,1,5,5132,1,1,1,7,Route des Combes,44,
2.023E+11,21,3,2023,21:54,5,33,33522,2,6,1,3,Cours Maréchal Gallieni,44,
2.023E+11,6,11,2023,19:20,5,62,62239,2,6,2,6,Avenue Charles de Gaulle,50,
2.023E+11,24,11,2023,16:10,1,69,69388,2,4,1,6,Rue de l'Eternité,45,
2.023E+11,5,6,2023,16:00,1,6,6027,2,1,2,7,CANNES AVENUE DE (RN7),43,
2.023E+11,18,8,2023,17:40,1,75,75115,2,2,1,3,RUE LECOURBE,48,
2.023E+11,22,3,2023,08:05,1,28,28134,2,1,2,6,SAINT JEAN (RUE),48,
2.023E+11,12,7,2023,07:45,1,50,50589,1,2,1,3,Rue de la Carrière,48,
2.023E+11,24,11,2023,08:00,1,972,97213,2,1,1,2,ROUTE DEPARTEMENTALE 14,14,
2.023E+11,16,8,2023,23:50,5,75,75114,2,2,1,3,RUE D ALESIA,48,
2.023E+11,6,6,2023,10:40,1,6,6004,2,1,1,6,MAS ENSOLEILLE AV.DU,43,
2.023E+11,11,7,2023,22:35,3,18,18035,1,1,1,1,N/A,47,
2.023E+11,7,10,2023,19:30,5,42,42218,2,3,1,6,Rue Paul Bert,45,
2.023E+11,24,11,2023,22:40,5,69,69389,2,1,8,6,31 Rue Marietton,45,
2.023E+11,19,8,2023,04:10,5,75,75113,2,1,1,6,BOULEVARD ARAGO,48,
2.023E+11,19,3,2023,12:50,1,22,22113,1,3,1,1,TREBEURDEN (ROUTE DE),48,
2.023E+11,7,9,2023,16:30,1,1,1354,2,1,1,3,Rue de Genève,46,
2.023E+11,24,11,2023,08:50,1,69,69034,2,1,8,3,95 Quai Clemenceau,45,
2.023E+11,2,6,2023,18:00,1,3,3095,2,2,1,2,Rue Antoinette Mizon,46,
2.023E+11,11,7,2023,19:34,1,43,43257,1,3,1,3,N102,45,
2.023E+11,16,8,2023,18:10,1,75,75113,2,3,1,1,RUE NEUVE TOLBIAC,48,
2.023E+11,24,11,2023,14:50,1,2A,2A004,2,1,1,3,MEZZAVIA ROUTE DE,41,
2.023E+11,8,12,2023,09:20,1,91,91228,2,2,1,2,BD DES COQUIBUS,48,
2.023E+11,22,3,2023,13:25,1,15,15012,1,3,1,2,RD 990,44,
2.023E+11,2,6,2023,13:50,1,1,1053,2,3,1,3,VERNE (AVENUE JEAN MARIE ),46,
2.023E+11,18,8,2023,20:15,1,75,75112,2,1,1,4,AVENUE DE LA PORTE DE VINCENNES,48,
2.023E+11,8,10,2023,17:50,3,84,84022,1,6,1,2,d20,44,
2.023E+11,11,7,2023,16:00,1,27,27377,1,1,1,5,D6,49,
2.023E+11,24,11,2023,07:45,1,2A,2A004,2,1,1,5,CALVI  ROUTE,41,
2.023E+11,22,3,2023,14:45,1,13,13103,2,6,1,3,ALLEE  DE SZENTENDRE,43,
2.023E+11,18,8,2023,18:13,1,75,75120,2,3,1,3,RUE DES ORTEAUX,48,
2.023E+11,6,6,2023,15:00,1,75,75117,2,1,1,3,BOULEVARD BERTHIER,48,
2.023E+11,12,7,2023,01:30,3,27,27502,1,1,1,6,D54,48,
2.023E+11,24,11,2023,07:05,1,2A,2A004,2,1,1,6,GEORGES POMPIDOU AVENUE,41,
2.023E+11,16,12,2023,18:15,3,35,35225,1,2,1,3,Pilleverte,48,
2.023E+11,22,3,2023,13:30,1,13,13212,2,2,1,3,RAMPAL (AVENUE),43,
2.023E+11,17,8,2023,21:40,5,75,75112,2,3,1,3,BOULEVARD SOULT,48,
2.023E+11,24,11,2023,18:30,5,95,95427,2,3,1,3,JULES FERRY (RUE),48,
2.023E+11,30,12,2023,12:35,1,40,40313,1,2,1,1,Route de Pomiro,43,
2.023E+11,19,12,2023,16:55,2,6,6018,2,1,1,6,Avenue Roumanille,43,
2.023E+11,6,6,2023,00:15,5,75,75105,2,3,1,3,QUAI DE MONTEBELLO,48,
2.023E+11,22,3,2023,11:40,1,13,13203,2,1,1,6,GUIGOU (BOULEVARD),43,
2.023E+11,11,7,2023,09:55,1,23,23168,1,1,1,6,RD 940 / PK 17,46,
2.023E+11,16,8,2023,19:05,1,75,75112,2,3,1,2,BOULEVARD DIDEROT,48,
2.023E+11,24,11,2023,14:05,1,95,95018,2,3,2,3,RESISTANCE (BOULEVARD DE LA),48,
2.023E+11,10,12,2023,22:30,3,988,98830,1,4,1,6,Pont de la Tiwaka,-20,
2.023E+11,22,3,2023,03:50,5,13,13211,2,1,1,7,JEAN MONDET (ROND POINT ),43,
2.023E+11,11,7,2023,13:00,1,987,98733,1,1,1,7,PK 10.500 C/MT Route du Lotissement TAAPUNA SOCIAL,-17,
2.023E+11,5,6,2023,12:15,1,75,75106,2,1,1,3,BOULEVARD SAINT MICHEL,48,
2.023E+11,13,11,2023,10:00,1,74,74010,2,1,1,6,ALERY (GRANDE RUE D'),45,
2.023E+11,16,8,2023,17:50,1,75,75111,2,4,1,6,BOULEVARD RICHARD LENOIR,48,
2.023E+11,17,11,2023,20:40,4,91,91552,2,6,2,6,RTE DE CORBEIL,48,
2.023E+11,22,3,2023,00:00,4,13,13214,2,1,1,6,CLAUDE MONET (avenue),43,
2.023E+11,6,6,2023,16:10,1,75,75119,2,1,1,1,AVENUE SIMON BOLIVAR,48,
2.023E+11,13,11,2023,07:00,5,74,74010,2,9,2,2,ANJOT (AVENUE DU CAPITAINE),45,
2.023E+11,23,11,2023,10:39,1,91,91667,2,1,2,6,CORBEIL (ROUTE),48,
2.023E+11,18,8,2023,06:30,1,75,75110,2,2,1,3,BOULEVARD DE LA CHAPELLE,48,
2.023E+11,22,3,2023,08:00,1,13,13001,1,1,1,2,RD9,43,
2.023E+11,6,6,2023,14:30,1,75,75119,2,2,1,6,RUE DE CRIMEE,48,
2.023E+11,11,7,2023,15:15,1,47,47238,1,1,1,4,autoroute A.62,,
2.023E+11,23,11,2023,06:22,5,91,91685,2,1,1,7,PERI (RUE GABRIEL),48,
2.023E+11,16,8,2023,17:39,1,75,75109,2,3,1,6,RUE AUBER,48,
2.023E+11,27,10,2023,05:50,5,74,74010,2,2,2,3,FRANCE (AVENUE)(SECTEUR 310),45,
2.023E+11,22,3,2023,10:07,1,6,6088,2,1,1,3,VOIE RAPIDE,43,
2.023E+11,6,6,2023,20:00,1,75,75118,2,1,1,3,BOULEVARD PERIPHERIQUE INTERIEUR NORD  ,48,
2.023E+11,12,7,2023,07:00,1,77,77534,2,6,1,6,N36,48,
2.023E+11,5,11,2023,02:30,3,11,11262,1,1,2,7,N/A,43,
2.023E+11,6,6,2023,09:40,1,75,75118,2,1,1,6,BOULEVARD ORNANO,48,
2.023E+11,24,11,2023,19:30,5,91,91589,2,9,1,2,RUE DES ROSSAYS,48,
2.023E+11,15,8,2023,23:15,5,75,75109,2,2,1,3,BOULEVARD POISSONNIERE,48,
2.023E+11,11,7,2023,21:25,2,66,66217,2,1,1,1,N/A,42,
2.023E+11,21,3,2023,21:30,5,75,75118,2,1,1,3,PORTE DE LA CHAPELLE,48,
2.023E+11,24,11,2023,12:30,1,91,91432,2,1,1,7,AV ARISTIDE BRIAND,48,
2.023E+11,6,6,2023,00:15,5,75,75118,2,2,1,3,BOULEVARD NEY,48,
2.023E+11,27,8,2023,17:45,1,73,73257,1,1,3,3,D117 - PK 15+600 - PONT DE LA COMBE,45,
2.023E+11,20,8,2023,21:40,5,75,75108,2,2,1,3,RUE DES MATHURINS,48,
2.023E+11,12,7,2023,12:35,1,83,83071,2,3,1,1,Route de Collobrieres,43,
2.023E+11,20,3,2023,12:30,1,75,75114,2,1,1,2,PORTE DE CHATILLON,48,
2.023E+11,22,8,2023,13:20,1,32,32207,1,1,1,3,D175,43,
2.023E+11,6,6,2023,14:50,1,75,75117,2,3,1,3,RUE DE COURCELLES,48,