Num_Acc,jour,mois,an,hrmn,lum,dep,com,agg,int,atm,col,adr,lat,long
2.023E+11,21,8,2023,01:40,3,66,66136,1,1,1,2,N/A,42,
2.023E+11,16,7,2023,16:00,1,43,43262,1,1,1,7,rd 585,45,
2.023E+11,29,12,2023,10:05,1,44,44154,2,1,1,3,Avenue Guy Lafontaine,47,
2.023E+11,21,8,2023,11:55,1,71,71047,1,1,1,3,Avenue du Fourneau,46,
2.023E+11,4,12,2023,11:00,1,67,67550,1,1,4,7,RD927,48,
2.023E+11,21,5,2023,12:15,1,47,47043,1,1,1,7,D108,44,
2.023E+11,19,8,2023,18:50,1,40,40296,2,3,7,6,2 Avenue du Penon,43,
2.023E+11,20,8,2023,15:15,1,40,40296,1,1,1,6,Avenue des Lacs,43,
2.023E+11,23,8,2023,13:35,1,9,9207,2,9,1,3,PYRENEES (AV DES),42,
2.023E+11,19,8,2023,05:45,3,76,76049,1,1,1,6,D1314,49,
2.023E+11,10,10,2023,08:54,1,26,26362,2,2,1,3,CHABEUIL AVENUE DE (102),44,
2.023E+11,18,10,2023,16:30,1,13,13108,1,1,1,3,ARLES (PETITE ROUTE D ARLES CD 35),43,
2.023E+11,20,8,2023,04:55,2,84,84137,1,1,1,2,route d'orange,44,
2.023E+11,17,12,2023,07:45,5,69,69387,2,1,1,6,20 Quai Claude Bernard,45,
2.023E+11,19,8,2023,17:40,1,21,21171,2,3,1,3,Rue de la Toison d'Or,47,
2.023E+11,18,8,2023,08:20,1,21,21261,1,1,7,6,A31 pk: 038.200,47,
2.023E+11,17,8,2023,22:30,3,83,83023,1,1,1,1,A8,43,
2.023E+11,18,8,2023,07:35,1,68,68026,1,2,1,6,Croisement entre 2 chemins de vigne,48,
2.023E+11,16,8,2023,18:45,1,68,68076,1,1,1,7,canal de colmar,48,
2.023E+11,18,8,2023,17:35,2,974,97422,2,6,1,2,Rue Paul Hermann,-21,
2.023E+11,17,8,2023,11:20,1,974,97422,2,1,1,6,Avenue de l'Europe,-21,
2.023E+11,15,8,2023,19:50,5,972,97225,2,1,1,2,135 Rue Bouille,14,
2.023E+11,19,8,2023,23:20,3,83,83086,1,1,1,6,D1555,43,
2.023E+11,10,8,2023,17:15,1,11,11360,1,9,1,6,Route de Saint Pons,43,
2.023E+11,13,8,2023,02:50,3,63,63206,1,1,1,6,Lieu Dit les Noyers,45,
2.023E+11,18,8,2023,14:30,1,28,28048,1,1,1,3,route nationale 10,48,
2.023E+11,19,8,2023,11:55,1,12,12057,1,1,1,6,D902,44,
2.023E+11,15,8,2023,14:50,1,86,86191,1,2,1,3,D54,46,
2.023E+11,19,8,2023,00:15,3,21,21247,1,1,1,6,a6,47,
2.023E+11,17,8,2023,14:57,1,21,21676,1,1,1,2,Auroute A6,47,
2.023E+11,17,8,2023,16:40,1,67,67302,2,3,1,2,Rue du Maréchal Joffre,48,
2.023E+11,25,7,2023,17:00,1,54,54314,1,3,8,6,D171,49,
2.023E+11,19,8,2023,23:00,5,1,1419,1,1,1,6,D89k,46,
2.023E+11,17,8,2023,19:00,1,29,29189,2,1,1,3,RN165,48,
2.023E+11,19,8,2023,12:55,1,91,91363,1,1,1,3,D446,48,
2.023E+11,10,8,2023,22:45,3,84,84037,1,1,1,1,D17,44,
2.023E+11,16,8,2023,15:40,1,62,62261,2,6,1,3,D940,50,
2.023E+11,19,8,2023,11:20,1,65,65153,1,1,1,7,D21,43,
2.023E+11,20,8,2023,23:50,3,50,50535,1,1,1,6,a84 pr 180.080,48,
2.023E+11,20,8,2023,03:20,3,44,44209,1,1,1,5,N/A,47,
2.023E+11,16,8,2023,18:18,1,48,48099,1,1,1,2,N/A,44,
2.023E+11,20,8,2023,03:30,3,30,30315,1,1,1,6,N/A,43,
2.023E+11,20,8,2023,15:35,1,50,50295,1,2,7,3,La Croix Mariee,48,
2.023E+11,22,7,2023,06:00,2,47,47121,1,1,1,1,D933,44,
2.023E+11,18,8,2023,09:25,1,34,34270,2,9,1,1,26 Route de Montpellier,43,
2.023E+11,24,6,2023,15:00,1,35,35197,1,1,1,7,La Bourjauderie,48,
2.023E+11,19,8,2023,14:50,1,57,57067,2,1,1,7,8 Route de Thionville,49,
2.023E+11,18,8,2023,16:50,1,57,57302,1,1,1,1,D90,48,
2.023E+11,18,8,2023,10:40,1,57,57253,1,1,1,6,D89,48,
2.023E+11,20,8,2023,08:00,1,57,57695,1,1,1,7,D19,49,
2.023E+11,17,8,2023,00:45,3,51,51412,1,1,1,7,Route départementale 05 OGNES,48,
2.023E+11,10,8,2023,19:40,1,51,51069,1,1,1,7,D980,49,
2.023E+11,16,8,2023,17:50,1,59,59464,1,3,1,2,chaussee brunehaut,50,
2.023E+11,19,8,2023,15:20,1,95,95527,1,1,1,2,D317,49,
2.023E+11,10,8,2023,11:15,1,56,56102,1,2,1,3,bocneuf la rivière,47,
2.023E+11,18,8,2023,12:00,1,56,56249,1,1,1,4,Les Alleux D8,47,
2.023E+11,15,8,2023,11:00,1,56,56078,1,1,1,6,Kergaher,47,
2.023E+11,12,8,2023,09:15,1,56,56243,2,1,1,6,Le Poulfanc,47,
2.023E+11,19,8,2023,16:15,1,56,56155,2,3,1,5,Bilaire,47,
2.023E+11,17,8,2023,16:55,1,56,56221,1,3,1,1,Le Bois Guy,47,
2.023E+11,19,8,2023,00:00,4,59,59663,2,1,1,6,Route de Steenvoorde,50,
2.023E+11,16,8,2023,18:40,1,78,78346,1,2,1,3,D928,48,
2.023E+11,21,8,2023,16:10,1,67,67277,1,1,1,1,Route du Rhin,48,
2.023E+11,19,8,2023,12:45,1,76,76260,2,3,1,3,Promenade En Pays de Bray,49,
2.023E+11,17,8,2023,22:16,3,76,76146,1,1,1,6,D919,49,
2.023E+11,18,8,2023,02:00,3,76,76123,2,3,1,3,D47,49,
2.023E+11,20,9,2023,15:20,1,62,62178,2,3,1,2,Rue de la République,50,
2.023E+11,13,8,2023,19:40,1,79,79007,1,1,1,7,N/A,46,
2.023E+11,20,9,2023,11:25,1,59,59476,1,1,1,1,RD 643,50,
2.023E+11,19,8,2023,12:45,1,2A,2A271,1,9,1,1,Gare de Mezzana,41,
2.023E+11,21,9,2023,14:30,1,58,58194,2,2,2,3,PERE DE FOUCAULD,46,
2.023E+11,18,8,2023,15:45,1,2B,2B283,1,1,1,5,RT 10,41,
2.023E+11,21,8,2023,17:46,1,80,80240,2,4,7,1,rue de peronne,49,
2.023E+11,20,9,2023,21:42,5,55,55029,2,3,1,3,VERDUN ( RUE DE ),48,
2.023E+11,20,9,2023,12:10,1,54,54304,2,1,1,6,MOSELLE (RUE DE LA),48,
2.023E+11,18,8,2023,00:20,3,80,80167,1,1,1,1,D928,50,
2.023E+11,21,9,2023,17:45,1,54,54382,2,1,3,6,Route de Longwy,49,
2.023E+11,17,8,2023,22:20,3,80,80008,2,1,1,6,grand rue,50,
2.023E+11,21,9,2023,13:00,1,54,54036,1,1,1,7,RD139,49,
2.023E+11,17,8,2023,13:54,1,82,82186,2,1,1,1,Avenue du Quercy,44,
2.023E+11,21,9,2023,12:50,1,51,51454,2,1,2,7,CHAMPAGNE   (  AVENUE DE),49,
2.023E+11,17,8,2023,13:24,1,82,82112,1,9,1,6,1638 Côte de Saint-Julien,44,
2.023E+11,21,9,2023,08:30,1,50,50502,1,1,1,6,FUMICHON (lieu dit),49,
2.023E+11,21,8,2023,08:40,1,82,82002,1,1,1,1,Route de Daynes,44,
2.023E+11,20,9,2023,13:00,1,50,50129,2,3,1,3,MARITIME (BOULEVARD),49,
2.023E+11,19,8,2023,03:45,3,82,82087,1,1,1,7,Route de Vazerac,44,
2.023E+11,29,7,2023,19:15,1,82,82087,2,1,1,3,lieu dit camparnaud,44,
2.023E+11,19,9,2023,12:10,1,49,49099,2,2,1,3,MARCEL DOUTRELIGNE,47,
2.023E+11,18,8,2023,15:45,1,65,65195,1,1,1,7,Route de Val Louron,42,
2.023E+11,20,9,2023,16:13,1,49,49007,2,1,1,7,BARANGE BOULEVARD,47,
2.023E+11,17,8,2023,09:30,1,65,65039,1,1,1,3,Route du Col D918,42,
2.023E+11,21,9,2023,20:10,4,45,45298,2,1,2,2,Rue des Hautes Levées,47,
2.023E+11,20,8,2023,08:20,1,65,65452,1,1,1,6,Route de Bonnefont,43,
2.023E+11,21,9,2023,12:15,1,45,45302,2,1,3,6,D2701 PR 2 + 1,47,
2.023E+11,21,8,2023,12:15,1,33,33316,1,2,1,3,Saint Laurent,44,
2.023E+11,21,9,2023,09:40,1,45,45298,1,1,3,1,D951 PR 96 + 730,47,
2.023E+11,19,8,2023,15:10,1,33,33400,1,1,1,6,D16,44,
2.023E+11,21,9,2023,09:05,1,45,45234,2,1,3,2,206 Rue du Faubourg Bannier,47,
2.023E+11,18,8,2023,02:00,3,32,32079,1,1,1,7,D264,43,
2.023E+11,21,9,2023,19:35,1,44,44109,2,1,3,3,Quai de la Fosse,47,
2.023E+11,17,8,2023,13:30,1,32,32127,2,1,1,6,4 Rue de l'Armagnac,43,
2.023E+11,20,8,2023,17:45,1,71,71314,1,1,1,6,route de saint germain du bois,46,
2.023E+11,21,9,2023,15:40,1,38,38169,2,9,1,3,BOULEVARD PAUL LANGEVIN,45,
2.023E+11,19,8,2023,01:45,3,89,89428,2,1,8,6,1 Route de Courtenay,48,
2.023E+11,21,9,2023,18:00,1,37,37261,2,3,2,6,SAINT VINCENT DE PAUL (AVENUE),47,
2.023E+11,20,8,2023,04:45,3,89,89436,1,1,1,7,24 Rue des Roches,48,
2.023E+11,20,9,2023,14:00,1,37,37261,2,1,1,6,VICTOIRE (RUE DE LA),47,
2.023E+11,18,8,2023,16:45,1,89,89158,1,1,1,6,D6,47,
2.023E+11,20,9,2023,10:20,1,35,35238,2,2,1,3,TOUR D'AUVERGNE (BD DE LA),48,
2.023E+11,20,8,2023,10:40,1,63,63097,1,1,1,7,D23 PK 18+500,45,
2.023E+11,19,9,2023,04:45,3,35,35238,1,1,1,2,RN136,48,
2.023E+11,20,8,2023,14:15,1,63,63010,2,1,1,6,Route de Dore l'Eglise,45,
2.023E+11,20,9,2023,12:10,1,34,34003,2,6,1,3,SOLEIL (G15 A J18,43,
2.023E+11,20,9,2023,18:20,2,31,31555,2,1,1,1,LAUNAGUET (RTE DE) DU 1AU 109,43,
2.023E+11,19,9,2023,18:15,1,30,30007,2,3,1,3,Quai Boissier de Sauvages,44,
2.023E+11,21,9,2023,17:05,1,26,26198,1,3,1,3,Route du Teil,44,
2.023E+11,21,9,2023,02:00,5,13,13208,2,2,2,3,LIANDIER (RUE),43,
2.023E+11,20,9,2023,17:20,1,13,13209,2,1,2,2,LANCIER (CHEMIN DU),43,
2.023E+11,20,9,2023,17:50,1,11,11069,2,9,8,3,3 Route de Montreal,43,
2.023E+11,20,9,2023,14:05,1,11,11069,2,1,2,7,690 Boulevard Denis Papin,43,
2.023E+11,20,9,2023,17:28,1,10,10387,2,1,1,-1,EDOUARD HERRIOT (RUE),48,
2.023E+11,21,9,2023,15:15,1,7,7281,1,1,3,6,C.D.533,44,
2.023E+11,19,9,2023,12:35,1,6,6069,2,1,2,2,SIDI BRAHIM (AVENUE),43,
2.023E+11,20,9,2023,18:50,2,5,5023,2,6,2,7,MAISONS BLANCHES (RUE DES),44,
2.023E+11,20,9,2023,14:29,1,2,2722,2,1,1,6,39 Rue Saint Christophe,49,
2.023E+11,21,9,2023,16:19,1,75,75113,2,1,1,3,PORTE D ITALIE,48,
2.023E+11,20,9,2023,22:20,5,75,75118,2,1,1,2,BD PERIPHERIQUE EXTERIEUR,48,
2.023E+11,20,9,2023,22:20,3,75,75114,2,1,1,7,BD PERIPHERIQUE INTERIEUR,48,
2.023E+11,20,9,2023,20:15,5,75,75120,2,1,1,2,BD PERIPHERIQUE INTERIEUR,48,
2.023E+11,20,9,2023,18:30,1,75,75116,2,1,1,2,BD PERIPHERIQUE INTEREIUR,48,
2.023E+11,20,9,2023,14:03,1,75,75116,2,1,1,2,ECHANGEUR MAILLOT,48,
2.023E+11,21,9,2023,05:51,5,75,75108,2,5,2,6,BOULEVARD HAUSSMANN,48,
2.023E+11,21,9,2023,18:25,2,75,75105,2,1,1,3,BOULEVARD DE PORT ROYAL,48,
2.023E+11,21,9,2023,17:05,1,75,75106,2,2,1,6,BOULEVARD DU MONTPARNASSE,48,
2.023E+11,21,9,2023,12:00,1,75,75105,2,2,2,6,AVENUE DE L OBSERVATOIRE,48,
2.023E+11,21,9,2023,07:45,2,75,75105,2,7,2,3,PLACE VALHUBERT,48,
2.023E+11,21,9,2023,02:15,5,75,75117,2,3,2,3,AVENUE DE CLICHY,48,
2.023E+11,21,9,2023,18:40,1,75,75116,2,1,1,3,AVENUE VICTOR HUGO,48,
2.023E+11,21,9,2023,15:30,1,75,75115,2,2,2,3,QUAI DE GRENELLE,48,
2.023E+11,21,9,2023,15:00,1,75,75115,2,2,2,3,RUE LECOURBE,48,
2.023E+11,21,9,2023,09:15,1,75,75115,2,1,2,2,BOULEVARD DE VAUGIRARD,48,
2.023E+11,21,9,2023,08:10,1,75,75115,2,1,2,3,RUE BALARD,48,
2.023E+11,21,9,2023,09:45,1,75,75115,2,1,2,7,BOULEVARD LEFEBVRE,48,
2.023E+11,20,9,2023,11:50,1,75,75114,2,2,1,6,RUE D ALESIA,48,
2.023E+11,21,9,2023,08:05,1,75,75113,2,2,2,3,AVENUE DES GOBELINS,48,
2.023E+11,21,9,2023,17:38,1,75,75107,2,1,1,3,RUE SAINT DOMINIQUE,48,
2.023E+11,21,9,2023,14:55,1,75,75107,2,7,2,3,PLACE VAUBAN,48,
2.023E+11,21,9,2023,08:40,1,75,75102,2,1,2,7,BOULEVARD DES ITALIENS,48,
2.023E+11,21,9,2023,07:50,1,75,75101,2,2,2,7,BOULEVARD DE SEBASTOPOL,48,
2.023E+11,19,9,2023,17:45,1,75,75104,2,2,1,3,PONT DE SULLY,48,
2.023E+11,21,9,2023,11:25,1,94,94068,2,1,2,2,Avenue du Bac,48,
2.023E+11,21,9,2023,20:40,3,94,94041,2,9,1,6,Avenue de Verdun,48,
2.023E+11,21,9,2023,01:15,3,94,94073,2,9,1,3,Avenue de Fontainebleau,48,
2.023E+11,20,9,2023,21:20,5,94,94028,2,1,1,6,Rue du Docteur Ramon,48,
2.023E+11,21,9,2023,19:45,2,94,94077,2,1,2,6,Route d’Orly,48,
2.023E+11,21,9,2023,18:50,1,94,94069,2,1,1,2,Avenue Saint Maurice du Valais,48,
2.023E+11,21,9,2023,11:20,1,94,94017,2,1,2,6,Avenue du Général de Gaulle,48,
2.023E+11,21,9,2023,11:35,1,94,94070,2,1,3,2,Rte de Paris,48,
2.023E+11,21,9,2023,16:50,1,94,94002,2,1,2,2,43 Rue Emile Zola,48,
2.023E+11,21,9,2023,17:48,1,93,93073,2,2,1,3,Avenue Diderot / Avenue Jacques Debris,48,
2.023E+11,21,9,2023,13:45,1,93,93073,1,9,3,6,Rue du Chapitre,49,
2.023E+11,21,9,2023,16:35,1,93,93079,2,1,1,2,Avenue Jean-baptiste Clément,48,
2.023E+11,21,9,2023,13:40,1,93,93079,2,1,2,7,Route de Saint-leu,48,
2.023E+11,21,9,2023,20:15,5,93,93027,2,3,8,5,Avenue Paul Vaillant Couturier / Rue Jean Vernet,48,
2.023E+11,21,9,2023,14:56,1,93,93008,2,1,2,2,Rue de Paris,48,
2.023E+11,20,9,2023,14:10,1,93,93008,2,1,2,6,Avenue Jean Jaures,48,
2.023E+11,21,9,2023,10:20,1,93,93008,2,2,2,3,Rue de Paris,48,
2.023E+11,20,9,2023,20:40,5,92,92051,2,1,1,6,CHARLES DE GAULLE (AVENUE,,
2.023E+11,21,9,2023,09:15,1,92,92050,2,3,3,6,FONTANOT RUE DES TROIS,48,
2.023E+11,21,9,2023,13:40,1,92,92049,2,1,3,6,BARBES RUE,48,
2.023E+11,21,9,2023,13:00,1,92,92020,2,2,2,3,PERI RUE GABRIEL,48,
2.023E+11,21,9,2023,13:33,1,92,92040,2,1,3,6,GAMBETTA (BOULEVARD),48,
2.023E+11,21,9,2023,16:00,1,92,92004,2,2,1,3,EMILE ZOLA ( RUE ),48,
2.023E+11,20,9,2023,18:00,1,92,92036,2,1,1,3,BAS ( RUE DES ),48,
2.023E+11,21,9,2023,18:15,1,92,92002,2,2,1,6,MIRABEAU (RUE),48,
2.023E+11,21,9,2023,12:00,1,92,92002,2,3,2,3,BOIS DE VERRIERES (AVENUE DU),48,
2.023E+11,22,9,2023,07:15,1,2A,2A065,1,1,2,6,Pont de chiuni,,
2.023E+11,20,9,2023,20:20,5,6,6161,2,1,1,3,Route Départementale 6007,43,
2.023E+11,22,9,2023,07:55,1,974,97412,2,1,1,3,Rue Juliette Dodu,-21,
2.023E+11,22,9,2023,10:15,1,972,97212,2,1,1,6,les Deux Terres,14,
2.023E+11,21,9,2023,17:30,1,44,44051,1,1,1,3,Le Tertre,47,
2.023E+11,21,9,2023,10:00,1,30,30334,2,3,2,7,N/A,43,
2.023E+11,22,8,2023,19:40,1,91,91560,1,6,1,3,D35,48,
2.023E+11,22,9,2023,09:45,1,56,56204,1,1,1,6,La Ville Bretonne,47,
2.023E+11,14,9,2023,14:30,1,67,67088,2,1,1,7,Dehlingen,48,
2.023E+11,19,9,2023,16:30,1,2B,2B123,2,6,1,3,Intersection D 344 et rue du Renosu,42,
2.023E+11,15,9,2023,21:20,3,80,80649,1,2,1,3,D32d,50,
2.023E+11,21,9,2023,20:50,3,65,65161,1,1,9,2,N21,43,
2.023E+11,22,9,2023,14:30,1,63,63132,1,1,2,3,N/A,45,
2.023E+11,21,9,2023,12:20,1,49,49345,1,9,1,3,D120,47,
2.023E+11,21,9,2023,17:40,1,34,34140,2,9,1,6,Avenue Ingarrigues,43,
2.023E+11,21,9,2023,09:56,1,68,68138,2,1,1,6,16 Rue de Bettendorf,47,
2.023E+11,22,9,2023,09:20,1,39,39470,1,1,8,1,N/A,46,
2.023E+11,20,9,2023,13:45,1,44,44129,1,1,1,6,l'Île Bayon,47,
2.023E+11,21,9,2023,20:05,2,44,44146,1,1,2,6,12 Arche,47,
2.023E+11,19,9,2023,19:55,5,29,29235,2,4,2,3,rue Brizeux,48,
2.023E+11,22,9,2023,09:50,1,29,29174,1,1,1,7,Route de Quelordan,47,
2.023E+11,21,9,2023,15:00,1,3,3062,2,1,2,1,D35,46,
2.023E+11,22,9,2023,11:45,1,15,15074,1,1,2,1,N 122 ,44,
2.023E+11,20,9,2023,23:45,3,26,26113,1,1,1,7,D93,44,
2.023E+11,22,9,2023,03:40,3,50,50273,1,1,3,2,Route de la Haye du Puits,49,
2.023E+11,22,9,2023,00:35,3,18,18008,1,1,2,7,N/A,46,
2.023E+11,18,9,2023,15:00,1,43,43051,2,2,1,3,Route de Saint-Agrève,45,
2.023E+11,19,9,2023,18:35,1,36,36088,2,3,1,6,Chemin du Postillon,46,
2.023E+11,20,9,2023,22:42,5,30,30307,1,1,3,6,N/A,44,
2.023E+11,22,9,2023,16:45,1,30,30061,1,9,1,6,N/A,43,
2.023E+11,21,9,2023,18:56,1,48,48074,1,1,8,6,pk 13 D996,44,
2.023E+11,21,9,2023,18:20,1,63,63370,1,9,2,7,Autoroute A89,45,
2.023E+11,22,9,2023,15:45,1,6,6018,2,1,1,6,Chemin Neuf,43,
2.023E+11,20,9,2023,13:40,1,68,68297,1,1,1,2,A35,47,
2.023E+11,22,9,2023,14:00,1,30,30189,1,1,1,5,N/A,43,
2.023E+11,21,9,2023,13:40,1,974,97422,2,1,1,6,112 Rue Raphael Douyère,-21,
2.023E+11,25,8,2023,06:45,2,83,83079,1,3,1,3,D98,43,
2.023E+11,22,9,2023,16:00,1,13,13035,1,1,7,1,Route d?Orgon,43,
2.023E+11,4,9,2023,08:00,2,13,13027,2,1,1,3,D28,43,
2.023E+11,22,9,2023,09:30,2,63,63284,2,6,1,3,avenue Roger Prat /chemin de la Quarte,45,
2.023E+11,22,9,2023,17:00,1,38,38087,2,1,2,6,Avenue Léon Blum,45,
2.023E+11,16,9,2023,18:00,1,7,7235,2,1,2,1,d116,44,
2.023E+11,7,9,2023,16:20,1,1,1249,2,3,7,3,Rue des Brotteaux,45,
2.023E+11,9,9,2023,11:49,1,69,69107,1,1,1,6,Route du Col,46,
2.023E+11,20,9,2023,19:15,1,33,33243,2,6,1,3,Avenue du Général de Gaulle,44,
2.023E+11,21,9,2023,09:00,1,50,50294,1,1,1,3,D352 PR 01.500,49,
2.023E+11,22,9,2023,19:00,2,27,27412,1,1,1,6,D79,49,
2.023E+11,22,9,2023,11:30,1,60,60106,1,9,2,6,D37,49,
2.023E+11,21,9,2023,22:15,3,2,2495,1,1,1,6,33 Avenue de Verdun,49,
2.023E+11,21,9,2023,13:40,1,59,59531,2,1,3,6,2 Rue du Cateau,50,
2.023E+11,22,9,2023,08:30,1,59,59250,1,6,1,3,Fournes-en-Weppes,50,
2.023E+11,21,9,2023,11:00,1,13,13005,1,1,1,2,A52-Sens Toulon vers Pont de l'Etoile,43,
2.023E+11,20,9,2023,18:00,1,13,13019,1,1,2,3,A51-Sens Marseille vers Aix en Provence,43,
2.023E+11,21,9,2023,07:10,2,13,13028,1,1,3,6,A50,43,
2.023E+11,6,9,2023,18:00,1,69,69256,1,1,1,2,Autoroute 42 ,45,
2.023E+11,21,9,2023,06:49,2,67,67482,2,1,1,2,M350,48,
2.023E+11,21,9,2023,17:30,1,91,91339,1,1,1,5,RN 104,48,
2.023E+11,21,9,2023,15:40,1,91,91136,1,1,2,6,AUTOROUTE A10,48,
2.023E+11,21,9,2023,09:20,1,91,91235,1,1,3,7,RN 104,48,
2.023E+11,21,9,2023,07:45,1,91,91286,1,1,2,3,AUTOROUTE A6,48,
2.023E+11,21,9,2023,15:25,1,78,78640,1,1,2,5,A86 EXT,48,
2.023E+11,21,9,2023,09:00,1,78,78217,1,1,3,6,A13,48,
2.023E+11,19,9,2023,08:28,1,78,78640,1,1,1,3,N118,48,
2.023E+11,21,9,2023,19:00,1,93,93029,1,1,8,3,AUTOROUTE A86,48,
2.023E+11,21,9,2023,16:45,1,92,92036,1,1,1,7,AUTOROUTE A86,48,
2.023E+11,21,9,2023,11:30,1,93,93027,1,1,3,4,AUTOROUTE A1,48,
2.023E+11,21,9,2023,10:00,1,92,92036,1,1,3,3,AUTOROUTE A15,48,
2.023E+11,21,9,2023,08:45,1,93,93010,1,1,3,6,AUTOROUTE A3,48,
2.023E+11,21,9,2023,21:25,5,94,94069,1,1,2,6,A4,48,
2.023E+11,21,9,2023,09:40,1,77,77337,1,1,3,3,A4,48,
2.023E+11,21,9,2023,09:00,1,77,77294,1,1,3,6,N1104,48,
2.023E+11,21,9,2023,07:40,1,94,94042,1,1,3,4,A4,48,
2.023E+11,19,6,2023,07:50,1,62,62826,2,6,1,3,D939,50,
2.023E+11,19,9,2023,19:50,1,92,92049,2,1,1,2,GINOUX AV. HENRI N°1 A 95 ET 2 A 104,48,
2.023E+11,20,9,2023,06:00,1,974,97416,2,1,1,7,AERODROME (CHEMIN DE L'),-21,
2.023E+11,20,9,2023,19:45,5,974,97407,2,1,1,6,DAYOT(RUE),-20,
2.023E+11,20,9,2023,12:20,1,974,97407,2,1,1,3,JACQUES PREVERT (RUE) RIVIERE DES GALETS,-20,
2.023E+11,20,9,2023,14:33,1,69,69387,2,8,1,3,Quai Charles de Gaulle,45,
2.023E+11,20,9,2023,07:00,2,69,69386,2,2,1,3,20 Rue Masséna,45,
2.023E+11,20,9,2023,19:55,5,69,69389,2,1,1,6,7 Rue Marietton,45,
2.023E+11,20,9,2023,14:45,1,2B,2B033,2,1,1,3,TOUTES RUES,42,
2.023E+11,20,9,2023,08:25,1,91,91421,2,1,1,5,NATIONALE 6 (CES POMPIDOU),48,
2.023E+11,20,9,2023,15:53,1,91,91434,2,1,1,6,JEAN-PIERRE TIMBAUD (RUE),48,
2.023E+11,20,9,2023,07:55,1,89,89387,2,1,1,2,VERDUN (BOULEVARD DE),48,
2.023E+11,19,9,2023,18:14,1,30,30011,1,3,1,3,Route d'Aramon,43,
2.023E+11,16,9,2023,23:15,5,83,83126,2,3,1,3,ORVES (AV ESTIENNE D'),43,
2.023E+11,17,9,2023,22:55,5,83,83061,2,6,1,3,AVENUE DE PROVENCE,43,
2.023E+11,20,9,2023,14:35,1,78,78551,2,1,1,3,LYAUTEY (DU MARECHAL),48,
2.023E+11,20,9,2023,12:30,1,77,77330,2,1,1,2,CRECY (CHEMIN DE),48,
2.023E+11,20,9,2023,14:17,1,77,77058,2,1,1,6,GENERAL DE GAULLE  (AVENUE DU),48,
2.023E+11,20,9,2023,20:40,3,76,76540,2,3,1,3,Avenue de la Libération,49,
2.023E+11,20,9,2023,18:00,1,76,76497,1,1,1,2,D418 (Bretelle),49,
2.023E+11,20,9,2023,08:15,1,73,73008,2,3,1,3,D991 GRAND PORT (RONDEAU) AVENUE DU,45,
2.023E+11,19,9,2023,18:15,1,72,72181,2,6,1,3,DEMORIEUX (BD) ENTRE HUISNE ET RD-POINT,47,
2.023E+11,20,9,2023,08:30,1,71,71076,2,1,1,6,VERDUN (AVENUE),46,
2.023E+11,20,9,2023,16:30,1,69,69256,2,2,1,3,Avenue Gaston Monmousseau,45,
2.023E+11,20,9,2023,16:10,1,69,69275,2,2,1,3,Avenue Franklin Roosevelt,45,
2.023E+11,20,9,2023,18:15,1,69,69259,2,1,1,3,Route de Vienne,45,
2.023E+11,19,9,2023,20:00,1,69,69259,2,2,1,3,Route de Vienne,45,
2.023E+11,20,9,2023,10:10,1,64,64260,2,3,1,2,CANETA (RUE DE),43,
2.023E+11,20,9,2023,17:50,1,64,64445,2,1,1,6,ORLEANS D',43,
2.023E+11,20,9,2023,14:50,1,64,64284,2,1,1,2,8 MAI 1945 DU,43,
2.023E+11,20,9,2023,10:00,1,64,64284,1,1,1,6,18 JUIN 1940 DU,43,
2.023E+11,20,9,2023,08:30,1,64,64445,2,1,7,3,UNIVERSITE DE L',43,
2.023E+11,20,9,2023,09:45,1,63,63300,2,1,1,6,VIRLOGEUX (AVENUE),45,
2.023E+11,20,9,2023,07:50,1,63,63113,2,2,1,3,Lafayette / Paulines,45,
2.023E+11,20,9,2023,07:50,2,63,63113,2,2,1,6,rue abbé Prevost,45,
2.023E+11,20,9,2023,08:50,1,62,62193,2,1,2,6,Rue Descartes,50,
2.023E+11,20,9,2023,13:35,1,61,61001,2,6,1,3,D27 PR1+350,48,
2.023E+11,20,9,2023,07:50,1,61,61001,2,3,1,3,D2,48,
2.023E+11,22,10,2023,05:57,5,6,6083,2,1,1,7,SOLEIL (PROMENADE DU,,
2.023E+11,22,10,2023,16:45,1,6,6004,1,1,1,1,R.N.98 BORD DE MER SIESTA,43,
2.023E+11,6,10,2023,16:07,1,4,4112,2,1,1,3,SAVELS (AV. DES),43,
2.023E+11,22,10,2023,04:37,5,1,1053,2,1,1,6,POINCARE ( RUE RAYMOND),46,
2.023E+11,22,10,2023,12:50,1,75,75120,2,1,1,5,PORTE DES LILAS,48,
2.023E+11,22,10,2023,13:15,1,75,75116,2,1,1,3,PORTE D AUTEUIL,48,
2.023E+11,21,10,2023,18:40,5,75,75113,2,1,2,2,PORTE D ITALIE,48,
2.023E+11,20,10,2023,17:30,1,75,75113,2,1,1,3,PORTE D IVRY,48,
2.023E+11,20,10,2023,13:40,1,75,75117,2,1,2,2,PORTE DE CLICHY,48,
2.023E+11,21,10,2023,05:52,3,75,75118,2,1,1,6,RUE DE LA CHAPELLE,48,
2.023E+11,22,10,2023,12:15,1,75,75117,2,3,1,6,BOULEVARD GOUVION SAINT CYR,48,
2.023E+11,21,10,2023,17:00,1,75,75117,2,5,6,5,BOULEVARD DE DOUAUMONT,48,
2.023E+11,22,10,2023,20:10,5,75,75116,2,2,1,3,ALLEE DE LONGCHAMP,48,