Num_Acc,jour,mois,an,hrmn,lum,dep,com,agg,int,atm,col,adr,lat,long
2.023E+11,22,10,2023,16:55,1,75,75116,2,3,1,6,RUE DE L ASSOMPTION,48,
2.023E+11,21,10,2023,20:20,5,75,75116,2,2,2,6,CHAUSSEE LA MUETTE,48,
2.023E+11,21,10,2023,15:30,1,75,75116,2,2,2,3,ALLEE DE LONGCHAMP,48,
2.023E+11,22,10,2023,03:20,5,75,75113,2,1,8,6,BOULEVARD DU GENERAL JEAN SIMON,48,
2.023E+11,22,10,2023,00:20,5,75,75107,2,2,1,3,QUAI D ORSAY,48,
2.023E+11,22,10,2023,16:35,1,75,75110,2,1,1,3,BOULEVARD DE LA VILLETTE,48,
2.023E+11,22,10,2023,15:55,1,75,75110,2,1,1,6,RUE DES PETITES ECURIES,48,
2.023E+11,20,10,2023,18:30,1,75,75108,2,2,1,6,AVENUE DE FRIEDLAND,48,
2.023E+11,21,10,2023,23:23,5,75,75107,2,3,2,6,PONT D IENA,48,
2.023E+11,22,10,2023,17:20,1,75,75102,2,2,1,3,BOULEVARD DE SEBASTOPOL,48,
2.023E+11,22,10,2023,13:10,1,94,94073,2,1,1,6,Rue de la Résistance,48,
2.023E+11,22,10,2023,04:40,5,94,94033,2,1,2,6,Rue Gambetta,48,
2.023E+11,21,10,2023,22:20,5,94,94033,2,1,3,3,Avenue de Lattre de Tassigny,48,
2.023E+11,22,10,2023,18:50,5,93,93077,2,6,1,6,Rue Saint Louis / Avenue Masséna,48,
2.023E+11,22,10,2023,11:55,1,93,93055,2,1,1,3,Avenue du Général Leclerc,48,
2.023E+11,22,10,2023,20:10,5,93,93048,2,1,1,3,Rue Franklin,48,
2.023E+11,22,10,2023,17:15,1,93,93048,2,1,1,1,Rue Jean Lolive,48,
2.023E+11,22,10,2023,22:20,5,93,93029,2,3,1,3,Rue de la Station / Rue de la République,48,
2.023E+11,22,10,2023,20:40,5,93,93010,2,1,1,2,GALLIENI (AV.) DE 111 A 175,48,
2.023E+11,22,10,2023,11:30,1,93,93008,2,6,8,3,Avenue Paul Vaillant - Couturier,48,
2.023E+11,22,10,2023,20:30,5,92,92036,2,1,1,3,MARCEL PAUL (AVENUE) (1/103),48,
2.023E+11,22,10,2023,14:35,1,92,92012,2,1,1,7,GEORGES SOREL (RUE),48,
2.023E+11,23,10,2023,04:49,3,83,83061,1,1,1,7,Gare de Péage du Capitou,43,
2.023E+11,11,10,2023,18:53,5,974,97422,2,3,1,3,101 Rue Hubert Delisle,-21,
2.023E+11,23,10,2023,10:00,1,6,6095,2,1,8,2,23 Avenue de Peygros,43,
2.023E+11,23,10,2023,17:50,1,58,58044,1,1,2,1,La Giraffe,47,
2.023E+11,23,10,2023,08:50,2,50,50095,2,1,8,6,Rue de Carbonnel,49,
2.023E+11,22,10,2023,10:15,1,51,51002,1,1,2,1,D11,48,
2.023E+11,22,3,2023,18:30,2,19,19063,2,1,1,1,N/A,45,
2.023E+11,22,10,2023,19:35,3,56,56140,1,1,2,6,Le Petit Resto,47,
2.023E+11,22,10,2023,20:00,3,32,32160,1,1,1,2,N124,43,
2.023E+11,22,10,2023,10:42,1,11,11397,2,4,1,3,D3,43,
2.023E+11,22,10,2023,21:00,3,63,63397,1,1,8,6,D82,45,
2.023E+11,23,10,2023,10:40,1,63,63409,1,1,1,6,D26,45,
2.023E+11,23,10,2023,19:52,3,68,68011,1,1,2,6,D34,47,
2.023E+11,22,10,2023,13:15,1,68,68126,2,1,1,1,45 Rue de Hésingue,47,
2.023E+11,22,10,2023,13:05,1,22,22085,1,1,1,7,D20,48,
2.023E+11,7,10,2023,17:25,1,29,29177,1,3,1,1,Langue,48,
2.023E+11,20,10,2023,10:25,2,29,29174,1,1,2,2,Trelluant,47,
2.023E+11,22,10,2023,11:54,1,3,3038,1,3,1,3,D1,46,
2.023E+11,23,10,2023,13:30,1,3,3257,1,1,8,6,N7,46,
2.023E+11,23,10,2023,08:00,2,3,3170,1,1,3,6,Meillers,46,
2.023E+11,22,10,2023,17:30,1,1,1183,2,1,1,6,Rue des Charmes,46,
2.023E+11,23,10,2023,13:40,1,58,58232,1,1,2,2,D978,47,
2.023E+11,22,10,2023,09:45,1,72,72198,1,2,1,3,les Biards,48,
2.023E+11,22,10,2023,23:30,3,72,72109,1,1,1,6,D310,48,
2.023E+11,22,10,2023,14:00,1,14,14057,1,3,1,3,3845 Route de Bourguebus,49,
2.023E+11,22,10,2023,14:45,1,43,43211,1,1,1,7,Route de Confolent,45,
2.023E+11,21,10,2023,10:28,1,43,43186,1,1,1,2,6 Route de la Teyssonneyre,44,
2.023E+11,21,10,2023,19:35,3,36,36215,1,1,1,7,N/A,46,
2.023E+11,22,10,2023,21:55,3,36,36064,1,1,1,7,Fourches,46,
2.023E+11,21,10,2023,17:50,2,23,23130,1,1,1,1,Montepinaud,46,
2.023E+11,23,10,2023,14:20,1,10,10162,1,1,1,7,A5,48,
2.023E+11,23,10,2023,08:30,1,10,10045,1,1,1,2,A5,48,
2.023E+11,10,10,2023,08:30,2,35,35208,2,1,8,6,rue de rennes,48,
2.023E+11,23,10,2023,19:30,5,95,95250,2,1,2,6,BEAUMONT (AVENUE DE),49,
2.023E+11,20,10,2023,15:40,1,68,68386,2,1,8,7,1 rue de mulhouse,47,
2.023E+11,22,10,2023,17:22,1,987,98729,1,1,1,3,Temae,-17,
2.023E+11,12,10,2023,07:00,2,974,97415,2,3,7,3,Route du Théâtre,-21,
2.023E+11,19,10,2023,07:50,3,29,29234,1,1,2,2,RN165,47,
2.023E+11,21,10,2023,15:51,1,28,28113,1,1,8,1,Route de Prouais,48,
2.023E+11,22,10,2023,10:50,1,77,77453,2,9,8,3,6 route departementale 605,48,
2.023E+11,22,10,2023,05:26,3,13,13076,1,2,1,1,D73e,43,
2.023E+11,18,10,2023,19:00,5,67,67506,2,3,3,3,Route de Strasbourg,48,
2.023E+11,22,10,2023,17:39,1,54,54335,1,1,1,6,D70,48,
2.023E+11,22,10,2023,11:40,1,63,63247,1,1,1,2,Route Départementale 5,45,
2.023E+11,20,10,2023,16:00,1,47,47157,1,9,2,6,route de bordeaux - parking leclerc,44,
2.023E+11,22,10,2023,17:45,1,33,33539,1,1,1,6,D20,44,
2.023E+11,22,10,2023,10:00,1,60,60213,1,9,2,4,N330,49,
2.023E+11,22,10,2023,11:45,1,59,59465,1,1,1,7,Route ers l'étang du flaquet,50,
2.023E+11,22,10,2023,19:25,3,69,69277,1,1,1,6,Rocade Est,45,
2.023E+11,22,10,2023,01:00,3,69,69296,1,1,1,4,Autoroute 7,45,
2.023E+11,22,10,2023,02:52,5,94,94037,1,1,2,6,A6A,48,
2.023E+11,21,10,2023,05:40,3,91,91661,1,1,1,1,AUTOROUTE A10,48,
2.023E+11,22,10,2023,06:00,3,92,92036,1,1,2,2,AUTOROUTE A15,48,
2.023E+11,22,10,2023,04:30,3,95,95060,1,1,2,6,A115,49,
2.023E+11,22,10,2023,02:35,3,92,92036,1,1,2,5,AUTOROUTE A15,48,
2.023E+11,21,10,2023,23:00,3,95,95582,1,1,3,6,A15,48,
2.023E+11,22,10,2023,06:45,3,77,77122,1,1,1,4,RN104,48,
2.023E+11,16,6,2023,07:24,1,972,97209,1,1,1,4,RD 41 (ROCADE),14,
2.023E+11,10,6,2023,17:50,1,972,97203,2,1,1,7,11 Rue du Docteur Morestin_,14,
2.023E+11,9,6,2023,15:10,1,972,97210,2,1,1,6,Boulevard des Fusillés,14,
2.023E+11,25,7,2023,12:20,1,13,13112,1,1,1,3,A7 PK 248.500,43,
2.023E+11,8,7,2023,19:10,1,13,13028,2,1,1,6,WILSON (AVENUE PRESIDENT),43,
2.023E+11,28,6,2023,18:50,1,14,14700,1,2,1,3,2 Route d'Étréham,49,
2.023E+11,27,6,2023,13:00,1,14,14180,1,1,1,4,Route de Putange,48,
2.023E+11,28,7,2023,19:10,1,14,14366,2,1,1,2,14 Boulevard Sainte Anne,49,
2.023E+11,18,7,2023,15:30,1,14,14712,2,1,1,6,2 Rue du Maréchal Leclerc,49,
2.023E+11,11,7,2023,17:30,1,14,14473,1,1,1,6,1200 Route de Lisieux,49,
2.023E+11,21,10,2023,04:00,3,974,97416,1,1,1,7,THOREZ (CHEMIN MAURICE),-21,
2.023E+11,21,10,2023,11:45,1,974,97411,2,2,8,3,DODU 2 (RUE JULIETTE),-20,
2.023E+11,6,10,2023,08:55,1,973,97302,2,1,1,3,BARTHELEMY (RENE),4,
2.023E+11,21,10,2023,00:40,5,973,97302,1,1,1,2,ROUTE NATIONALE 1,4,
2.023E+11,20,10,2023,08:45,1,973,97302,2,1,1,3,ZEPHIR (ROCADE),4,
2.023E+11,22,10,2023,01:15,5,69,69386,2,3,1,6,Cours Lafayette,45,
2.023E+11,21,10,2023,05:40,5,69,69387,2,3,1,3,Avenue Jean Jaurès,45,
2.023E+11,21,10,2023,06:35,2,2B,2B033,2,9,1,1,FRANCOIS VITTORI,42,
2.023E+11,20,10,2023,22:15,5,971,97101,2,1,8,6,PATRICK SAINT ELOI ( AVENUE ),16,
2.023E+11,21,10,2023,11:40,1,91,91549,2,3,1,3,REGIMENT NORMANDIE-NIEMEN (AVENUE DU),48,
2.023E+11,21,10,2023,20:15,5,91,91421,2,1,3,6,CHARLES DE GAULLE (AVENUE),48,
2.023E+11,20,10,2023,15:50,1,91,91223,2,2,2,3,SAINT MICHEL (BOULEVARD),48,
2.023E+11,20,10,2023,08:25,1,91,91223,2,3,8,3,COQUERIVE (RUE DE),48,
2.023E+11,16,10,2023,12:45,1,89,89338,2,1,1,1,FONTAINE D'AZON (RUE DE LA),48,
2.023E+11,21,10,2023,15:26,1,85,85191,2,1,1,6,29 Rue du président de gaulle,46,
2.023E+11,21,10,2023,12:30,1,83,83137,2,1,1,3,SAINT ROCH (AVE),43,
2.023E+11,20,10,2023,18:33,5,78,78418,2,1,8,6,JULES VERNE (ALLEE),48,
2.023E+11,20,10,2023,19:50,4,77,77305,2,1,3,6,D605,48,
2.023E+11,21,10,2023,03:30,3,77,77389,1,1,2,2,D606,48,
2.023E+11,21,10,2023,06:00,5,76,76498,2,2,2,3,Rue Leon Maletra,49,
2.023E+11,21,10,2023,06:10,3,76,76565,1,1,8,6,ROUEN (ROUTE DE),49,
2.023E+11,22,10,2023,00:00,5,73,73008,2,3,1,3,D991 MARLIOZ AVENUE DE,45,
2.023E+11,20,10,2023,07:50,1,69,69264,2,1,8,6,Rue Ampere,45,
2.023E+11,21,10,2023,22:30,3,69,69199,2,2,1,3,Rue Pasteur,45,
2.023E+11,21,10,2023,00:55,5,68,68166,1,2,2,2,RD 430,47,
2.023E+11,21,10,2023,17:30,1,67,67482,2,1,1,2,CANONNIERS (RUE DES),48,
2.023E+11,21,10,2023,18:45,1,64,64284,2,1,1,7,CORPS FRANC POMMIES,43,
2.023E+11,20,10,2023,17:35,1,62,62215,2,1,1,6,Rue Cyprien Quinet,50,
2.023E+11,21,10,2023,12:20,1,54,54547,2,1,1,3,route de Mirecourt,48,
2.023E+11,21,10,2023,08:30,1,54,54547,1,9,8,6,RD 674,48,
2.023E+11,21,10,2023,12:03,1,51,51454,2,2,1,3,PONSARDIN (RUE),49,
2.023E+11,20,10,2023,19:20,5,51,51454,2,2,1,1,EPERNAY (AVENUE D') COTE IMPAIR,49,
2.023E+11,21,10,2023,18:44,2,51,51242,2,1,1,7,GENERAL LECLERC (RUE DU),48,
2.023E+11,21,10,2023,16:14,1,49,49007,2,1,2,6,SAINT AUBIN,47,
2.023E+11,21,10,2023,07:22,3,49,49007,1,1,1,6,RD 323,47,
2.023E+11,21,10,2023,05:22,4,49,49246,2,1,1,6,N/A,47,
2.023E+11,21,10,2023,18:26,2,45,45234,2,3,3,3,Pont René Thinat,47,
2.023E+11,21,10,2023,12:10,1,45,45234,2,1,1,6,11 Rue du Faubourg Bannier,47,
2.023E+11,20,10,2023,11:40,1,45,45004,2,9,1,3,D163 PR 1 + 830,47,
2.023E+11,17,10,2023,07:50,2,44,44132,2,1,1,4,96 Boulevard de Saint-Nazaire,47,
2.023E+11,21,10,2023,09:10,1,35,35238,1,1,3,4,N/A,48,
2.023E+11,21,10,2023,12:00,1,35,35238,1,1,3,2,RN136,48,
2.023E+11,21,10,2023,04:38,3,28,28085,1,1,2,6,ARAGO (RUE FRANCOIS),48,
2.023E+11,21,10,2023,10:00,1,22,22113,2,9,2,3,ARMOR (BOULEVARD D'),48,
2.023E+11,21,10,2023,11:40,1,17,17415,2,9,2,6,RECOUVRANCE BOULEVARD DE,45,
2.023E+11,21,10,2023,22:00,5,13,13206,2,2,1,3,LIEUTAUD (COURS),43,
2.023E+11,20,10,2023,22:50,5,13,13215,2,1,1,6,SAINT ANTOINE (AVENUE DE),43,
2.023E+11,21,10,2023,07:30,2,13,13216,2,2,1,3,RABELAIS (RUE),43,
2.023E+11,21,10,2023,14:40,1,13,13005,1,1,1,1,CIOTAT (ROUTE DE LA RN559),43,
2.023E+11,21,10,2023,15:10,1,13,13001,2,1,1,7,ALLUMETTES (RUE DES),43,
2.023E+11,21,10,2023,15:49,1,11,11069,2,1,1,6,N/A,43,
2.023E+11,20,10,2023,13:20,1,7,7102,2,1,1,3,MALRAUX (Rue André),44,
2.023E+11,21,10,2023,17:24,1,6,6088,2,1,1,1,DELVALLE (RUE PROF.),43,
2.023E+11,21,10,2023,15:15,1,75,75120,2,1,8,5,PORTE DE MONTREUIL,48,
2.023E+11,20,10,2023,20:45,5,75,75120,2,3,2,6,AVENUE GAMBETTA,48,
2.023E+11,21,10,2023,13:48,1,75,75119,2,2,2,2,AVENUE JEAN JAURES,48,
2.023E+11,20,10,2023,23:35,5,75,75119,2,4,2,1,RUE DE LA CLOTURE,48,
2.023E+11,20,10,2023,19:30,4,75,75115,2,2,3,3,QUAI DE GRENELLE,48,
2.023E+11,21,10,2023,14:40,1,75,75114,2,1,1,3,BOULEVARD ARAGO,48,
2.023E+11,20,10,2023,16:30,1,75,75114,2,4,2,6,BOULEVARD ARAGO,48,
2.023E+11,21,10,2023,19:45,5,75,75113,2,1,3,6,BOULEVARD AUGUSTE BLANQUI,48,
2.023E+11,21,10,2023,12:10,1,75,75113,2,2,8,6,RUE CHARCOT,48,
2.023E+11,21,10,2023,05:50,5,75,75114,2,2,1,2,BOULEVARD JOURDAN,48,
2.023E+11,21,10,2023,09:55,1,75,75110,2,1,2,6,IMPASSE MARTINI,48,
2.023E+11,21,10,2023,03:30,5,75,75108,2,5,2,7,RUE DE COURCELLES,48,
2.023E+11,21,10,2023,00:25,5,75,75108,2,3,2,2,AVENUE DE WAGRAM,48,
2.023E+11,20,10,2023,21:04,5,75,75107,2,1,2,2,QUAI D ORSAY,48,
2.023E+11,21,10,2023,19:45,5,75,75102,2,4,2,3,RUE MONTMARTRE,48,
2.023E+11,21,10,2023,09:30,1,75,75102,2,2,1,7,RUE SAINT MARC,48,
2.023E+11,21,10,2023,16:50,1,94,94042,2,9,8,3,Avenue du Général Galliéni,48,
2.023E+11,21,10,2023,19:10,5,94,94065,1,1,2,3,N186B,48,
2.023E+11,21,10,2023,08:51,1,94,94073,2,1,1,6,8 Rue Louis Duperrey,48,
2.023E+11,21,10,2023,03:10,3,94,94017,2,1,8,6,Av. Henri-Marie le Boursicaud,48,
2.023E+11,21,10,2023,16:30,1,93,93066,2,2,1,2,Rue Danielle Casanova / Rue Taittinger,48,
2.023E+11,21,10,2023,14:20,1,93,93077,2,1,1,2,Rue de Neuilly,48,
2.023E+11,20,10,2023,20:40,5,93,93032,2,3,2,3,Avenue Jean Jaurès / Rue Parmentier,48,
2.023E+11,21,10,2023,01:55,5,92,92046,2,1,1,1,GABRIEL PERI,48,
2.023E+11,21,10,2023,19:20,5,92,92073,2,2,2,6,GAULLE (AVENUE GENERAL CHARLES DE),48,
2.023E+11,21,10,2023,14:05,1,92,92063,2,1,2,2,LIBERATION (RUE DE LA),48,
2.023E+11,21,10,2023,21:20,5,92,92050,2,2,2,3,JOFFRE MARECHAL AVENUE DU,48,
2.023E+11,20,10,2023,22:43,3,95,95313,1,1,8,2,A16,49,
2.023E+11,22,10,2023,13:00,1,95,95052,2,9,2,4,ISLE ADAM (RUE DE L'),49,
2.023E+11,9,10,2023,15:00,1,972,97217,2,2,1,1,N6,14,
2.023E+11,21,10,2023,18:50,3,972,97234,1,1,3,6,RN2,14,
2.023E+11,22,10,2023,16:14,1,1,1075,2,1,1,1,Route de saint trivier,46,
2.023E+11,22,10,2023,02:15,3,50,50592,1,1,2,6,A84,48,
2.023E+11,22,10,2023,15:20,1,41,41278,1,1,1,3,La Duperrerie,47,
2.023E+11,22,10,2023,05:20,3,51,51234,1,1,2,7,D48,48,
2.023E+11,22,10,2023,11:50,1,59,59539,1,1,1,6,1830 Route de Bourbourg,50,
2.023E+11,22,10,2023,19:20,2,71,71522,2,3,1,3,Rue Saint Jean,46,
2.023E+11,20,10,2023,07:45,2,71,71120,2,2,2,6,Avenue Van de Walle,46,
2.023E+11,14,10,2023,08:45,1,63,63080,2,9,1,6,Chemin de Tourouze,45,
2.023E+11,22,10,2023,01:30,3,49,49240,1,1,1,1,Bagatelle,47,
2.023E+11,9,2,2023,19:20,3,89,89428,1,1,1,6,,48,
2.023E+11,9,2,2023,18:20,3,89,89419,1,9,1,1,,47,
2.023E+11,7,2,2023,11:00,1,63,63382,1,2,1,3,D2144/RD99,46,
2.023E+11,10,2,2023,16:10,1,44,44031,1,1,1,3,,47,
2.023E+11,9,2,2023,07:35,2,31,31224,2,2,1,3,D825,43,
2.023E+11,9,2,2023,16:00,1,31,31474,1,1,1,7,760 Route du Plan,43,
2.023E+11,9,2,2023,17:45,2,66,66063,1,1,1,6,,42,
2.023E+11,10,2,2023,07:30,1,6,6032,2,1,1,6,120 Avenue du Trois Septembre,43,
2.023E+11,8,2,2023,13:00,1,6,6079,1,4,1,6,La Bocca (Embranchement d'autoroute) sortie 41,43,
2.023E+11,10,2,2023,13:30,1,14,14194,1,1,1,6,Route de Saint Germain,49,
2.023E+11,10,2,2023,16:45,1,50,50390,1,1,1,5,D42,49,
2.023E+11,10,2,2023,07:45,1,73,73184,1,1,1,1,D921,45,
2.023E+11,21,1,2023,10:50,1,7,7010,2,1,1,6,5 Rue Leon Blum,45,
2.023E+11,20,1,2023,11:35,1,7,7288,1,1,4,3,Route départementale 104,44,
2.023E+11,9,2,2023,14:40,1,7,7076,1,1,1,6,D86,44,
2.023E+11,8,2,2023,17:45,1,27,27102,1,3,7,3,D675,49,
2.023E+11,9,2,2023,16:15,1,42,42279,2,6,7,2,Avenue Mellet Mandard,45,
2.023E+11,9,2,2023,08:28,1,6,6088,1,1,1,7,A8 PK 197.600 en chaussée nord,43,
2.023E+11,10,2,2023,08:45,1,59,59312,1,1,8,2,A.26,50,
2.023E+11,9,2,2023,20:57,3,974,97422,2,1,1,1,Rue Raphael Douyère,-21,
2.023E+11,10,2,2023,08:20,1,77,77437,2,1,1,6,Rue de l'Inte,49,
2.023E+11,9,2,2023,09:50,1,66,66065,1,1,1,1,,42,
2.023E+11,9,2,2023,02:00,3,13,13014,1,1,1,1,D113,43,
2.023E+11,9,2,2023,11:45,1,26,26116,2,2,1,3,Basse Bourgade,44,
2.023E+11,10,2,2023,16:55,1,1,1262,2,3,1,3,9 Rue Pied des Vignes,45,
2.023E+11,9,2,2023,17:20,2,81,81210,2,1,7,3,Route départementale 51,43,
2.023E+11,9,2,2023,20:15,3,17,17421,1,1,1,7,196 route de Royan,45,
2.023E+11,10,2,2023,04:30,3,60,60079,1,2,1,7,D922,49,
2.023E+11,9,2,2023,09:10,1,13,13211,1,1,1,2,A50-Sens Marseille vers Aubagne,43,
2.023E+11,8,2,2023,05:55,3,13,13005,1,1,1,6,A50-Sens Marseille vers Aubagne,43,
2.023E+11,9,2,2023,07:50,4,33,33039,1,1,1,2,ROCADE A 630,44,
2.023E+11,8,2,2023,18:15,4,33,33063,1,1,1,2,A 630,44,
2.023E+11,9,2,2023,19:00,3,91,91689,1,1,1,4,AUTOROUTE A6,48,
2.023E+11,9,2,2023,09:40,1,91,91645,1,1,1,3,RN 385 Extèrieure,48,
2.023E+11,9,2,2023,09:00,1,91,91687,1,1,1,2,AUTOROUTE A6,48,
2.023E+11,9,2,2023,19:25,5,92,92050,1,1,1,2,A86,48,
2.023E+11,8,2,2023,17:53,2,78,78455,1,1,1,2,A13,48,
2.023E+11,8,2,2023,08:32,1,78,78126,1,1,1,5,A13,48,
2.023E+11,7,2,2023,20:50,5,78,78090,1,1,1,3,A13,48,
2.023E+11,9,2,2023,17:30,2,93,93053,1,1,1,4,AUTOROUTE A3,48,
2.023E+11,9,2,2023,07:00,2,93,93053,1,1,1,4,AUTOROUTE A3,48,
2.023E+11,8,2,2023,16:10,1,95,95277,1,1,1,6,A3,48,
2.023E+11,8,2,2023,10:30,1,93,93027,1,1,1,2,AUTOROUTE A1,48,
2.023E+11,8,2,2023,08:30,1,95,95277,1,1,1,3,RD 170 ,48,
2.023E+11,7,2,2023,08:15,1,93,93005,1,1,1,4,AUTOROUTE A3,48,
2.023E+11,6,2,2023,08:30,1,95,95256,1,1,1,3,RN 184,49,
2.023E+11,5,2,2023,21:45,3,93,93048,1,1,1,2,AUTOROUTE A3,48,
2.023E+11,5,2,2023,20:55,5,93,93029,1,1,1,3,AUTOROUTE A86,48,
2.023E+11,4,2,2023,23:50,3,93,93005,1,1,1,4,AUTOROUTE A3,48,
2.023E+11,8,2,2023,20:30,4,77,77258,1,1,1,6,A4.W,48,
2.023E+11,8,2,2023,17:40,2,94,94017,1,1,1,4,A4,48,
2.023E+11,7,2,2023,13:35,1,29,29019,2,4,1,6,rue Auguste Rodin,48,
2.023E+11,8,2,2023,07:30,1,974,97416,2,9,1,6,BANK (BOULEVARD),-21,
2.023E+11,8,2,2023,11:30,1,974,97411,1,1,1,3,LITTORAL (ROUTE 2 DU),-20,
2.023E+11,8,2,2023,21:15,5,974,97409,2,6,1,3,ROCADE SUD(RUE),-20,
2.023E+11,8,2,2023,15:45,1,973,97302,2,6,1,3,CATAYEE (JUSTIN),4,
2.023E+11,7,2,2023,21:55,5,972,97209,1,1,3,4,AUTOROUTE A1,14,
2.023E+11,8,2,2023,12:12,1,2A,2A004,2,3,1,3,NAPOLEON COURS APRES BEVERINI,41,
2.023E+11,8,2,2023,22:35,5,91,91687,2,1,1,6,GENERAL DE GAULLE (AVENUE DU),48,
2.023E+11,8,2,2023,14:00,1,91,91434,2,1,1,6,RENE CASSIN (AVENUE),48,
2.023E+11,8,2,2023,04:15,5,91,91027,2,2,1,2,RTE NATIONALE 7,48,
2.023E+11,7,2,2023,18:20,5,87,87085,2,1,1,6,PERRIN (RUE FRANCOIS),45,
2.023E+11,7,2,2023,08:23,1,87,87085,1,3,1,2,RN520,45,
2.023E+11,8,2,2023,15:55,1,83,83137,2,1,1,6,GASQUET (AVE JOSEPH DE 1408 A FIN,43,
2.023E+11,8,2,2023,15:00,1,78,78015,2,1,1,2,MARC (BD NOEL),48,
2.023E+11,8,2,2023,09:30,1,76,76108,2,6,7,6,Chemin de la Breteque,49,
2.023E+11,7,2,2023,13:25,1,76,76351,2,1,1,6,VERDUN (RUE DE),49,
2.023E+11,8,2,2023,09:50,1,76,76026,2,7,1,6,LEON BAUDELOT (PLACE),49,
2.023E+11,8,2,2023,18:50,5,69,69266,2,1,1,2,56 Rue Nicolas Garnier,45,
2.023E+11,8,2,2023,19:00,5,69,69290,2,1,1,6,Route de Grenoble,45,
2.023E+11,7,2,2023,13:50,1,69,69290,2,3,1,3,Avenue Pierre Cot,45,
2.023E+11,7,2,2023,13:50,1,66,66136,2,1,2,3,,42,
2.023E+11,8,2,2023,01:24,4,63,63113,2,1,1,6,BERGOUGNAN (AVENUE RAYMOND),45,
2.023E+11,3,2,2023,08:40,1,62,62041,2,6,1,6,Rue Hans Geiger,50,
2.023E+11,8,2,2023,21:30,5,59,59279,2,1,1,3,LILLE (RUE DE),50,
2.023E+11,8,2,2023,14:35,1,59,59599,2,1,7,6,CHANZY (RUE),50,
2.023E+11,8,2,2023,14:35,1,59,59512,2,2,1,6,LEBAS (AVENUE JEAN),50,
2.023E+11,4,2,2023,19:25,5,58,58194,2,1,1,6,MARECHAL LECLERC,47,
2.023E+11,7,2,2023,16:22,1,57,57491,2,1,7,3,POINCARE (RUE),49,
2.023E+11,7,2,2023,17:40,1,54,54328,2,6,1,6,TECHNOLOGIES (BOULEVARD DES),48,
2.023E+11,4,2,2023,21:20,5,52,52448,2,2,1,3,CAMUS (RUE JEAN),48,
2.023E+11,8,2,2023,08:40,1,49,49328,2,6,1,6,TOURS (ROUTE DE),47,
2.023E+11,7,2,2023,07:42,5,49,49007,2,1,1,7,CHATENAY AVENUE VICTOR,47,
2.023E+11,7,2,2023,08:10,1,44,44184,2,6,1,6,Boulevard de Sarrelouis,47,
2.023E+11,8,2,2023,16:30,1,37,37122,2,1,1,6,CHANTEPIE (RUE DE),47,
2.023E+11,9,2,2023,00:40,5,35,35238,2,2,1,6,NANTES (DE),48,
2.023E+11,8,2,2023,19:50,5,34,34172,2,9,1,3,BRUSSES (RUE DES),43,
2.023E+11,8,2,2023,02:50,5,31,31555,2,1,1,6,AGDE (RTE D) DU 1AU 67,43,
2.023E+11,8,2,2023,17:35,2,25,25056,2,1,1,2,RN 1057 (ROUTE DE GRAY-CH.EPITAPHE),47,
2.023E+11,8,2,2023,11:30,1,25,25056,2,9,1,2,ALLENDE  BOULEVARD SALVADOR,47,
2.023E+11,8,2,2023,19:55,3,17,17291,1,9,1,4,N11,46,
2.023E+11,8,2,2023,07:45,1,13,13103,2,3,1,6,BOULEVARD SCHUMAN -ROBERT,43,
2.023E+11,7,2,2023,10:56,1,10,10387,2,1,1,6,Avenue du 1er Mai,48,
2.023E+11,7,2,2023,07:51,1,10,10387,2,1,1,3,ANATOLE FRANCE (RUE),48,
2.023E+11,8,2,2023,10:50,1,6,6123,2,3,1,6,JEANNE D'ARC AVENUE,43,
2.023E+11,2,2,2023,07:00,2,3,3095,2,1,1,6,Rue Fernand Lafaye,46,
2.023E+11,8,2,2023,22:25,5,93,93001,2,9,1,6,Avenue Victor Hugo,48,
2.023E+11,8,2,2023,15:35,1,75,75118,2,2,1,2,RUE DAMREMONT,48,
2.023E+11,8,2,2023,15:00,1,75,75116,2,5,1,2,ROUTE DE LA PTE DES SABLONS A LA PTE MAI,48,
2.023E+11,7,2,2023,13:00,1,75,75116,2,3,1,6,AVENUE MARCEAU,48,
2.023E+11,7,2,2023,18:40,5,75,75116,2,1,1,3,ROUTE DE LA PTE DAUPHINE A LA PTE DES SA,48,
2.023E+11,8,2,2023,13:20,1,75,75113,2,3,1,3,AVENUE D IVRY,48,
2.023E+11,8,2,2023,15:20,1,75,75112,2,1,1,6,AVENUE COURTELINE,48,
2.023E+11,8,2,2023,13:30,1,75,75112,2,3,1,3,RUE DE CHARENTON,48,
2.023E+11,8,2,2023,11:15,1,75,75111,2,2,1,3,BOULEVARD DES FILLES DU CALVAIRE,48,
2.023E+11,8,2,2023,08:00,2,75,75111,2,3,1,6,BOULEVARD VOLTAIRE,48,
2.023E+11,8,2,2023,13:00,1,75,75110,2,1,1,6,RUE DE MAUBEUGE,48,
2.023E+11,7,2,2023,12:20,1,75,75108,2,2,1,3,BOULEVARD MALESHERBES,48,
2.023E+11,8,2,2023,19:28,5,75,75101,2,3,1,3,BOULEVARD DE SEBASTOPOL,48,
2.023E+11,8,2,2023,15:40,1,75,75102,2,2,1,3,RUE DU QUATRE SEPTEMBRE,48,
2.023E+11,7,2,2023,09:49,1,94,94081,2,2,1,3,Avenue Rouget de Lisle /  Rue Watteau,48,
2.023E+11,8,2,2023,20:00,5,94,94046,2,1,1,3,Avenue Gambetta,48,