Num_Acc,jour,mois,an,hrmn,lum,dep,com,agg,int,atm,col,adr,lat,long
2.023E+11,19,9,2023,13:50,1,75,75114,2,4,1,3,BOULEVARD PERIPHERIQUE INTERIEUR SUD,48,
2.023E+11,19,9,2023,17:50,1,75,75120,2,1,1,6,BOULEVARD MORTIER,48,
2.023E+11,19,9,2023,14:40,1,75,75120,2,3,1,6,AVENUE GAMBETTA,48,
2.023E+11,20,9,2023,06:05,3,75,75118,2,3,1,6,RUE DU MONT CENIS,48,
2.023E+11,20,9,2023,13:20,1,75,75117,2,1,1,3,BOULEVARD DU FORT DE VAUX,48,
2.023E+11,19,9,2023,17:15,1,75,75116,2,1,1,1,ALLEE DE LA REINE MARGUERITE,48,
2.023E+11,20,9,2023,14:45,1,75,75113,2,3,1,3,BOULEVARD VINCENT AURIOL,48,
2.023E+11,20,9,2023,01:45,3,75,75113,2,3,1,6,BOULEVARD VINCENT AURIOL,48,
2.023E+11,20,9,2023,14:55,1,75,75112,2,4,1,3,AVENUE DE LA PORTE DE CHARENTON,48,
2.023E+11,20,9,2023,15:10,1,75,75112,2,7,1,1,AVENUE DU POLYGONE,48,
2.023E+11,19,9,2023,20:50,5,75,75112,2,2,1,1,QUAI DE LA RAPEE,48,
2.023E+11,19,9,2023,15:20,1,75,75112,2,2,1,6,AVENUE LEDRU ROLLIN,48,
2.023E+11,20,9,2023,16:00,1,75,75111,2,3,1,3,BOULEVARD RICHARD LENOIR,48,
2.023E+11,20,9,2023,12:55,1,75,75112,2,3,1,6,RUE DU FAUBOURG SAINT ANTOINE,48,
2.023E+11,20,9,2023,10:25,1,75,75111,2,3,8,6,BOULEVARD VOLTAIRE,48,
2.023E+11,20,9,2023,13:32,1,75,75110,2,7,1,1,PLACE DU COLONEL FABIEN,48,
2.023E+11,20,9,2023,12:50,1,94,94068,2,1,1,6,4 Boulevard du Général Giraud,48,
2.023E+11,10,10,2023,09:15,1,94,94046,2,1,1,3,Avenue du Professeur Cadiot,48,
2.023E+11,18,9,2023,17:50,1,94,94011,2,6,2,3,Avenue du Bicentenaire 1789 1989,48,
2.023E+11,20,9,2023,11:05,1,94,94022,2,1,1,3,Avenue Léon Gourdault,48,
2.023E+11,20,9,2023,10:00,1,94,94002,2,9,1,6,63 Rue Victor Hugo,48,
2.023E+11,20,9,2023,22:20,5,93,93071,2,5,1,3,Avenue du Commandant Charcot / Avenue John Fitzgerald Kennedy,48,
2.023E+11,20,9,2023,18:00,1,93,93053,2,1,1,3,Avenue du 18 Avril 1944,48,
2.023E+11,20,9,2023,09:00,1,93,93051,2,3,1,3,Route de Neuilly / Rue de la Plaine,48,
2.023E+11,20,9,2023,10:00,1,93,93048,2,5,1,3,Rue de Stalingrad / Rue Molière,48,
2.023E+11,20,9,2023,18:10,1,93,93029,2,1,1,1,Avenue Henri Barbusse,48,
2.023E+11,20,9,2023,18:28,1,92,92075,2,1,1,6,VICTOR HUGO (AVENUE),48,
2.023E+11,20,9,2023,12:50,1,92,92064,2,1,1,3,REPUBLIQUE,48,
2.023E+11,20,9,2023,12:26,1,92,92064,2,1,1,7,ALPHONSE MOGUEZ,48,
2.023E+11,20,9,2023,13:10,1,92,92063,2,1,1,2,RICHELIEU (BOULEVARD),48,
2.023E+11,20,9,2023,11:25,1,92,92063,2,9,1,2,MONTBRISON (RUE DU LIEUTENANT COLONEL DE,48,
2.023E+11,20,9,2023,14:45,1,92,92050,2,1,1,6,JOILIOT CURIE F. ET IRENE AVENUE N°IMPAI,48,
2.023E+11,20,9,2023,16:20,1,92,92040,2,1,1,7,HOCHE (ALLEE),48,
2.023E+11,2,10,2023,15:30,1,92,92036,2,3,1,7,MARCEL PAUL (AVENUE) (1/103),48,
2.023E+11,18,9,2023,20:00,1,92,92036,2,1,1,2,BAS (RUE DES) (78   +),48,
2.023E+11,20,9,2023,12:30,1,92,92026,2,3,1,2,COLOMBES,48,
2.023E+11,17,9,2023,20:03,2,92,92025,2,1,1,3,HENRI BARBUSSE (AV),48,
2.023E+11,19,9,2023,23:19,5,92,92046,2,2,1,1,CAMELINAT,48,
2.023E+11,20,9,2023,17:45,1,91,91086,2,1,1,3,Rue des Trois Parts,48,
2.023E+11,17,9,2023,18:00,1,21,21485,1,1,1,4,A38,47,
2.023E+11,21,9,2023,14:10,1,87,87122,1,1,3,6,A20,46,
2.023E+11,20,9,2023,21:30,3,24,24139,1,1,1,1,A89,45,
2.023E+11,1,9,2023,03:45,3,95,95352,1,1,2,6,D316,49,
2.023E+11,15,9,2023,17:09,1,56,56028,1,2,1,1,Le Huet,47,
2.023E+11,14,9,2023,17:05,1,76,76034,1,3,1,1,Rue de Chamacourt,49,
2.023E+11,17,9,2023,19:00,2,69,69209,1,1,1,5,Route de la Clayette,46,
2.023E+11,16,6,2023,08:35,1,61,61369,2,1,1,6,D962,48,
2.023E+11,20,9,2023,23:50,3,61,61153,1,1,2,6,D924,48,
2.023E+11,19,9,2023,18:00,1,55,55533,2,1,1,3,Rue de Tusey,48,
2.023E+11,21,9,2023,10:25,1,12,12026,1,3,1,5,Avenue Claude Salles,44,
2.023E+11,20,9,2023,14:15,1,46,46253,1,1,1,7,Lieu Dit l?Estampe,44,
2.023E+11,21,9,2023,06:50,3,29,29079,1,1,2,6,Kerveguen Huella,48,
2.023E+11,21,9,2023,17:00,1,15,15268,1,1,2,6,RD 20,44,
2.023E+11,8,9,2023,00:10,5,6,6079,2,1,1,6,av de la mer,43,
2.023E+11,21,9,2023,08:00,1,50,50093,1,1,2,7,Lieu Dit Hotel Caudel,49,
2.023E+11,20,9,2023,08:30,1,43,43163,1,1,1,1,D 503,45,
2.023E+11,20,9,2023,18:27,1,40,40273,1,3,1,2,1110 Route de l'Adour,43,
2.023E+11,19,9,2023,19:35,1,85,85006,1,1,1,6,16 Route de saint-paul,46,
2.023E+11,13,9,2023,09:30,1,37,37280,1,1,1,1,La Henauderie,47,
2.023E+11,24,8,2023,16:15,1,8,8283,1,1,1,6,D987,49,
2.023E+11,21,9,2023,08:59,1,974,97415,2,1,1,1,27 Rue Joseph Hubert - Saint Gilles Les Hauts,-21,
2.023E+11,20,9,2023,14:40,1,68,68242,1,1,1,2,A 35 PK 77.700,47,
2.023E+11,20,9,2023,12:55,1,31,31424,1,1,1,1,Route de Lamasquère,43,
2.023E+11,21,9,2023,07:20,1,55,55122,2,2,1,3,avenue de verdun,48,
2.023E+11,20,9,2023,21:00,3,6,6104,1,4,2,2,A8,,
2.023E+11,21,9,2023,00:00,3,34,34135,1,1,1,2,A9 point kilométrique 170+314,43,
2.023E+11,21,9,2023,17:40,1,976,97617,1,1,1,1,route de coconi,-12,
2.023E+11,21,9,2023,09:10,1,91,91111,1,9,3,3,A10 PK 008.200 DIRECTION PARIS,48,
2.023E+11,19,9,2023,12:15,1,988,98817,2,2,3,3,Rue de la Tribu de Saint Louis/RPS1,-22,
2.023E+11,20,9,2023,17:55,2,971,97117,1,1,1,3,Route d?Angerville,16,
2.023E+11,16,9,2023,21:45,3,91,91482,1,7,1,6,D24,48,
2.023E+11,20,9,2023,09:25,1,78,78575,2,1,1,2,74 Avenue du Général Leclerc,48,
2.023E+11,16,9,2023,16:20,1,67,67104,1,1,1,7,Fort de Schoenenbourg,48,
2.023E+11,21,9,2023,02:50,4,54,54053,2,1,1,6,Route d'Einville,48,
2.023E+11,20,9,2023,18:50,1,57,57032,2,1,1,4,Rue du Bois le Prêtre,49,
2.023E+11,14,9,2023,18:00,2,69,69040,2,6,1,6,Chemin du Tronchon,45,
2.023E+11,21,9,2023,17:52,1,64,64422,2,6,3,3,Boulevard Francois Mitterrand,43,
2.023E+11,13,9,2023,10:00,1,33,33243,2,1,1,6,Cours Tourny,44,
2.023E+11,21,9,2023,07:30,2,14,14258,2,6,8,6,D658,48,
2.023E+11,20,9,2023,08:24,2,59,59256,1,1,8,3,M145,50,
2.023E+11,19,9,2023,19:17,1,59,59256,2,1,1,3,Rue du Mont de Sainghin,50,
2.023E+11,20,9,2023,01:10,3,69,69290,1,1,1,6,Autoroute 43,45,
2.023E+11,15,9,2023,22:30,5,59,59599,1,1,1,4,ROUTE DEPARTEMENTALE 656,50,
2.023E+11,19,9,2023,08:10,1,59,59350,1,1,1,5,ROUTE NATIONALE 356,50,
2.023E+11,20,9,2023,17:50,1,75,75113,1,1,1,3,A6B,48,
2.023E+11,20,9,2023,16:10,1,78,78321,1,1,1,6,RN12 INT,48,
2.023E+11,20,9,2023,08:54,1,92,92012,1,1,1,2,A13,48,
2.023E+11,20,9,2023,17:50,1,93,93053,1,1,1,2,AUTOROUTE A86,48,
2.023E+11,29,4,2023,23:59,3,82,82033,1,1,2,6,SAINT AIGNAN (ROUTE DE) ,44,
2.023E+11,18,4,2023,19:35,1,82,82033,1,1,1,6,Route de Lafrançaise d45,44,
2.023E+11,15,4,2023,04:42,3,82,82115,1,1,2,6,Route de Vaissac,44,
2.023E+11,19,9,2023,11:00,1,974,97416,2,1,1,6,LORION(RUE LUC),-21,
2.023E+11,18,9,2023,20:35,5,974,97416,2,1,1,6,BANK (BOULEVARD),-21,
2.023E+11,19,9,2023,06:15,1,974,97411,2,9,1,3,JAURES (BLD 1 JEAN),-20,
2.023E+11,19,9,2023,08:15,1,973,97302,2,2,1,3,FELIX EBOUE(ROCADE),4,
2.023E+11,19,9,2023,06:57,1,973,97302,2,3,1,3,EAU-LISETTE (CITE),4,
2.023E+11,18,9,2023,22:10,5,973,97302,2,3,1,5,LIBERTE (AVENUE DE LA),4,
2.023E+11,18,9,2023,20:33,5,973,97302,2,1,1,6,MONT LUCAS  2 (CITE),4,
2.023E+11,19,9,2023,14:40,1,69,69387,2,1,1,4,Boulevard des Tchécoslovaques,45,
2.023E+11,19,9,2023,09:40,1,69,69383,2,9,1,6,Boulevard Marius Vivier-Merle,45,
2.023E+11,19,9,2023,07:48,1,972,97209,1,6,1,3,BISHOP (Avenue Maurice),14,
2.023E+11,19,9,2023,14:25,1,2B,2B033,2,3,1,2,ROUTE ROYALE,42,
2.023E+11,19,9,2023,06:15,1,971,97113,1,1,1,3,Section Port Blanc,16,
2.023E+11,19,9,2023,00:30,5,971,97101,1,9,1,2,RN1-  HAUTEUR DE SORTIE LAURICISQUE,16,
2.023E+11,19,9,2023,13:25,1,91,91201,2,1,1,6,BD HENRI BARBUSSE,48,
2.023E+11,19,9,2023,07:25,1,91,91223,2,1,1,6,MAI 1945 (AVENUE DU 8),48,
2.023E+11,18,9,2023,12:31,1,87,87085,2,1,1,7,FRACHON ( ave Benoit),45,
2.023E+11,19,9,2023,10:52,1,85,85194,2,6,8,3,Boulevard du vendée globe,46,
2.023E+11,13,9,2023,17:00,1,84,84035,2,9,1,2,VERDUN (AVENUE DE),43,
2.023E+11,19,9,2023,14:42,1,83,83090,2,3,1,2,RESISTANCE (AVE DE LA),43,
2.023E+11,19,9,2023,20:20,5,77,77243,2,6,1,3,JACQUES LEPAIRE  (RUE   ),48,
2.023E+11,18,9,2023,14:00,1,76,76329,1,1,2,1,RD 487,49,
2.023E+11,18,9,2023,17:40,1,71,71306,2,6,1,3,MARECHAL LECLERC (AVENUE DU),46,
2.023E+11,13,9,2023,17:00,1,69,69264,2,6,1,3,Avenue de l’Europe,45,
2.023E+11,17,9,2023,01:34,3,67,67180,1,9,1,7,MARIENTHAL (ROUTE DE),48,
2.023E+11,18,9,2023,11:01,1,66,66136,2,1,1,6,N/A,42,
2.023E+11,16,9,2023,17:47,1,66,66136,2,3,1,3,N/A,42,
2.023E+11,15,9,2023,12:06,1,66,66136,2,1,1,6,N/A,42,
2.023E+11,19,9,2023,12:15,1,64,64260,2,5,1,3,BEHOBIE (RUE DE),43,
2.023E+11,19,9,2023,12:40,1,64,64445,2,3,1,3,TOURASSE,43,
2.023E+11,18,9,2023,10:15,1,64,64122,2,6,1,3,ROND POINT DE L EUROPE,43,
2.023E+11,18,9,2023,06:50,5,64,64102,2,6,1,3,LEGION TCHEQUE (AVENUE DE LA),43,
2.023E+11,18,9,2023,21:35,5,62,62178,2,2,1,3,Avenue Augustin Flament,50,
2.023E+11,15,9,2023,16:35,1,57,57672,2,2,1,3,FOCH (BOULEVARD),49,
2.023E+11,18,9,2023,13:17,1,54,54339,2,2,1,3,Rue de la République,48,
2.023E+11,17,9,2023,13:20,1,49,49099,2,2,1,6,TURBAUDIERES (BOULEVARD DES ),47,
2.023E+11,19,9,2023,11:50,1,49,49007,2,2,1,6,AYRAULT,47,
2.023E+11,18,9,2023,13:02,1,49,49007,2,6,1,3,VISITATION PLACE,47,
2.023E+11,19,9,2023,13:45,1,47,47031,2,6,1,2,Avenue de Bigorre,44,
2.023E+11,19,9,2023,07:45,1,47,47001,2,6,1,2,STALINGRAD (AVENUE DE ),44,
2.023E+11,19,9,2023,15:45,1,37,37261,2,1,1,6,BUNEL (RUE JACOB),47,
2.023E+11,19,9,2023,17:55,1,35,35238,2,1,1,6,JANVIER (AVENUE JEAN),48,
2.023E+11,14,9,2023,17:00,1,34,34172,2,2,1,3,HENRI (RUE),43,
2.023E+11,19,9,2023,21:50,5,33,33063,2,1,1,3,Cours Georges Clémenceau,44,
2.023E+11,19,9,2023,08:50,1,31,31069,2,1,1,1,BD DE L'EUROPE,43,
2.023E+11,19,9,2023,04:40,3,29,29232,1,6,1,6,Rond-Point Gutenberg,47,
2.023E+11,18,9,2023,18:25,1,29,29019,2,3,1,3,83 rue Anatole France,48,
2.023E+11,18,9,2023,17:10,1,27,27285,2,1,1,6,CROQUET (RUE DU),49,
2.023E+11,18,9,2023,17:40,1,26,26004,1,1,1,2,LACRA RN532,44,
2.023E+11,19,9,2023,08:00,1,26,26198,2,3,1,3,Chemin de la Resse,44,
2.023E+11,19,9,2023,22:50,3,25,25056,1,1,1,6,CHAILLUZ  CHEMIN DES BAS,47,
2.023E+11,19,9,2023,10:05,1,25,25056,2,3,1,3,MARCEAU  AV. COMMANDANT,47,
2.023E+11,12,9,2023,18:30,1,22,22278,1,1,1,4,RN12,48,
2.023E+11,26,8,2023,21:15,5,15,15014,2,1,2,7,EGALITE (RUE DE L'),44,
2.023E+11,19,9,2023,16:55,1,14,14333,2,1,1,7,1 Cours Jean de Vienne,49,
2.023E+11,19,9,2023,20:05,2,13,13212,2,1,1,3,GENERAL NOLLET (BOULEVARD DU),43,
2.023E+11,19,9,2023,07:35,1,13,13211,2,1,1,3,JEAN LOMBARD (AVENUE),43,
2.023E+11,19,9,2023,12:20,1,13,13206,2,2,1,6,AUGUSTE BLANQUI (RUE),43,
2.023E+11,18,9,2023,16:09,1,13,13208,2,1,1,3,PRADO (AVENUE DU),43,
2.023E+11,19,9,2023,20:00,5,13,13063,2,3,1,3,ARISTIDE BRIAND BOULEVARD,43,
2.023E+11,18,9,2023,08:04,2,11,11069,1,1,8,7,MONTQUIER -CHEMIN DE-,43,
2.023E+11,18,9,2023,12:06,1,10,10387,2,1,1,3,JEAN MOULIN (RUE),48,
2.023E+11,18,9,2023,14:00,1,3,3185,2,9,1,6,EINSTEIN ( RUE ALBERT ),46,
2.023E+11,19,9,2023,16:25,1,75,75116,2,1,1,3,PORTE MAILLOT,48,
2.023E+11,19,9,2023,15:30,1,75,75116,2,2,1,1,ALLEE DE LONGCHAMP,48,
2.023E+11,22,10,2023,14:45,1,49,49069,1,1,1,1,RD751 Orée d'Anjou,47,
2.023E+11,22,10,2023,06:00,3,47,47310,1,1,8,7,Route des Roches Reculé,44,
2.023E+11,22,10,2023,12:58,1,39,39101,1,1,1,1,N/A,47,
2.023E+11,22,10,2023,15:30,1,84,84017,1,1,1,7,cd 164 bedoin,44,
2.023E+11,21,10,2023,01:50,3,72,72126,1,1,2,6,l'étang,48,
2.023E+11,21,10,2023,19:30,5,14,14431,2,1,3,6,52 Avenue Jean Jaurès,49,
2.023E+11,16,10,2023,16:15,1,14,14475,2,2,1,3,1756 Route de Bretagne (Noyers-Bocage),49,
2.023E+11,22,10,2023,20:14,3,50,50277,1,1,1,7,D114,48,
2.023E+11,22,10,2023,08:20,2,50,50292,1,1,2,6,11 Rue de Saint Sauveur Lendelin,49,
2.023E+11,21,10,2023,16:00,1,7,7227,1,1,1,6,D82,45,
2.023E+11,22,10,2023,07:15,3,53,53219,1,1,1,6,RN12,48,
2.023E+11,22,10,2023,11:30,1,17,17267,1,2,1,3,D109,46,
2.023E+11,21,10,2023,13:30,1,30,30344,1,1,1,1,Route Nationale 113,43,
2.023E+11,20,10,2023,20:30,3,67,67429,1,1,2,6,PK426.700,48,
2.023E+11,22,10,2023,19:00,3,38,38239,1,1,1,4,A48 PK075.550 direction LYON,45,
2.023E+11,22,10,2023,07:35,1,973,97305,1,2,1,1,Route Nationale 1,4,
2.023E+11,21,10,2023,14:20,1,45,45268,1,1,8,6,Route départementale 951,47,
2.023E+11,13,10,2023,15:20,1,2B,2B134,2,1,1,3,Allée Charles de Gaulle,42,
2.023E+11,21,10,2023,18:30,1,34,34299,1,6,1,6,route de la maire,43,
2.023E+11,22,10,2023,14:00,1,4,4092,1,1,1,1,D4085,43,
2.023E+11,21,10,2023,17:50,1,13,13014,1,1,1,7,Route de Saint Chamas,43,
2.023E+11,19,10,2023,07:25,2,13,13092,2,3,1,3,D16b,43,
2.023E+11,21,10,2023,19:12,2,13,13097,1,3,1,3,Route nationale 568,43,
2.023E+11,22,10,2023,16:30,1,71,71342,2,4,1,3,Route de Poisson,46,
2.023E+11,22,10,2023,15:00,1,55,55496,1,1,1,1,pk 30 D964,48,
2.023E+11,21,10,2023,13:15,1,1,1386,1,3,1,2,D20a,45,
2.023E+11,21,10,2023,21:50,5,69,69140,1,1,1,5,Route de Chazay,45,
2.023E+11,22,10,2023,11:45,1,31,31291,2,3,1,3,62 Avenue de Bouconne,43,
2.023E+11,22,10,2023,14:50,1,64,64315,1,1,1,6,D802,43,
2.023E+11,21,10,2023,11:25,1,14,14040,1,2,2,3,2 Route du Pont Roch,49,
2.023E+11,21,10,2023,21:30,3,22,22136,1,9,2,1,Belle Joie,48,
2.023E+11,20,10,2023,18:32,2,13,13215,1,1,1,2,A7-Sens Marseille vers Lyon,43,
2.023E+11,20,10,2023,04:00,3,13,13210,1,1,2,6,A507 sens Marseille - Aubagne,43,
2.023E+11,18,9,2023,08:00,1,69,69382,1,1,1,7,Route de Métropole 6,45,
2.023E+11,21,10,2023,16:40,1,33,33318,1,1,1,6,AUTOROUTE A 63,44,
2.023E+11,21,10,2023,11:50,1,91,91689,1,1,1,2,AUTOROUTE A6B,48,
2.023E+11,20,10,2023,12:00,1,91,91661,1,1,8,3,RD 188 CHEVREUSE,48,
2.023E+11,21,10,2023,07:10,3,92,92050,1,1,1,2,A14,48,
2.023E+11,21,10,2023,17:08,1,95,95572,1,1,1,3,N184,49,
2.023E+11,21,10,2023,17:15,1,93,93013,1,1,8,4,AUTOROUTE A1,48,
2.023E+11,21,10,2023,01:25,3,93,93051,1,1,2,6,A4,48,
2.023E+11,20,10,2023,22:45,3,94,94073,1,1,2,6,A86,48,
2.023E+11,21,8,2023,08:38,1,87,87075,2,1,1,6,MARS 1962 (RUE DU 19),45,
2.023E+11,20,8,2023,11:10,1,78,78138,1,1,1,6,POISSY (AVENUE DE),48,
2.023E+11,21,8,2023,09:20,1,45,45234,2,1,1,3,Avenue Roger Secrétain,47,
2.023E+11,21,8,2023,01:41,5,13,13203,2,3,1,1,NATIONAL (BOULEVARD),43,
2.023E+11,20,10,2023,11:00,1,988,98818,2,1,1,4,RUE LUCIEN HERVOUET,-22,
2.023E+11,20,10,2023,17:00,1,69,69388,2,2,2,6,Rue Professeur Joseph Nicolas,45,
2.023E+11,20,10,2023,18:00,3,972,97213,1,1,1,2,AUTOROUTE A1,14,
2.023E+11,20,10,2023,06:50,1,972,97209,2,1,2,2,ARAWAKS (AVENUE DES),14,
2.023E+11,20,10,2023,17:35,2,69,69384,2,2,1,3,Place Marcel Bertone,45,
2.023E+11,18,10,2023,07:35,2,69,69034,2,1,1,2,Montée de la Boucle,45,
2.023E+11,20,10,2023,19:50,3,95,95539,2,1,8,2,D301,48,
2.023E+11,19,10,2023,12:06,1,95,95555,2,1,1,1,PARMENTIER (RUE),48,
2.023E+11,19,10,2023,20:05,5,89,89387,2,2,2,3,LIBERTE (BOULEVARD DE LA ),48,
2.023E+11,19,10,2023,14:06,1,87,87085,2,1,2,1,PUY IMBERT (RUE DU),45,
2.023E+11,19,10,2023,19:55,1,84,84007,2,1,8,7,neuf peyres (chemin des),43,
2.023E+11,19,10,2023,08:30,1,83,83126,2,3,8,3,CARMILLE ( AV DU GENERAL),43,
2.023E+11,20,10,2023,07:45,2,82,82121,2,2,1,3,GASSERAS (AVENUE DE),44,
2.023E+11,18,10,2023,19:10,2,80,80131,2,1,2,2,COMMANDANT JAN (RUE DU),49,
2.023E+11,20,10,2023,08:25,2,78,78401,2,1,2,2,GENERAL LECLERC (AVENUE DU ),49,
2.023E+11,20,10,2023,23:20,5,77,77479,2,1,2,1,RUE DE TORCY,48,
2.023E+11,6,10,2023,15:30,1,77,77249,2,1,1,6,AV DES HYVERNEAUX,48,
2.023E+11,19,10,2023,14:00,1,76,76351,2,2,1,6,INGOUVILLE (RUE),49,
2.023E+11,19,10,2023,17:05,1,72,72181,2,1,1,6,JACOBINS (QUINCONCE DES),48,
2.023E+11,19,10,2023,09:00,1,72,72181,2,1,1,6,OYON ALEXANDRE (BD),47,
2.023E+11,19,10,2023,07:00,5,72,72181,2,9,2,3,BONNETABLE (RTE) N° IMP,48,
2.023E+11,20,10,2023,11:15,1,71,71040,2,3,1,3,MACON (ROUTE DE),46,
2.023E+11,20,10,2023,17:30,1,71,71076,2,9,2,6,PARIS (AVENUE DE),46,
2.023E+11,19,10,2023,15:45,1,69,69029,2,1,1,6,Avenue du 8 Mai 1945,45,
2.023E+11,19,10,2023,12:15,1,69,69029,2,2,3,1,Avenue Franklin Roosvelt,45,
2.023E+11,28,7,2023,10:05,1,69,69091,2,2,1,3,Avenue Youri Gagarine,45,
2.023E+11,20,10,2023,10:50,1,67,67043,2,1,3,6,PERIGUEUX (AVENUE DE),48,
2.023E+11,20,10,2023,11:30,1,66,66136,1,6,1,3,N/A,42,
2.023E+11,19,10,2023,18:25,2,64,64129,2,1,2,3,GASTON PHOEBUS,43,
2.023E+11,10,10,2023,08:50,1,64,64445,2,2,1,3,PAIX,43,
2.023E+11,17,10,2023,21:45,5,62,62510,2,1,1,3,Rue Hoche,50,
2.023E+11,20,10,2023,07:50,2,62,62263,2,1,3,6,Avenue de l'Hippodrome,50,
2.023E+11,20,10,2023,21:10,5,60,60057,2,1,1,2,Rue d'Amiens,49,
2.023E+11,20,10,2023,19:30,5,59,59378,2,3,8,3,CLEMENCEAU BLVD (N°168-294),50,
2.023E+11,20,10,2023,07:00,5,59,59350,2,1,2,6,DUNKERQUE AVENUE DE,50,
2.023E+11,20,10,2023,08:00,2,59,59509,2,1,2,6,FERRER (RUE FRANCISCO),50,
2.023E+11,19,10,2023,11:35,1,59,59390,2,3,1,3,COMPIEGNE (RUE),50,
2.023E+11,19,10,2023,19:00,5,58,58194,2,1,2,5,GUSTAVE MATHIEU,46,
2.023E+11,18,10,2023,19:05,5,57,57757,2,1,3,6,Nations (Avenue),49,
2.023E+11,16,10,2023,12:40,1,56,56260,2,6,1,3,KERANGUEN(GIRATOIRE DE),47,
2.023E+11,20,10,2023,14:20,1,56,56162,2,1,2,6,SAINTE  ANNE (RUE),47,
2.023E+11,20,10,2023,08:10,2,56,56098,2,1,2,1,STOSSKOPF ( AV. INGEN.-GAL ),47,
2.023E+11,18,10,2023,07:30,2,55,55029,2,6,1,3,REPUBLIQUE ( PLACE DE LA ),48,
2.023E+11,19,10,2023,16:10,1,54,54395,2,1,3,6,Place de la République,48,
2.023E+11,20,10,2023,08:50,1,51,51454,2,3,3,6,rue Raoul Dufy,49,
2.023E+11,20,10,2023,08:25,2,51,51573,2,1,3,6,PERI (RUE GABRIEL),49,
2.023E+11,20,10,2023,08:00,5,51,51454,2,4,3,3,boulevard Dieu Lumière,49,
2.023E+11,20,10,2023,07:30,5,51,51573,2,1,3,6,VINGT NEUF AOUT 44 (AVENUE DU),49,
2.023E+11,19,10,2023,17:15,1,51,51454,2,1,1,6,LECLERC (BOULEVARD DU GENERAL),49,
2.023E+11,19,10,2023,08:09,2,51,51454,2,1,1,4,ARNOULD (BOULEVARD CHARLES),49,
2.023E+11,20,10,2023,09:47,1,49,49328,2,1,2,6,PRESSOIR (RUE DU),47,
2.023E+11,19,10,2023,10:45,1,49,49099,2,6,8,3,DOROHOI (PLACE DE),47,
2.023E+11,20,10,2023,05:14,5,49,49267,2,1,1,6,A87N,47,
2.023E+11,8,2,2023,11:49,1,988,98818,2,2,1,3,Rue CHARLES DE VERNEILH/RUE AUGUSTE BRUN,-22,
2.023E+11,20,10,2023,04:10,5,47,47001,2,1,1,6,GRAVIER (ESPL. ET PERYST. DU ),44,
2.023E+11,12,10,2023,18:25,1,46,46042,2,1,1,2,Départementale 820,44,
2.023E+11,6,2,2023,13:10,1,988,98818,2,3,1,3,RUE AUER,-22,
2.023E+11,20,10,2023,20:20,3,45,45302,1,1,2,4,D2701 PR 2 + 130,47,
2.023E+11,7,2,2023,17:20,1,974,97416,2,1,1,3,ANCIENNE RN 1,-21,
2.023E+11,20,10,2023,08:30,1,41,41047,2,1,1,1,RD 50,47,
2.023E+11,6,2,2023,15:55,1,974,97416,1,1,1,3,CD 26,-21,
2.023E+11,20,10,2023,00:40,5,41,41018,2,1,3,2,SAUSSAYE (QUAI DE LA),47,
2.023E+11,7,2,2023,23:00,5,974,97411,2,1,3,6,LECONTE DE LISLE (AVENUE),-20,
2.023E+11,20,10,2023,16:05,1,38,38185,2,1,1,3,AVENUE JULES VALLÈS,45,
2.023E+11,7,2,2023,17:01,1,973,97302,1,6,1,7,ROUTE NATIONALE 1,4,
2.023E+11,7,2,2023,07:00,1,973,97302,2,1,2,6,TIGRE (ROUTE DU),4,
2.023E+11,7,2,2023,20:20,5,69,69387,2,1,1,6,Boulevard Yves Farge,45,
2.023E+11,20,10,2023,18:00,1,37,37261,2,9,3,3,GRANDIERE (RUE DE LA),47,
2.023E+11,7,2,2023,18:55,5,69,69387,2,1,1,6,Grande Rue de la Guillotière,45,
2.023E+11,20,10,2023,12:20,1,37,37122,2,1,1,3,JEAN JAURES,47,
2.023E+11,20,10,2023,11:10,1,35,35238,2,7,8,6,SOUVENIR (PLACE DU),48,
2.023E+11,7,2,2023,13:30,1,69,69383,2,1,1,5,Boulevard Marius Vivier-Merle,45,
2.023E+11,7,2,2023,14:00,1,2A,2A004,2,1,1,6,MEZZAVIA ROUTE DE,41,
2.023E+11,20,10,2023,23:55,5,34,34172,2,1,1,2,FONTAINE DE CELLENEUVE (RUE DE LA),43,
2.023E+11,7,2,2023,11:00,1,2A,2A004,2,3,1,3,AVENUE DU DOCTEUR NOEL FRANCHINI,41,
2.023E+11,20,10,2023,21:22,5,33,33192,2,3,2,3,Cours du Général de Gaulle,44,
2.023E+11,6,2,2023,12:20,1,2A,2A004,2,3,1,3,Route de Mezzavia,41,
2.023E+11,6,2,2023,15:30,1,95,95277,2,1,1,4,AVENUE GEORGES KERDAVID,48,
2.023E+11,20,10,2023,17:45,1,33,33063,2,3,3,5,Cours de l'Yser,44,
2.023E+11,7,2,2023,09:21,1,91,91432,2,6,7,3,AV FERDINAND DE LESSEPS,48,
2.023E+11,20,10,2023,10:00,1,33,33063,2,3,6,3,Avenue Charles de Gaulle,44,
2.023E+11,7,2,2023,08:55,1,91,91027,2,1,1,3,AV ARISTIDE BRIAND,48,