Num_Acc,jour,mois,an,hrmn,lum,dep,com,agg,int,atm,col,adr,lat,long
2.023E+11,5,6,2023,08:20,1,72,72100,1,1,1,1,lieu dit giraudeau,47,
2.023E+11,7,6,2023,23:40,5,62,62197,1,1,1,1,D70,50,
2.023E+11,20,3,2023,07:50,1,25,25056,2,1,8,1,GRETTE  RUE,47,
2.023E+11,22,11,2023,22:20,5,988,98818,2,1,1,6,AVENUE KOENIG,-22,
2.023E+11,16,8,2023,14:57,1,91,91174,1,1,1,3,RN 104,48,
2.023E+11,26,12,2023,14:10,1,62,62178,2,9,1,6,Rue du Conseil de l'Europe,50,
2.023E+11,9,7,2023,15:00,1,62,62285,1,1,1,6,D5,50,
2.023E+11,18,3,2023,02:12,5,21,21231,2,3,1,6,CHARLES DUMONT (RUE),47,
2.023E+11,22,11,2023,16:15,1,974,97411,2,1,1,7,PARIS (RUE DE),-20,
2.023E+11,16,8,2023,09:53,1,94,94003,1,1,1,3,A6A,48,
2.023E+11,21,5,2023,13:00,1,72,72363,1,2,1,3,la béguiniere,48,
2.023E+11,29,12,2023,22:30,5,54,54395,2,9,1,3,Rue Mansuy Gauvain,48,
2.023E+11,3,6,2023,13:35,1,6,6068,1,1,1,7,D3,43,
2.023E+11,16,6,2023,09:15,1,94,94038,1,1,1,3,A6B,48,
2.023E+11,10,7,2023,06:10,2,66,66050,1,1,1,3,D83,42,
2.023E+11,20,3,2023,17:55,5,13,13209,2,3,1,3,LUMINY (AVENUE DE),43,
2.023E+11,26,12,2023,11:55,1,50,50502,1,1,1,6,POPIELUJKO,49,
2.023E+11,22,11,2023,13:10,1,972,97213,1,4,1,3,ROUTE DEPARTEMENTALE 13,14,
2.023E+11,19,8,2023,18:15,1,92,92064,1,1,1,2,A13,48,
2.023E+11,28,12,2023,22:50,5,50,50129,2,1,2,6,LAVIEILLE (RUE FRANCOIS),49,
2.023E+11,5,6,2023,12:55,1,83,83025,1,1,1,6,route départementale 560,43,
2.023E+11,8,7,2023,10:00,1,91,91573,2,1,1,3,Rue du Grand Maury,48,
2.023E+11,21,11,2023,11:40,1,972,97209,2,3,1,3,MOUTTE (ROUTE DE),14,
2.023E+11,19,3,2023,14:35,1,6,6069,2,1,1,3,SIDI BRAHIM (AVENUE),43,
2.023E+11,18,8,2023,15:00,1,92,92026,1,1,1,3,RN1014 Y,48,
2.023E+11,28,12,2023,14:05,1,46,46042,2,1,1,3,ORMEAUX (COTE DES),44,
2.023E+11,9,7,2023,17:50,1,19,19105,1,1,1,6,Route de la Bitarelle,45,
2.023E+11,3,6,2023,17:40,1,60,60188,2,3,1,3,Rue du Pont Chevalier,49,
2.023E+11,16,3,2023,17:29,1,4,4070,2,1,1,6,GASSENDI (BD),44,
2.023E+11,22,11,2023,15:45,1,69,69081,2,2,8,3,Avenue du Docteur Terver,45,
2.023E+11,29,12,2023,12:35,1,45,45068,2,1,1,2,D740 PK 4 + 434,48,
2.023E+11,9,7,2023,17:30,1,19,19229,1,1,1,1,RD 152,45,
2.023E+11,18,8,2023,10:38,1,78,78140,1,1,1,4,A13,48,
2.023E+11,22,11,2023,07:15,1,971,97113,2,1,1,7,SECTION COCOYER,16,
2.023E+11,4,3,2023,20:20,5,2,2408,2,1,1,2,69 Boulevard Pierre Brossolette,49,
2.023E+11,29,12,2023,18:40,2,44,44109,2,1,1,6,31 Rue Frère Louis,47,
2.023E+11,18,8,2023,08:10,1,78,78206,1,1,1,5,A13,48,
2.023E+11,3,6,2023,17:25,1,64,64147,1,3,1,3,D936,43,
2.023E+11,9,7,2023,06:30,2,76,76240,2,1,1,7,16 Route du Havre,49,
2.023E+11,17,10,2023,16:45,1,971,97113,2,9,1,3,SECTION LEROUX,16,
2.023E+11,29,12,2023,10:15,1,41,41269,2,9,1,3,SAINT LUBIN (FAUBOURG),47,
2.023E+11,17,1,2023,07:45,3,69,69162,1,1,4,3,Route de Saint-vincent,46,
2.023E+11,16,8,2023,17:50,1,92,92025,1,1,1,2,A86,48,
2.023E+11,28,6,2023,19:55,1,79,79170,2,3,1,7,,46,
2.023E+11,29,12,2023,04:35,5,38,38185,2,7,1,6,PLACE DE LA RÉSISTANCE,45,
2.023E+11,17,8,2023,09:00,2,78,78321,1,1,1,2,RN12 EXT,48,
2.023E+11,20,11,2023,18:00,2,95,95197,2,3,2,7,ABEL FAUVEAU (RUE) ,48,
2.023E+11,10,7,2023,12:10,1,2A,2A139,2,1,1,3,T10,41,
2.023E+11,15,8,2023,03:20,5,92,92063,1,1,1,6,A86 DUPLEX,48,
2.023E+11,18,3,2023,20:30,5,75,75116,2,1,1,5,PORTE DAUPHINE,48,
2.023E+11,3,6,2023,18:20,1,53,53161,1,1,1,1,D32,48,
2.023E+11,29,12,2023,19:35,5,37,37122,2,3,8,3,JAURES (BOULEVARD JEAN),47,
2.023E+11,9,7,2023,12:30,1,2B,2B043,1,1,1,1,D80,42,
2.023E+11,17,11,2023,20:25,5,95,95598,2,1,8,3,D109,48,
2.023E+11,20,8,2023,07:50,1,93,93005,1,1,1,3,AUTOROUTE A3,48,
2.023E+11,3,6,2023,22:15,3,21,21576,1,1,1,6,d70,47,
2.023E+11,29,12,2023,11:10,1,37,37261,2,9,1,6,EUROPE (AVENUE DE L'),47,
2.023E+11,20,3,2023,18:05,1,75,75119,2,2,1,2,AVENUE SIMON BOLIVAR,48,
2.023E+11,9,7,2023,02:00,3,2B,2B152,1,1,1,6,D 180,42,
2.023E+11,19,8,2023,18:50,1,95,95424,1,1,1,6,A15,48,
2.023E+11,17,11,2023,18:00,5,95,95637,2,2,2,6,GEORGES BRASSENS (MAIL),49,
2.023E+11,2,6,2023,20:45,2,21,21163,1,1,1,6,D28,47,
2.023E+11,28,6,2023,22:02,3,82,82155,2,9,1,6,Route de Caussade,44,
2.023E+11,30,12,2023,00:38,5,35,35238,2,3,1,3,LIBERTE (BD DE LA),48,
2.023E+11,18,8,2023,20:30,1,93,93066,1,1,1,2,AUTOROUTE A1,48,
2.023E+11,20,3,2023,08:55,1,75,75119,2,3,1,2,AVENUE JEAN JAURES,48,
2.023E+11,21,11,2023,09:30,1,84,84007,2,2,1,6,AMANDIER (Avenue de l'),43,
2.023E+11,4,6,2023,18:45,1,40,40217,1,1,1,6,3598 Route de Luë,44,
2.023E+11,18,8,2023,19:35,1,92,92036,1,1,1,2,AUTOROUTE A86,48,
2.023E+11,29,12,2023,06:20,5,35,35238,2,3,2,6,VERDUN (BD DE),48,
2.023E+11,10,7,2023,08:20,1,82,82126,1,9,7,5,Route du Causse,44,
2.023E+11,21,11,2023,16:00,1,84,84007,2,1,1,1,MORIERES (Route de ),43,
2.023E+11,18,8,2023,19:00,1,93,93027,1,1,1,2,AUTOROUTE A1,48,
2.023E+11,2,6,2023,07:50,2,40,40284,2,9,1,3,Avenue de Terreblanque,43,
2.023E+11,19,3,2023,20:30,5,75,75117,2,2,1,1,AVENUE DE WAGRAM,48,
2.023E+11,29,12,2023,18:30,3,34,34129,1,1,1,1,PEROLS D132 (AVENUE DE),43,
2.023E+11,22,11,2023,19:00,5,78,78481,2,1,1,6,CHARLES DE GAULLE (AVENUE),48,
2.023E+11,8,7,2023,20:45,2,65,65045,1,1,1,6,Aucun,43,
2.023E+11,18,8,2023,16:45,1,93,93007,1,1,1,4,AUTOROUTE A3,48,
2.023E+11,29,12,2023,21:07,5,33,33281,2,2,5,3,Avenue Marcel Dassault,44,
2.023E+11,18,3,2023,21:30,5,75,75117,2,1,1,2,AVENUE DES TERNES,48,
2.023E+11,3,6,2023,14:50,1,40,40233,1,1,1,3,Route de Dax,43,
2.023E+11,9,7,2023,12:15,1,11,11302,1,1,1,7,route départementale 117,42,
2.023E+11,22,11,2023,10:46,1,78,78642,2,3,1,3,MALRAUX BD ANDRE,48,
2.023E+11,18,8,2023,00:50,3,93,93013,1,1,1,2,AUTOROUTE A1,48,
2.023E+11,30,12,2023,00:04,5,29,29232,2,1,1,6,2bis Rue Haute,47,
2.023E+11,7,7,2023,11:00,1,71,71379,1,1,1,7,Route du Moulin,46,
2.023E+11,19,3,2023,21:58,5,75,75116,2,3,1,6,RUE DE LA POMPE,48,
2.023E+11,5,6,2023,16:04,1,85,85006,1,2,1,3,l'hommelet,46,
2.023E+11,17,8,2023,11:50,1,95,95277,1,9,1,1,A3,48,
2.023E+11,7,7,2023,05:00,2,76,76252,1,1,1,7,D22,50,
2.023E+11,22,11,2023,10:05,1,77,77251,2,6,1,3,ALL DU TRAIT D'UNION,48,
2.023E+11,20,3,2023,18:30,2,75,75115,2,7,1,2,BOULEVARD DE GRENELLE,48,
2.023E+11,22,11,2023,03:50,5,72,72181,2,1,1,6,MIROIR (RUE DU),47,
2.023E+11,9,7,2023,06:35,1,49,49167,1,1,1,7,LD  le Pavé,47,
2.023E+11,15,8,2023,21:30,3,93,93005,1,1,1,5,AUTOROUTE A1,48,
2.023E+11,3,6,2023,14:00,1,27,27323,1,2,1,3,Route de la Daviere,48,
2.023E+11,29,12,2023,11:50,1,25,25462,2,6,8,2,ROCADE G.POMPIDOU (DU 25 A LA FIN),46,
2.023E+11,17,11,2023,18:30,5,69,69266,2,1,1,6,Avenue Roger Salengro,45,
2.023E+11,9,7,2023,16:45,1,12,12270,1,3,1,3,le merdans,44,
2.023E+11,20,3,2023,07:45,1,75,75115,2,2,1,3,RUE DES QUATRE FRERES PEIGNOT,48,
2.023E+11,4,6,2023,08:00,1,28,28124,1,1,1,6,D313.16,48,
2.023E+11,29,12,2023,19:35,5,13,13214,2,1,1,4,ROLAND DORGELES (BOULEVARD),43,
2.023E+11,9,7,2023,17:19,1,42,42334,1,1,1,6,Route du Chene,45,
2.023E+11,20,8,2023,08:45,1,77,77363,1,1,1,2,A104,48,
2.023E+11,22,11,2023,18:30,5,69,69266,2,2,1,6,Rue Henri Legay,45,
2.023E+11,20,3,2023,13:45,1,75,75113,2,4,1,3,BOULEVARD DE L HOPITAL,48,
2.023E+11,21,11,2023,18:10,5,69,69029,2,1,1,6,Avenue Louis Mouillard,45,
2.023E+11,29,12,2023,23:30,5,13,13208,2,1,1,2,pointe rouge (ave),43,
2.023E+11,19,8,2023,20:40,2,94,94046,1,1,1,3,A86,48,
2.023E+11,14,5,2023,14:50,1,17,17236,1,1,1,1,La Basquette,45,
2.023E+11,10,7,2023,14:00,1,42,42252,1,1,1,1,D1089,45,
2.023E+11,21,11,2023,08:00,1,69,69290,2,1,2,3,73 Rue Aristide Briand,45,
2.023E+11,18,8,2023,19:40,1,94,94011,1,1,1,3,N406,48,
2.023E+11,19,3,2023,22:30,5,75,75111,2,2,1,3,AVENUE DE LA REPUBLIQUE,48,
2.023E+11,9,7,2023,17:30,1,44,44088,1,1,1,2,N/A,47,
2.023E+11,18,8,2023,19:30,1,93,93051,1,1,1,2,A4,48,
2.023E+11,3,6,2023,21:35,2,17,17091,2,1,1,1,73 Rue Pierre Loti,46,
2.023E+11,22,11,2023,18:50,5,64,64189,2,2,1,3,PETIT BOIS (ALLEE DU),43,
2.023E+11,20,3,2023,08:40,1,75,75108,2,2,1,6,RUE DES MATHURINS,48,
2.023E+11,28,12,2023,15:30,1,13,13206,2,1,8,6,BRETEUIL (RUE),43,
2.023E+11,7,7,2023,19:13,1,29,29105,2,1,1,3,Rue du General Weygand,48,
2.023E+11,18,8,2023,18:40,1,93,93051,1,1,1,3,A4,48,
2.023E+11,28,5,2023,15:20,1,87,87199,1,1,1,7,La Roudarie,45,
2.023E+11,27,12,2023,19:30,3,12,12013,1,1,1,6,RUAU BAS LIEU-DIT,44,
2.023E+11,22,11,2023,20:40,5,64,64024,2,6,1,2,HAUSQUETTE (RUE DE),43,
2.023E+11,19,3,2023,20:10,5,75,75108,2,4,1,3,RUE DE CONSTANTINOPLE,48,
2.023E+11,9,7,2023,20:00,1,2,2135,1,1,1,1,Rue du 8 Mai 1945,49,
2.023E+11,18,8,2023,14:00,1,94,94028,1,1,1,5,A86,48,
2.023E+11,22,11,2023,13:10,1,64,64024,2,1,1,7,BAYONNE (AVENUE DE),43,
2.023E+11,3,6,2023,12:25,1,30,30259,1,3,1,3,D981,44,
2.023E+11,28,12,2023,23:45,3,75,75112,2,1,1,3,AVENUE LEDRU ROLLIN,48,
2.023E+11,20,3,2023,10:25,1,75,75102,2,2,1,6,BOULEVARD SAINT DENIS,48,
2.023E+11,17,8,2023,16:00,1,77,77517,1,1,1,3,RN104,48,
2.023E+11,10,7,2023,11:30,1,2,2610,1,1,1,5,D6,49,
2.023E+11,3,6,2023,12:00,1,48,48094,1,1,1,6,le Villaret,44,
2.023E+11,22,11,2023,08:55,1,63,63113,2,2,2,3,Parlette / RM2009-Jean Moulin,45,
2.023E+11,20,3,2023,10:15,1,94,94068,2,1,1,2,Quai du Port au Fouarre,48,
2.023E+11,29,12,2023,10:25,1,75,75118,2,3,1,3,BOULEVARD NEY,48,
2.023E+11,9,7,2023,15:10,1,2,2095,2,1,1,3,6 Route de Seboncourt,49,
2.023E+11,22,5,2023,14:30,1,88,88089,1,1,3,3,2016 Chemin Departemental 60,48,
2.023E+11,8,7,2023,18:30,1,2,2305,1,1,1,7,D967,49,
2.023E+11,29,12,2023,00:00,5,75,75117,2,1,1,7,AVENUE DE LA PORTE DE CHAMPERRET,48,
2.023E+11,22,11,2023,07:20,2,63,63113,2,1,2,1,MEUNIERS (RUE DES),45,
2.023E+11,4,6,2023,18:30,1,52,52197,1,1,1,1,grande rue  (Broncourt),47,
2.023E+11,20,3,2023,16:50,1,94,94073,2,1,1,6,Rue de la Couture du Moulin,48,
2.023E+11,27,4,2023,11:59,1,88,88409,1,4,1,7,RUE DE LAFORÊT,48,
2.023E+11,29,12,2023,04:41,5,75,75116,2,1,1,6,RUE DE LA POMPE,48,
2.023E+11,10,7,2023,08:10,1,15,15012,1,1,1,4,D920,44,
2.023E+11,17,11,2023,11:15,1,62,62587,2,4,1,7,Rue Victor Hugo,50,
2.023E+11,29,12,2023,03:42,5,75,75115,2,1,1,6,RUE SAINT CHARLES,48,
2.023E+11,3,6,2023,16:35,1,88,88437,2,1,1,1,Grande Rue,48,
2.023E+11,20,3,2023,12:00,1,94,94055,2,1,1,2,Avenue Wladimir d'Ormesson,48,
2.023E+11,17,4,2023,17:00,1,88,88415,2,1,1,3,rue de la Moselotte,48,
2.023E+11,9,7,2023,19:50,1,1,1454,1,4,1,1,D1504,45,
2.023E+11,22,11,2023,03:20,5,62,62457,2,1,8,6,Chemin du Souvenir Francais,50,
2.023E+11,3,3,2023,07:50,1,14,14728,1,1,1,2,Rue saint Julien,49,
2.023E+11,29,12,2023,20:00,5,75,75114,2,2,2,3,RUE RAYMOND LOSSERAND,48,
2.023E+11,19,3,2023,11:30,1,94,94018,2,3,8,3,Avenue de Gravelle / Rue de Valmy,48,
2.023E+11,10,7,2023,08:30,1,85,85151,1,9,8,2,RD149,46,
2.023E+11,3,6,2023,19:45,1,18,18103,1,1,1,6,,47,
2.023E+11,22,11,2023,21:20,5,59,59599,2,1,1,6,CALAIS (RUE DE),50,
2.023E+11,13,8,2023,17:25,1,65,65286,2,1,1,6,CHATEAU FORT,43,
2.023E+11,9,7,2023,18:35,1,58,58003,1,1,1,3,Pierre-Ecrite,47,
2.023E+11,28,12,2023,23:13,5,75,75108,2,2,1,3,AVENUE DE MARIGNY,48,
2.023E+11,20,3,2023,13:35,1,93,93046,2,1,1,2,Avenue du Maréchal Leclerc,48,
2.023E+11,3,6,2023,03:40,3,17,17016,1,1,1,1,D700,45,
2.023E+11,22,11,2023,18:00,2,59,59279,2,1,1,1,LOISEL (CHEMIN DE),50,
2.023E+11,26,5,2023,13:34,1,74,74010,2,3,1,2,ALERY (GRANDE RUE D'),45,
2.023E+11,9,7,2023,16:10,1,66,66024,1,1,1,1,,42,
2.023E+11,29,12,2023,17:35,5,75,75101,2,1,1,3,RUE CAMBON,48,
2.023E+11,20,3,2023,13:00,1,93,93066,2,1,1,6,Rue André Campra,48,
2.023E+11,22,11,2023,14:00,1,59,59512,2,1,1,6,EPEULE (RUE DE L'),50,
2.023E+11,5,6,2023,09:05,1,69,69033,2,3,1,6,Montée de la Vigourette,45,
2.023E+11,9,7,2023,13:30,1,72,72376,1,1,1,1,Lieu dit La Vetière axe D33,47,
2.023E+11,25,5,2023,00:51,3,74,74010,1,1,1,1,OUEST (BOULEVARD),45,
2.023E+11,20,3,2023,10:15,1,93,93048,2,1,1,3,Rue de Rosny,48,
2.023E+11,29,12,2023,00:20,5,94,94068,2,1,1,2,Rue du Chemin Vert,48,
2.023E+11,22,11,2023,07:50,1,59,59328,2,9,1,6,HIPPODROME AV DE L N°237 AU389,50,
2.023E+11,15,1,2023,17:50,5,60,60107,2,6,1,7,Rue du Grand Air,49,
2.023E+11,9,7,2023,05:20,2,72,72300,1,1,1,2,Route de Saint Etienne du Narais,48,
2.023E+11,20,3,2023,13:00,1,93,93007,2,1,1,6,212 Avenue du 8 Mai 1945,48,
2.023E+11,5,6,2023,14:00,1,21,21054,1,1,1,2,autoroute A31 PK 000+100 (sens Sud/Nord),47,
2.023E+11,29,12,2023,20:25,5,94,94041,2,1,2,6,Avenue Pierre Sémard,48,
2.023E+11,10,7,2023,13:50,1,14,14431,2,1,1,6,1 Rue Henri Dunant,49,
2.023E+11,19,11,2023,10:35,1,59,59017,2,9,2,6,DE MUN  (RUE ALBERT ),50,
2.023E+11,27,5,2023,12:45,1,50,50603,1,9,1,3,Rue du Pont,49,
2.023E+11,23,3,2023,21:25,5,92,92075,2,6,1,7,JACQUES JEZEQUEL (AVENUE),48,
2.023E+11,3,6,2023,20:45,1,21,21606,1,1,1,6,A31 aire de serrigny vers Beaune,47,
2.023E+11,22,11,2023,14:25,1,57,57463,2,1,1,1,ANDRE MAGINOT (BOULEVARD),49,
2.023E+11,19,4,2023,20:20,1,73,73008,2,9,1,2,FORESTIER GENERAUX BOULEVARD,45,
2.023E+11,28,12,2023,20:10,5,94,94028,2,1,1,3,Avenue du Maréchal Foch,48,
2.023E+11,20,3,2023,18:20,1,92,92063,2,1,1,2,CREVEL DUVAL (RUE),48,
2.023E+11,9,7,2023,19:10,1,50,50389,1,2,1,3,Route de l?Abbaye,49,
2.023E+11,4,6,2023,00:10,3,11,11262,1,1,1,6,Autoroute A9,,
2.023E+11,4,4,2023,17:15,1,73,73225,2,1,1,2,D201,45,
2.023E+11,22,11,2023,09:30,1,51,51454,2,1,1,3,INTERMARCHE (BOULEVARD WILSON),49,
2.023E+11,29,12,2023,17:35,5,94,94017,2,1,2,5,Avenue du Général de Gaulle,48,
2.023E+11,20,3,2023,17:50,1,92,92050,2,1,1,6,JOFFRE MARECHAL AVENUE DU,48,
2.023E+11,10,7,2023,09:37,1,60,60667,1,2,1,1,,49,
2.023E+11,18,11,2023,00:59,4,47,47323,2,6,8,7,ROL TANGUY,44,
2.023E+11,4,4,2023,15:26,1,73,73084,1,2,1,3,D1006,45,
2.023E+11,4,6,2023,18:00,1,83,83097,1,1,2,3,autoroute A8 PK44+300 direction AIX-EN-PROVENCE,43,
2.023E+11,20,3,2023,16:30,1,92,92044,2,2,1,6,ALSACE (RUE) N°1 A 17 ET 2 A 18,48,
2.023E+11,29,12,2023,13:50,1,93,93070,2,5,1,3,Avenue Gabriel Péri /  Rue Louis Blanc,48,
2.023E+11,21,11,2023,17:41,2,41,41018,2,1,2,2,MOULIN (RUE JEAN),47,
2.023E+11,10,7,2023,11:50,1,64,64321,2,2,1,3,Chemin de Passabet,43,
2.023E+11,15,8,2023,07:45,1,976,97611,2,3,1,3,doujani-Mosquée de doujani ( rue de la ),-12,
2.023E+11,3,6,2023,13:50,1,83,83089,1,1,1,2,AUTOROUTE A8 51+000,43,
2.023E+11,20,3,2023,19:10,5,92,92036,2,1,1,3,avenue d'Argenteuil,48,
2.023E+11,29,12,2023,20:10,5,93,93014,2,2,2,3,Chemin des Postes / Avenue de Sévigné,48,
2.023E+11,8,7,2023,12:30,1,43,43020,1,1,1,1,Route de Lamure,45,
2.023E+11,11,8,2023,19:32,3,972,97209,2,1,1,6,PAUL NARDAL  (PLACE),14,
2.023E+11,22,11,2023,18:00,5,38,38185,2,9,1,3,BERRIAT (COURS)            100-93 A 148-,45,
2.023E+11,20,3,2023,20:20,5,92,92024,2,1,1,5,MARTRE (RUE) DE (59 A 109)   (58 A 120),48,
2.023E+11,29,12,2023,12:15,1,93,93005,2,9,1,3,Rue Calmette et Guerin,48,
2.023E+11,3,6,2023,12:15,1,69,69115,1,1,1,2,Autoroute 6 ,45,
2.023E+11,22,11,2023,15:50,1,37,37261,2,2,1,3,EUROPE (AVENUE DE L'),47,
2.023E+11,9,7,2023,06:25,2,10,10332,2,1,1,6,Rue des Charmottes,48,
2.023E+11,15,8,2023,12:45,1,2B,2B033,2,2,1,3,TOUTES RUES,42,
2.023E+11,29,12,2023,13:36,1,93,93001,2,1,1,7,Avenue Victor Hugo,48,
2.023E+11,5,6,2023,08:15,2,60,60482,2,1,1,6,D118,49,
2.023E+11,22,11,2023,12:15,1,37,37261,2,1,1,6,PALISSY (RUE BERNARD),47,
2.023E+11,20,3,2023,16:40,1,92,92024,2,2,1,3,GENERAL LECLERC (BD DU) (9 A 59)   (4 A,48,
2.023E+11,15,8,2023,02:35,3,971,97113,1,1,1,1,RN4 - SECTION RIVIERA,16,
2.023E+11,9,7,2023,17:35,1,53,53188,2,1,1,1,44 Rue de l'Aubinière,47,
2.023E+11,29,12,2023,18:20,5,92,92046,2,3,8,3,GABRIEL PERI,48,
2.023E+11,20,3,2023,05:10,5,92,92023,2,1,1,6,GENERAL DE GAULLE (AVENUE DU),48,
2.023E+11,9,7,2023,15:50,1,53,53267,1,1,1,7,La couture,48,
2.023E+11,22,11,2023,19:15,3,35,35334,1,1,1,2,RN136,48,
2.023E+11,14,8,2023,16:25,1,971,97101,1,1,1,1,Aeroport Pole Caraibe,16,
2.023E+11,3,6,2023,12:45,1,987,98724,1,1,1,1,District de Fare - Marina de Fare,-16,
2.023E+11,29,12,2023,10:27,1,92,92073,2,1,1,3,SELLIER (BOULEVARD HENRI),48,
2.023E+11,20,3,2023,20:40,5,92,92012,2,1,2,7,REPUBLIQUE (BOULEVARD DE LA) 79/FIN - 76,48,
2.023E+11,20,11,2023,11:50,1,34,34301,2,1,1,6,BOSC (QUAI DE),43,
2.023E+11,15,8,2023,21:40,5,95,95197,2,9,1,3,D928,48,
2.023E+11,29,12,2023,12:55,1,92,92051,2,1,1,3,ROULE (AVENUE DU,,
2.023E+11,26,5,2023,19:58,5,987,98733,2,1,1,1,PK19,-17,
2.023E+11,9,7,2023,08:45,1,40,40175,1,1,1,5,D 30,43,
2.023E+11,16,8,2023,01:00,3,95,95476,1,1,1,6,D915,49,
2.023E+11,20,3,2023,13:40,1,92,92012,2,2,1,1,EDOUARD VAILLANT (AVENUE) 57/FIN - 58/FI,48,
2.023E+11,22,11,2023,18:05,5,34,34172,2,1,1,2,MOULARES (CHEMIN DE,43,
2.023E+11,9,7,2023,15:15,1,24,24484,1,1,1,7,Route de Fayard,45,
2.023E+11,29,12,2023,15:15,1,92,92044,2,3,8,3,ED.VAILLANT(RUE) 47A73 ET 50A78,48,
2.023E+11,7,7,2023,16:00,1,28,28203,1,1,1,6,d920,48,
2.023E+11,22,11,2023,17:30,1,33,33318,2,1,1,3,11bis Avenue Pierre Wiehn,44,
2.023E+11,26,5,2023,13:20,1,987,98733,2,1,1,6,PK 23.500,-17,
2.023E+11,14,8,2023,17:15,1,91,91421,1,1,2,7,NATIONALE 6 (GLACIERE),48,
2.023E+11,14,3,2023,23:37,5,92,92004,2,3,1,6,AULAGNIER ( QUAI ),48,
2.023E+11,28,12,2023,12:57,1,92,92025,2,1,8,3,ESTIENNE D'ORVES (RUE),48,
2.023E+11,15,8,2023,14:15,1,83,83061,2,1,1,7,AVENUE GÉNÉRAL NORBERT RIERA,43,
2.023E+11,19,3,2023,19:45,3,83,83049,2,1,1,6,D97,43,
2.023E+11,9,7,2023,12:20,1,30,30307,1,3,1,3,N106,44,
2.023E+11,6,5,2023,08:40,1,987,98733,2,1,1,3,Grottes de Maraa,-17,
2.023E+11,22,11,2023,08:20,1,33,33529,2,1,1,4,CAZAUX (BD DE) DU 02 ET +,44,
2.023E+11,29,12,2023,14:15,1,92,92023,2,1,1,3,GENERAL DE GAULLE (AVENUE DU) N°2 A 132,48,
2.023E+11,14,8,2023,21:25,5,77,77501,1,1,1,6,RTE DE MORET,48,
2.023E+11,8,7,2023,15:45,1,88,88454,1,1,1,7,Route de Vaudéville,48,
2.023E+11,21,11,2023,15:50,1,31,31555,2,1,1,6,BD DE MARENGO,43,
2.023E+11,26,12,2023,11:30,1,86,86190,1,1,1,7,Lieu Dit la Baudiere,46,
2.023E+11,5,6,2023,08:54,1,971,97108,2,1,1,7,Lieu Dit Girard,15,
2.023E+11,20,3,2023,18:40,1,62,62647,2,1,2,1,D123,50,
2.023E+11,15,8,2023,06:45,1,74,74298,2,6,1,3,COLLINE (ROUTE DE LA ),46,
2.023E+11,9,7,2023,21:15,2,39,39159,1,1,1,2,N/A,46,
2.023E+11,29,12,2023,04:10,3,2A,2A348,1,1,1,6,RD 70,42,
2.023E+11,21,3,2023,15:15,1,62,62196,2,1,9,6,D139,50,
2.023E+11,21,11,2023,13:35,1,29,29019,2,2,1,6,rue Edouard Corbière,48,
2.023E+11,30,12,2023,17:40,3,28,28022,1,1,2,7,Route Departementale 939,48,
2.023E+11,15,8,2023,16:00,1,64,64335,1,1,1,2,D817,43,
2.023E+11,9,7,2023,19:00,2,69,69385,2,1,1,1,60 Avenue Général Eisenhower,45,
2.023E+11,21,3,2023,17:50,1,40,40167,1,1,1,7,D315 PK 19 +275,44,
2.023E+11,3,6,2023,19:30,3,972,97224,2,1,1,1,route de jambette beauséjour,14,
2.023E+11,22,11,2023,19:00,5,28,28332,2,4,1,1,KENNEDY (AVENUE DU PRESIDENT),48,
2.023E+11,29,12,2023,14:45,1,86,86170,2,2,1,3,Route Nationale N°147,46,
2.023E+11,15,8,2023,08:45,1,64,64445,2,2,8,3,DIDIER DAURAT,43,
2.023E+11,22,11,2023,18:00,2,28,28134,2,1,1,6,VIEUX PRE (RUE DU),48,
2.023E+11,21,5,2023,08:58,1,6,6004,1,1,1,4,A8,,
2.023E+11,20,3,2023,18:20,1,35,35193,1,3,1,2,N/A,48,
2.023E+11,15,8,2023,09:16,1,64,64445,2,1,1,2,BOSQUET,43,
2.023E+11,22,11,2023,09:45,2,28,28134,2,1,1,6,BOIS SABOT (RUE DU),48,
2.023E+11,20,3,2023,21:15,3,89,89239,2,4,1,6,rue de l'industrie,48,
2.023E+11,9,7,2023,17:45,1,90,90080,1,1,1,2,A36,47,
2.023E+11,5,6,2023,08:01,1,33,33199,2,2,1,3,Cours de Verdun,44,
2.023E+11,14,12,2023,17:10,2,22,22225,1,1,1,4,N12 PR82+0500,48,
2.023E+11,21,3,2023,00:55,3,62,62129,1,1,1,7,D7,50,
2.023E+11,9,7,2023,21:50,2,27,27518,1,1,1,6,A 131,49,
2.023E+11,15,8,2023,23:15,5,64,64125,2,3,1,3,CUMBA (AVENUE),43,
2.023E+11,21,11,2023,17:35,5,27,27229,2,1,2,5,GAMBETTA (BOULEVARD),49,
2.023E+11,4,6,2023,17:25,1,77,77322,1,1,1,3,D26e,49,
2.023E+11,20,3,2023,17:50,1,56,56123,1,1,1,1,Ville Es Braies,47,
2.023E+11,9,7,2023,00:45,3,84,84087,1,1,1,2,A9,44,
2.023E+11,10,8,2023,07:35,1,62,62193,2,2,7,1,Boulevard Léon Gambetta,50,
2.023E+11,20,3,2023,19:15,3,79,79063,1,1,1,7,N/A,47,
2.023E+11,4,6,2023,09:00,1,77,77264,1,1,1,7,D201,48,