Num_Acc,jour,mois,an,hrmn,lum,dep,com,agg,int,atm,col,adr,lat,long
2.023E+11,10,7,2023,04:30,3,13,13001,1,1,1,2,A8,43,
2.023E+11,15,8,2023,18:50,1,62,62160,2,3,7,3,D236,50,
2.023E+11,21,11,2023,17:35,3,22,22187,2,7,8,6,CHANOINE GUINARD (QUAI DU),48,
2.023E+11,20,3,2023,21:00,5,11,11397,2,1,1,1,D3,43,
2.023E+11,4,6,2023,16:10,1,77,77480,1,1,1,1,D107,48,
2.023E+11,15,8,2023,08:00,1,62,62035,2,1,1,6,Rue Frederic Joliot Curie,50,
2.023E+11,30,12,2023,10:05,1,71,71052,1,1,1,4,autroute A6,46,
2.023E+11,9,7,2023,17:40,1,13,13112,1,1,1,2,A7 - PK 252.000 - SENS SUD NORD,43,
2.023E+11,21,3,2023,14:50,1,34,34284,2,1,8,3,84 Grand'Rue,43,
2.023E+11,30,12,2023,19:20,5,30,30334,2,1,1,6,Avenue des Cévennes,44,
2.023E+11,27,5,2023,13:50,1,2B,2B313,2,1,1,1,Moriani Plage,42,
2.023E+11,14,8,2023,11:50,1,61,61169,2,2,1,3,VC,48,
2.023E+11,21,3,2023,07:55,2,29,29212,1,2,1,3,route de Guilers,48,
2.023E+11,22,11,2023,15:30,1,13,13117,2,3,1,1,SALYENS ( AVENUE DES ),43,
2.023E+11,9,7,2023,23:55,3,33,33229,1,6,1,6,D106,44,
2.023E+11,4,6,2023,23:30,5,2B,2B042,1,1,1,6,Route des Marines de Borgo,42,
2.023E+11,29,12,2023,09:00,1,30,30331,1,1,1,3,Route départementale 6086,44,
2.023E+11,10,8,2023,13:45,1,61,61466,2,1,1,1,C11,48,
2.023E+11,4,7,2023,19:27,1,78,78009,1,1,2,6,A10,48,
2.023E+11,29,12,2023,23:38,5,37,37153,1,1,1,6,A10,47,
2.023E+11,5,6,2023,12:40,5,2A,2A247,2,1,1,6,rue maréchal leclerc,41,
2.023E+11,6,8,2023,18:38,1,59,59392,2,1,1,7,DIX-NEUF MARS 1962 (AVENUE DU),50,
2.023E+11,22,11,2023,15:00,1,13,13210,2,2,1,3,ELIE WIESEL (BD),43,
2.023E+11,21,3,2023,16:20,1,38,38434,1,3,1,3,D73,45,
2.023E+11,3,6,2023,13:45,1,48,48135,1,1,1,6,Chemin Départemental 906,44,
2.023E+11,8,7,2023,16:00,1,987,98733,2,1,1,1,PK 29.00,,
2.023E+11,22,11,2023,12:50,1,13,13210,2,1,1,2,ELIE WIESEL (BD),43,
2.023E+11,30,12,2023,13:50,1,89,89076,1,1,1,3,RD 129,,
2.023E+11,21,3,2023,15:00,1,50,50639,2,1,1,6,Rue du Général de Gaulle,48,
2.023E+11,15,8,2023,21:45,5,38,38185,2,1,1,3,AVENUE PAUL VERLAINE,45,
2.023E+11,21,11,2023,16:04,1,13,13205,2,2,1,3,EUGENE PIERRE (BOULEVARD),43,
2.023E+11,3,6,2023,17:45,1,34,34143,1,3,1,6,Allee Raimond Roger Trencavel,43,
2.023E+11,9,7,2023,17:50,1,2A,2A288,1,1,1,1,CD 859,41,
2.023E+11,30,12,2023,13:39,1,61,61479,1,1,1,1,D2,48,
2.023E+11,20,3,2023,22:40,3,18,18126,1,1,1,1,N/A,46,
2.023E+11,10,7,2023,09:23,1,66,66011,2,1,7,6,85 Avenue Jean Jaurès,42,
2.023E+11,30,12,2023,07:45,2,55,55462,1,1,1,7,D331,48,
2.023E+11,20,11,2023,17:00,1,13,13206,2,3,1,3,BRETEUIL (RUE),43,
2.023E+11,14,8,2023,23:30,5,34,34172,2,3,1,1,EUCALYPTUS (RUE DES),43,
2.023E+11,3,6,2023,18:40,1,34,34213,1,3,1,1,RD2E5,43,
2.023E+11,20,3,2023,14:15,1,10,10295,1,1,1,1,D671,48,
2.023E+11,23,11,2023,01:35,5,11,11069,2,1,1,7,3 Place du Général de Gaulle,43,
2.023E+11,15,8,2023,12:40,1,34,34003,2,1,1,2,Avenue de la Butte,43,
2.023E+11,29,12,2023,17:20,5,12,12026,2,1,1,4,Avenue Claude Salles,44,
2.023E+11,9,7,2023,13:00,1,34,34143,1,1,1,5,RD 613,43,
2.023E+11,4,6,2023,15:40,1,34,34327,2,3,1,1,8 Chemin des 4 Coins,43,
2.023E+11,21,3,2023,12:30,1,53,53121,2,1,1,1,route des rabelais,48,
2.023E+11,12,12,2023,09:00,1,34,34332,2,3,1,3,Boulevard de la Liberte,43,
2.023E+11,9,7,2023,17:50,1,83,83035,1,3,7,1,5471Route des Hauts du Camp,43,
2.023E+11,15,8,2023,19:45,1,33,33529,1,1,1,4,RD 1250 (OUSTALET - BONNEVAL),44,
2.023E+11,21,11,2023,19:30,5,10,10387,2,4,2,3,GAMBETTA (RUE),48,
2.023E+11,30,12,2023,16:35,1,68,68216,2,1,1,7,29 Rue Principale,47,
2.023E+11,4,6,2023,17:45,1,13,13015,2,1,3,1,D6b,43,
2.023E+11,14,8,2023,16:55,1,17,17415,2,9,1,7,FENETRE RUE DE LA,45,
2.023E+11,9,7,2023,21:10,2,83,83042,2,6,1,1,D558,43,
2.023E+11,20,3,2023,20:15,3,27,27019,1,2,1,3,pk 37 N12,48,
2.023E+11,21,11,2023,17:45,5,10,10387,2,3,1,3,ST DOMINIQUE (MAIL),48,
2.023E+11,14,12,2023,17:00,3,70,70405,1,1,2,1,N57,47,
2.023E+11,3,6,2023,22:00,5,13,13041,2,9,1,6,rue Franklin,43,
2.023E+11,15,8,2023,23:52,5,17,17306,2,2,1,3,CLEMENCEAU  GEORGES (BD),45,
2.023E+11,9,7,2023,11:30,1,4,4039,1,1,1,1,RD 952,43,
2.023E+11,21,3,2023,01:50,3,87,87028,1,1,1,6,D4,46,
2.023E+11,29,12,2023,16:53,1,14,14406,1,1,1,6,D93,49,
2.023E+11,21,11,2023,16:53,2,10,10387,2,1,8,2,FAUBOURG CRONCELS (RUE DU),48,
2.023E+11,15,8,2023,22:30,3,14,14715,1,1,1,6,47 Route de Honfleur,49,
2.023E+11,8,7,2023,07:42,1,13,13007,2,1,1,2,D560,43,
2.023E+11,3,6,2023,21:20,2,70,70081,1,1,1,1,D143,47,
2.023E+11,29,12,2023,11:30,1,64,64294,1,1,1,7,lieu-dit le chäteau,43,
2.023E+11,20,3,2023,14:30,1,30,30018,1,1,1,1,N/A,43,
2.023E+11,21,11,2023,13:17,1,10,10387,2,3,1,1,MARGUERITE BOURGEOYS (RUE),48,
2.023E+11,15,8,2023,00:55,5,13,13213,2,3,1,3,BARA (BOULEVARD),43,
2.023E+11,5,6,2023,00:55,3,89,89067,2,1,1,6,Rue du Moulin d'En Haut,47,
2.023E+11,29,12,2023,19:00,3,4,4121,1,1,1,6,D907,44,
2.023E+11,9,7,2023,11:15,1,13,13022,1,1,1,1,CD559,43,
2.023E+11,16,3,2023,14:15,1,67,67324,2,1,7,6,Rue Clemenceau,48,
2.023E+11,22,11,2023,14:50,1,6,6088,2,1,1,6,KLEIN (PL. YVES),43,
2.023E+11,29,5,2023,18:27,1,67,67160,1,1,7,6,D28,48,
2.023E+11,8,7,2023,17:00,1,71,71193,1,1,1,6,D67,46,
2.023E+11,7,10,2023,02:00,3,35,35275,1,1,1,1,la Croix Denieul,48,
2.023E+11,15,8,2023,15:20,1,13,13209,2,1,1,3,COL DE LA GINESTE D559,43,
2.023E+11,5,6,2023,09:30,1,55,55178,1,1,1,6,D6,48,
2.023E+11,22,11,2023,09:27,1,6,6088,2,3,1,3,ANGLAIS (DU N° 114 AU N° 263),43,
2.023E+11,7,7,2023,17:10,1,21,21352,2,1,1,6,N/A,47,
2.023E+11,30,12,2023,03:10,3,6,6085,2,1,1,7,333 Boulevard Georges Courteline,43,
2.023E+11,29,12,2023,22:00,3,987,98715,1,1,1,7,Sortie RDO PUURAI dans le sens faaa - papeete,-17,
2.023E+11,8,7,2023,11:55,1,68,68199,2,1,1,6,12 Allee de la Filature,47,
2.023E+11,20,11,2023,08:00,1,6,6027,2,6,1,6,ALPES AVENUE DES,43,
2.023E+11,14,8,2023,09:57,1,13,13202,2,1,1,1,REPUBLIQUE (RUE DE LA),43,
2.023E+11,2,6,2023,10:55,1,54,54176,1,3,7,3,D914,48,
2.023E+11,21,3,2023,14:25,1,33,33042,1,1,1,2,A63 - PK043.500,44,
2.023E+11,30,12,2023,03:05,5,38,38382,1,1,8,6,a.48 pk 090.500 direction lyon,45,
2.023E+11,22,11,2023,14:30,1,4,4070,2,1,7,6,SOUSTRE (BD),44,
2.023E+11,27,7,2023,11:11,1,11,11262,2,6,1,2,N/A,43,
2.023E+11,29,6,2023,13:30,1,67,67046,1,2,1,1,Rue de Rohrwiller,48,
2.023E+11,15,8,2023,08:00,1,3,3321,1,1,2,6,RD 779,46,
2.023E+11,17,11,2023,16:20,2,3,3023,1,1,1,1,Avenue Fernand Auberger,46,
2.023E+11,4,6,2023,12:00,1,54,54111,1,1,1,2,chemin du charbonnier,48,
2.023E+11,6,7,2023,18:20,1,88,88078,2,4,1,3,20bis Avenue de Lattre de Tassigny,48,
2.023E+11,15,8,2023,03:20,5,75,75120,2,4,1,6,BOULEVARD PERIPHERIQUE EXTERIEUR,48,
2.023E+11,29,12,2023,20:11,3,83,83097,1,1,1,4,autoroute A8 point routier 46+700 sens Est-Ouest,43,
2.023E+11,20,3,2023,13:50,1,69,69024,1,1,1,5,L'Azergues,45,
2.023E+11,22,11,2023,08:22,1,75,75119,2,7,1,3,AVENUE DE LA PORTE CHAUMONT,48,
2.023E+11,4,6,2023,00:40,3,42,42065,1,1,3,6,Route de Rozier en Donzy,45,
2.023E+11,7,7,2023,09:40,1,38,38474,2,2,1,3,Rue des Grands Champs,45,
2.023E+11,29,12,2023,22:05,3,38,38053,1,1,1,2,A43,45,
2.023E+11,21,3,2023,07:25,1,13,13118,1,1,7,2,A8 sens nord sud PK 005+000,43,
2.023E+11,7,7,2023,17:50,1,1,1276,1,1,1,1,Rue du pont de jons,45,
2.023E+11,15,8,2023,15:00,1,75,75105,2,3,1,1,QUAI SAINT MICHEL,48,
2.023E+11,22,11,2023,16:00,1,75,75116,2,3,1,3,AVENUE VICTOR HUGO,48,
2.023E+11,30,12,2023,11:15,1,973,97305,1,1,1,3,Route Nationale 1,4,
2.023E+11,9,7,2023,05:40,2,81,81099,1,1,1,7,12 Chemin de la Mousse,43,
2.023E+11,15,8,2023,15:00,1,75,75118,2,1,1,3,BOULEVARD ORNANO,48,
2.023E+11,10,7,2023,13:40,1,65,65006,1,1,1,7,D113 PK 19+500,42,
2.023E+11,12,3,2023,11:56,1,988,98821,2,3,1,3,RT1/Entrée parking du magasin Korail,-22,
2.023E+11,22,11,2023,09:40,1,75,75116,2,3,1,3,BOULEVARD SUCHET,48,
2.023E+11,9,7,2023,11:50,1,29,29057,1,1,1,7,ZA la Grande Halte,47,
2.023E+11,15,8,2023,20:10,2,75,75108,2,3,1,3,BOULEVARD HAUSSMANN,48,
2.023E+11,29,12,2023,16:40,1,44,44020,2,1,2,7,8 Rue Eugène Pottier,47,
2.023E+11,15,3,2023,16:30,1,6,6147,2,1,1,1,645 Boulevard Léon Sauvan,43,
2.023E+11,22,11,2023,11:15,1,75,75113,2,1,1,6,RUE DU CHATEAU DES RENTIERS,48,
2.023E+11,15,8,2023,12:00,1,93,93046,2,2,1,3,Boulevard Roger Salengro / Rue de Simiane,48,
2.023E+11,21,3,2023,08:00,1,57,57482,1,1,8,5,D603,49,
2.023E+11,10,7,2023,08:00,1,60,60313,2,3,1,3,D12,49,
2.023E+11,22,11,2023,12:08,1,75,75110,2,3,1,6,QUAI DE JEMMAPES,48,
2.023E+11,15,8,2023,15:30,1,93,93001,2,2,1,3,Avenue Victor Hugo / Rue des Gardinoux,48,
2.023E+11,30,12,2023,03:15,3,77,77153,1,1,2,5,N2,49,
2.023E+11,21,11,2023,23:20,4,75,75117,2,9,1,2,AVENUE DE LA GRANDE ARMEE,48,
2.023E+11,7,7,2023,17:00,1,59,59416,2,2,1,3,Avenue des Flandres,50,
2.023E+11,15,8,2023,18:30,1,92,92033,2,2,1,3,GEORGES CLEMENCEAU,48,
2.023E+11,18,3,2023,13:00,1,38,38562,1,1,1,4,N85,45,
2.023E+11,22,11,2023,18:30,5,75,75107,2,1,9,7,PORT DE LA BOURDONNAIS,48,
2.023E+11,12,8,2023,21:30,5,13,13028,1,1,1,3,A50-Sens Aubagne vers Toulon,43,
2.023E+11,8,7,2023,19:00,1,13,13215,1,9,1,2,A7-Sens Lyon vers Marseille,43,
2.023E+11,30,12,2023,05:40,3,4,4106,1,3,1,3,D4096,43,
2.023E+11,22,11,2023,14:30,1,75,75107,2,2,1,7,AVENUE DE LA MOTTE PICQUET,48,
2.023E+11,9,3,2023,11:30,1,69,69238,2,1,1,6,Rue Andre Loste,45,
2.023E+11,15,8,2023,19:40,1,83,83144,1,1,1,2,A57,43,
2.023E+11,22,11,2023,13:25,1,75,75107,2,1,1,6,AVENUE DE LA MOTTE PICQUET,48,
2.023E+11,8,7,2023,04:50,2,13,13023,1,1,1,2,A50,43,
2.023E+11,11,12,2023,07:40,2,67,67046,2,3,1,6,Rue des Violettes,48,
2.023E+11,22,11,2023,23:15,5,75,75102,2,3,1,6,RUE MONTMARTRE,48,
2.023E+11,30,12,2023,02:20,3,7,7247,2,9,1,6,920 Route de la Gare,44,
2.023E+11,10,8,2023,15:15,1,69,69142,1,1,1,3,Route de Métropole 7,45,
2.023E+11,18,3,2023,18:40,2,69,69250,2,1,1,3,41 Avenue de la Poterie,45,
2.023E+11,8,7,2023,18:00,1,83,83137,1,1,1,4,A57,43,
2.023E+11,29,12,2023,19:15,3,85,85302,1,1,2,3,la maucarière,46,
2.023E+11,14,8,2023,22:30,3,91,91136,1,1,2,6,AUTOROUTE A10,48,
2.023E+11,20,11,2023,21:34,5,75,75103,2,3,2,6,BOULEVARD BEAUMARCHAIS,48,
2.023E+11,9,7,2023,00:20,3,69,69266,1,1,1,6,Boulevard Périphérique Nord,45,
2.023E+11,19,3,2023,11:00,1,17,17219,2,2,1,3,Avenue de Lattre de Tassigny,45,
2.023E+11,14,8,2023,04:45,3,95,95424,1,1,1,6,A15,48,
2.023E+11,8,7,2023,10:55,1,69,69276,1,1,1,6,Autoroute 7 ,45,
2.023E+11,29,12,2023,01:10,5,59,59400,1,1,6,7,168 Rue Barra,50,
2.023E+11,22,11,2023,17:15,5,94,94041,2,1,1,3,Avenue de l’Industrie,48,
2.023E+11,15,8,2023,13:15,1,77,77438,1,1,1,6,A104,48,
2.023E+11,8,7,2023,08:50,1,67,67482,1,1,1,4,M35,48,
2.023E+11,22,12,2023,17:40,3,59,59603,1,1,1,2,AUTOROUTE A2,50,
2.023E+11,22,11,2023,21:15,5,94,94016,2,9,1,1,Avenue Cousin de Méricourt,48,
2.023E+11,14,8,2023,21:48,3,94,94073,1,1,1,2,A86,48,
2.023E+11,9,7,2023,13:00,1,91,91689,1,1,1,2,A6,48,
2.023E+11,19,3,2023,01:00,3,85,85003,1,1,1,4,RD948,46,
2.023E+11,22,11,2023,14:10,1,94,94038,2,1,1,6,Avenue du Général de Gaulle,48,
2.023E+11,14,8,2023,05:05,5,94,94004,1,1,1,6,N19,48,
2.023E+11,29,12,2023,17:45,3,91,91136,1,1,2,4,AUTOROUTE A10,48,
2.023E+11,22,11,2023,10:20,1,94,94077,2,1,1,6,Avenue Paul Painlevé,48,
2.023E+11,8,7,2023,13:30,1,94,94034,1,1,1,5,A86,48,
2.023E+11,21,3,2023,17:50,1,49,49301,2,6,1,3,Rue du Carrefour Rouge (St André-de-la-Marche),47,
2.023E+11,29,12,2023,15:05,1,91,91570,1,1,1,2,RN 104,48,
2.023E+11,15,6,2023,19:20,1,94,94017,2,1,1,6,Voie Sonia Delaunay,48,
2.023E+11,29,12,2023,18:00,3,78,78217,1,1,2,7,A13,48,
2.023E+11,20,3,2023,17:00,1,35,35240,2,6,1,6,Rue Jean Châtel,48,
2.023E+11,22,11,2023,07:15,3,94,94022,2,2,1,6,Voie de l'Epinette,48,
2.023E+11,9,7,2023,15:05,1,93,93006,1,1,1,3,AUTOROUTE A3,48,
2.023E+11,14,6,2023,22:49,5,92,92049,2,3,1,7,GUESDE RUE JULES AUTRES N°,48,
2.023E+11,22,11,2023,00:30,5,94,94071,2,1,1,6,Boulevard Louis Boon,48,
2.023E+11,29,12,2023,04:00,5,92,92026,1,1,1,2,RN192,48,
2.023E+11,8,7,2023,04:40,3,75,75112,1,1,1,2,A4,48,
2.023E+11,15,6,2023,16:30,1,91,91689,1,1,1,3,AUTOROUTE A6B,48,
2.023E+11,20,3,2023,09:15,1,33,33143,1,1,1,4,AUTOROUTE A 10,44,
2.023E+11,22,11,2023,08:35,1,93,93066,2,2,1,6,Avenue Marcel Cachin / Avenue Romain Rolland,48,
2.023E+11,28,12,2023,21:40,3,92,92036,1,1,1,5,AUTOROUTE A86,48,
2.023E+11,15,6,2023,05:15,2,91,91312,1,1,1,2,RD 444,48,
2.023E+11,7,7,2023,17:00,1,77,77373,1,1,1,2,RN104,48,
2.023E+11,22,11,2023,08:50,1,93,93079,2,9,8,6,Route de Saint-leu,48,
2.023E+11,29,12,2023,18:30,3,77,77373,1,1,1,3,RN104,48,
2.023E+11,27,4,2023,17:20,1,43,43046,2,1,1,6,12 Rue de l'Aubette,45,
2.023E+11,22,11,2023,08:35,1,92,92064,1,1,1,3,MARCEL DASSAULT,48,
2.023E+11,20,3,2023,19:40,3,91,91161,1,1,1,5,AUTOROUTE A6,48,
2.023E+11,14,8,2023,18:30,5,974,97411,2,2,8,3,GIMART (AVENUE STANISLAS),-20,
2.023E+11,28,4,2023,14:30,1,62,62160,2,1,1,6,Rue Nationale,50,
2.023E+11,28,12,2023,21:25,3,77,77337,1,1,1,2,RN104,48,
2.023E+11,22,11,2023,15:05,1,92,92051,2,3,1,6,GENERAL LECLERC (BOULEVARD DU,,
2.023E+11,11,8,2023,17:50,1,974,97409,1,1,1,2,PATELIN (chemin),-20,
2.023E+11,20,3,2023,14:55,1,94,94003,1,1,1,4,A6B,48,
2.023E+11,8,9,2023,19:30,1,47,47086,1,1,1,1,Taminage,44,
2.023E+11,16,4,2023,19:40,1,62,62667,2,1,1,3,Boulevard d'Arras,50,
2.023E+11,22,11,2023,21:30,5,92,92050,2,3,1,3,SARTROUVILLE RUE DE,48,
2.023E+11,14,8,2023,07:15,1,973,97302,2,6,1,3,SUZINI (CARREFOUR),4,
2.023E+11,20,3,2023,12:20,1,94,94038,1,1,1,4,A6A,48,
2.023E+11,28,12,2023,13:55,1,988,98818,2,2,1,3,ROUTE DU PORT DESPOINTES/RUE DE METZ,-22,
2.023E+11,8,7,2023,01:25,5,75,75107,2,2,1,3,AVENUE DE BRETEUIL,48,
2.023E+11,5,8,2023,14:23,1,973,97302,2,1,1,7,MADELEINE (ROUTE DE LA),4,
2.023E+11,22,11,2023,14:30,1,92,92050,2,3,1,4,CLEMENCEAU GEORGES AVENUE N° PAIR,48,
2.023E+11,14,8,2023,09:28,1,972,97213,1,1,1,6,ROUTE DEPARTEMENTALE 3,14,
2.023E+11,28,12,2023,07:15,1,976,97611,2,1,1,6,tsoundzou-Maternelle ( rue de la ),-12,
2.023E+11,20,3,2023,07:35,1,95,95252,1,1,1,3,A15,48,
2.023E+11,8,7,2023,09:00,1,976,97611,2,6,1,2,mgombani-Mahabou (rond point),-12,
2.023E+11,22,11,2023,09:50,1,92,92020,2,1,1,7,PARIS AVENUE DE N° IMPAIRS,48,
2.023E+11,14,8,2023,12:15,1,69,69149,2,3,1,3,Grande Rue,45,
2.023E+11,27,12,2023,16:40,1,974,97416,1,1,1,3,BOIS NOIRS(ALLEE DES),-21,
2.023E+11,20,3,2023,06:45,2,77,77337,1,1,1,6,A4,48,
2.023E+11,22,11,2023,11:15,1,92,92044,2,1,1,6,BAUDIN (RUE) 27A83 ET 36 A84,48,
2.023E+11,19,9,2023,00:05,5,75,75116,2,3,1,3,AVENUE PAUL DOUMER,48,
2.023E+11,8,7,2023,14:15,1,974,97416,1,1,1,4,RN02,-21,
2.023E+11,28,12,2023,17:45,5,69,69383,2,9,1,6,Rue de Bonnel,45,
2.023E+11,13,8,2023,23:45,5,971,97113,1,1,1,6,BAS DU FORT,16,
2.023E+11,21,11,2023,21:10,5,92,92044,2,1,1,6,CAMILLE PELLETAN(RUE)17 + ET 14+,48,
2.023E+11,18,3,2023,21:45,3,77,77122,1,1,1,6,RN104,48,
2.023E+11,8,7,2023,22:20,5,974,97411,2,3,1,3,PLESSIS (RUE DU),-20,
2.023E+11,22,11,2023,09:11,1,92,92026,2,1,1,6,ALMA,48,
2.023E+11,13,8,2023,20:30,4,971,97113,2,1,1,3,SECTION MARE-GAILLARD,16,
2.023E+11,19,9,2023,21:50,3,75,75112,2,2,1,3,COURS DE VINCENNES,48,
2.023E+11,22,11,2023,19:30,5,92,92025,2,9,1,3,EDGARD QUINET (BD),48,
2.023E+11,14,8,2023,10:40,1,95,95268,2,3,1,6,D84,48,
2.023E+11,28,12,2023,08:35,1,69,69387,2,4,1,3,Avenue Félix Faure,45,
2.023E+11,7,7,2023,18:10,3,974,97411,2,2,1,3,BOYER DE LA GIRODAY (RUE),-20,
2.023E+11,19,3,2023,17:00,1,988,98818,2,9,1,3,RUE JACQUES IEKAWE,-22,
2.023E+11,19,9,2023,18:30,1,75,75110,2,2,1,6,BOULEVARD DE STRASBOURG,48,
2.023E+11,7,7,2023,16:50,1,974,97409,2,1,1,6,Grand Canal ( chemin),-20,
2.023E+11,23,11,2023,17:40,2,35,35136,1,2,2,3,Les Landes de Bellevue,47,
2.023E+11,10,8,2023,21:03,1,91,91228,2,1,1,3,AV DU LAC,48,
2.023E+11,28,12,2023,12:20,1,972,97209,2,3,1,3,BALATA (ROUTE DE),14,
2.023E+11,22,11,2023,17:15,2,39,39427,1,1,1,6,N/A,46,
2.023E+11,19,9,2023,07:50,2,75,75109,2,2,1,6,RUE DE CHATEAUDUN,48,
2.023E+11,19,3,2023,11:30,1,974,97416,1,2,1,3,D'EQUERRE (LIGNE),-21,
2.023E+11,8,7,2023,14:30,1,973,97302,2,2,1,3,BADUEL (ROUTE DE),4,
2.023E+11,9,8,2023,15:30,1,91,91228,2,2,1,3,BD MAL DE LATTRE DE TASSIGNY,48,
2.023E+11,17,11,2023,07:58,2,83,83072,2,6,7,6,Rond-Point 19 Mars 1962 (Arrêt de bus),43,
2.023E+11,28,12,2023,08:35,1,972,97209,2,1,1,1,VICTOR SEVERE (RUE),14,
2.023E+11,19,9,2023,11:45,1,75,75108,2,2,1,7,PLACE DE LA CONCORDE,48,
2.023E+11,19,3,2023,08:50,1,974,97416,1,1,1,1,BADAMIER(CHEMIN),-21,
2.023E+11,8,7,2023,09:20,1,69,69383,2,2,1,3,Rue Docteur Rebatel,45,
2.023E+11,13,8,2023,20:35,2,83,83137,1,1,1,3,FAVIERES (CHEMIN DES),43,
2.023E+11,23,11,2023,11:30,1,84,84088,1,3,1,3,D938,44,
2.023E+11,28,12,2023,16:40,1,69,69081,2,3,1,6,Rue Benoit Tabard,45,
2.023E+11,18,3,2023,09:40,1,974,97416,2,1,1,6,AUGUSTIN ARCHAMBAUD(RUE),-21,
2.023E+11,19,9,2023,08:05,1,75,75107,2,3,1,6,RUE SAINT DOMINIQUE,48,
2.023E+11,8,7,2023,03:48,5,69,69383,2,2,2,3,Rue de Bonnel,45,
2.023E+11,27,10,2023,17:40,1,43,43040,2,1,7,6,Rue Emile Barbet,45,
2.023E+11,10,8,2023,16:50,1,83,83118,2,1,1,6,BOULEVARD DE LA PLAGE,43,
2.023E+11,8,7,2023,13:50,1,972,97213,1,1,1,2,AUTOROUTE A1,14,
2.023E+11,28,12,2023,13:35,1,2B,2B304,2,9,1,3,TOUTES RUES,42,
2.023E+11,19,9,2023,20:00,5,75,75102,2,3,1,7,BOULEVARD DE BONNE NOUVELLE,48,
2.023E+11,19,3,2023,05:55,1,974,97411,2,6,1,3,JAURES (BOULEVARD JEAN),-20,
2.023E+11,20,11,2023,07:00,3,68,68253,1,1,1,6,Route de Service EDf,47,
2.023E+11,10,8,2023,16:15,1,77,77186,2,1,1,3,ROND POINT OBELISQUE,48,
2.023E+11,8,7,2023,23:00,5,69,69382,2,1,1,6,13 Quai Jean Moulin,45,
2.023E+11,19,3,2023,07:05,1,973,97302,2,1,1,7,REPUBLIQUE (BD DE LA),4,
2.023E+11,23,11,2023,08:30,1,35,35066,1,1,8,3,N/A,48,
2.023E+11,19,9,2023,17:55,1,94,94081,2,1,1,5,PONT DU PORT A L'ANGLAIS,48,
2.023E+11,25,12,2023,03:40,5,971,97101,2,2,1,6,RN5-BOISRIPEAUX,16,
2.023E+11,13,8,2023,23:50,5,76,76351,2,2,1,7,WINSTON CHURCHILL,49,
2.023E+11,8,7,2023,10:30,1,69,69382,2,3,1,6,Rue Childebert,45,
2.023E+11,27,12,2023,17:50,5,95,95306,2,1,1,6,D392,48,
2.023E+11,19,3,2023,20:00,5,972,97213,1,1,1,5,AUTOROUTE A1,14,
2.023E+11,6,7,2023,11:30,1,971,97107,2,3,1,7,MARQUISAT ( ROUTE DE ),16,
2.023E+11,18,9,2023,22:00,5,94,94081,2,1,1,3,D155,48,
2.023E+11,23,11,2023,11:30,1,25,25246,1,1,1,6,autoroute A36 PK 084+745 vers MULHOUSE,47,
2.023E+11,8,7,2023,07:30,1,95,95428,2,1,1,6,D124,49,
2.023E+11,24,12,2023,20:20,3,91,91425,1,1,1,6,RTE D ORLEANS RN 20,48,
2.023E+11,18,3,2023,08:50,1,972,97213,1,1,1,2,EMMANUEL COURANT (RUE),14,
2.023E+11,19,9,2023,07:25,1,94,94080,2,3,1,3,Rue de Fontenay,48,
2.023E+11,8,7,2023,09:10,1,83,83137,2,1,1,6,BARTOLINI (RUE JEAN),43,
2.023E+11,19,3,2023,21:40,5,76,76366,2,3,1,6,Rue du Général de Gaulle,49,
2.023E+11,14,8,2023,20:40,2,74,74012,2,1,1,3,TOURNELLES (RUE DES),46,
2.023E+11,28,12,2023,15:20,1,91,91027,2,2,1,3,RUE GEORGES FOURNIER,48,
2.023E+11,8,7,2023,00:53,3,81,81021,2,1,2,6,THORE,43,
2.023E+11,19,9,2023,18:10,1,94,94044,2,1,1,6,Avenue Descartes,48,
2.023E+11,8,7,2023,08:50,1,78,78642,2,1,7,6,MALRAUX BD ANDRE,48,
2.023E+11,14,8,2023,22:40,5,69,69275,2,1,1,2,Rocade Est,45,
2.023E+11,19,3,2023,03:10,5,69,69256,2,2,1,3,Avenue Pablo Picasso,45,
2.023E+11,19,9,2023,17:58,1,94,94043,2,1,1,6,Rue de la Convention,48,
2.023E+11,26,12,2023,20:15,5,87,87085,2,9,1,3,GARIBALDI (AVENUE),45,
2.023E+11,14,8,2023,20:40,1,69,69266,2,1,1,2,Boulevard Stalingrad,45,
2.023E+11,19,3,2023,16:50,1,69,69199,2,3,3,3,Boulevard Yves Farge,45,
2.023E+11,19,9,2023,12:50,1,94,94041,2,2,1,3,LENINE (R),48,
2.023E+11,8,7,2023,20:30,1,77,77039,2,1,1,1,D39,48,
2.023E+11,14,8,2023,14:12,1,69,69290,2,1,1,3,Rue de la Cordière,45,
2.023E+11,11,8,2023,19:30,2,94,94028,2,1,2,6,AVENUE BERNARD HALPERN,48,
2.023E+11,8,7,2023,20:00,1,76,76498,2,6,1,2,Rue Pablo Neruda,49,
2.023E+11,18,3,2023,20:00,3,59,59009,1,1,1,4,BREUCQ BOULEVARD DU,50,
2.023E+11,18,9,2023,15:35,1,94,94079,2,9,1,6,Chemin des Prunais,48,
2.023E+11,14,8,2023,13:05,1,67,67218,2,3,1,1,BURKEL (ROUTE),48,