Num_Acc,jour,mois,an,hrmn,lum,dep,com,agg,int,atm,col,adr,lat,long
2.023E+11,20,10,2023,16:50,1,47,47001,2,3,2,6,BARBUSSE (AV. HENRI),44,
2.023E+11,4,2,2023,20:45,5,94,94017,1,1,1,4,A4,48,
2.023E+11,19,10,2023,14:50,1,45,45147,2,1,1,6,RUE LOUIS LABONNE,47,
2.023E+11,4,2,2023,18:40,3,94,94028,1,1,2,4,N406,48,
2.023E+11,10,10,2023,10:40,1,42,42187,2,6,1,3,Boulevard Baron du Marais,46,
2.023E+11,5,2,2023,06:00,3,73,73011,1,1,1,6,N90,45,
2.023E+11,5,2,2023,22:15,3,974,97411,1,9,1,7,DORO (CHEMIN),-20,
2.023E+11,5,2,2023,16:30,1,974,97411,2,1,1,3,DIGUE (ROUTE),-20,
2.023E+11,19,10,2023,12:00,1,37,37261,2,6,1,7,MAGINOT (AV. ANDRE),47,
2.023E+11,5,2,2023,14:45,1,974,97411,2,1,1,3,NOTRE DAME DE LA TRINITE (BOULEVARD),-20,
2.023E+11,19,10,2023,08:45,1,37,37261,2,1,1,6,ALOUETTE (AVENUE),47,
2.023E+11,19,10,2023,07:50,1,37,37261,2,1,2,2,PORTILLON (QUAI DE),47,
2.023E+11,5,2,2023,10:30,1,974,97411,2,1,1,6,DORET 1 (BOULEVARD),-20,
2.023E+11,4,2,2023,23:20,3,973,97309,1,1,3,1,TIGRE (ROUTE DU),4,
2.023E+11,19,10,2023,13:00,1,35,35238,2,6,3,7,FOUGERES (RUE DE),48,
2.023E+11,5,2,2023,15:30,1,972,97209,2,1,1,1,CHATEAUBOEUF (ROUTE DE),14,
2.023E+11,4,2,2023,13:20,1,972,97209,2,1,1,6,ABBE LAVIGNE (AVENUE),14,
2.023E+11,19,10,2023,10:35,1,35,35051,1,1,2,6,LONGCHAMPS (PORTE DES),48,
2.023E+11,25,1,2023,08:45,1,69,69149,2,1,1,7,34 Rue Narcisse Bertholey,45,
2.023E+11,4,2,2023,18:10,2,69,69389,2,1,1,3,10bis Rue Saint Simon,45,
2.023E+11,19,10,2023,07:45,2,35,35238,2,6,8,2,PAYS-BAS (AVENUE DES),48,
2.023E+11,5,2,2023,04:51,4,90,90010,2,1,2,7,FRANCE BOULEVARD ANATOLE ),47,
2.023E+11,18,10,2023,20:15,5,35,35238,2,9,2,6,VERN (DE),48,
2.023E+11,5,2,2023,04:20,5,76,76484,1,6,1,6,D18 E,49,
2.023E+11,18,10,2023,08:15,2,34,34108,1,1,1,5,RD 612,43,
2.023E+11,5,2,2023,02:15,5,76,76540,2,2,1,3,Avenue de Bretagne,49,
2.023E+11,5,2,2023,12:30,1,69,69259,2,1,1,2,16 Allée Picard,45,
2.023E+11,5,2,2023,08:37,1,59,59367,2,1,8,7,CATINAT (RUE),50,
2.023E+11,19,10,2023,19:35,5,33,33063,2,2,2,3,Rue Lucien Faure,44,
2.023E+11,5,2,2023,14:30,1,59,59009,2,2,1,3,FUSILLES RUE DES DU N° 2-110,50,
2.023E+11,19,10,2023,17:35,2,33,33063,2,3,1,3,Boulevard du Président Wilson,44,
2.023E+11,5,2,2023,13:05,1,51,51230,2,1,1,3,Rue Gallice,49,
2.023E+11,10,10,2023,14:45,1,29,29254,1,1,1,6,RN12,48,
2.023E+11,3,2,2023,18:20,2,50,50129,2,9,1,3,SALENGRO (RUE ROGER),49,
2.023E+11,5,2,2023,02:15,3,45,45169,2,4,1,3,10 Rue Pierre et Marie Curie,47,
2.023E+11,19,10,2023,12:03,1,29,29019,2,2,1,3,avenue Victor Le Gorgeu,48,
2.023E+11,5,2,2023,03:50,3,37,37195,1,1,1,1,PERIPHERIQUE OUEST,47,
2.023E+11,19,10,2023,07:25,3,29,29019,2,3,2,3,avenue de l'Ecole Navale,48,
2.023E+11,4,2,2023,16:40,1,34,34172,2,3,1,3,527 Avenue Saint Clément,43,
2.023E+11,4,2,2023,16:45,1,31,31483,2,1,1,6,14bis Av du Pdt Francois Mitterrand,43,
2.023E+11,18,10,2023,16:35,1,28,28070,1,1,3,3,D823,48,
2.023E+11,19,10,2023,18:10,1,27,27701,1,9,2,6,RD6015,49,
2.023E+11,4,2,2023,20:50,5,25,25462,1,1,2,1,ROCADE G.POMPIDOU ( DE 0 A 6),46,
2.023E+11,19,10,2023,08:15,1,27,27701,2,1,3,6,VILLAGE (CHAUSSEE DU),49,
2.023E+11,2,2,2023,23:30,3,22,22187,2,1,1,6,VIEUX MOULIN (RUE DU),48,
2.023E+11,19,10,2023,05:40,5,26,26362,2,1,2,3,Avenue de la Libération,44,
2.023E+11,3,2,2023,19:45,5,13,13202,2,2,1,3,ANTHOINE (RUE D'),43,
2.023E+11,19,10,2023,13:15,1,25,25056,2,1,2,2,OUEST BOULEVARD,47,
2.023E+11,5,2,2023,15:50,1,13,13213,2,1,1,5,SAINT JUST (AVENUE DE),43,
2.023E+11,19,10,2023,10:40,1,25,25056,2,1,2,3,CHAR  RUE RENE,47,
2.023E+11,5,2,2023,13:30,1,13,13212,2,1,1,6,POILUS (AVENUE DES),43,
2.023E+11,18,10,2023,14:03,1,19,19272,2,1,2,7,Chammard (Quai),45,
2.023E+11,5,2,2023,11:50,1,13,13208,2,6,1,3,ALAIN SAVARY (ROND-POINT),43,
2.023E+11,5,2,2023,14:30,1,7,7019,2,1,1,6,LAZUEL ( ROUTE DE ),44,
2.023E+11,5,2,2023,19:00,5,6,6069,2,4,2,6,ROTHSCHILD (BOULEVARD ALICE DE),43,
2.023E+11,20,10,2023,00:35,5,13,13205,2,9,2,6,JEAN MOULIN (BOULEVARD),43,
2.023E+11,5,2,2023,05:25,5,1,1053,2,1,1,1,LECLERC (BVD  MARECHAL COTE PAIR),46,
2.023E+11,3,2,2023,22:20,5,91,91687,2,1,1,3,GENERAL DE GAULLE (AVENUE DU),48,
2.023E+11,3,2,2023,09:45,1,13,13028,2,1,1,6,QUINET (RUE EDGARD),43,
2.023E+11,19,10,2023,23:30,5,13,13205,2,9,3,1,VERDUN (RUE DE),43,
2.023E+11,4,2,2023,16:15,1,988,98818,2,2,1,3,RUE JULES FERRY/AVENUE JAMES COOK,-22,
2.023E+11,4,2,2023,13:00,1,976,97611,2,9,3,6,convalescence/vetivers-Seize Villas ( ru,-12,
2.023E+11,19,10,2023,11:30,1,13,13209,2,1,1,1,RAYMOND TEISSERE (RUE),43,
2.023E+11,4,2,2023,07:20,1,973,97309,2,3,1,3,TIGRE (ROUTE DU),4,
2.023E+11,18,10,2023,20:00,5,10,10343,2,1,2,7,DIJON (RUE DE),48,
2.023E+11,4,2,2023,12:30,1,972,97209,2,3,1,3,CHATEAUBOEUF (ROUTE DE),14,
2.023E+11,17,10,2023,17:40,1,9,9122,2,1,1,6,ESPAGNE (ROUTE D'),42,
2.023E+11,3,2,2023,16:50,1,2A,2A004,2,1,1,2,ROUTE DU STILETTO,41,
2.023E+11,19,10,2023,17:20,1,6,6069,1,1,2,3,Route de PLASCASSIER,43,
2.023E+11,4,2,2023,18:15,2,81,81004,2,1,1,3,TEYSSIER (AV DU COLONEL),43,
2.023E+11,16,10,2023,10:05,1,6,6069,2,1,1,4,PAGNOL (BOULEVARD MARCEL),43,
2.023E+11,3,2,2023,16:20,1,74,74133,2,3,1,3,CHATELET (RUE DU),46,
2.023E+11,4,2,2023,20:15,5,71,71306,2,2,1,1,CLUNY (RUE DE),46,
2.023E+11,19,10,2023,11:50,1,4,4070,1,1,1,1,MARCOUX ( rte de ),44,
2.023E+11,3,2,2023,17:55,2,71,71486,2,3,1,3,8 MAI 1945 (RUE),46,
2.023E+11,19,10,2023,17:47,5,75,75120,2,1,2,3,BD PERIPHERIQUE INTERIEUR,48,
2.023E+11,30,1,2023,14:00,1,69,69266,2,6,8,6,92 Cours André Philip,45,
2.023E+11,3,2,2023,18:16,5,68,68166,2,1,1,6,Rue d'Illzach,47,
2.023E+11,19,10,2023,14:05,1,75,75112,2,1,1,5,BD PERIPHERIQUE EXTERIEUR,48,
2.023E+11,4,2,2023,18:40,1,65,65440,2,2,1,2,Rue Saint-jean,43,
2.023E+11,19,10,2023,07:50,5,75,75120,2,1,2,2,PORTE DE BAGNOLET,48,
2.023E+11,3,2,2023,16:39,1,65,65286,2,6,1,6,Boulevard de la Grotte,43,
2.023E+11,4,2,2023,12:30,1,64,64445,2,9,1,6,20 rue monseigneur Campo,43,
2.023E+11,4,2,2023,21:30,5,62,62826,2,2,1,3,Boulevard Daloz,50,
2.023E+11,18,10,2023,07:45,2,75,75120,2,1,2,3,PORTE DE VINCENNES,48,
2.023E+11,4,2,2023,19:25,5,59,59599,2,2,1,7,GAND (RUE DE),50,
2.023E+11,4,2,2023,05:15,3,59,59271,1,1,8,6,RD 601,51,
2.023E+11,19,10,2023,15:05,1,75,75117,2,1,1,5,BD PERIPHERIQUE INTERIEUR ,48,
2.023E+11,4,2,2023,22:10,5,51,51454,2,2,1,3,rue Chanzy,49,
2.023E+11,17,10,2023,09:00,1,75,75116,2,3,1,3,RUE DE BOULAINVILLIERS,48,
2.023E+11,30,1,2023,16:40,1,38,38179,1,9,1,7,RUE DU MOIRON,45,
2.023E+11,4,2,2023,19:15,5,33,33063,2,1,1,2,Boulevard Alienor d'Aquitaine,44,
2.023E+11,19,10,2023,10:30,1,75,75119,2,3,1,6,RUE MANIN,48,
2.023E+11,4,2,2023,18:00,5,33,33063,2,1,1,2,Cours Aristide Briand,44,
2.023E+11,3,2,2023,15:05,1,33,33522,2,1,1,2,Cours de la Libération,44,
2.023E+11,19,10,2023,21:17,5,75,75118,2,3,2,6,RUE CAULAINCOURT,48,
2.023E+11,4,2,2023,03:39,5,33,33529,2,6,1,6,LECLERC (AVE DU GAL) DU 02 ET +,44,
2.023E+11,4,2,2023,15:35,1,31,31557,2,9,1,7,BELBEZE (RUE DE),43,
2.023E+11,3,2,2023,16:20,1,31,31555,2,1,1,6,ALL HENRI SELLIER,43,
2.023E+11,18,10,2023,16:40,1,75,75117,2,1,2,4,BOULEVARD DE DOUAUMONT,48,
2.023E+11,3,2,2023,20:25,3,29,29019,2,1,1,2,rue de la Porte,48,
2.023E+11,3,2,2023,09:15,1,29,29019,2,3,1,3,rue Inkermann,48,
2.023E+11,18,10,2023,12:40,1,75,75115,2,2,1,6,RUE SAINT CHARLES,48,
2.023E+11,19,10,2023,11:10,1,75,75111,2,3,1,3,AVENUE PARMENTIER,48,
2.023E+11,4,2,2023,09:52,1,22,22187,1,1,1,7,RN12,48,
2.023E+11,19,10,2023,14:30,1,75,75110,2,3,1,2,RUE ROBERT BLACHE,48,
2.023E+11,31,1,2023,16:50,1,16,16089,2,1,1,6,ANGOULEME (AVENUE D'),45,
2.023E+11,19,10,2023,15:30,1,75,75108,2,3,1,6,AVENUE BERTIE ALBRECHT,48,
2.023E+11,19,10,2023,11:00,1,75,75108,2,3,8,3,PLACE DE LA CONCORDE,48,
2.023E+11,18,10,2023,23:00,5,75,75108,2,1,2,7,AVENUE MONTAIGNE,48,
2.023E+11,19,10,2023,15:00,1,75,75101,2,3,1,7,RUE DE RIVOLI,48,
2.023E+11,19,10,2023,13:40,1,75,75101,2,3,1,6,RUE DES LAVANDIERES SAINTE OPPORTUNE,48,
2.023E+11,18,10,2023,13:50,1,75,75103,2,2,2,3,RUE DE TURBIGO,48,
2.023E+11,19,10,2023,20:10,5,94,94078,2,1,3,3,Avenue du 8 Mai 1945,48,
2.023E+11,18,10,2023,21:20,5,94,94068,2,3,2,3,Boulevard de Champigny,48,
2.023E+11,19,10,2023,20:00,5,94,94046,2,9,2,3,Avenue du Général Leclerc,48,
2.023E+11,19,10,2023,14:40,1,94,94043,2,9,1,1,Rue Gabriel Péri,48,
2.023E+11,17,10,2023,18:00,1,94,94016,2,1,1,2,Avenue Louis Georgeon,48,
2.023E+11,17,10,2023,10:40,1,94,94033,2,6,1,3,Pl. de l'Amitié entre les Peuples,48,
2.023E+11,18,10,2023,22:15,3,94,94028,1,7,2,3,Place des Jonquilles,48,
2.023E+11,19,10,2023,19:52,5,94,94079,2,1,2,6,Rue de Noisy,48,
2.023E+11,19,10,2023,03:45,5,94,94069,2,1,2,7,A4,48,
2.023E+11,18,10,2023,13:05,1,93,93032,2,1,2,6,Chemin de Montguichet,48,
2.023E+11,19,10,2023,20:15,5,93,93031,2,3,2,1,Boulevard Foch / Rue de l'Yser,48,
2.023E+11,19,10,2023,07:51,3,93,93031,2,2,3,6,Avenue du 18 Juin 1940 /Avenue Salvador Allende,48,
2.023E+11,19,10,2023,20:15,5,93,93001,2,2,2,3,Rue Nicolas Rayer / Rue du Port,48,
2.023E+11,18,10,2023,17:00,1,92,92078,2,1,2,2,HENRI BARBUSSE (RUE) (PAIRS),48,
2.023E+11,18,10,2023,21:50,5,92,92078,2,9,2,4,MOULIN CAGE (QUAI),48,
2.023E+11,19,10,2023,11:40,1,92,92076,2,6,1,3,ROBERT CHEVALIER,48,
2.023E+11,19,10,2023,08:05,2,92,92063,2,2,2,6,DIX-HUIT JUIN 1940 (AVENUE DU) EST,48,
2.023E+11,19,10,2023,18:00,1,92,92051,2,3,1,2,GENERAL KOENIG (BOULEVARD DU),48,
2.023E+11,17,10,2023,11:39,1,92,92050,2,1,1,3,COMMUNE DE PARIS AVENUE DE LA,48,
2.023E+11,19,10,2023,06:55,5,92,92040,2,1,1,3,GAMBETTA (BOULEVARD),48,
2.023E+11,28,4,2023,16:10,1,75,75107,2,3,1,6,QUAI D ORSAY,48,
2.023E+11,27,4,2023,20:18,5,75,75104,2,3,2,1,RUE SAINT ANTOINE,48,
2.023E+11,28,4,2023,05:15,5,94,94081,2,3,3,3,Boulevard de Stalingrad / Rue Germain Tailleferre,48,
2.023E+11,28,4,2023,15:00,1,94,94068,2,3,1,2,Boulevard de la Marne,48,
2.023E+11,28,4,2023,03:35,5,94,94003,2,1,3,2,Avenue de la Convention,48,
2.023E+11,28,4,2023,15:50,1,94,94021,2,1,1,2,78 Avenue de Stalingrad,48,
2.023E+11,28,4,2023,09:00,1,94,94034,2,9,2,3,Carrefour de la Déportation,48,
2.023E+11,27,4,2023,22:45,5,94,94073,2,1,2,5,116 Avenue de Versailles,48,
2.023E+11,28,4,2023,12:15,1,94,94017,2,2,1,1,Rue de Dunkerque / Avenue Marx Dormoy,48,
2.023E+11,27,4,2023,12:35,1,94,94017,2,1,1,3,Avenue du Général de Gaulle,48,
2.023E+11,28,4,2023,15:15,1,93,93078,2,9,1,3,Route de Tremblay,48,
2.023E+11,28,4,2023,18:13,1,93,93031,2,3,1,3,Rue des Carrières / Rue de Rennes,48,
2.023E+11,28,4,2023,09:25,1,93,93066,2,1,2,7,Avenue Lénine,48,
2.023E+11,27,4,2023,01:00,5,93,93005,2,2,1,1,Boulevard Lefèvre / Rue Ordener,48,
2.023E+11,28,4,2023,16:30,1,92,92075,2,6,1,6,VICTOR HUGO (AVENUE),48,
2.023E+11,28,4,2023,14:30,1,92,92063,2,1,1,3,MONTBRISON (RUE DU LIEUTENANT COLONEL DE,48,
2.023E+11,28,4,2023,09:00,1,92,92050,2,1,8,3,PONS NOEL RUE,48,
2.023E+11,28,4,2023,08:20,1,92,92040,2,9,2,6,HOCHE,48,
2.023E+11,27,4,2023,18:15,1,92,92036,2,3,2,6,GENERAL DE GAULLE (AVENUE) (PAIRS),48,
2.023E+11,28,4,2023,20:13,1,92,92025,2,2,1,2,FELIX FAURE (RUE),48,
2.023E+11,27,4,2023,00:35,3,92,92025,2,1,1,4,KLEBER (AV),48,
2.023E+11,28,4,2023,12:26,1,92,92012,2,2,2,3,MARECHAL DE LATTRE DE TASSIGNY (AVENUE),48,
2.023E+11,28,4,2023,19:45,1,92,92007,2,3,1,3,EGALITE (RUE DE L') N° IMPAIRS,48,
2.023E+11,27,4,2023,18:00,1,92,92004,2,2,1,5,PONT DE CLICHY,48,
2.023E+11,30,4,2023,12:25,1,39,39097,1,1,1,1,N/A,46,
2.023E+11,30,4,2023,03:10,3,50,50237,2,3,1,6,133 Rue de la Liberation,48,
2.023E+11,30,4,2023,20:35,3,51,51141,1,1,1,7,N44,48,
2.023E+11,29,4,2023,22:50,3,83,83023,1,1,1,3,AUTOROUTE A 8,43,
2.023E+11,28,4,2023,19:00,5,974,97422,2,1,1,2,114 Chemin Neuf,-21,
2.023E+11,29,4,2023,12:55,1,51,51217,2,1,1,7,Le Gault,49,
2.023E+11,30,4,2023,01:00,3,30,30331,1,1,1,6,RD6086,44,
2.023E+11,29,4,2023,15:00,1,66,66028,2,1,1,1,N/A,42,
2.023E+11,30,4,2023,05:30,2,51,51009,1,1,1,7,D5,48,
2.023E+11,30,4,2023,01:25,5,51,51117,2,1,1,7,Rue de Jâlons,48,
2.023E+11,28,4,2023,16:45,1,19,19013,1,1,1,3,ROUTE DU LAC,45,
2.023E+11,30,4,2023,07:15,2,56,56177,1,4,1,6,Kerleano,47,
2.023E+11,29,4,2023,20:25,1,80,80677,1,1,1,6,D24,49,
2.023E+11,30,4,2023,18:15,1,32,32462,1,1,1,6,Route de Mouchan,43,
2.023E+11,30,4,2023,12:40,1,55,55520,1,1,1,4,D36,48,
2.023E+11,30,4,2023,12:30,1,12,12101,1,4,1,2,départementale 963 - le crucifix,44,
2.023E+11,30,4,2023,18:48,1,12,12094,1,1,1,7,La Montade,44,
2.023E+11,29,4,2023,17:40,1,41,41059,1,1,1,3,route départementale 675,47,
2.023E+11,30,4,2023,08:50,2,44,44211,2,1,2,6,47 Rue du Fan,47,
2.023E+11,30,4,2023,19:30,1,31,31107,1,1,1,1,Route de Lancon,43,
2.023E+11,30,4,2023,11:15,1,3,3045,1,1,8,6,D995,46,
2.023E+11,29,4,2023,16:35,1,70,70490,1,1,1,1,Le Pont Joly,47,
2.023E+11,30,4,2023,02:15,3,50,50452,1,1,1,6,Le Bas Cerisier,48,
2.023E+11,30,4,2023,02:00,3,10,10103,1,1,1,7,D74,48,
2.023E+11,29,4,2023,15:10,1,24,24547,2,3,1,3,Route du Périgord,45,
2.023E+11,30,4,2023,02:40,3,30,30341,1,1,9,6,Route de Franquevaux,43,
2.023E+11,28,4,2023,13:40,1,77,77354,1,1,1,2,PK 023+600 SENS 1,48,
2.023E+11,29,4,2023,13:10,1,1,1077,1,1,2,6,A40,,
2.023E+11,25,4,2023,14:00,1,34,34255,2,1,1,3,60 Avenue du Clapas,43,
2.023E+11,30,4,2023,14:28,1,69,69288,1,1,1,6,Autoroute 432,45,
2.023E+11,28,4,2023,21:20,3,987,98745,1,1,1,6,PK 9 Ouest district de TAPUAMU,-16,
2.023E+11,14,4,2023,01:40,3,34,34146,1,1,1,4,Aire de Nabrigas (Embranchement d'autoroute),43,
2.023E+11,30,4,2023,03:50,3,78,78003,1,1,1,6,A11,48,
2.023E+11,29,4,2023,05:40,2,987,98733,2,1,1,6,PK 21.900 coté montagne,,
2.023E+11,30,4,2023,09:30,1,988,98802,2,3,1,3,RT1 intersection route de Bouraké (RM1),-21,
2.023E+11,29,4,2023,12:15,1,973,97305,1,3,1,2,Route Nationale 1,4,
2.023E+11,29,4,2023,20:15,3,84,84136,1,1,1,7,route de beaumes de venise D 7,44,
2.023E+11,21,4,2023,19:30,1,13,13110,1,1,1,1,D7n,43,
2.023E+11,29,4,2023,21:25,3,21,21183,1,1,1,6,Rue des Meix,47,
2.023E+11,29,4,2023,13:30,1,67,67544,2,3,1,3,Rue de l'Industrie,49,
2.023E+11,29,4,2023,11:20,1,67,67101,1,3,1,3,RD 392,48,
2.023E+11,30,4,2023,14:30,1,63,63203,1,1,1,3,D796,45,
2.023E+11,29,4,2023,10:30,1,38,38087,2,2,1,3,Avenue de Nor-hadjin,45,
2.023E+11,30,4,2023,05:30,2,33,33417,1,1,1,6,Chemin de Cordes,45,
2.023E+11,30,4,2023,06:05,5,29,29087,1,1,2,1,la Croix Neuve,48,
2.023E+11,30,4,2023,11:00,1,27,27448,1,1,1,6,Route de Paris,49,
2.023E+11,28,4,2023,15:00,1,33,33122,1,1,1,4,AUTOROUTE A 63,44,
2.023E+11,27,4,2023,13:03,1,33,33550,1,1,1,3,ROCADE A 630,44,
2.023E+11,28,4,2023,18:15,1,91,91521,1,1,1,4,RN 104,48,
2.023E+11,28,4,2023,15:45,1,91,91689,1,1,1,4,AUTOROUTE A6A,48,
2.023E+11,28,4,2023,15:00,1,78,78545,1,1,1,2,A12 W,48,
2.023E+11,27,4,2023,22:00,3,78,78466,1,1,2,3,A13,48,
2.023E+11,28,4,2023,17:25,1,93,93053,1,1,1,3,AUTOROUTE A3,48,
2.023E+11,28,4,2023,00:10,3,77,77384,1,1,2,2,A5b,48,
2.023E+11,28,4,2023,00:35,3,93,93051,1,1,2,6,A4,48,
2.023E+11,27,4,2023,17:05,1,974,97416,1,4,1,3,LIGNE PARADIS(ROUTE DE LA),-21,
2.023E+11,27,4,2023,07:20,1,974,97416,2,3,1,1,BABET (RUE AUGUSTE),-21,
2.023E+11,27,4,2023,04:50,5,974,97407,2,1,1,7,RUE THEODORE DROUET,-20,
2.023E+11,27,4,2023,18:20,1,69,69388,2,2,1,6,Avenue Jean Mermoz,45,
2.023E+11,26,4,2023,10:25,1,972,97209,1,1,3,6,PASTEUR (AVENUE),14,
2.023E+11,27,4,2023,15:55,1,69,69385,2,1,1,3,92 Rue Joliot Curie,45,
2.023E+11,26,4,2023,09:15,1,2B,2B033,2,6,1,3,TOUTES RUES,42,
2.023E+11,26,4,2023,17:10,1,971,97101,2,1,1,3,DE L'OUEST (AVENUE),16,
2.023E+11,25,4,2023,10:10,2,95,95598,2,6,1,3,D109E,48,
2.023E+11,27,4,2023,18:15,1,91,91103,2,2,2,3,RUE DU PETIT PARIS,48,
2.023E+11,21,4,2023,16:40,1,83,83126,2,6,1,6,RENOIR (AV AUGUSTE),43,
2.023E+11,27,4,2023,20:15,2,83,83069,2,1,1,6,RENAUDEL (AVENUE PIERRE),43,
2.023E+11,27,4,2023,16:50,1,83,83141,1,1,1,3,RD 54,43,
2.023E+11,27,4,2023,10:20,1,82,82121,2,3,2,6,ALBERT (RUE D'),44,
2.023E+11,23,4,2023,23:54,5,80,80021,2,1,1,6,CAMBRESIS (RUE),49,
2.023E+11,15,4,2023,18:24,1,80,80021,2,2,1,3,JULES FERRY (CHAUSSEE),49,
2.023E+11,26,4,2023,14:46,1,78,78146,2,2,8,3,MARECHAL FOCH (AVENUE DU),48,
2.023E+11,14,4,2023,07:35,1,78,78498,2,1,1,6,MALADRERIE AV DE LA,48,
2.023E+11,27,4,2023,14:00,1,77,77083,2,1,1,3,AMPERE (AVENUE),48,
2.023E+11,25,4,2023,23:10,5,76,76351,2,1,1,7,CLAUDE MONET,49,
2.023E+11,27,4,2023,15:40,1,76,76349,1,3,1,3,OUVILLE (ROUTE D'),49,
2.023E+11,25,3,2023,17:15,1,76,76114,2,1,1,6,PASSAS JULES (BOULEVARD),49,
2.023E+11,26,4,2023,19:25,2,71,71040,2,3,1,1,BOIS CLAIR (RUE DU ),46,
2.023E+11,27,4,2023,23:17,5,69,69266,2,1,1,4,Cours Emile Zola,45,
2.023E+11,27,4,2023,15:40,1,69,69266,2,2,1,3,Rue Francis de Pressensé,45,
2.023E+11,27,4,2023,07:45,1,69,69286,2,1,1,4,Route du Mas-Rillier,45,
2.023E+11,27,4,2023,12:30,1,69,69013,1,1,1,2,Avenue de Joux,46,
2.023E+11,27,4,2023,11:50,1,69,69029,2,1,1,2,20 Avenue Jules Mas,45,
2.023E+11,27,4,2023,07:23,1,69,69259,2,2,1,6,Avenue Jules Guesde,45,
2.023E+11,26,4,2023,18:45,2,67,67482,2,1,1,3,VIENNE (ROUTE DE),48,
2.023E+11,26,4,2023,15:30,1,67,67043,2,1,1,3,GENERAL LECLERC (RUE DU),48,
2.023E+11,26,4,2023,17:00,1,67,67462,2,1,1,6,MARECHAL FOCH (BOULEVARD DU),48,
2.023E+11,27,4,2023,21:20,5,64,64445,2,1,1,6,JEAN MERMOZ,43,
2.023E+11,27,4,2023,10:55,1,64,64335,1,2,1,3,SAULT DE NAVAILLES DE,43,
2.023E+11,27,4,2023,20:20,1,64,64024,2,1,1,7,BAYONNE (AVENUE DE),43,
2.023E+11,26,4,2023,14:45,1,64,64102,2,1,1,2,MAI 1945 (AVENUE DU 8),43,
2.023E+11,27,4,2023,09:00,1,63,63113,2,1,1,2,QUINET (BD EDGAR),45,
2.023E+11,26,4,2023,16:56,1,63,63113,2,1,1,6,BLATIN (RUE),45,
2.023E+11,22,4,2023,16:30,1,62,62587,2,1,1,3,D46,50,
2.023E+11,27,4,2023,22:20,5,59,59350,2,3,1,3,N/A,50,
2.023E+11,13,4,2023,16:00,1,59,59328,2,3,1,3,DUNKERQUE AVENUE DE,50,
2.023E+11,26,4,2023,16:20,1,57,57566,2,9,1,7,RUE DE NANCY,48,
2.023E+11,17,4,2023,17:28,1,56,56260,2,1,1,2,Boulevard de la Résistance,47,
2.023E+11,26,4,2023,20:30,2,56,56083,2,6,1,6,ALLENDE ( AV. PRES. SALVADOR ),47,
2.023E+11,26,4,2023,10:30,1,56,56121,2,1,2,1,50 Rue de Kervénanec,47,
2.023E+11,26,4,2023,15:45,1,54,54323,1,1,1,6,RN52,49,
2.023E+11,27,4,2023,10:40,1,51,51454,2,1,1,3,rue Libergier,49,
2.023E+11,28,4,2023,02:25,4,47,47201,2,9,1,6,BENAZIE (RUE DE LA),44,
2.023E+11,26,4,2023,01:20,5,44,44190,2,1,1,4,87 Rue de la Jaunaie,47,
2.023E+11,26,4,2023,13:00,1,43,43041,2,1,1,4,Avenue Charles Dupuy,45,
2.023E+11,27,4,2023,22:53,5,37,37261,2,6,8,3,HEURTELOUP (BOULEVARD),47,
2.023E+11,27,4,2023,19:35,1,35,35278,2,9,1,3,ROUTE DE ST MALO,48,
2.023E+11,27,4,2023,12:30,1,35,35238,2,2,2,3,CARTIER (BD JACQUES),48,
2.023E+11,26,4,2023,08:20,1,33,33281,2,1,2,6,Allée de Pagneau,44,
2.023E+11,24,4,2023,23:20,5,33,33522,2,3,2,1,Cours de la Libération,44,
2.023E+11,27,4,2023,21:00,5,31,31555,2,3,1,3,ALBI (RTE D) DU 1AU 243,43,
2.023E+11,27,4,2023,22:44,2,31,31555,1,1,1,2,ECHANGEUR SESQUIERES (A62-A620),43,
2.023E+11,26,4,2023,12:05,2,31,31555,2,1,2,1,AV DE LATTRE DE TASSIGNY,43,
2.023E+11,27,4,2023,10:25,1,30,30007,2,1,1,1,GAGARINE (AVE YOURI),44,
2.023E+11,27,4,2023,18:10,1,25,25031,2,1,1,1,JAURES (AVENUE JEAN),47,
2.023E+11,27,4,2023,09:00,1,22,22113,2,2,2,3,SAINT ELIVET (RUE DE),48,
2.023E+11,26,4,2023,15:45,1,17,17306,2,6,2,6,D25,45,
2.023E+11,27,4,2023,10:45,1,15,15014,2,1,1,6,BERTHOU (CHEMIN DE),44,
2.023E+11,26,4,2023,18:40,1,14,14118,2,9,1,6,144 Rue de Falaise,49,
2.023E+11,27,4,2023,00:30,5,14,14118,2,2,1,1,64 Rue Saint-Jean,49,
2.023E+11,26,4,2023,19:40,1,14,14118,2,6,1,3,28 Avenue Jean Monnet,49,
2.023E+11,23,4,2023,22:45,3,13,13039,2,1,1,2,ROUTE NATIONALE 569,43,
2.023E+11,27,4,2023,22:15,5,13,13208,2,1,1,1,RABATAU (BOULEVARD),43,
2.023E+11,27,4,2023,23:50,5,13,13211,2,1,1,1,MAZENODE (AVENUE),43,
2.023E+11,27,4,2023,14:50,1,13,13204,2,8,1,6,MARÉCHAL FOCH (AVENUE),43,
2.023E+11,27,4,2023,06:20,2,13,13047,1,1,1,1,R.N 569,43,
2.023E+11,27,4,2023,15:20,1,13,13005,2,1,8,6,BROSSOLETTE (AVENUE PIERRE),43,
2.023E+11,13,4,2023,11:00,1,11,11262,2,3,1,3,26 Avenue Pompidor,43,