Num_Acc,jour,mois,an,hrmn,lum,dep,com,agg,int,atm,col,adr,lat,long
2.023E+11,26,4,2023,12:15,1,11,11069,1,3,1,4,295 Rue Andre Ampere,43,
2.023E+11,27,4,2023,13:00,1,6,6069,2,4,1,1,VICTORIA (AVENUE ET TRAVERSE),43,
2.023E+11,26,4,2023,17:00,1,6,6029,2,1,1,3,JOURDAN (AVENUE MICHEL),43,
2.023E+11,27,4,2023,17:30,1,1,1344,2,3,1,3,TREVOUX (AVENUE DE),46,
2.023E+11,25,4,2023,12:50,1,75,75114,2,1,1,2,PORTE D ORLEANS,48,
2.023E+11,25,4,2023,08:40,1,75,75120,2,1,1,4,PORTE DES LILAS,48,
2.023E+11,26,4,2023,17:46,1,75,75119,2,2,1,5,RUE HENRI RIBIERE,48,
2.023E+11,26,4,2023,22:55,5,75,75120,2,3,1,6,RUE DES PYRENEES,48,
2.023E+11,27,4,2023,16:25,1,75,75119,2,1,2,2,RUE RIQUET,48,
2.023E+11,27,4,2023,12:30,1,75,75119,2,1,1,3,PORTE DE PANTIN,48,
2.023E+11,27,4,2023,20:34,5,75,75118,2,1,2,2,BOULEVARD NEY,48,
2.023E+11,27,4,2023,09:25,1,75,75118,2,2,1,3,RUE DU POTEAU,48,
2.023E+11,26,4,2023,13:35,1,75,75117,2,1,1,7,BOULEVARD BERTHIER,48,
2.023E+11,27,4,2023,09:35,1,75,75110,2,2,1,3,RUE LA FAYETTE,48,
2.023E+11,27,4,2023,05:15,3,75,75109,2,3,1,2,RUE DROUOT,48,
2.023E+11,27,4,2023,09:30,1,75,75107,2,3,1,3,QUAI D ORSAY,48,
2.023E+11,27,4,2023,11:15,1,75,75101,2,3,1,6,BOULEVARD DE SEBASTOPOL,48,
2.023E+11,26,4,2023,20:46,5,75,75104,2,2,1,3,QUAI DES CELESTINS,48,
2.023E+11,26,4,2023,13:57,1,75,75104,2,1,1,6,SOUTERRAIN HENRI IV,48,
2.023E+11,27,4,2023,09:45,1,94,94080,2,1,1,3,Avenue du Général de Gaulle,48,
2.023E+11,27,4,2023,00:10,4,93,93066,2,1,1,2,Rue Paul Eluard,48,
2.023E+11,27,4,2023,08:30,1,93,93053,2,1,1,3,Rue de Brément,48,
2.023E+11,26,4,2023,19:10,1,93,93032,2,2,1,3,Avenue Centrale / Avenue Charles Infroit,48,
2.023E+11,27,4,2023,08:45,1,93,93014,2,8,1,6,Allée Romain Rolland / Allee Francoise Nguyen,48,
2.023E+11,27,4,2023,21:15,5,93,93070,2,2,2,3,Quai de Seine / Rue Albert Dhalenne,48,
2.023E+11,27,4,2023,20:27,2,92,92022,2,2,2,3,PAVE DES GARDES (ROUTE DU),48,
2.023E+11,27,4,2023,20:45,5,92,92072,2,1,2,7,GRANDE RUE,48,
2.023E+11,27,4,2023,12:25,1,92,92064,2,1,1,6,MARECHAL FOCH,48,
2.023E+11,27,4,2023,19:42,2,92,92044,2,1,2,6,MARIE-JEANNE BASSOT (PLACE),48,
2.023E+11,26,4,2023,19:50,1,92,92036,2,2,1,3,SQUARE (RUE DU),48,
2.023E+11,27,4,2023,08:47,1,92,92026,2,9,1,2,PRÉSIDENT PAUL DOUMER (QUAI DU),48,
2.023E+11,26,4,2023,17:00,1,92,92025,2,1,1,6,PAUL LANGEVIN (ALLEE),48,
2.023E+11,27,4,2023,17:00,1,92,92002,2,4,1,3,LEON JOUHAUX (AVENUE),48,
2.023E+11,28,4,2023,16:30,1,24,24202,1,4,1,1,232 Avenue de l'Europe,45,
2.023E+11,19,4,2023,17:54,1,38,38536,1,1,1,7,D37,45,
2.023E+11,28,4,2023,17:45,1,973,97353,2,3,1,3,Rue Simon Sacapou,3,
2.023E+11,29,4,2023,19:30,1,41,41194,2,2,1,3,Avenue Saint Exupery,47,
2.023E+11,28,4,2023,20:10,1,28,28088,2,1,1,7,Carrefour Saint-médard,48,
2.023E+11,28,4,2023,23:30,4,974,97405,1,1,1,3,N1002,-21,
2.023E+11,29,4,2023,02:30,5,972,97223,2,1,1,6,29 Rue Gueydon,14,
2.023E+11,29,4,2023,04:35,3,52,52312,1,1,1,2,A31 PK 110.700 sens Nancy vers Dijon,47,
2.023E+11,16,8,2023,17:50,1,71,71391,2,1,1,3,Rue du Pont,46,
2.023E+11,15,8,2023,20:00,2,63,63003,1,1,1,7,lieu dit cleurette,45,
2.023E+11,15,8,2023,17:40,1,61,61241,1,4,1,1,Intersection D36/D918,48,
2.023E+11,15,8,2023,21:05,2,49,49055,2,4,1,6,2 Rue René Marion,47,
2.023E+11,16,8,2023,08:30,1,46,46297,1,9,2,3,route de Cazals D 673-,44,
2.023E+11,15,8,2023,15:11,1,22,22189,1,1,1,6,le Pont du Trieux,48,
2.023E+11,8,7,2023,15:10,1,62,62224,1,3,1,3,D943,50,
2.023E+11,15,8,2023,16:40,1,39,39404,1,1,1,6,N/A,46,
2.023E+11,13,7,2023,21:00,3,35,35018,1,1,1,6,belle étoile,48,
2.023E+11,8,7,2023,18:00,1,59,59426,2,2,1,3,TOURCOING (RUE DE),50,
2.023E+11,3,7,2023,16:05,1,59,59350,2,1,1,7,MOLINEL RUE N°IMPAIRS,50,
2.023E+11,13,8,2023,18:25,1,35,35211,1,1,1,1,D773,47,
2.023E+11,15,8,2023,21:20,3,15,15003,1,1,1,7,D 680,45,
2.023E+11,8,7,2023,20:55,1,54,54304,2,4,1,3,QUATRE VENTS (AVENUE DES),48,
2.023E+11,14,8,2023,14:15,1,14,14644,1,3,1,3,Route de Norolles,49,
2.023E+11,8,7,2023,16:30,1,54,54395,2,1,1,6,Rue Raymond Poincaré,48,
2.023E+11,16,8,2023,17:00,1,43,43224,1,3,1,1,41 Chemin de Fey,45,
2.023E+11,7,7,2023,11:50,1,51,51454,2,9,1,3,DIEU LUMIERE (BOULEVARD) COTE PAIR,49,
2.023E+11,7,7,2023,20:00,1,49,49328,2,1,2,7,RENAULT (BOULEVARD LOUIS),47,
2.023E+11,2,6,2023,21:20,2,1,1160,2,2,1,3,Chemin du Cache Malet,46,
2.023E+11,8,7,2023,22:50,3,49,49015,2,1,1,7,TERNIERE RUE DE LA,47,
2.023E+11,4,6,2023,06:10,2,69,69204,2,1,1,6,23 Rue des Martyrs,45,
2.023E+11,15,8,2023,23:25,3,40,40206,1,3,1,3,D19,43,
2.023E+11,4,6,2023,18:20,1,69,69049,2,1,1,1,167 Route de Saint-Germain,45,
2.023E+11,8,7,2023,18:46,1,49,49007,2,2,1,2,CHAUMIN BOULEVARD,47,
2.023E+11,3,6,2023,03:00,3,81,81142,1,3,1,6,Chemin d'En Besset,43,
2.023E+11,8,7,2023,03:15,5,47,47001,2,3,1,3,GAMBETTA (COURS),44,
2.023E+11,16,8,2023,15:30,1,87,87012,1,1,1,1,rn 147 pk,46,
2.023E+11,21,11,2023,13:20,1,65,65426,1,2,2,3,D14,43,
2.023E+11,4,6,2023,12:40,1,81,81105,1,1,7,1,la Frégère,43,
2.023E+11,8,7,2023,13:20,1,45,45068,2,1,1,2,3 Avenue du Général Leclerc,48,
2.023E+11,21,11,2023,08:10,1,66,66141,2,1,1,6,Chemin de la Poudriere,42,
2.023E+11,5,6,2023,18:55,1,87,87129,1,1,1,1,vc1,45,
2.023E+11,7,7,2023,18:05,1,44,44184,2,1,1,1,387 Route de la Côte d'Amour,47,
2.023E+11,16,9,2023,14:31,1,57,57235,1,3,1,1,D918,49,
2.023E+11,4,6,2023,11:10,1,79,79184,1,2,7,3,,46,
2.023E+11,3,6,2023,17:35,1,17,17308,1,1,1,7,RD 123,45,
2.023E+11,22,11,2023,19:40,5,76,76655,2,7,1,3,Place de l'Hotel de Ville,49,
2.023E+11,15,8,2023,18:50,2,978,97801,2,3,1,2,RN7,18,
2.023E+11,8,7,2023,04:30,5,44,44109,2,3,1,3,58bis Rue de Coulmiers,47,
2.023E+11,22,11,2023,11:45,1,80,80318,2,1,1,6,Rue Roger Godard,50,
2.023E+11,8,7,2023,18:44,1,43,43002,2,1,1,3,Avenue de Bonneville,45,
2.023E+11,4,6,2023,17:40,1,33,33553,2,1,1,6,Rue de l'Ancienne Commanderie,45,
2.023E+11,23,5,2023,12:40,1,42,42218,2,1,1,6,Rue de Chavassieux,45,
2.023E+11,23,11,2023,18:55,3,63,63227,1,1,1,1,N/A,45,
2.023E+11,16,8,2023,04:45,3,13,13044,1,1,1,1,D19,43,
2.023E+11,4,6,2023,04:20,3,33,33085,1,1,1,6,41 Route de la Lande,44,
2.023E+11,8,7,2023,10:40,1,41,41018,2,2,1,1,BROSSELETTE (AVENUE PIERRE),47,
2.023E+11,23,11,2023,07:00,5,61,61167,2,1,2,6,D12 PR12+940,48,
2.023E+11,26,5,2023,21:25,1,33,33233,1,1,1,7,la Maillerie,45,
2.023E+11,7,7,2023,18:50,1,41,41018,2,9,1,6,GAMBETTA (AVENUE),47,
2.023E+11,8,7,2023,15:10,1,38,38185,2,2,1,3,Allée des Deux Mondes,45,
2.023E+11,23,11,2023,08:00,1,61,61457,1,2,2,3,D12 PR 3+679,48,
2.023E+11,8,7,2023,22:30,5,35,35238,2,3,1,6,PAYS-BAS (AVENUE DES),48,
2.023E+11,16,8,2023,05:30,2,30,30344,1,1,1,5,A9,43,
2.023E+11,4,6,2023,16:15,1,61,61433,1,1,1,3,D2,48,
2.023E+11,23,11,2023,12:10,1,22,22029,1,1,8,3,Canac'h Bernard,48,
2.023E+11,4,6,2023,16:40,1,56,56176,1,1,1,3,lieu dit kerispert,47,
2.023E+11,15,8,2023,15:30,1,971,97116,1,1,1,1,Boulevard Toussaint Louverture,16,
2.023E+11,22,11,2023,17:00,2,22,22251,2,1,7,6,Rue Alexandre Ruellan,48,
2.023E+11,4,6,2023,12:15,1,29,29066,1,1,7,1,D56,48,
2.023E+11,22,11,2023,17:45,2,29,29004,1,1,8,6,coator,47,
2.023E+11,8,7,2023,10:20,1,35,35238,2,1,1,4,RN136,48,
2.023E+11,2,6,2023,14:57,1,22,22259,2,1,7,6,Zone Commerciale Les 4 Routes,48,
2.023E+11,15,8,2023,08:40,1,971,97107,2,3,8,6,RN 1 - Boulevard de Bananier,16,
2.023E+11,22,11,2023,09:15,1,29,29105,2,6,1,3,Moulin aux Prêtres,48,
2.023E+11,8,7,2023,09:45,1,34,34172,2,1,1,3,Passage Soixante Quinze,43,
2.023E+11,3,6,2023,15:30,1,22,22178,1,3,1,1,D2.7,48,
2.023E+11,16,8,2023,10:30,1,2B,2B332,1,1,1,1,T30,42,
2.023E+11,15,4,2023,16:45,1,84,84133,1,1,1,3,Route de Mirabeau,43,
2.023E+11,8,7,2023,14:40,1,33,33039,2,2,1,3,Avenue Lucien Lerousseau,44,
2.023E+11,16,8,2023,08:30,1,2B,2B169,2,1,1,2,T30,42,
2.023E+11,22,11,2023,07:00,2,72,72115,1,1,1,3,zone artisanale epinettes loir,47,
2.023E+11,3,6,2023,18:55,1,22,22210,1,3,7,2,Route de Ploubazlanec,48,
2.023E+11,8,7,2023,11:20,1,29,29039,2,1,1,3,64 Avenue de la Gare,47,
2.023E+11,15,8,2023,17:40,1,2B,2B182,1,1,1,3,RT30 - San Vincensu,42,
2.023E+11,22,11,2023,14:45,1,72,72346,2,1,1,6,13 place du Marché,47,
2.023E+11,8,7,2023,05:25,2,25,25056,2,1,1,6,FRANCK RUE ANNE,47,
2.023E+11,2,6,2023,10:00,1,62,62366,1,1,1,1,Rue du Calvaire,50,
2.023E+11,31,5,2023,02:40,3,62,62867,1,1,1,6,A16,50,
2.023E+11,16,8,2023,19:30,1,34,34033,1,1,1,1,D34,43,
2.023E+11,8,7,2023,10:00,1,13,13117,2,3,1,6,CRAPONNE ( RUE ADAM DE ),43,
2.023E+11,22,11,2023,17:55,2,18,18054,1,1,1,4,N/A,46,
2.023E+11,4,6,2023,07:10,1,59,59563,1,1,1,2,N2,50,
2.023E+11,12,8,2023,16:00,1,83,83071,1,3,1,3,D559 A,43,
2.023E+11,4,6,2023,20:20,2,13,13071,1,1,3,2,A7-Sens Marseille vers Lyon,43,
2.023E+11,8,7,2023,10:50,1,13,13103,1,1,1,2,RTE DE PELISSANNE-RD 572,43,
2.023E+11,22,11,2023,23:10,3,43,43018,1,1,1,6,D589,45,
2.023E+11,4,6,2023,13:38,1,92,92002,1,1,1,2,A10,48,
2.023E+11,8,7,2023,01:20,4,13,13210,2,1,1,3,SAINT JEAN (BOULEVARD),43,
2.023E+11,22,11,2023,09:30,1,21,21416,2,2,1,6,19 Grande Rue,47,
2.023E+11,4,6,2023,06:17,1,91,91645,1,1,1,7,RN 385,48,
2.023E+11,16,8,2023,04:05,3,83,83101,1,1,1,3,Route des Plages Rd93,43,
2.023E+11,8,7,2023,17:27,1,10,10357,2,1,7,1,GENERAL DE GAULLE (RUE DU),48,
2.023E+11,22,11,2023,19:30,3,4,4094,1,1,1,1,D4,43,
2.023E+11,3,7,2023,08:12,1,5,5061,2,1,1,1,PROVENCE (AVENUE DE),44,
2.023E+11,16,8,2023,06:45,1,68,68352,2,1,1,3,Voie Romaine,48,
2.023E+11,22,11,2023,17:45,3,27,27198,1,9,1,2,RD 140,48,
2.023E+11,7,7,2023,15:00,1,4,4112,2,1,1,7,DEPARTEMENTALE 4096,43,
2.023E+11,4,6,2023,12:01,1,78,78455,1,1,1,5,A13,48,
2.023E+11,16,8,2023,07:54,1,54,54303,1,6,5,2,D590,48,
2.023E+11,23,11,2023,13:50,1,28,28280,2,5,1,3,Rue de la Fuye,48,
2.023E+11,8,7,2023,13:45,1,75,75118,2,1,1,3,AVENUE DE LA PORTE DE SAINT OUEN,48,
2.023E+11,8,7,2023,08:45,1,75,75117,2,1,1,7,AVENUE DE LA GRANDE ARMEE,48,
2.023E+11,4,6,2023,20:00,1,92,92078,1,1,1,4,AUTOROUTE A86,48,
2.023E+11,15,8,2023,18:07,1,54,54176,1,1,1,1,Chemin de Rémonville,48,
2.023E+11,8,11,2023,17:15,5,6,6152,1,6,1,2,ROND POINT DES BOUILLIDES,43,
2.023E+11,14,8,2023,17:50,1,73,73114,1,1,1,7,D909,45,
2.023E+11,8,7,2023,15:00,1,75,75116,2,2,1,3,PLACE DE LA PORTE DE PASSY,48,
2.023E+11,21,11,2023,19:55,3,33,33527,1,1,1,2,A660 PK017+800,44,
2.023E+11,4,6,2023,19:00,1,94,94073,1,1,1,5,A86,48,
2.023E+11,11,8,2023,16:29,1,1,1160,2,1,1,2,Route de Meyrin,46,
2.023E+11,8,7,2023,08:10,1,75,75116,2,3,1,6,RUE JEAN DE LA FONTAINE,48,
2.023E+11,23,11,2023,11:22,1,69,69019,1,1,1,2,Autoroute 6,46,
2.023E+11,3,6,2023,15:10,1,94,94018,1,1,1,2,A4,48,
2.023E+11,8,7,2023,20:38,1,75,75113,2,1,1,6,QUAI D AUSTERLITZ,48,
2.023E+11,16,8,2023,11:50,1,60,60695,2,1,1,7,1 Rue de la Duchesse de Chartres,49,
2.023E+11,22,11,2023,17:20,1,973,97305,1,1,1,3,877 Route Nationale 1,4,
2.023E+11,8,7,2023,17:00,1,75,75113,2,3,1,3,QUAI D AUSTERLITZ,48,
2.023E+11,3,6,2023,18:30,1,93,93048,2,7,1,6,Bd Paul Vaillant Couturier / Boulevard Henri Barbusse,48,
2.023E+11,17,11,2023,08:05,2,33,33535,1,1,1,5,Avenue de Branne,44,
2.023E+11,3,6,2023,04:30,2,93,93032,2,1,1,6,Rue de la Mare,48,
2.023E+11,8,7,2023,05:40,3,75,75111,2,2,1,6,AVENUE PHILIPPE AUGUSTE,48,
2.023E+11,15,8,2023,18:30,1,59,59396,1,1,1,6,D961,50,
2.023E+11,3,6,2023,21:30,5,6,6012,2,1,1,3,PRINCE RAINIER III (AVENUE),43,
2.023E+11,8,7,2023,10:34,1,75,75107,2,3,1,6,BOULEVARD DES INVALIDES,48,
2.023E+11,21,11,2023,15:00,1,84,84119,2,1,9,2,Route d'Avignon,43,
2.023E+11,3,6,2023,20:50,5,974,97407,2,1,1,6,JACQUES DUCLOS (RUE) - RIVIERE DES GAL  ,-20,
2.023E+11,14,8,2023,17:20,1,13,13071,1,1,1,3,A55-Sens Martigues vers Marseille,43,
2.023E+11,30,10,2023,22:40,3,13,13081,1,9,3,7,D55,43,
2.023E+11,7,7,2023,12:39,1,75,75101,2,2,1,3,BOULEVARD DE LA MADELEINE,48,
2.023E+11,3,6,2023,15:15,1,69,69388,2,2,1,3,Rue Professeur Beauvisage,45,
2.023E+11,7,7,2023,05:55,1,75,75104,2,3,1,3,PLACE DU CHATELET,48,
2.023E+11,7,11,2023,17:15,1,86,86294,1,2,1,3,D40,46,
2.023E+11,3,6,2023,09:35,1,69,69386,2,2,7,3,Rue Michel Rambaud,45,
2.023E+11,23,11,2023,04:20,5,72,72264,2,1,2,6,13 Avenue Joël le Theule,47,
2.023E+11,11,8,2023,17:10,1,59,59462,1,1,1,2,AUTOROUTE A1,50,
2.023E+11,7,7,2023,02:10,5,75,75104,2,2,1,3,QUAI DE LA CORSE,48,
2.023E+11,3,6,2023,00:25,3,95,95680,1,1,1,1,D970,49,
2.023E+11,22,11,2023,05:30,3,72,72336,1,6,1,1,Avenue Jean Monnet,47,
2.023E+11,8,7,2023,12:55,1,94,94068,2,2,1,3,CHEVALIER (R),48,
2.023E+11,3,6,2023,14:20,1,91,91377,2,6,1,3,RUE AMPERE,48,
2.023E+11,8,7,2023,18:30,1,94,94046,2,2,1,3,Rue de la Convention,48,
2.023E+11,14,8,2023,18:15,1,94,94038,1,1,1,4,A6B,48,
2.023E+11,20,11,2023,16:50,1,80,80685,2,6,2,1,CD 34 (route d'Amiens),49,
2.023E+11,3,6,2023,15:40,1,91,91421,2,3,1,3,CORBEIL (ROUTE DE),48,
2.023E+11,8,7,2023,14:40,1,94,94037,2,1,1,1,Rue Albert Guilpin,48,
2.023E+11,26,10,2023,07:00,2,67,67218,1,1,2,3,M35,48,
2.023E+11,1,6,2023,13:40,1,86,86066,2,6,1,3,Avenue Robert Schuman,46,
2.023E+11,8,7,2023,13:00,1,94,94076,2,1,1,3,PARIS (AV DE),48,
2.023E+11,14,8,2023,15:03,1,94,94003,1,1,1,5,A6A,48,
2.023E+11,22,11,2023,18:30,3,91,91617,1,1,1,2,RN 104,48,
2.023E+11,8,7,2023,02:00,5,94,94022,2,1,1,3,2 Avenue Victor Hugo,48,
2.023E+11,31,5,2023,16:20,1,83,83009,1,1,1,2,BEAUSSET (ROUTE DU),43,
2.023E+11,22,11,2023,08:30,1,91,91659,1,1,1,3,AUTOROUTE A6,48,
2.023E+11,7,7,2023,20:45,2,94,94002,2,1,7,6,Rue Nelson Mandela,48,
2.023E+11,13,8,2023,23:43,3,77,77251,1,1,1,2,AUTOROUTE A5A,48,
2.023E+11,2,6,2023,20:56,1,83,83129,2,9,1,1,PERTUADE (CHEMIN DE LA),43,
2.023E+11,22,11,2023,07:52,1,78,78646,1,1,1,5,RN12,48,
2.023E+11,8,7,2023,18:15,1,93,93064,2,1,1,2,Rue du Général Leclerc,48,
2.023E+11,3,6,2023,18:25,1,78,78650,2,2,1,1,MONTESSON (ROUTE DE),48,
2.023E+11,21,11,2023,18:05,3,78,78291,1,1,2,2,A13,48,
2.023E+11,21,11,2023,14:00,1,78,78640,1,1,2,6,RN12 EXT,48,
2.023E+11,8,7,2023,12:00,1,93,93046,2,2,1,3,Avenue Léon Blum / Boulevard Marx Dormoy,48,
2.023E+11,3,6,2023,19:55,1,78,78638,2,2,1,3,CLOS (RUE DU),49,
2.023E+11,8,7,2023,19:30,1,93,93029,2,1,1,3,Avenue Henri Barbusse,48,
2.023E+11,13,8,2023,02:07,5,94,94043,1,1,1,2,A6B,48,
2.023E+11,21,11,2023,07:30,5,78,78238,1,1,3,4,A13,48,
2.023E+11,7,7,2023,22:00,4,93,93027,2,1,1,6,Avenue Paul Vaillant Couturier,48,
2.023E+11,21,11,2023,11:05,1,92,92047,1,1,2,6,A13,48,
2.023E+11,13,8,2023,01:40,3,94,94038,1,1,1,2,A6A,48,
2.023E+11,8,7,2023,12:38,1,92,92075,2,9,1,7,RAYMOND MARCHERON (RUE),48,
2.023E+11,22,11,2023,09:15,1,93,93010,1,1,1,3,AUTOROUTE A3,48,
2.023E+11,3,6,2023,12:30,1,77,77186,1,1,1,4,D138,48,
2.023E+11,8,7,2023,17:32,1,92,92064,2,3,1,3,MARCEL DASSAULT,48,
2.023E+11,28,12,2023,17:18,2,43,43041,2,9,1,3,Rue de Genebret,45,
2.023E+11,3,6,2023,23:00,5,76,76681,2,3,1,1,Rue Pierre Corneille,49,
2.023E+11,8,7,2023,05:45,2,92,92048,2,1,2,7,CROIX DU VAL (RUE DE LA),48,
2.023E+11,14,6,2023,20:10,1,94,94034,1,1,1,4,A86,48,
2.023E+11,22,11,2023,07:00,3,93,93005,1,1,1,4,AUTOROUTE A3,48,
2.023E+11,23,12,2023,07:06,5,37,37233,2,1,1,6,DUCLOS (AVENUE JACQUES),47,
2.023E+11,14,8,2023,19:00,1,93,93013,1,1,3,6,AUTOROUTE A1,48,
2.023E+11,3,6,2023,18:55,1,72,72181,2,1,1,3,BEETHOVEN (ALLEE),47,
2.023E+11,8,7,2023,10:15,1,92,92040,2,2,1,1,ROUGET DE L'ISLE,48,
2.023E+11,22,11,2023,18:13,3,77,77337,1,1,1,2,A4.Y,48,
2.023E+11,14,8,2023,06:55,2,93,93064,1,1,1,3,AUTOROUTE A86,48,
2.023E+11,27,12,2023,19:50,5,35,35238,2,2,2,2,PATTON (AVENUE DU GENERAL SIR GEORGES),48,
2.023E+11,22,9,2023,19:00,2,74,74012,2,1,3,3,DUPRAZ (RUE DU CP CHARLES),46,
2.023E+11,9,7,2023,10:45,1,40,40296,2,3,1,3,Avenue des Tucs,43,
2.023E+11,3,6,2023,13:45,1,72,72095,1,2,1,3,BALLON (RTE DE),48,
2.023E+11,13,8,2023,23:40,3,93,93007,1,1,1,2,AUTOROUTE A3,48,
2.023E+11,28,12,2023,12:50,1,33,33281,2,2,1,6,Rue Raoul Amat,44,
2.023E+11,8,7,2023,20:50,1,62,62265,1,1,1,7,D341,50,
2.023E+11,13,8,2023,22:00,3,93,93006,1,1,1,2,AUTOROUTE A3,48,
2.023E+11,27,8,2023,12:09,1,74,74309,1,5,8,6,2360 Route de bellegarde,46,
2.023E+11,3,6,2023,16:46,1,69,69029,2,9,1,3,Boulevard de l'Université,45,
2.023E+11,8,7,2023,22:20,4,62,62644,2,1,1,7,D193E1,50,
2.023E+11,28,12,2023,20:50,4,31,31555,2,2,1,3,BD SILVIO TRENTIN,43,
2.023E+11,9,7,2023,06:50,1,22,22065,2,1,1,7,23 Rue d'Armor,48,
2.023E+11,3,6,2023,12:00,1,69,69029,2,1,1,6,Route de Genas,45,
2.023E+11,27,8,2023,06:40,2,74,74309,1,1,3,1,2461 route de bellegarde,46,
2.023E+11,11,8,2023,14:55,1,988,98818,2,2,1,3,RUE TARAGNAT/RUE DE LA SEINE,-22,
2.023E+11,21,12,2023,19:20,5,18,18033,2,1,1,6,Boulevard de Strasbourg,47,
2.023E+11,12,8,2023,01:30,5,987,98735,2,7,1,6,DESTREMEAU (RUE BLOC STATION TIPAERUI),-17,
2.023E+11,13,8,2023,08:00,1,14,14047,2,1,1,3,19 Rue Royale,49,
2.023E+11,8,7,2023,18:10,1,22,22004,1,1,1,7,RD767,,
2.023E+11,2,6,2023,20:10,1,67,67482,2,3,1,3,FRANÇOIS MITTERRAND (AVENUE),48,
2.023E+11,28,12,2023,17:00,1,17,17415,2,1,1,6,GUILLET MAILLET 1-65,45,
2.023E+11,13,8,2023,07:00,1,976,97611,2,1,1,6,mamoudzou centre-Commandant Passot (Plac,-12,
2.023E+11,28,12,2023,18:30,5,15,15012,2,1,1,6,RD 320,44,
2.023E+11,2,6,2023,20:15,2,67,67180,1,1,7,2,HAGUENAU (ROUTE DE),48,
2.023E+11,13,8,2023,20:30,3,974,97416,1,1,1,6,RN3 (ANCIENNE ROUTE),-21,
2.023E+11,8,7,2023,17:40,1,62,62397,2,1,1,6,D215E4,50,
2.023E+11,9,8,2023,07:25,1,14,14474,1,1,2,6,D613,49,
2.023E+11,9,7,2023,14:10,1,30,30288,2,1,1,6,1434 Route Nationale,44,
2.023E+11,28,12,2023,10:25,1,15,15012,2,3,1,3,RD 990,44,
2.023E+11,13,8,2023,16:30,1,974,97411,2,1,1,4,JAURES (BOULEVARD JEAN),-20,
2.023E+11,13,8,2023,09:50,1,974,97411,2,1,1,6,NONGE (AVENUE EUDOXIE),-20,
2.023E+11,21,11,2023,11:15,1,974,97416,1,1,1,5,RN03,-21,
2.023E+11,8,7,2023,16:15,1,19,19234,1,3,1,3,N/A,45,
2.023E+11,27,12,2023,16:35,1,14,14333,1,6,1,3,CD 580,49,
2.023E+11,3,6,2023,06:50,1,59,59360,2,1,1,2,DOUMER PAUL RUE,50,
2.023E+11,13,8,2023,01:25,5,973,97302,2,1,1,3,VOLTAIRE(AVENUE),4,
2.023E+11,28,12,2023,17:15,4,13,13054,2,1,1,6,8 MAI 1945 (AV DU ),43,
2.023E+11,21,11,2023,07:00,1,974,97416,1,1,1,2,RN3 (2),-21,
2.023E+11,13,8,2023,14:45,1,972,97209,1,9,1,6,RD 13,14,
2.023E+11,9,7,2023,12:15,1,65,65002,2,3,1,3,rn 21,43,
2.023E+11,28,12,2023,10:40,1,13,13201,2,9,1,6,CANEBIERE     70 A FIN,43,
2.023E+11,2,6,2023,16:20,1,59,59527,2,3,1,3,CARNOT SADI RUE,50,
2.023E+11,13,8,2023,04:50,5,2B,2B120,1,1,1,7,Route du Village,42,
2.023E+11,21,11,2023,08:30,1,974,97411,2,6,1,2,RIVIERE DES PLUIES (ROUTE DE LA),-20,
2.023E+11,28,12,2023,05:00,5,13,13215,2,3,1,3,COMMANDERIE (CHEMIN),43,
2.023E+11,2,6,2023,20:00,1,59,59350,1,1,1,2,PASTEUR LOUIS BOULEVARD,50,
2.023E+11,8,7,2023,15:50,1,89,89380,1,2,1,3,,48,
2.023E+11,12,8,2023,12:15,1,86,86066,1,1,2,7,D725,46,
2.023E+11,20,11,2023,09:30,1,974,97409,2,1,1,3,BRAS DES CHEVRETTES (chemin),-20,
2.023E+11,28,12,2023,09:20,1,13,13204,2,1,8,4,CHARTREUX (AVENUE DES),43,
2.023E+11,9,7,2023,06:05,2,46,46231,1,1,1,6,D 811,44,
2.023E+11,13,8,2023,08:05,1,85,85194,2,1,1,7,17 Rue Roland Moreno,46,
2.023E+11,3,6,2023,19:00,1,59,59043,1,3,1,3,LILLE (ROUTE DE),50,
2.023E+11,28,12,2023,08:20,1,13,13208,2,1,1,1,BENEDETTI (RUE DE),43,
2.023E+11,8,7,2023,19:20,1,29,29208,1,1,1,2,Langonéry,48,
2.023E+11,3,6,2023,21:40,2,54,54395,2,9,1,6,rond point Marcel Brot,48,
2.023E+11,12,8,2023,11:40,1,83,83141,1,1,1,6,D 1555(SORTIE VILLAGE VERS DRAGUIGNAN),43,
2.023E+11,21,11,2023,13:34,1,973,97302,2,3,1,3,ESTREES (AVENUE D'),4,
2.023E+11,9,7,2023,09:40,1,2,2543,1,1,1,6,D973,49,
2.023E+11,12,8,2023,12:15,1,83,83050,1,6,1,3,KOENIG(AVENUE DU MARECHAL),43,
2.023E+11,27,12,2023,17:00,2,13,13215,2,1,1,2,HENRI BARNIER (BOULEVARD),43,
2.023E+11,2,6,2023,17:20,1,54,54149,1,3,1,3,D27,49,
2.023E+11,20,11,2023,22:55,3,973,97302,2,2,1,7,FELIX EBOUE(ROCADE),4,
2.023E+11,8,7,2023,22:25,3,54,54325,1,1,1,7,D133,48,
2.023E+11,13,8,2023,06:40,2,82,82121,2,1,1,6,1270 route de molières,44,
2.023E+11,3,6,2023,06:14,1,51,51454,2,2,1,6,POMMERY (BOULEVARD),49,