Num_Acc,jour,mois,an,hrmn,lum,dep,com,agg,int,atm,col,adr,lat,long
2.023E+11,3,6,2023,13:30,1,92,92050,2,1,1,2,PICASSO PABLO AVENUE,48,
2.023E+11,30,7,2023,15:45,1,6,6138,2,3,1,3,Avenue de Lérins,43,
2.023E+11,27,12,2023,00:50,5,974,97411,2,9,1,6,CANAL (CHEMIN DU GRAND),-20,
2.023E+11,21,11,2023,18:15,5,41,41018,2,1,2,6,INDUSTRIE (BOULEVARD DE L'),47,
2.023E+11,14,8,2023,11:00,1,50,50200,1,1,1,3,Le Nomen,48,
2.023E+11,3,6,2023,19:20,1,92,92012,2,2,1,1,SILLY (RUE DE) 89/FIN - 90/FIN,48,
2.023E+11,25,12,2023,03:30,5,974,97407,2,9,1,1,COMMUNE DE PARIS (AVENUE),-20,
2.023E+11,7,7,2023,08:20,1,91,91657,2,3,1,3,RUE DE LA LONGUERAIE,48,
2.023E+11,15,8,2023,09:20,1,60,60511,1,3,7,1,D934,49,
2.023E+11,2,6,2023,22:40,5,92,92012,2,1,1,2,DANJOU (RUE) 17/FIN - 20/FIN,48,
2.023E+11,25,12,2023,02:40,5,974,97407,2,9,1,1,19 MARS 1946(AVENUE DU),-20,
2.023E+11,14,8,2023,14:30,1,45,45265,1,9,1,6,2153 Route de Merinville,48,
2.023E+11,7,7,2023,12:45,1,91,91286,2,6,1,2,R.N. 7,48,
2.023E+11,27,12,2023,19:20,3,973,97302,2,1,1,6,ZEPHIR (ROCADE),4,
2.023E+11,14,8,2023,14:20,1,18,18203,1,1,1,6,N/A,46,
2.023E+11,21,11,2023,18:00,2,38,38185,2,9,2,6,Rue de Bretagne,45,
2.023E+11,13,4,2023,08:10,1,13,13088,1,1,1,2,A55-Sens Martigues vers Marseille,43,
2.023E+11,7,7,2023,15:20,1,86,86194,2,2,1,3,D162,46,
2.023E+11,14,8,2023,11:45,1,16,16362,1,1,1,6,nougerede,45,
2.023E+11,27,12,2023,20:00,5,69,69383,2,1,1,7,Rue Feuillat,45,
2.023E+11,7,7,2023,20:40,1,85,85191,1,1,7,6,RD 948,46,
2.023E+11,21,11,2023,17:44,5,38,38421,2,3,2,6,AVENUE DU DOYEN LOUIS WEIL,45,
2.023E+11,1,6,2023,22:40,3,13,13056,1,1,1,6,A55-Sens Martigues vers Marseille,43,
2.023E+11,14,8,2023,17:00,1,7,7096,1,1,1,3,la pleine du coulet,44,
2.023E+11,27,12,2023,15:10,1,69,69149,2,1,1,6,Avenue Edmond,45,
2.023E+11,7,7,2023,13:55,1,83,83137,2,1,1,6,DE LATTRE DE TASSIGNY (AVE MARECHAL),43,
2.023E+11,15,8,2023,12:15,1,85,85021,2,4,1,6,RD86,47,
2.023E+11,24,5,2023,11:40,1,69,69256,1,1,1,3,Autoroute 42 ,45,
2.023E+11,27,12,2023,05:45,5,971,97101,2,3,1,3,ACHILLE RENE BOISNEUF (RUE),16,
2.023E+11,21,11,2023,08:30,1,38,38053,2,3,2,3,ALPES,45,
2.023E+11,6,7,2023,17:55,1,83,83069,1,1,1,4,AVENUE RITONDALE LEOPOLD,43,
2.023E+11,21,11,2023,10:15,1,37,37208,2,1,1,6,GRANDMONT (RUE DE),47,
2.023E+11,3,6,2023,20:00,1,92,92019,1,1,1,3,RN 385 INT,48,
2.023E+11,15,8,2023,15:47,1,85,85135,1,2,1,3,Rue des flandres dunkerque,46,
2.023E+11,24,12,2023,02:50,5,971,97113,1,1,1,1,GRAND BAIE ( RN4),16,
2.023E+11,7,7,2023,17:03,1,78,78650,2,2,1,3,PRISE D'EAU (AVENUE DE LA),48,
2.023E+11,15,8,2023,12:10,1,27,27056,2,3,1,6,Rue de Lisieux,49,
2.023E+11,26,12,2023,12:50,1,95,95598,2,1,2,2,D109,48,
2.023E+11,21,11,2023,09:05,1,35,35051,1,1,1,4,ROCH (LIEU-DIT LA PREE SAINT),48,
2.023E+11,3,6,2023,16:05,1,91,91645,1,1,1,6,N385,48,
2.023E+11,6,7,2023,21:12,2,78,78551,2,2,1,3,REPUBLIQUE (DE LA),48,
2.023E+11,15,8,2023,03:51,3,27,27376,2,4,1,6,38 Route de Saint Georges Motel,48,
2.023E+11,20,11,2023,18:15,5,35,35238,2,1,2,6,MANIEZ (AVENUE JULES),48,
2.023E+11,7,7,2023,19:40,1,77,77307,2,2,1,3,D934,48,
2.023E+11,27,12,2023,19:45,3,91,91228,2,1,8,4,RTE NATIONALE 7,48,
2.023E+11,3,6,2023,15:45,1,94,94034,1,1,1,4,A86,48,
2.023E+11,14,8,2023,16:10,1,30,30061,1,1,1,3,D936,43,
2.023E+11,26,12,2023,17:10,1,87,87085,2,1,1,3,BEAUBREUIL (PLACE DE),45,
2.023E+11,7,7,2023,09:00,1,77,77058,1,1,1,2,MARIE CURIE  (AVENUE),48,
2.023E+11,21,11,2023,17:00,2,34,34172,2,2,1,3,RABELAIS (BOULEVARD),43,
2.023E+11,3,6,2023,13:33,1,91,91589,1,1,1,4,AUTOROUTE A6,48,
2.023E+11,15,8,2023,12:00,1,33,33527,1,1,1,2,A660,44,
2.023E+11,7,7,2023,21:45,2,76,76484,1,1,1,6,Route des Essarts,49,
2.023E+11,27,12,2023,09:00,1,86,86194,2,9,1,1,Rue de Vouneuil,46,
2.023E+11,21,11,2023,16:00,1,34,34172,2,1,1,6,CHASSEURS (RUE DES),43,
2.023E+11,12,8,2023,18:00,2,987,98715,1,1,1,7,route puurai en sortant de la RDO,-17,
2.023E+11,3,6,2023,10:35,1,91,91534,1,1,1,7,RN 118,48,
2.023E+11,7,7,2023,03:36,5,76,76540,2,2,1,3,Boulevard de l'Europe,49,
2.023E+11,23,12,2023,07:15,3,77,77305,2,1,2,2,BRAY (ROUTE DE),48,
2.023E+11,15,8,2023,13:10,1,38,38285,1,1,1,6,rd526,45,
2.023E+11,21,11,2023,12:50,1,34,34129,2,6,1,2,GARE (ROND POINT DE LA),43,
2.023E+11,3,6,2023,07:35,1,77,77251,1,1,1,2,AUTOROUTE A5A,48,
2.023E+11,6,7,2023,18:00,1,73,73087,2,1,1,6,D1006 LYON (ROUTE DE),45,
2.023E+11,14,8,2023,20:45,5,11,11262,2,1,1,6,51 Résidence le Hameau de la Plage (np),43,
2.023E+11,27,12,2023,01:00,5,77,77445,1,1,1,1,ROUTOIRES (AVENUE DES),48,
2.023E+11,20,11,2023,15:22,1,34,34172,2,1,1,1,TOULOUSE (AVENUE DE,43,
2.023E+11,6,7,2023,19:55,1,73,73065,2,1,1,5,CROIX ROUGE (RUE DE LA),45,
2.023E+11,3,6,2023,11:27,1,78,78140,1,1,1,2,A13,48,
2.023E+11,14,8,2023,23:30,5,60,60138,1,9,1,6,Aire du Péage de Chamant (Aire de repos),49,
2.023E+11,26,12,2023,21:30,5,76,76351,2,3,1,3,ANDREI SAKHAROV (RUE),49,
2.023E+11,3,6,2023,07:33,1,78,78043,1,1,1,6,A12 W,48,
2.023E+11,7,7,2023,13:45,1,71,71153,2,2,1,3,CAVELL (RUE EDITH),46,
2.023E+11,21,11,2023,18:10,5,33,33249,2,1,1,3,Avenue Carnot,44,
2.023E+11,22,12,2023,17:10,2,72,72181,2,1,1,2,PREMARTINE (RUE) N° IMP 43 A 181,48,
2.023E+11,14,8,2023,12:40,1,37,37141,1,2,1,3,1 Les Petits Gars,47,
2.023E+11,20,11,2023,17:40,3,33,33249,2,1,2,6,Rue Edouard Herriot - Arrêt de bus,44,
2.023E+11,7,7,2023,12:15,1,71,71076,2,1,1,3,SABATIER (RUE PAUL),46,
2.023E+11,27,12,2023,08:05,5,72,72181,2,6,1,3,LOUIS BLANC (QUAI),48,
2.023E+11,27,12,2023,14:27,1,71,71076,2,1,1,6,Rue Philibert Léon Couturier,46,
2.023E+11,14,8,2023,14:20,1,37,37079,1,2,1,3,Le Fossé Fourrier,47,
2.023E+11,3,6,2023,05:00,3,93,93048,1,1,1,2,AUTOROUTE A3,48,
2.023E+11,21,11,2023,16:30,1,29,29232,2,1,1,3,Bali Frañs Dieub,48,
2.023E+11,7,7,2023,19:20,1,69,69264,2,6,8,1,Avenue de l’Europe,45,
2.023E+11,26,12,2023,18:25,5,69,69290,2,6,1,3,Boulevard François Reymond,45,
2.023E+11,2,6,2023,21:40,2,91,91223,2,1,1,6,GUETTARD (RUE J.E.),48,
2.023E+11,15,8,2023,05:00,3,2B,2B289,1,1,1,1,ROUTE TERRITORIALE 20,42,
2.023E+11,7,7,2023,07:30,1,69,69199,2,2,1,3,Rue Parmentier,45,
2.023E+11,27,12,2023,19:15,5,67,67482,2,2,1,6,ILL (RUE DE L ),48,
2.023E+11,21,11,2023,07:45,5,28,28134,2,6,2,6,ROND POINT DU GENERAL LECLERC,48,
2.023E+11,1,6,2023,20:50,1,75,75120,2,3,1,1,RUE DE GUEBRIANT,48,
2.023E+11,26,12,2023,15:00,1,64,64102,2,1,1,2,N/A,43,
2.023E+11,15,8,2023,12:15,1,5,5116,1,3,1,3,RD38,44,
2.023E+11,1,6,2023,15:30,1,13,13108,2,1,1,6,GAMBETTA (BOULEVARD),43,
2.023E+11,6,7,2023,18:50,1,69,69029,2,2,1,1,15 Rue des Paquerettes,45,
2.023E+11,20,11,2023,18:05,5,28,28404,2,9,8,5,BRUXELLES (RUE DE),48,
2.023E+11,27,12,2023,19:00,5,63,63113,2,1,1,3,JAURES (BD JEAN),45,
2.023E+11,8,7,2023,00:50,3,67,67218,2,1,1,6,DENIS PAPIN (RUE),48,
2.023E+11,2,6,2023,16:45,1,976,97611,2,1,1,1,m'tsapere-Nationale 2 (route),-12,
2.023E+11,15,8,2023,13:02,1,5,5139,1,1,1,1,D937 Défilé de la Souloise,,
2.023E+11,19,8,2023,12:20,1,13,13074,2,6,1,6,rd96,43,
2.023E+11,28,12,2023,23:38,5,59,59378,2,1,1,2,BAROEUL AVENUE DU,50,
2.023E+11,7,7,2023,11:00,1,67,67482,2,3,1,3,ANVERS (BOULEVARD D ),48,
2.023E+11,21,11,2023,14:00,1,27,27681,2,3,1,3,SAINT LAZARE (RUE),49,
2.023E+11,15,8,2023,11:45,1,3,3187,1,1,1,7,D21,46,
2.023E+11,7,7,2023,18:30,1,64,64445,2,1,6,1,LILAS DES,43,
2.023E+11,15,8,2023,17:50,1,7,7324,1,1,1,7,voie sud,45,
2.023E+11,21,11,2023,08:30,1,26,26362,2,6,1,3,FAVENTINES ROND POINT,44,
2.023E+11,26,12,2023,18:20,5,59,59527,2,2,1,4,LECLERC RUE DU GENERAL,50,
2.023E+11,2,6,2023,16:25,1,973,97302,2,9,1,2,MONTABO (ROUTE DE) 1,4,
2.023E+11,15,6,2023,07:40,1,64,64445,2,1,1,6,ROYALE,43,
2.023E+11,14,8,2023,15:20,1,86,86050,1,1,1,1,RN 149,46,
2.023E+11,2,6,2023,19:50,1,69,69383,2,2,1,3,24 Rue Julien,45,
2.023E+11,21,11,2023,07:40,3,22,22113,2,9,1,3,PARK NEVEZ (AVENUE DE),48,
2.023E+11,23,12,2023,02:40,3,59,59569,1,1,1,1,RD 500,50,
2.023E+11,6,7,2023,15:50,1,64,64102,2,1,1,2,CASTERA (RUE DU MOULIN),43,
2.023E+11,2,6,2023,13:35,1,69,69381,2,1,1,3,3 Rue de la Martinière,45,
2.023E+11,7,7,2023,15:30,1,63,63113,2,1,3,7,AGRICULTURE (AVENUE DE L'),45,
2.023E+11,20,11,2023,07:50,1,19,19031,2,1,1,6,MARGERIT (RUE ROBERT),45,
2.023E+11,14,8,2023,19:45,1,33,33417,1,1,1,1,D6,44,
2.023E+11,27,12,2023,18:20,5,51,51454,2,2,1,1,COURCELLES (RUE DE) DU 1 AU 97 ET 2 A 22,49,
2.023E+11,2,6,2023,06:15,2,69,69152,2,1,1,6,15 Rue Emile Zola,45,
2.023E+11,19,11,2023,01:35,4,19,19031,2,1,1,6,GALLIENI (AVENUE),45,
2.023E+11,7,7,2023,14:30,1,63,63113,1,1,1,3,BREZET (AVENUE),45,
2.023E+11,15,8,2023,14:00,1,33,33128,1,1,1,6,Route de Goulée,45,
2.023E+11,27,12,2023,15:05,1,46,46191,1,1,1,6,GRANDE RUE,44,
2.023E+11,2,6,2023,11:35,1,971,97120,2,1,1,6,DUGOMMIER,16,
2.023E+11,21,11,2023,18:22,3,17,17415,1,4,1,1,Départementale  137,45,
2.023E+11,15,8,2023,14:10,1,85,85189,1,1,1,3,465 Chemin des essarts,46,
2.023E+11,7,7,2023,10:40,1,63,63113,2,2,1,3,ITALIE (AVENUE DE L'),45,
2.023E+11,2,6,2023,12:50,1,971,97105,2,3,1,3,GOUVERNEUR DU LYON (AVE),16,
2.023E+11,15,8,2023,16:30,1,85,85019,2,1,1,6,Rue du pont caillaud (Saligny),46,
2.023E+11,27,12,2023,07:20,5,45,45208,2,3,1,2,1 Place Mirabeau,47,
2.023E+11,21,11,2023,17:50,5,14,14079,2,1,1,6,45 Avenue Michel d'Ornano,49,
2.023E+11,4,7,2023,17:40,1,63,63113,2,2,1,3,Rue du Ressort /allée des Tilleuls,45,
2.023E+11,15,8,2023,12:45,1,22,22176,2,3,1,6,Rue du Centre,48,
2.023E+11,27,12,2023,16:15,1,37,37261,2,1,1,3,DANIEL MAYER,47,
2.023E+11,21,11,2023,18:00,5,14,14118,2,1,2,6,19 Rue de la Pigacière,49,
2.023E+11,2,6,2023,16:30,1,95,95428,2,3,1,3,CHESNEAUX (RUE DES),48,
2.023E+11,9,6,2023,12:30,1,59,59009,2,1,1,3,DE VIGNY ALFRED RUE,50,
2.023E+11,13,8,2023,17:30,1,27,27016,2,1,1,2,Rue de Penthièvre,49,
2.023E+11,26,12,2023,19:30,3,34,34032,2,1,1,3,HEMINGWAY ERNEST (BLD),43,
2.023E+11,20,11,2023,17:02,2,14,14327,2,1,1,1,D515,49,
2.023E+11,6,7,2023,20:50,1,59,59350,2,2,1,3,MARCEAU RUE,50,
2.023E+11,25,12,2023,04:10,5,31,31555,2,1,1,7,ROND-POINT JOSEPH SAUVEUR,43,
2.023E+11,14,8,2023,18:45,1,76,76057,2,1,1,3,avenue du président kennedy,49,
2.023E+11,2,6,2023,16:40,1,91,91421,2,1,1,3,NOUZET (RUE DU),48,
2.023E+11,21,11,2023,07:50,1,13,13054,2,1,1,6,SAINT PIERRE (CHE ),43,
2.023E+11,7,7,2023,12:20,1,57,57306,2,1,1,6,LIBERTE (ESPLANADE DE LA),49,
2.023E+11,12,8,2023,05:23,3,13,13043,1,1,1,7,A55-Sens Martigues vers Marseille,43,
2.023E+11,7,7,2023,19:30,1,57,57660,2,9,1,3,SCHOENECK(RUE DE)DU PONT AUTOROUTE AU PO,49,
2.023E+11,3,6,2023,00:20,5,91,91326,2,9,1,3,COUR DE FRANCE (AVENUE DE LA),48,
2.023E+11,21,11,2023,22:00,5,13,13211,2,3,1,3,POMME (BOULEVARD DE LA ),43,
2.023E+11,27,12,2023,15:20,1,25,25462,2,1,1,4,ROCADE G.POMPIDOU (DU 25 A LA FIN),46,
2.023E+11,13,8,2023,01:10,3,95,95018,1,1,1,4,A15,48,
2.023E+11,1,6,2023,17:40,1,91,91223,2,1,1,6,PARIS (AVENUE DE),48,
2.023E+11,21,11,2023,11:50,1,13,13214,2,1,1,6,GIBBES (CHEMIN DE),43,
2.023E+11,27,12,2023,10:00,1,13,13201,2,1,1,3,ATHENES (BOULEVARD D'),43,
2.023E+11,6,7,2023,12:45,1,54,54395,2,1,1,3,Rue des Tiercelins,48,
2.023E+11,13,8,2023,20:00,1,94,94028,1,1,1,2,A86,48,
2.023E+11,20,11,2023,15:26,1,13,13215,2,1,1,1,MADRAGUE VILLE (chemin de la),43,
2.023E+11,2,6,2023,07:51,1,87,87075,2,1,1,2,COURRIERES (AVENUE DES),45,
2.023E+11,26,12,2023,12:20,1,13,13202,2,1,1,3,DAMES (BOULEVARD DES),43,
2.023E+11,1,6,2023,16:19,1,87,87085,2,6,3,7,EUROPE (CARREFOUR DE L'),45,
2.023E+11,12,8,2023,10:13,1,988,98818,2,3,1,7,RUE VARIN/ROUTE DE LA BAIE DES DAMES,-22,
2.023E+11,6,7,2023,10:30,1,54,54395,2,3,1,6,Rue Raymond Poincaré,48,
2.023E+11,11,11,2023,00:35,5,13,13028,2,6,1,3,Rond Point DULAC/ROVARCH,43,
2.023E+11,27,12,2023,16:35,1,75,75119,2,1,1,6,AVENUE DE FLANDRE,48,
2.023E+11,29,5,2023,22:43,5,86,86194,2,5,1,3,Place Charles Martel,46,
2.023E+11,12,8,2023,03:55,3,988,98818,2,3,1,6,AVENUE JAMES COOK,-22,
2.023E+11,20,11,2023,15:15,1,13,13001,1,1,1,6,PETIT MOULIN (RTE DU),43,
2.023E+11,6,7,2023,08:20,1,54,54395,2,1,1,3,Boulevard Jean Jaurès,48,
2.023E+11,27,12,2023,21:18,5,75,75117,2,2,2,1,Avenue de Wagram,48,
2.023E+11,20,11,2023,13:50,1,11,11069,2,1,1,3,6 Rue Jean Francois Champollion,43,
2.023E+11,12,8,2023,10:15,1,69,69388,2,2,1,3,80 Avenue Général Frère,45,
2.023E+11,31,5,2023,04:40,5,86,86194,2,5,1,6,D910,46,
2.023E+11,26,12,2023,19:15,5,75,75114,2,4,2,7,AVENUE DU MAINE,48,
2.023E+11,6,7,2023,12:00,1,51,51454,2,6,1,3,BRIAND (PLACE ARISTIDE),49,
2.023E+11,20,11,2023,08:50,1,11,11069,2,1,1,6,JOLIOT CURIE -BD IRENE FREDERIC- PAIRS,43,
2.023E+11,12,8,2023,20:10,5,972,97213,1,1,2,7,AUTOROUTE A1,14,
2.023E+11,7,7,2023,22:24,3,49,49353,2,1,1,7,PERREYEUX,47,
2.023E+11,2,6,2023,12:30,1,83,83062,2,3,1,3,FABRI DE PEIRESC (AVENUE),43,
2.023E+11,27,12,2023,00:05,5,75,75107,2,1,1,1,QUAI BRANLY,48,
2.023E+11,2,6,2023,10:40,1,83,83137,2,1,1,6,VICTOIRE DU 8 MAI 1945 (AVE DE LA),43,
2.023E+11,12,8,2023,21:53,5,2B,2B033,2,1,1,2,Avenue Sampiero Corso,42,
2.023E+11,20,11,2023,17:24,3,10,10060,1,1,2,4,ROCADE OUEST,48,
2.023E+11,6,7,2023,19:38,1,49,49246,2,6,1,3,CHAUVIN AVENUE,47,
2.023E+11,27,12,2023,06:00,5,75,75104,2,2,1,3,RUE DE RIVOLI,48,
2.023E+11,27,5,2023,17:30,1,83,83061,2,1,1,6,AVENUE DU HUIT MAI 1945,43,
2.023E+11,20,11,2023,18:10,5,10,10387,2,1,2,6,MAJOR GENERAL VANIER (AVENUE),48,
2.023E+11,6,7,2023,14:35,1,49,49007,1,1,1,3,RD 323,47,
2.023E+11,2,6,2023,13:05,1,78,78418,2,6,1,3,HUIT MAI 1945 (RUE DU),48,
2.023E+11,12,8,2023,14:20,1,971,97113,1,4,2,3,RN4 - SECTION RIVIERA,16,
2.023E+11,27,12,2023,21:05,5,94,94081,2,8,2,1,Avenue Youri Gagarine,48,
2.023E+11,7,7,2023,23:20,5,47,47031,1,1,2,1,RN21,44,
2.023E+11,20,11,2023,12:55,1,6,6155,2,1,1,3,CLEMENCEAU AV.GEORGES,43,
2.023E+11,2,6,2023,18:15,1,78,78015,2,1,1,3,VERDUN (RUE DE),48,
2.023E+11,7,7,2023,22:25,4,45,45298,2,1,1,1,Pont de l'Europe,47,
2.023E+11,21,11,2023,08:40,1,75,75118,2,1,2,2,PORTE DE CLIGNANCOURT,48,
2.023E+11,2,6,2023,19:01,1,77,77018,2,1,1,7,RUE DE PARIS,48,
2.023E+11,27,12,2023,16:30,1,93,93005,2,1,1,6,Boulevard Marc Chagall,48,
2.023E+11,7,7,2023,05:50,2,45,45286,2,1,1,1,Pont René Thinat,47,
2.023E+11,12,8,2023,11:00,1,971,97120,1,1,2,2,Secteur Pont de la Gabarre,16,
2.023E+11,21,11,2023,08:40,1,75,75116,2,1,2,2,PORTE DAUPHINE,48,
2.023E+11,2,6,2023,15:45,1,77,77070,1,3,7,2,D 934,48,
2.023E+11,21,11,2023,12:20,1,75,75106,2,7,2,7,PLACE DE L ODEON,48,
2.023E+11,27,12,2023,12:50,1,93,93070,2,2,1,3,Avenue du Cimetière / Avenue Michelet,48,
2.023E+11,12,8,2023,00:18,5,971,97101,2,1,1,6,VIEUX BOURG,16,
2.023E+11,7,7,2023,11:00,1,44,44184,2,2,1,3,44bis Rue du Commandant Gâté,47,
2.023E+11,22,12,2023,18:00,5,93,93077,2,1,9,3,Avenue du Général Galliéni,48,
2.023E+11,20,11,2023,22:33,3,75,75105,2,2,2,6,AVENUE DES GOBELINS,48,
2.023E+11,2,6,2023,13:20,1,76,76540,2,3,1,3,Boulevard de l'Yser,49,
2.023E+11,8,7,2023,01:30,5,44,44109,2,1,1,6,74 Rue des Alouettes,47,
2.023E+11,9,8,2023,00:12,4,971,97101,1,1,1,6,RN05,16,
2.023E+11,21,11,2023,18:50,5,75,75120,2,1,2,6,RUE PELLEPORT,48,
2.023E+11,27,12,2023,19:20,5,93,93048,2,2,1,3,Boulevard Jeanne d’Arc / Rue des 3 Territoires,48,
2.023E+11,1,6,2023,12:50,1,76,76351,2,3,1,2,Rue Socrate,49,
2.023E+11,12,8,2023,18:20,1,91,91377,2,1,1,6,AV CARNOT,48,
2.023E+11,7,7,2023,18:00,1,44,44109,2,1,1,6,19 Rue Chateaubriand,47,
2.023E+11,21,11,2023,13:50,1,75,75120,2,1,1,3,RUE DES PYRENEES,48,
2.023E+11,13,8,2023,01:15,5,85,85194,2,1,1,7,19 Rue de la bonne vierge,46,
2.023E+11,27,12,2023,17:32,5,93,93074,2,1,1,6,Rue de Meaux,48,
2.023E+11,2,6,2023,23:47,5,72,72181,2,1,1,6,MICHEL ANGE (RUE),47,
2.023E+11,21,11,2023,00:15,5,75,75119,2,1,2,6,BOULEVARD DE LA VILLETTE,48,
2.023E+11,11,8,2023,19:25,1,83,83129,2,1,1,6,MER (AVENUE DE LA) N° PAIRS,43,
2.023E+11,27,12,2023,14:35,1,93,93046,2,1,1,2,Boulevard Gutenberg,48,
2.023E+11,7,7,2023,18:39,1,38,38421,1,4,1,2,RN87,45,
2.023E+11,31,5,2023,17:30,1,72,72181,1,1,1,2,LATTRE DE TASSIGNY MARECHAL DE (BD),48,
2.023E+11,21,11,2023,17:30,2,75,75117,2,3,1,3,PORTE D ASNIERES,48,
2.023E+11,12,8,2023,20:15,1,79,79259,1,2,1,3,N/A,46,
2.023E+11,27,12,2023,07:25,5,93,93078,2,5,1,3,Avenue du Pasteur Martin Luther King / Boulevard Robert Ballanger,48,
2.023E+11,7,7,2023,21:00,1,37,37214,2,1,1,2,PORTILLON (RUE DE),47,
2.023E+11,1,6,2023,08:57,1,72,72181,2,9,1,3,PADERBORN (AV) N° 3,48,
2.023E+11,21,11,2023,09:00,1,75,75117,2,1,2,6,BOULEVARD BERTHIER,48,
2.023E+11,12,8,2023,06:25,3,78,78005,1,1,2,3,RN 184,48,
2.023E+11,26,12,2023,19:20,5,92,92072,2,1,2,2,SEVRES (PONT DE),48,
2.023E+11,7,7,2023,11:00,1,35,35281,2,1,1,6,POTTIER (RUE EUGENE),48,
2.023E+11,1,6,2023,17:15,1,71,71499,1,1,1,1,JEAN BOUVERI (RUE),46,
2.023E+11,30,11,2023,16:25,1,92,92026,2,1,1,6,EDITH CAVELL (DE 47 A FIN),48,
2.023E+11,13,8,2023,01:40,5,76,76540,2,1,1,6,Avenue de Bretagne,49,
2.023E+11,21,11,2023,07:40,2,75,75117,2,2,2,3,AVENUE NIEL,48,
2.023E+11,6,7,2023,17:45,1,33,33162,2,3,1,3,Rue du Lieutenant Villemeur,44,
2.023E+11,4,1,2023,18:05,3,74,74250,1,1,1,6,A40,46,
2.023E+11,2,6,2023,16:10,1,69,69290,2,1,1,6,Route de Grenoble,45,
2.023E+11,12,8,2023,13:30,1,76,76410,1,1,1,7,A150,49,
2.023E+11,26,12,2023,21:33,5,92,92007,2,1,8,3,FOCH (AVENUE DU MARECHAL) AUTRES NUMEROS,48,
2.023E+11,21,11,2023,09:50,1,75,75116,2,3,2,6,RUE BOILEAU,48,
2.023E+11,7,7,2023,02:50,5,33,33529,2,1,1,6,CUREPIPE (BD DE) DU 02 ET +,44,
2.023E+11,2,1,2023,10:45,1,74,74010,2,1,1,1,Route du pont de brogny,45,
2.023E+11,27,12,2023,14:30,1,92,92004,2,9,1,3,AULAGNIER ( QUAI ),48,
2.023E+11,2,6,2023,11:08,1,69,69029,2,1,1,3,Avenue Franklin Roosevelt,45,
2.023E+11,11,8,2023,18:05,1,71,71270,2,4,1,6,DESERTE (RUE DE LA),46,
2.023E+11,21,11,2023,09:35,1,75,75116,2,7,2,2,CARREFOUR DES ANCIENS COMBATTANTS   BOUL,48,
2.023E+11,11,8,2023,16:20,1,69,69091,1,1,1,3,3971 Route de Rive-de-Gier,45,
2.023E+11,21,12,2023,08:15,1,1,1074,2,2,8,6,Place du Marché,45,
2.023E+11,17,3,2023,16:20,1,29,29019,2,2,1,6,rue Marcellin Duval,48,
2.023E+11,7,7,2023,10:09,1,15,15014,2,6,1,3,VOLONTAIRE (AVENUE DES),44,
2.023E+11,21,11,2023,09:05,1,75,75116,2,2,2,3,AVENUE DE LA PORTE D AUTEUIL,48,
2.023E+11,2,6,2023,03:00,5,69,69276,2,3,1,3,Avenue des Frères Perret,45,
2.023E+11,11,8,2023,17:14,1,65,65440,2,1,1,3,JUBINAL (RUE ACHILLE),43,
2.023E+11,7,7,2023,14:20,1,13,13117,1,1,1,2,CHEMIN DEPARTEMENTAL 9 (EST),43,
2.023E+11,27,12,2023,10:30,1,11,11076,1,1,1,2,A61,43,
2.023E+11,21,11,2023,14:20,1,75,75115,2,1,1,3,AVENUE FELIX FAURE,48,
2.023E+11,19,3,2023,10:20,1,988,98818,2,3,2,3,MARCELLIN LACABANNE/ROUTE DE L'ANSE VATA,-22,
2.023E+11,2,6,2023,14:00,1,64,64445,2,1,1,2,HONORE BARADAT,43,
2.023E+11,26,12,2023,13:00,1,972,97226,2,3,1,1,AVENUE NELSON MANDELA,14,
2.023E+11,7,7,2023,13:25,1,13,13103,2,1,1,3,AVENUE CABRIER - GASTON,43,
2.023E+11,11,8,2023,08:08,1,65,65440,2,5,1,3,PRADEAU (PROMENADE DU),43,
2.023E+11,17,3,2023,16:40,1,976,97611,2,1,2,1,m'tsapere-M'tsapéré- M'tsangani ( rue ),-12,
2.023E+11,21,11,2023,13:25,1,75,75115,2,2,2,3,RUE DE JAVEL,48,
2.023E+11,2,6,2023,19:50,1,64,64024,2,1,1,3,BAYONNE (AVENUE DE),43,
2.023E+11,11,8,2023,17:20,1,64,64445,2,1,1,6,CHAMPETIER DE RIBES,43,
2.023E+11,28,5,2023,15:45,1,12,12202,2,3,1,6,FRANCOIS MAHOUX (RUE),44,
2.023E+11,19,3,2023,04:30,5,974,97411,1,9,1,6,RN2/043,-20,
2.023E+11,27,12,2023,23:50,3,76,76584,1,1,1,7,A28,49,
2.023E+11,21,11,2023,19:30,5,75,75114,2,3,1,2,AVENUE ERNEST REYER,48,
2.023E+11,1,6,2023,16:45,1,64,64102,2,1,1,2,SABALCE (CHEMIN DE),43,
2.023E+11,12,8,2023,14:20,1,64,64122,2,1,1,3,"""KENNEDY (AVENUE DU PRESIDENT J",,
2.023E+11,6,7,2023,20:45,2,11,11069,2,2,1,3,,43,
2.023E+11,18,3,2023,17:10,1,973,97302,2,1,1,3,CABASSOU (ROUTE DE),4,
2.023E+11,21,11,2023,09:39,1,75,75113,2,2,2,3,BOULEVARD DU GENERAL JEAN SIMON,48,
2.023E+11,12,8,2023,18:00,1,62,62160,2,6,1,6,Rue de Solferino,50,
2.023E+11,26,12,2023,16:06,1,14,14389,1,1,8,5,A84,49,
2.023E+11,7,7,2023,03:45,5,10,10387,2,2,1,3,PIERRE BROSSOLETTE (RUE),48,