Num_Acc,jour,mois,an,hrmn,lum,dep,com,agg,int,atm,col,adr,lat,long
2.023E+11,21,11,2023,09:40,1,75,75113,2,1,2,3,QUAI D AUSTERLITZ,48,
2.023E+11,18,3,2023,19:27,2,972,97209,1,1,2,4,RD 41 (ROCADE),14,
2.023E+11,6,7,2023,22:00,3,7,7281,1,1,2,7,C.D.533,44,
2.023E+11,24,12,2023,13:20,1,56,56198,1,3,1,6,Rue Saint Eutrope,48,
2.023E+11,2,6,2023,16:50,1,60,60057,2,3,1,3,Rue d'Amiens,49,
2.023E+11,20,11,2023,18:15,5,75,75112,2,3,2,6,AVENUE DAUMESNIL,48,
2.023E+11,7,7,2023,06:32,1,6,6088,2,9,1,6,TURIN (RTE DE),43,
2.023E+11,26,12,2023,18:05,5,2B,2B043,1,9,1,1,Lavasina,42,
2.023E+11,2,6,2023,22:45,5,59,59378,2,3,1,3,FORT RUE DU,50,
2.023E+11,12,8,2023,14:15,1,59,59350,2,1,1,6,MONTAIGNE RUE DE,50,
2.023E+11,21,11,2023,07:45,2,75,75110,2,2,2,3,BOULEVARD DE LA VILLETTE,48,
2.023E+11,28,12,2023,18:25,3,47,47209,1,1,1,1,Route de Saint Arnaud,44,
2.023E+11,17,3,2023,22:30,5,972,97209,2,3,1,1,RELIGIEUSES (ROUTE DES),14,
2.023E+11,1,6,2023,18:20,1,56,56162,1,1,1,6,LARMOR (ROUTE DE),47,
2.023E+11,12,8,2023,13:51,1,56,56121,2,6,1,7,Rue Monistrol,47,
2.023E+11,26,12,2023,11:00,1,38,38075,1,5,1,3,Route du Grésivaudan,45,
2.023E+11,21,11,2023,10:10,1,75,75108,2,2,2,2,AVENUE GEORGE V,48,
2.023E+11,18,3,2023,20:45,5,69,69385,2,1,1,6,Place Docteur Schweitzer,45,
2.023E+11,1,6,2023,14:12,1,56,56098,2,9,1,3,DJIBAOU (RUE  JEAN-MARIE ),47,
2.023E+11,11,8,2023,17:25,1,54,54167,1,1,7,2,RD909,48,
2.023E+11,20,11,2023,16:15,2,75,75104,2,1,1,6,VOIE GEORGES POMPIDOU,48,
2.023E+11,19,3,2023,01:00,5,95,95572,2,1,2,6,Rue de Paris,49,
2.023E+11,28,12,2023,08:30,1,84,84020,1,1,8,3,D900,43,
2.023E+11,2,6,2023,18:40,1,54,54395,2,1,1,2,Boulevard Lobau,48,
2.023E+11,12,8,2023,16:00,1,51,51454,2,1,1,3,BONAPARTE (AVENUE DU GENERAL),49,
2.023E+11,21,11,2023,08:12,1,94,94028,2,9,2,3,Avenue de Verdun,48,
2.023E+11,1,6,2023,14:15,1,54,54547,1,1,1,2,Route de Mirecourt,48,
2.023E+11,18,3,2023,18:15,1,91,91687,2,1,1,2,COMMANDANT BARRE (AVENUE DU),48,
2.023E+11,28,12,2023,09:30,1,3,3138,2,2,2,6,Place de la République,46,
2.023E+11,12,8,2023,15:50,1,50,50147,2,1,1,3,ECLUSE CHETTE,49,
2.023E+11,21,11,2023,07:20,2,94,94028,2,1,2,2,Av du Mal de Lattre de Tassigny,48,
2.023E+11,26,12,2023,17:30,5,3,3060,2,6,1,6,Route de Saint-pourçain,46,
2.023E+11,17,3,2023,17:00,1,91,91027,2,1,1,2,RUE HENRI GOURMELIN,48,
2.023E+11,31,5,2023,18:30,1,54,54439,2,1,7,4,Avenue Charles de Gaulle,48,
2.023E+11,12,8,2023,13:28,1,49,49007,2,2,1,3,ONZE NOVEMBRE 1918 AVENUE,47,
2.023E+11,21,11,2023,13:00,1,94,94018,2,1,2,6,Rue de Paris,48,
2.023E+11,17,3,2023,10:40,1,83,83062,1,9,1,2,DRAGUIGNAN (AVENUE DE),43,
2.023E+11,27,12,2023,15:20,1,15,15163,2,3,7,1,RD 45,44,
2.023E+11,31,5,2023,15:55,1,54,54547,2,1,1,2,RM 674,48,
2.023E+11,12,8,2023,19:15,1,44,44109,2,1,1,3,123 Route de Sainte Luce,47,
2.023E+11,17,3,2023,17:50,1,78,78609,1,5,1,3,CD 28,49,
2.023E+11,31,5,2023,08:45,1,54,54498,2,1,1,2,RD 674,48,
2.023E+11,21,11,2023,19:00,2,93,93066,2,7,1,5,Rue Ambroise Croizat,48,
2.023E+11,28,12,2023,11:54,1,1,1232,1,1,1,1,960 Route de Bourg-en-bresse,46,
2.023E+11,2,6,2023,17:15,1,54,54323,2,1,1,6,DE LATTRE DE TASSIGNY (PLACE),49,
2.023E+11,18,3,2023,17:55,1,76,76540,2,3,2,3,Quai Cavelier de la Salle,49,
2.023E+11,12,8,2023,15:40,1,35,35238,2,3,1,1,LORIENT (DE),48,
2.023E+11,28,12,2023,18:14,3,73,73128,1,1,1,6,Route de Mognard,45,
2.023E+11,31,5,2023,08:05,1,52,52125,2,1,1,3,RD 619,48,
2.023E+11,21,11,2023,17:45,5,93,93050,2,3,2,3,Boulevard du Marechal Foch / Rue Villebois Mareuil,48,
2.023E+11,18,3,2023,11:30,1,69,69199,2,2,1,3,Rue Emile Zola,45,
2.023E+11,7,7,2023,03:40,3,34,34108,1,1,1,7,RD 600,43,
2.023E+11,2,6,2023,18:00,1,51,51454,2,1,1,6,DE GAULLE (AVENUE DU GENERAL),49,
2.023E+11,28,12,2023,07:10,3,8,8311,1,1,1,1,D19,49,
2.023E+11,17,3,2023,15:50,1,67,67180,2,9,1,3,KLEBER (RUE),48,
2.023E+11,21,11,2023,07:40,2,93,93031,2,3,2,6,Rue de Paris / Rue du Général Julien,48,
2.023E+11,2,6,2023,16:20,1,51,51454,2,1,1,2,NATIONALE (AVENUE) LA NEUVILLETTE,49,
2.023E+11,12,8,2023,20:50,1,33,33522,2,2,1,3,Rue Jean Mette,44,
2.023E+11,18,3,2023,15:40,1,64,64348,2,1,1,3,DIDIER DAURAT,43,
2.023E+11,28,12,2023,16:00,1,8,8457,2,1,1,3,Rue de la Suine,49,
2.023E+11,2,6,2023,17:25,1,51,51454,2,1,1,3,CHENIER (RUE ANDRE),49,
2.023E+11,12,8,2023,18:00,1,32,32013,1,1,1,3,ROCADE (RN 124 EST),43,
2.023E+11,21,11,2023,14:37,1,93,93027,2,2,2,2,Avenue Paul Vaillant Couturier / Rue Rateau,48,
2.023E+11,18,3,2023,12:00,1,64,64237,2,3,1,3,GELOS DE,43,
2.023E+11,26,12,2023,17:40,5,35,35189,2,1,1,1,Rue de Coupigné,48,
2.023E+11,12,8,2023,23:10,5,31,31555,2,1,1,1,SEYSSES (RTE DE) DU 296 AU 403,43,
2.023E+11,2,6,2023,13:50,1,51,51454,2,1,1,4,CHAMPAGNE   (  AVENUE DE),49,
2.023E+11,18,3,2023,18:55,1,64,64102,2,1,2,1,NAVARRE (AVENUE HENRI DE),43,
2.023E+11,25,12,2023,16:00,2,1,1032,1,1,1,6,autoroute A42 PK 023+000,45,
2.023E+11,21,11,2023,08:52,1,93,93072,2,3,2,3,Boulevard Maxime Gorki / Rue Pelletier,48,
2.023E+11,12,8,2023,19:30,1,31,31555,2,9,1,3,RTE DE LAUNAGUET,43,
2.023E+11,27,12,2023,19:30,5,987,98724,2,1,1,6,district de fare,-16,
2.023E+11,17,3,2023,16:50,1,64,64140,2,2,1,3,DOUANE (QUAI DE LA),43,
2.023E+11,21,11,2023,07:30,3,93,93047,2,3,2,6,Rue du Général de Gaulle / Avenue Victor Hugo,48,
2.023E+11,12,8,2023,02:25,5,31,31555,2,1,1,3,MINIMES (AV DES) DU 1AU 178,43,
2.023E+11,2,6,2023,07:40,1,49,49099,2,6,1,2,RONTARDIERE (BOULEVARD DE LA),47,
2.023E+11,18,3,2023,14:10,1,54,54395,2,2,1,3,SAINT DIZIER (RUE 82 ET 113 A FIN),48,
2.023E+11,25,12,2023,21:10,3,987,98747,1,1,2,6,PK48+300 RT2 Faaone,-17,
2.023E+11,21,11,2023,18:00,5,93,93007,2,1,2,6,Avenue de la République,48,
2.023E+11,11,8,2023,03:00,5,28,28134,2,1,1,7,DE GAULLE (RUE DU GENERAL),48,
2.023E+11,1,6,2023,14:00,1,49,49007,1,1,1,2,ATLANTIQUE  AVENUE DE L',47,
2.023E+11,21,11,2023,19:00,3,93,93055,2,1,2,7,Avenue Jean Jaurès,48,
2.023E+11,18,3,2023,22:30,5,37,37195,2,1,1,1,CHER (LEVEE DU),47,
2.023E+11,27,12,2023,21:30,3,988,98802,1,1,1,7,RPS4,-21,
2.023E+11,11,8,2023,20:10,1,27,27681,2,3,2,3,CROQUET (SENTE DU),49,
2.023E+11,2,6,2023,10:40,1,49,49007,2,6,1,3,PAJOTIN,47,
2.023E+11,18,3,2023,16:25,1,29,29019,2,1,8,2,rue Auguste Kervern,48,
2.023E+11,2,8,2023,13:10,1,18,18279,2,1,1,7,Place Salvador Allende,47,
2.023E+11,23,12,2023,15:40,1,973,97304,2,6,1,6,Avenue Gaston Monnerville,5,
2.023E+11,1,6,2023,21:47,2,49,49007,2,1,1,7,,47,
2.023E+11,21,11,2023,15:15,5,92,92078,2,3,1,3,GALLIENI (BD) (1 A 79 ET 22 A 102),48,
2.023E+11,18,3,2023,16:30,1,25,25462,2,1,1,6,REMPARTS,46,
2.023E+11,12,8,2023,15:40,1,18,18033,2,7,8,6,Place de Juranville,47,
2.023E+11,1,6,2023,16:34,1,49,49246,1,1,1,6,D952,47,
2.023E+11,22,12,2023,21:15,5,971,97128,1,1,1,1,Marly,16,
2.023E+11,21,11,2023,08:00,1,92,92075,2,6,2,3,CARREFOUR DE L'INSURRECTION,48,
2.023E+11,17,3,2023,13:15,1,21,21054,2,3,1,6,FOCH (BOULEVARD MARECHAL),47,
2.023E+11,10,8,2023,15:10,1,18,18033,2,3,1,3,Rue Jean Jacques Rousseau,47,
2.023E+11,2,6,2023,12:10,1,44,44184,2,1,1,2,113bis Boulevard Pierre de Maupertuis,47,
2.023E+11,19,12,2023,11:30,1,30,30211,2,4,1,7,Rue du Parc,43,
2.023E+11,18,3,2023,07:17,1,18,18279,1,1,1,1,N/A,47,
2.023E+11,21,11,2023,12:30,1,92,92063,2,3,2,3,RICHELIEU (BOULEVARD),48,
2.023E+11,12,8,2023,10:50,1,17,17415,2,6,2,3,GAUTIER RUE,45,
2.023E+11,17,3,2023,17:55,1,17,17415,2,1,1,4,DUFAURE AVENUE JULES,45,
2.023E+11,21,11,2023,08:55,1,92,92048,2,1,2,6,GARDES (ROUTE DES) N° 2 A 12,48,
2.023E+11,27,12,2023,16:05,1,84,84003,1,1,7,1,D3 - le jonquier,43,
2.023E+11,20,11,2023,00:35,5,92,92036,2,1,1,6,GENERAL DE GAULLE (AVENUE) (PAIRS),48,
2.023E+11,2,6,2023,15:20,1,43,43157,1,3,1,2,88 (ROUTE NATIONALE),45,
2.023E+11,18,3,2023,01:35,5,13,13212,2,3,1,2,CHARLES KADDOUZ (RUE),43,
2.023E+11,28,12,2023,12:05,1,13,13022,2,1,1,1,D559,43,
2.023E+11,21,11,2023,19:27,5,92,92012,2,1,2,6,EDOUARD VAILLANT (AVENUE) - DEBUT/55 - C,48,
2.023E+11,18,3,2023,23:12,5,10,10081,2,1,8,7,JEAN MERMOZ (RUE),48,
2.023E+11,2,6,2023,11:10,1,38,38516,2,9,1,2,RANDON (AV. MAL),45,
2.023E+11,21,11,2023,14:00,1,92,92012,2,1,1,6,ANDRE MORIZET (AVENUE) 1/47 - 2/52,48,
2.023E+11,18,3,2023,18:10,1,5,5061,1,1,1,6,PATAC (BARREAU DE),44,
2.023E+11,21,11,2023,14:10,1,92,92004,2,1,2,1,MARNE   ( AVENUE DE LA ),48,
2.023E+11,15,3,2023,17:10,1,75,75113,2,3,1,6,AVENUE DES GOBELINS,48,
2.023E+11,2,6,2023,14:24,1,37,37261,2,2,1,3,FOUQUET (RUE JEHAN),47,
2.023E+11,27,12,2023,21:30,3,14,14658,1,1,6,6,Rue du Vieux Château,48,
2.023E+11,21,11,2023,08:52,1,92,92009,2,2,2,3,RAOUL NORRLING ( RUE ),48,
2.023E+11,18,3,2023,11:06,1,75,75120,2,3,1,6,RUE DE BELLEVILLE,48,
2.023E+11,1,6,2023,16:30,1,37,37233,2,1,1,3,DUCLOS (AVENUE JACQUES),47,
2.023E+11,19,12,2023,14:45,1,56,56178,2,1,2,6,Quai des Récollets,48,
2.023E+11,18,3,2023,07:01,1,75,75104,2,2,1,3,QUAI HENRI IV,48,
2.023E+11,24,12,2023,13:15,1,22,22067,1,1,8,2,D54,48,
2.023E+11,2,6,2023,11:30,1,35,35238,2,3,1,3,MALAKOFF (PONT),48,
2.023E+11,21,11,2023,15:15,1,63,63345,1,2,2,3,D778/D5,45,
2.023E+11,18,3,2023,17:15,1,75,75117,2,2,1,3,AVENUE DE WAGRAM,48,
2.023E+11,28,12,2023,12:25,1,59,59029,2,7,1,3,Place du General de Gaulle,50,
2.023E+11,1,6,2023,08:23,1,34,34301,2,9,1,1,695 Avenue des Eaux Blanches,43,
2.023E+11,22,11,2023,03:00,5,976,97610,2,1,1,1,Route Nationale 1 - Koungou,-12,
2.023E+11,18,3,2023,11:45,1,75,75116,2,1,1,6,ALLEE DES FORTIFICATIONS,48,
2.023E+11,27,12,2023,13:25,1,33,33249,1,1,7,2,AUTOROUTE A 10,44,
2.023E+11,18,3,2023,01:25,5,75,75116,2,3,1,3,AVENUE DE NEW YORK,48,
2.023E+11,1,8,2023,16:10,1,1,1325,1,2,1,3,D22,45,
2.023E+11,2,6,2023,21:10,2,33,33281,2,1,1,1,Avenue Bon Air,44,
2.023E+11,21,11,2023,19:40,3,67,67535,1,1,1,7,D712,48,
2.023E+11,17,3,2023,22:00,5,75,75116,2,2,2,2,QUAI LOUIS BLERIOT,48,
2.023E+11,26,12,2023,09:49,1,59,59560,1,1,1,4,AUTOROUTE A1,50,
2.023E+11,23,10,2023,18:35,2,6,6149,2,1,1,1,36 Boulevard Général de Gaulle,43,
2.023E+11,18,3,2023,19:20,5,75,75112,2,1,1,3,ROUTE DE LA PYRAMIDE,48,
2.023E+11,26,12,2023,12:50,1,78,78402,1,1,1,2,A13,48,
2.023E+11,18,3,2023,13:30,1,75,75112,2,1,1,3,BOULEVARD DIDEROT,48,
2.023E+11,22,11,2023,09:40,1,31,31022,2,1,1,3,42 Route de Fronton,43,
2.023E+11,26,12,2023,04:40,3,93,93064,1,9,1,6,AUTOROUTE A86,48,
2.023E+11,18,3,2023,03:20,5,75,75111,2,2,1,3,RUE DU FAUBOURG SAINT ANTOINE,48,
2.023E+11,20,11,2023,18:30,3,68,68295,2,9,2,3,D201,48,
2.023E+11,18,3,2023,10:20,1,75,75109,2,1,1,6,BOULEVARD DE ROCHECHOUART,48,
2.023E+11,27,12,2023,03:45,3,77,77175,1,1,1,5,A5b,48,
2.023E+11,22,11,2023,15:30,1,83,83086,1,1,1,3,D1555,43,
2.023E+11,17,3,2023,21:55,5,75,75108,2,1,2,3,AVENUE HOCHE,48,
2.023E+11,28,6,2023,07:10,1,32,32382,1,1,1,6,RD 939 - PK 18+330,43,
2.023E+11,22,11,2023,07:30,2,58,58261,1,1,9,2,D33,47,
2.023E+11,18,3,2023,15:45,1,94,94044,2,1,2,1,Avenue Descartes,48,
2.023E+11,25,12,2023,12:00,1,974,97407,2,1,1,6,14 JUILLET 1789(AVENUE DU),-20,
2.023E+11,18,3,2023,10:15,1,94,94052,2,9,1,6,168 Grande Rue Charles de Gaulle,48,
2.023E+11,17,9,2023,19:05,2,75,75120,2,1,1,3,BOULEVARD PERIPHERIQUE,48,
2.023E+11,17,3,2023,14:20,1,94,94079,2,1,1,3,Boulevard Jean Monnet,48,
2.023E+11,18,9,2023,20:20,5,75,75119,2,2,2,3,RUE DE CRIMEE,48,
2.023E+11,26,12,2023,11:10,1,973,97302,2,1,1,1,GRANT (CITE),4,
2.023E+11,18,3,2023,12:42,1,94,94076,2,1,1,6,99 Rue de Chevilly,48,
2.023E+11,17,9,2023,22:30,5,75,75119,2,2,2,2,AVENUE DE LA PORTE DE PANTIN,48,
2.023E+11,18,3,2023,13:50,1,94,94028,2,1,1,3,Rue René Arcos,48,
2.023E+11,26,12,2023,00:20,5,973,97302,1,1,1,3,LEBLOND (ROND POINT),4,
2.023E+11,18,9,2023,08:40,1,75,75118,2,1,8,6,RUE DE LA CHAPELLE,48,
2.023E+11,18,3,2023,19:32,5,92,92073,2,1,2,7,WASHINGTON (BOULEVARD),48,
2.023E+11,18,9,2023,08:00,1,75,75118,2,2,1,3,BOULEVARD BARBES,48,
2.023E+11,18,3,2023,20:35,5,92,92049,2,3,1,3,DORMOY AVENUE MARX N°102 A FIN,48,
2.023E+11,25,12,2023,21:23,5,973,97302,2,9,1,3,BADUEL (ROUTE DE),4,
2.023E+11,18,9,2023,17:05,1,75,75117,2,3,2,6,AVENUE DES TERNES,48,
2.023E+11,18,3,2023,14:00,1,92,92044,2,2,1,6,LOUIS ROUQUIER(RUE)47A111 ET 50A104,48,
2.023E+11,25,12,2023,19:57,5,973,97302,2,9,1,6,FLAMBOYANTS (RUE DES),4,
2.023E+11,17,9,2023,13:30,1,75,75116,2,1,1,3,QUAI SAINT EXUPERY,48,
2.023E+11,19,3,2023,06:05,3,80,80047,1,1,5,6,D20,50,
2.023E+11,18,9,2023,10:30,1,75,75115,2,2,1,6,BOULEVARD LEFEBVRE,48,
2.023E+11,18,3,2023,11:45,1,2A,2A064,1,1,1,2,Route territoriale 40,41,
2.023E+11,26,12,2023,12:40,1,972,97209,1,2,1,6,EAUX DECOUPEES (CHEMIN DES),14,
2.023E+11,18,9,2023,09:20,1,75,75115,2,2,1,5,ESPLANADE HENRI DE FRANCE,48,
2.023E+11,19,3,2023,11:30,1,42,42120,1,2,1,3,Route de Saint Jean,45,
2.023E+11,25,12,2023,21:30,5,972,97209,2,1,1,1,BISHOP (Avenue Maurice),14,
2.023E+11,18,3,2023,22:50,3,31,31480,1,1,2,6,D18,43,
2.023E+11,18,9,2023,13:30,1,75,75111,2,2,1,3,BOULEVARD DE MENILMONTANT,48,
2.023E+11,26,12,2023,20:10,5,69,69202,2,2,1,6,Route de la Libération,45,
2.023E+11,18,3,2023,19:30,5,974,97422,2,1,1,7,10 Rue Montaigne,-21,
2.023E+11,18,9,2023,17:53,1,75,75110,2,3,1,6,RUE DU FAUBOURG SAINT DENIS,48,
2.023E+11,16,3,2023,20:15,3,972,97207,1,9,1,6,N5,14,
2.023E+11,9,9,2023,21:55,5,94,94081,2,1,1,6,Boulevard de Stalingrad,48,
2.023E+11,26,12,2023,04:31,5,971,97120,2,6,1,7,BLANCHARD,16,
2.023E+11,18,9,2023,14:45,1,94,94078,2,1,1,2,132 Rue de Paris,48,
2.023E+11,19,3,2023,15:30,1,58,58270,1,1,1,1,Le Gué des Saules,47,
2.023E+11,25,12,2023,19:45,5,971,97105,2,1,1,1,PAUL LACAVE (AVENUE ),15,
2.023E+11,19,3,2023,10:08,1,87,87014,1,1,2,6,A20 - SORTIE 24 - EN DIRECTION DU NORD ,,
2.023E+11,17,9,2023,22:05,5,94,94074,2,1,2,2,Avenue Henri Barbusse,48,
2.023E+11,18,3,2023,15:30,1,34,34095,1,1,3,1,M185,43,
2.023E+11,17,9,2023,10:10,1,94,94011,2,9,1,3,Rue Pierre Sémard,48,
2.023E+11,18,3,2023,00:30,3,19,19110,1,1,1,6,Le Braud,45,
2.023E+11,25,12,2023,15:00,1,971,97105,2,3,1,3,SCHOECHER (RUE),15,
2.023E+11,18,9,2023,00:00,5,94,94081,2,1,2,6,Rue Léon Geffroy,48,
2.023E+11,19,3,2023,13:50,1,56,56090,2,1,1,6,Lieu-dit le Pontoir,47,
2.023E+11,26,12,2023,21:35,3,91,91223,1,1,1,6,RD 191,48,
2.023E+11,18,9,2023,02:09,5,93,93066,2,1,1,3,Rue Ambroise Croizat,48,
2.023E+11,29,1,2023,04:00,3,56,56123,2,7,1,6,Place de l’Eglise,47,
2.023E+11,26,12,2023,04:45,5,87,87085,2,3,1,2,BAUDIN ( AVENUE) (VC),45,
2.023E+11,18,9,2023,12:20,1,93,93066,2,6,1,3,Avenue Lénine / Rue de Strasbourg,48,
2.023E+11,18,3,2023,16:20,1,76,76302,2,1,1,1,Rue de la Voie Romaine,49,
2.023E+11,24,12,2023,19:30,5,78,78172,2,1,1,6,BOURSEUL (RUE CHARLES),48,
2.023E+11,17,9,2023,17:30,1,93,93051,2,1,1,3,Rue du Réseau Robert Keller,48,
2.023E+11,18,3,2023,16:45,1,2B,2B219,2,1,1,1,le village,42,
2.023E+11,19,3,2023,11:10,1,65,65442,1,1,2,6,Route de Boulogne,43,
2.023E+11,18,9,2023,18:00,1,93,93029,2,1,8,3,Avenue Henri Barbusse,48,
2.023E+11,26,12,2023,12:15,1,76,76351,2,3,1,3,CAVEE VERTE (RUE DE LA),49,
2.023E+11,19,3,2023,12:40,1,25,25212,2,1,2,3,Rue du Vallon,47,
2.023E+11,17,9,2023,13:30,1,93,93027,2,1,1,6,Avenue Paul Vaillant Couturier,48,
2.023E+11,26,12,2023,02:20,5,76,76351,2,1,1,7,GOBELINS (DES),49,
2.023E+11,18,9,2023,11:05,1,92,92051,2,1,1,6,BINEAU (BOULEVARD,,
2.023E+11,22,12,2023,20:40,3,76,76270,1,1,1,6,RD 6382,49,
2.023E+11,15,3,2023,13:05,1,35,35230,1,2,1,5,D15,48,
2.023E+11,18,9,2023,15:10,1,92,92044,2,1,1,2,CHARLES PASQUA (QUAI) 58 A90,48,
2.023E+11,18,3,2023,20:20,3,29,29300,1,1,1,6,La Croix Logan,47,
2.023E+11,22,12,2023,20:15,5,76,76305,2,6,2,3,Jacques EBERHARD (Avenue),49,
2.023E+11,18,9,2023,07:55,1,92,92044,2,2,1,3,P.V.COUTURIER(RUE)65A79 ET50A58,48,
2.023E+11,18,3,2023,20:53,5,38,38022,1,1,1,1,ROUTE DES ALPES,45,
2.023E+11,18,9,2023,09:20,1,92,92062,2,1,1,6,BOULEVARD CIRCULAIRE,48,
2.023E+11,25,12,2023,18:05,5,74,74298,2,3,1,3,CHENES (ALLEE DES ),46,
2.023E+11,18,9,2023,12:40,1,92,92026,2,1,1,3,COLOMBES,48,
2.023E+11,18,3,2023,20:55,3,1,1319,1,1,1,6,Route de Chatillon,46,
2.023E+11,25,12,2023,18:40,3,74,74010,2,4,1,6,CORNICHE (BOULEVARD DE LA),45,
2.023E+11,18,9,2023,15:15,1,92,92014,2,3,8,4,FONTENAY (RUE),48,
2.023E+11,26,12,2023,11:05,1,73,73011,2,9,1,6,CURIE (RUE PIERRE ET MARIE),45,
2.023E+11,18,3,2023,17:35,1,45,45040,2,3,1,6,Chemin de la Cheuille,47,
2.023E+11,18,9,2023,06:35,3,35,35136,1,1,1,2,Janzé,47,
2.023E+11,25,12,2023,20:05,5,69,69290,2,1,1,1,Route d'Heyrieux,45,
2.023E+11,18,3,2023,11:30,1,10,10287,1,1,1,2,D960,48,
2.023E+11,19,9,2023,07:10,2,47,47272,1,1,1,1,route de paris,44,
2.023E+11,26,12,2023,17:45,5,66,66136,2,1,1,6,Boulevard Aristide BRIAND,42,
2.023E+11,19,9,2023,07:00,2,45,45247,1,1,1,1,Rue de la Varenne,48,
2.023E+11,19,3,2023,00:45,3,16,16380,1,1,2,7,Au Rochet,45,
2.023E+11,18,3,2023,15:15,1,24,24038,1,1,3,6,D708,45,
2.023E+11,15,9,2023,18:00,1,68,68295,1,2,1,3,Route de Herrlisheim,48,
2.023E+11,17,9,2023,18:40,1,14,14061,1,1,1,6,5 Route de Caen,48,
2.023E+11,26,12,2023,10:30,1,66,66136,2,1,1,4,N/A,42,
2.023E+11,19,9,2023,17:45,1,42,42322,1,1,1,6,1689 Route de la Croix de Chaubouret,45,
2.023E+11,19,3,2023,15:15,1,21,21423,1,1,2,3,Autoroute A6,,
2.023E+11,26,12,2023,10:30,1,66,66136,2,9,1,6,Boulevard Docteur Joseph DENOYES,42,
2.023E+11,19,9,2023,06:10,3,8,8027,1,1,1,2,A34,49,
2.023E+11,18,3,2023,01:30,3,988,98819,1,9,1,7,col amos,-20,
2.023E+11,17,9,2023,20:51,5,51,51629,2,1,1,7,D951,49,
2.023E+11,26,12,2023,11:53,1,64,64483,2,1,1,2,RD810,43,
2.023E+11,18,9,2023,09:25,1,56,56261,1,3,1,3,Lieu Dit Hutte Saint Pierre,47,
2.023E+11,19,3,2023,15:30,1,973,97305,1,3,1,3,Hôtel Maillard (Patrimoine national),4,
2.023E+11,26,12,2023,18:15,3,64,64284,1,1,1,2,RAUSKI,43,
2.023E+11,18,9,2023,17:30,1,56,56212,1,1,1,1,La mine,47,
2.023E+11,18,3,2023,17:25,1,33,33245,1,1,2,6,D115,44,
2.023E+11,19,3,2023,03:00,3,33,33214,1,1,1,6,D6,45,
2.023E+11,18,9,2023,17:40,1,79,79293,1,5,1,3,N/A,46,
2.023E+11,26,12,2023,00:45,5,64,64024,2,6,1,3,N/A,43,
2.023E+11,19,3,2023,06:15,3,28,28363,1,1,2,1,RD24,48,
2.023E+11,18,9,2023,16:25,1,82,82182,1,1,1,1,D41 PK 10+953,44,
2.023E+11,17,3,2023,13:45,1,45,45155,2,2,1,1,75 Avenue President Wilson,47,
2.023E+11,26,12,2023,13:00,1,56,56162,2,1,2,1,Chemin de Lorient au passage Saint-Maurice,47,
2.023E+11,19,9,2023,17:10,1,65,65363,1,2,1,3,d817,43,
2.023E+11,19,3,2023,01:30,3,30,30211,2,1,1,6,N/A,43,
2.023E+11,18,9,2023,19:26,1,65,65069,2,1,1,6,Chemin du Haut-Mour,43,
2.023E+11,18,3,2023,17:15,1,70,70046,1,2,1,3,D486,47,
2.023E+11,19,9,2023,11:55,1,71,71154,1,1,1,7,123 Rue Principale,46,
2.023E+11,24,12,2023,15:05,1,56,56121,2,1,1,7,TOULLEC (RUE  FRANCOIS ),47,
2.023E+11,18,3,2023,18:22,2,67,67529,1,1,1,6,Rue Creuse,48,
2.023E+11,19,9,2023,17:44,2,71,71014,2,1,7,6,Rue de l?Arquebuse,46,
2.023E+11,18,3,2023,22:30,3,1,1211,1,1,1,7,Route départementale 64a,46,
2.023E+11,19,9,2023,11:15,1,42,42034,1,1,1,6,Les Chassagnes,45,
2.023E+11,17,3,2023,23:36,3,17,17058,2,3,1,7,Rue de la Sainceaudière,45,
2.023E+11,18,9,2023,13:45,1,41,41164,2,2,1,3,Avenue de la Gare,47,
2.023E+11,18,3,2023,06:15,3,33,33175,1,1,1,6,5 Route de Rauzan,44,
2.023E+11,17,9,2023,01:17,5,31,31033,2,1,1,6,Avenue de Nailloux,43,
2.023E+11,18,3,2023,10:00,1,72,72264,2,6,2,3,7 Rue de la Petite Vitesse,47,
2.023E+11,19,3,2023,11:30,1,35,35360,1,1,1,7,RD 178,48,
2.023E+11,15,9,2023,22:00,5,2,2328,2,1,1,6,1 Rue des Dîmes,49,
2.023E+11,28,2,2023,14:30,1,60,60141,2,6,1,3,rond point de sylvie,49,
2.023E+11,19,9,2023,17:05,1,2,2215,2,3,1,3,10 Rue de Reims,49,
2.023E+11,19,3,2023,16:50,1,59,59660,1,1,1,7,Chaussee de Verdun,50,
2.023E+11,18,3,2023,19:20,2,13,13026,1,1,1,6,A55-Sens Marseille vers Martigues,43,
2.023E+11,18,9,2023,16:45,1,14,14578,1,3,1,4,31bis Route de Honfleur,49,
2.023E+11,18,9,2023,05:45,3,90,90033,2,1,2,7,Boulevard de la Liberte,47,
2.023E+11,18,3,2023,13:30,1,33,33249,1,1,1,5,ROCADE A 630,44,
2.023E+11,19,9,2023,12:55,1,9,9189,1,1,1,6,N20,42,
2.023E+11,18,3,2023,16:10,1,91,91286,1,1,1,3,AUTOROUTE A6,48,