Num_Acc,jour,mois,an,hrmn,lum,dep,com,agg,int,atm,col,adr,lat,long
2.023E+11,16,9,2023,14:15,1,45,45296,1,1,1,2,D955 PR 17 + 800,47,
2.023E+11,18,3,2023,13:20,1,91,91689,1,1,1,2,AUTOROUTE A6B,48,
2.023E+11,16,9,2023,12:00,1,73,73229,1,3,1,7,D1006 Route de chambery,45,
2.023E+11,18,3,2023,10:20,1,91,91319,1,1,1,7,AUTOROUTE A10,48,
2.023E+11,19,9,2023,13:30,1,10,10054,1,1,1,6,D440,48,
2.023E+11,18,3,2023,09:05,1,91,91037,1,1,1,7,AUTOROUTE A6,48,
2.023E+11,18,9,2023,12:20,1,16,16208,1,2,1,3,carrefour D119 - D75,45,
2.023E+11,17,3,2023,23:45,3,91,91103,1,1,1,7,RN 104,48,
2.023E+11,19,9,2023,13:30,1,85,85018,1,1,1,2,RD 948,46,
2.023E+11,18,3,2023,00:01,3,91,91136,1,1,1,7,A10 EXT,48,
2.023E+11,18,3,2023,16:05,1,92,92025,1,1,1,3,A86,48,
2.023E+11,18,9,2023,17:29,1,27,27665,1,3,1,1,D89,49,
2.023E+11,18,3,2023,09:30,1,92,92072,1,1,1,6,N118,48,
2.023E+11,19,9,2023,08:10,1,30,30184,1,1,1,5,N/A,43,
2.023E+11,19,9,2023,11:30,1,6,6152,1,1,1,3,Route du Parc,43,
2.023E+11,18,3,2023,09:00,5,92,92063,1,1,1,2,A86,48,
2.023E+11,19,9,2023,10:34,1,33,33227,1,1,1,2,A62 PK 038.345,44,
2.023E+11,18,2,2023,05:15,3,78,78423,1,1,1,6,A12 Y,48,
2.023E+11,18,3,2023,22:23,3,78,78238,1,1,1,2,A13,48,
2.023E+11,19,9,2023,10:10,1,69,69003,2,1,1,4,31 Avenue Henri Barbusse,45,
2.023E+11,17,3,2023,20:55,3,78,78238,1,1,8,4,A13,48,
2.023E+11,3,9,2023,04:50,3,13,13018,1,1,1,2,autoroute A7 pk 203.000,43,
2.023E+11,18,9,2023,17:30,1,34,34202,1,1,1,3,M5e5,43,
2.023E+11,18,3,2023,12:10,1,93,93007,1,1,1,2,AUTOROUTE A1,48,
2.023E+11,18,9,2023,18:20,1,77,77171,2,1,1,3,Avenue Charles de Gaulle,48,
2.023E+11,18,3,2023,07:45,1,93,93078,1,1,8,6,AUTOROUTE A104,48,
2.023E+11,15,9,2023,07:30,2,66,66230,2,3,1,6,Rue du 19 Mars 1962,42,
2.023E+11,18,3,2023,04:45,3,93,93005,1,1,2,6,A104,48,
2.023E+11,18,3,2023,02:00,3,95,95277,1,1,8,6,A3,48,
2.023E+11,19,9,2023,16:03,1,11,11076,2,1,1,6,13 Avenue Monseigneur de Langle,43,
2.023E+11,9,9,2023,14:40,1,4,4152,1,1,1,6,Chemin des plaines,43,
2.023E+11,18,3,2023,01:30,3,93,93005,1,1,9,6,AUTOROUTE A104,48,
2.023E+11,18,3,2023,06:50,2,94,94028,1,1,2,2,A86,48,
2.023E+11,14,9,2023,19:00,2,13,13051,1,2,1,1,Route des Baisses,43,
2.023E+11,16,3,2023,14:35,1,45,45004,2,1,7,6,302 Rue Briselance,47,
2.023E+11,18,9,2023,06:15,3,52,52227,1,1,1,6,D16,48,
2.023E+11,15,3,2023,18:00,2,6,6027,2,1,1,6,SOUTINE RUE,43,
2.023E+11,17,9,2023,13:45,1,38,38298,2,2,1,3,Rue de Bregnieux,45,
2.023E+11,17,3,2023,18:30,1,974,97411,2,1,1,7,FOUCQUE (AVENUE HIPPOLYTE),-20,
2.023E+11,19,9,2023,16:30,1,69,69014,1,4,1,1,Route Départementale 4E,45,
2.023E+11,19,9,2023,09:25,1,31,31395,2,6,7,6,Avenue des Pyrénées,43,
2.023E+11,17,3,2023,14:55,1,974,97411,2,1,1,1,AVENIR (RUE DE L'),-20,
2.023E+11,18,9,2023,11:10,1,79,79081,1,1,1,2,N/A,46,
2.023E+11,17,3,2023,11:51,1,972,97213,2,1,1,3,BASSE GONDEAU (CHEMIN RURAL N°3 DE),14,
2.023E+11,18,9,2023,07:35,1,33,33438,2,1,1,3,Route de Gascogne,44,
2.023E+11,17,3,2023,11:05,1,69,69382,2,4,1,3,4 Quai Maréchal Joffre,45,
2.023E+11,18,9,2023,21:15,3,44,44052,1,1,1,7,12 Route de Montoir-de-Bretagne,47,
2.023E+11,16,3,2023,07:35,1,69,69034,2,9,1,2,Avenue Louis Dufour,45,
2.023E+11,16,9,2023,21:45,5,22,22093,2,6,1,7,Rue de Penthièvre,48,
2.023E+11,25,8,2023,17:00,1,59,59053,1,1,1,7,D649,50,
2.023E+11,16,3,2023,06:50,1,971,97113,1,1,1,3,RN4 - SECTION RIVIERA,16,
2.023E+11,17,3,2023,17:35,1,95,95680,2,1,1,6,Boulevard Salvador Allende,49,
2.023E+11,15,9,2023,17:50,1,54,54197,1,1,1,4,Autoroute A 33,48,
2.023E+11,17,3,2023,09:00,1,91,91421,2,1,1,6,REPUBLIQUE (AVENUE DE LA),48,
2.023E+11,18,9,2023,19:39,1,33,33192,1,1,1,6,ROCADE A 630,44,
2.023E+11,17,3,2023,20:35,5,91,91687,2,3,3,3,COMMANDANT BARRE (AVENUE DU),48,
2.023E+11,14,9,2023,22:10,3,59,59082,1,1,1,6,ROUTE NATIONALE 225,50,
2.023E+11,16,3,2023,16:35,1,91,91433,2,1,1,6,MALADRERIE (RUE DE LA)     CD17,48,
2.023E+11,15,9,2023,18:05,1,59,59124,1,1,1,7,AUTOROUTE A27,50,
2.023E+11,17,3,2023,19:00,5,84,84035,2,2,1,1,VERDUN (AVENUE DE),43,
2.023E+11,18,9,2023,08:49,1,91,91345,1,1,1,3,AUTOROUTE A6,48,
2.023E+11,16,3,2023,11:10,1,78,78551,1,2,1,3,RN 184,48,
2.023E+11,18,9,2023,17:10,1,92,92050,1,1,2,5,A86,48,
2.023E+11,15,3,2023,06:00,3,77,77373,1,1,1,3,RN 4,48,
2.023E+11,17,9,2023,18:00,1,92,92036,1,1,1,2,A86,48,
2.023E+11,17,3,2023,11:55,1,77,77384,1,1,1,1,D57,48,
2.023E+11,17,9,2023,00:38,3,92,92048,1,1,1,3,N118,48,
2.023E+11,16,9,2023,17:00,1,78,78321,1,1,1,2,RN12 INT,48,
2.023E+11,18,9,2023,18:00,1,93,93063,1,1,1,4,AUTOROUTE A3,48,
2.023E+11,17,3,2023,19:00,2,76,76157,2,3,1,3,Cote de Canteleu,49,
2.023E+11,18,9,2023,08:00,1,95,95582,1,1,1,2,A15,48,
2.023E+11,16,3,2023,16:25,1,76,76351,2,2,1,3,GABRIEL PERI,49,
2.023E+11,18,9,2023,08:30,1,93,93008,1,1,1,3,AUTOROUTE A86,48,
2.023E+11,17,3,2023,07:25,2,72,72181,2,6,1,1,LOUIS BLANC (QUAI),48,
2.023E+11,18,9,2023,07:30,1,93,93064,1,1,1,3,AUTOROUTE A86,48,
2.023E+11,17,3,2023,09:45,1,71,71306,2,1,1,2,ALOUETTES (AVENUE DES),46,
2.023E+11,17,9,2023,03:30,5,93,93027,1,9,1,2,AUTOROUTE A1,48,
2.023E+11,17,3,2023,16:00,1,69,69264,2,1,1,6,Avenue Saint-Exupery,45,
2.023E+11,18,9,2023,14:20,1,77,77468,1,1,1,2,A104,48,
2.023E+11,16,3,2023,12:30,1,67,67482,2,7,1,3,HAGUENAU (PLACE DE),48,
2.023E+11,18,9,2023,10:00,1,94,94017,1,1,1,3,A4,48,
2.023E+11,16,3,2023,18:42,2,66,66136,2,2,1,1,N/A,42,
2.023E+11,17,9,2023,22:20,3,94,94028,1,1,2,2,A86 INT,48,
2.023E+11,16,3,2023,13:20,1,66,66136,1,1,1,2,N/A,42,
2.023E+11,22,6,2023,19:15,1,33,33318,2,6,7,3,Avenue Marc Desbats,44,
2.023E+11,16,3,2023,07:51,2,66,66136,1,1,1,4,N/A,42,
2.023E+11,30,5,2023,17:45,1,14,14011,1,1,1,6,2208 Route d'Anctoville,49,
2.023E+11,17,3,2023,15:15,1,64,64024,2,3,1,6,BAYONNE (AVENUE DE),43,
2.023E+11,16,9,2023,16:05,1,976,97611,2,1,2,3,m'tsapere-Mosquée Maevantana (ruelle ),-12,
2.023E+11,17,3,2023,10:58,1,64,64140,2,1,1,7,FOIX (AV LOUIS DE),43,
2.023E+11,16,3,2023,10:12,1,63,63113,2,1,1,3,FONTGIEVE (RUE),45,
2.023E+11,17,9,2023,02:30,5,973,97302,2,2,1,3,BRASSE (LIEUTENANT),4,
2.023E+11,17,3,2023,16:00,1,59,59599,2,1,1,6,GRAMME (CHAUSSEE),50,
2.023E+11,16,9,2023,18:50,3,972,97213,1,1,1,2,ROUTE NATIONALE 1,14,
2.023E+11,17,3,2023,16:45,1,58,58194,2,3,1,3,COLBERT,46,
2.023E+11,17,9,2023,15:45,1,972,97209,1,1,1,6,SOLEIL LEVANT (BOULEVARD DU),14,
2.023E+11,16,3,2023,21:45,5,57,57672,2,1,1,6,VINGTIEME CORPS (BOULEVARD DU),49,
2.023E+11,17,9,2023,17:10,1,69,69385,2,9,1,3,23 Quai de Bondy,45,
2.023E+11,17,3,2023,22:11,5,54,54304,2,1,2,1,QUATRE VENTS (AVENUE DES),48,
2.023E+11,17,9,2023,17:13,1,2B,2B033,2,3,1,3,AV DE LA LIBERATION,42,
2.023E+11,17,3,2023,19:40,5,54,54395,2,2,1,3,STRASBOURG (AVENUE DE),48,
2.023E+11,17,9,2023,12:20,1,971,97120,2,2,1,3,HANNE (BOULEVARD),16,
2.023E+11,16,3,2023,16:55,1,54,54578,2,3,1,2,MALRAUX (AVENUE ANDRE),48,
2.023E+11,17,9,2023,11:00,1,971,97113,1,1,1,3,Section Port Blanc,16,
2.023E+11,15,3,2023,07:51,1,52,52121,2,1,1,2,ASHTON UNDER LYNE (AVENUE D'),48,
2.023E+11,8,9,2023,00:10,5,971,97113,1,3,1,3,RN4 - SECTION RIVIERA,16,
2.023E+11,17,3,2023,23:40,3,51,51431,1,1,1,7,D40,49,
2.023E+11,17,9,2023,21:00,5,77,77111,2,1,1,6,BD DU GRAND FOSSE,48,
2.023E+11,16,3,2023,08:35,1,50,50129,2,1,1,5,NORTHEIM (AVENUE DE),49,
2.023E+11,16,9,2023,17:20,1,77,77186,2,1,1,3,ANDRE MAGINOT (BOULEVARD),48,
2.023E+11,16,3,2023,08:30,1,50,50129,2,2,2,2,NORMANDIE (AVENUE DE),49,
2.023E+11,15,9,2023,11:00,1,68,68376,2,1,1,6,SAINT CLOUD (RUE DU),47,
2.023E+11,16,3,2023,18:33,1,49,49007,2,1,1,6,BEDIER BOULEVARD,47,
2.023E+11,17,3,2023,08:40,1,45,45075,2,1,1,6,8 Rue d'Ingré,47,
2.023E+11,17,9,2023,20:28,5,63,63164,2,3,1,3,PONT (RUE DU),45,
2.023E+11,17,3,2023,11:00,1,45,45004,2,1,1,6,69 Rue Marchais Muraille,47,
2.023E+11,16,9,2023,10:25,1,62,62765,2,1,1,6,Avenue Charles de Gaulle,50,
2.023E+11,17,3,2023,12:30,1,38,38151,2,1,1,1,COURS JEAN JAURÈS,45,
2.023E+11,17,9,2023,21:35,5,62,62083,2,2,1,3,Rue de Versailles,50,
2.023E+11,17,3,2023,10:00,1,37,37214,2,1,1,4,DE GAULLE (BD CHARLES),47,
2.023E+11,17,9,2023,18:50,1,62,62186,2,3,8,6,D166,50,
2.023E+11,17,3,2023,17:05,1,35,35238,2,2,1,3,LIBERTE (BD DE LA),48,
2.023E+11,17,9,2023,10:55,1,62,62457,2,6,1,3,D86,50,
2.023E+11,16,9,2023,21:30,5,62,62643,2,1,1,1,Rue des Peupliers,50,
2.023E+11,18,3,2023,01:50,5,33,33063,2,1,2,6,Rue Yves Glotin,44,
2.023E+11,17,3,2023,23:25,5,33,33063,2,1,2,6,Rue du Tondu,44,
2.023E+11,15,9,2023,15:30,1,60,60057,2,1,1,3,Rue des Déportés,49,
2.023E+11,17,3,2023,08:40,1,33,33522,2,1,1,3,Chemin de Leysotte,44,
2.023E+11,17,9,2023,19:20,1,59,59350,2,1,1,3,DOREZ BARTHELEMY PLACE,50,
2.023E+11,17,3,2023,03:45,3,33,33550,2,1,1,6,Avenue Maréchal de Lattre de Tassigny,44,
2.023E+11,17,9,2023,17:15,1,58,58194,2,9,1,2,DOCKS,46,
2.023E+11,17,9,2023,12:05,1,42,42207,2,9,1,3,Boulevard de la Grande Terre,45,
2.023E+11,17,3,2023,11:30,1,31,31555,2,1,1,3,BD SILVIO TRENTIN,43,
2.023E+11,17,9,2023,22:45,5,35,35238,2,6,1,3,VALLES (JULES),48,
2.023E+11,16,3,2023,10:40,1,31,31555,2,1,1,2,Chemin des Etroits,43,
2.023E+11,17,9,2023,11:15,1,35,35238,1,1,1,7,N/A,48,
2.023E+11,16,3,2023,07:55,2,31,31555,2,1,1,6,AV DE RANGUEIL,43,
2.023E+11,17,9,2023,02:10,5,33,33529,2,1,1,6,CHENES VERTS (AVE DES),44,
2.023E+11,17,3,2023,13:30,1,26,26198,2,1,1,6,Rue Roland Barthes,44,
2.023E+11,17,9,2023,10:30,1,31,31555,2,1,1,3,LARDENNE (AV DE) DU 1AU 84,43,
2.023E+11,16,3,2023,13:30,1,19,19031,2,2,1,2,PASTEUR (AVENUE),45,
2.023E+11,17,9,2023,04:50,3,29,29232,1,9,1,6,Rond-Point de Koad Bili,48,
2.023E+11,17,3,2023,16:40,1,17,17415,2,1,1,3,JEAN RUE DU DOCTEUR,45,
2.023E+11,17,9,2023,19:38,2,28,28404,2,6,1,3,NUISEMENT (RUE DE),48,
2.023E+11,15,3,2023,13:50,1,14,14366,2,6,1,3,2 Boulevard Sainte Anne,49,
2.023E+11,17,9,2023,20:35,5,25,25388,2,1,1,6,BOIS BOURGEOIS (RUE DU),47,
2.023E+11,17,3,2023,17:21,1,14,14327,2,6,1,3,Le Grand Parc,49,
2.023E+11,17,9,2023,09:30,1,16,16015,2,6,1,2,BORDEAUX (ROUTE DE N° IMPAIRS),45,
2.023E+11,17,3,2023,20:30,5,13,13106,2,3,1,3,8 MAI 1945 (AVENUE DU),43,
2.023E+11,17,9,2023,13:50,1,13,13212,2,1,1,1,CAMPANULES (CHEMIN DES),43,
2.023E+11,13,2,2023,13:40,1,13,13039,1,1,1,2,VENTILLON (zone du),43,
2.023E+11,15,9,2023,08:00,1,13,13028,2,1,1,2,DULAC (AVENUE GUILLAUME),43,
2.023E+11,17,3,2023,19:10,2,13,13208,2,1,1,3,MENDES FRANCE (AVENUE),43,
2.023E+11,17,9,2023,12:30,1,7,7281,1,1,1,7,C.D.533,44,
2.023E+11,17,3,2023,15:15,1,13,13201,2,1,1,3,CANEBIERE    81 A FIN,43,
2.023E+11,17,9,2023,12:00,1,75,75120,2,1,1,2,PORTE DES LILAS,48,
2.023E+11,17,3,2023,13:30,1,13,13211,2,1,1,4,JEAN LOMBARD (AVENUE),43,
2.023E+11,16,9,2023,13:25,1,75,75120,2,1,1,2,PORTE DES LILAS,48,
2.023E+11,17,3,2023,08:00,1,11,11069,2,9,6,3,500 Boulevard Denis Papin,43,
2.023E+11,17,9,2023,17:20,1,75,75120,2,1,1,6,RUE DES PYRENEES,48,
2.023E+11,17,3,2023,04:20,5,11,11069,2,2,1,6,2 Chemin de Saint Salvy,43,
2.023E+11,17,9,2023,01:20,5,75,75120,2,1,1,3,AVENUE GAMBETTA,48,
2.023E+11,16,3,2023,22:35,5,11,11069,2,1,1,6,4 Boulevard Barbès,43,
2.023E+11,17,9,2023,16:45,1,75,75114,2,2,1,6,RUE DE L OUEST,48,
2.023E+11,17,3,2023,19:30,5,10,10387,2,1,1,2,Cours Jacquin,48,
2.023E+11,16,9,2023,22:35,5,75,75113,2,3,1,3,AVENUE D ITALIE,48,
2.023E+11,17,3,2023,13:58,1,10,10325,2,2,1,3,BERTHELIN DE ROSIERES (RUE),48,
2.023E+11,17,9,2023,09:30,1,75,75112,2,1,1,3,ROUTE DE LA PYRAMIDE,48,
2.023E+11,16,3,2023,14:15,1,10,10333,1,9,1,3,N/A,48,
2.023E+11,16,9,2023,21:55,5,75,75110,2,2,1,1,RUE DE SAINT QUENTIN,48,
2.023E+11,16,3,2023,12:41,1,10,10357,2,2,1,3,HENRI BARBUSSE (RUE),48,
2.023E+11,17,9,2023,01:30,5,75,75107,2,2,1,6,QUAI D ORSAY,48,
2.023E+11,17,3,2023,17:16,1,6,6088,2,1,1,6,VAUBAN (R. MARECHAL),43,
2.023E+11,17,9,2023,16:45,1,75,75107,2,1,1,7,PORT DE LA BOURDONNAIS,48,
2.023E+11,17,3,2023,16:00,1,6,6159,2,9,1,6,ALBERT 1ER (AVENUE),43,
2.023E+11,16,9,2023,02:15,5,75,75104,2,7,1,6,PLACE DE LA BASTILLE,48,
2.023E+11,17,3,2023,07:48,1,6,6069,2,1,1,3,SEMARD - LA GARE (AVENUE PIERRE),43,
2.023E+11,17,3,2023,09:30,1,6,6004,2,4,1,6,ESTEREL AV.DE L',43,
2.023E+11,17,9,2023,00:50,5,94,94074,2,3,1,5,Avenue Henri Barbusse,48,
2.023E+11,16,3,2023,18:10,5,75,75116,2,1,1,3,PORTE D AUTEUIL,48,
2.023E+11,17,9,2023,18:30,1,94,94043,2,1,1,3,Avenue de Fontainebleau,48,
2.023E+11,15,3,2023,18:50,5,75,75114,2,1,1,5,PORTE DE VANVES,48,
2.023E+11,16,9,2023,03:10,5,94,94022,2,9,1,4,D5,48,
2.023E+11,15,3,2023,13:50,1,75,75114,2,1,1,2,PORTE DE VANVES,48,
2.023E+11,17,9,2023,16:40,1,93,93070,2,1,1,6,Rue Charles Schmidt,48,
2.023E+11,16,3,2023,20:50,5,75,75117,2,2,1,7,BOULEVARD PERIPHERIQUE EXTERIEUR OUEST,48,
2.023E+11,17,9,2023,15:30,1,93,93031,2,3,1,3,Avenue de la République / Villa Magnier,48,
2.023E+11,17,3,2023,11:35,1,75,75120,2,2,1,3,RUE DE LAGNY,48,
2.023E+11,16,9,2023,16:40,1,93,93007,2,2,1,3,Rue de la Victoire / Avenue Charles Floquet,48,
2.023E+11,17,3,2023,19:55,5,75,75117,2,2,2,3,AVENUE DE WAGRAM,48,
2.023E+11,17,9,2023,21:50,3,93,93005,2,2,3,3,Boulevard Marc Chagall / Chemin du Moulin de la Ville,48,
2.023E+11,17,9,2023,16:05,1,92,92076,2,1,1,6,LA CELLE SAINT CLOUD,48,
2.023E+11,17,3,2023,13:45,1,75,75115,2,2,1,6,RUE LECOURBE,48,
2.023E+11,16,9,2023,22:35,5,92,92033,2,1,1,6,DIX NEUF JANVIER,48,
2.023E+11,17,9,2023,09:50,1,92,92073,2,1,1,3,VERDUN (RUE DE) N° 78 A 164,48,
2.023E+11,17,9,2023,07:20,2,92,92026,2,1,1,3,COLOMBES,48,
2.023E+11,16,9,2023,22:30,3,974,97415,1,1,1,6,Route Nationale 1,-20,
2.023E+11,17,9,2023,20:00,3,51,51094,1,1,1,7,RD 15,48,
2.023E+11,16,9,2023,17:45,1,1,1450,1,1,1,1,Chemin de Chatillon la Palud,45,
2.023E+11,17,9,2023,01:30,5,988,98810,2,1,1,7,RT1,-20,
2.023E+11,14,9,2023,11:50,1,974,97422,2,2,1,1,Rue du Général de Gaulle,-21,
2.023E+11,16,9,2023,15:30,1,974,97412,2,1,1,6,13 Rue des Bosquets,-21,
2.023E+11,18,9,2023,10:35,1,52,52147,1,1,1,2,A31 PK105.480,47,
2.023E+11,14,9,2023,22:50,3,62,62338,1,2,1,3,D169,50,
2.023E+11,15,9,2023,16:20,1,74,74026,2,1,1,2,Route de choisy,45,
2.023E+11,17,9,2023,17:35,1,4,4033,1,1,1,7,d900,44,
2.023E+11,17,9,2023,08:00,2,56,56070,1,1,2,6,La Ville Conan,47,
2.023E+11,12,9,2023,14:25,1,76,76272,2,9,1,6,Rue Edouard Loisel,49,
2.023E+11,18,9,2023,12:50,1,80,80133,1,2,2,2,Cabane Bambou (Restaurant),50,
2.023E+11,16,9,2023,21:39,5,33,33207,2,1,1,7,29 Avenue du Lac,44,
2.023E+11,18,9,2023,06:45,2,33,33046,1,1,1,6,N524,44,
2.023E+11,18,9,2023,02:00,3,81,81051,1,1,2,6,Route de Salettes,43,
2.023E+11,18,9,2023,00:00,3,11,11006,1,1,1,6,Route départementale 40 pk 9+ 800,43,
2.023E+11,11,9,2023,16:45,1,49,49358,1,1,1,7,D145,47,
2.023E+11,17,9,2023,17:30,1,42,42138,1,1,1,6,Route de Bellegarde,45,
2.023E+11,18,9,2023,11:00,1,46,46316,1,2,1,3,D6,44,
2.023E+11,14,9,2023,20:10,3,47,47070,1,1,1,7,la courtine,44,
2.023E+11,16,9,2023,21:00,3,86,86281,2,1,1,6,Rue du Gué,46,
2.023E+11,18,9,2023,07:15,5,68,68365,1,6,3,2,D83,48,
2.023E+11,17,9,2023,23:50,3,44,44199,2,6,1,6,N/A,47,
2.023E+11,13,9,2023,14:15,1,38,38184,2,1,2,1,Rue Vers Vaulx,45,
2.023E+11,17,9,2023,17:50,1,15,15101,1,1,1,6,N122,45,
2.023E+11,18,9,2023,14:15,1,70,70245,1,2,1,3,N57,47,
2.023E+11,18,9,2023,13:45,1,66,66034,1,1,1,6,N/A,42,
2.023E+11,17,9,2023,19:15,2,64,64062,1,1,2,1,RD920,43,
2.023E+11,16,9,2023,09:09,1,73,73270,2,2,7,6,Rue hortense mancini,45,
2.023E+11,14,9,2023,21:24,3,10,10033,1,1,1,6,D4,48,
2.023E+11,16,9,2023,14:00,1,40,40062,1,3,1,1,Piste de la Sabliere,43,
2.023E+11,17,9,2023,18:10,1,17,17241,2,3,2,3,D158e1,45,
2.023E+11,17,9,2023,05:20,1,987,98734,1,1,1,6,PK 36+300,-17,
2.023E+11,18,9,2023,04:15,3,77,77165,1,1,1,2,Autoroute A5 pk20+150 direction PARIS,48,
2.023E+11,5,9,2023,19:00,1,95,95430,1,1,1,3,D9,49,
2.023E+11,16,9,2023,18:30,1,40,40209,1,9,1,3,A 63 plate forme péage ONDRES,43,
2.023E+11,17,9,2023,21:00,3,988,98808,1,1,1,6,Tribu de Ho,-21,
2.023E+11,15,9,2023,19:25,5,77,77077,2,1,1,6,4 Ruelle a la Jacquenne,48,
2.023E+11,18,9,2023,19:05,2,77,77315,2,3,1,3,Avenue du Marechal Foch,48,
2.023E+11,18,9,2023,08:50,1,95,95139,2,1,9,3,D14,49,
2.023E+11,17,9,2023,13:45,1,2B,2B257,1,1,1,1,route de Calvi,,
2.023E+11,3,2,2023,17:00,1,15,15014,2,1,1,6,Avenue du General Milhaud,44,
2.023E+11,4,2,2023,09:10,1,13,13204,2,1,1,6,MARÉCHAL JUIN (BOULEVARD),43,
2.023E+11,3,2,2023,13:00,1,13,13205,2,4,1,3,SAKAKINI (BOULEVARD),43,
2.023E+11,4,2,2023,03:00,5,11,11069,2,1,1,6,19 Boulevard Omer Sarraut,43,
2.023E+11,4,2,2023,04:00,5,10,10081,2,1,8,7,JEAN JAURES (AVENUE),48,
2.023E+11,4,2,2023,00:10,5,10,10362,2,1,1,6,NOES (RUE DES),48,
2.023E+11,20,1,2023,18:50,5,5,5061,2,1,1,2,VALSERRES ( RUE DE ),44,
2.023E+11,3,2,2023,13:15,1,5,5061,2,1,1,6,STADE ( RUE  DU ),44,
2.023E+11,3,2,2023,07:20,5,5,5061,2,2,1,3,JEAN MACE ( RUE ),44,
2.023E+11,5,2,2023,19:00,5,75,75112,2,1,1,5,PORTE DE CHARENTON,48,
2.023E+11,5,2,2023,15:00,1,75,75118,2,4,1,2,PORTE DE LA CHAPELLE,48,
2.023E+11,4,2,2023,14:00,1,75,75114,2,1,1,3,PORTE D ORLEANS,48,
2.023E+11,5,2,2023,01:22,5,75,75114,2,2,1,3,RUE D ALESIA,48,
2.023E+11,5,2,2023,19:15,5,75,75117,2,3,1,3,RUE LEGENDRE,48,
2.023E+11,4,2,2023,11:20,1,75,75117,2,2,2,6,AVENUE DE VILLIERS,48,
2.023E+11,5,2,2023,00:00,5,75,75112,2,1,1,2,QUAI DE BERCY,48,
2.023E+11,5,2,2023,01:20,5,75,75110,2,2,1,6,BOULEVARD DE MAGENTA,48,
2.023E+11,4,2,2023,22:50,5,75,75109,2,2,1,3,RUE LE PELETIER,48,
2.023E+11,4,2,2023,14:00,1,75,75117,2,2,1,5,RUE DE ROME,48,
2.023E+11,5,2,2023,16:05,1,93,93077,2,2,1,3,Rue du Parc / Rue de la Prévoyance,48,
2.023E+11,5,2,2023,15:30,1,93,93029,2,3,1,3,Avenue Henri Barbusse / Avenue Cappechi,48,
2.023E+11,5,2,2023,20:35,5,92,92020,2,1,1,6,PERRIERE AVENUE CLEMENT,48,
2.023E+11,3,2,2023,12:30,1,39,39406,2,1,1,6,2 Grande Rue,46,
2.023E+11,5,2,2023,03:50,3,50,50027,1,1,1,7,La Poliniere,48,
2.023E+11,5,2,2023,18:20,2,2A,2A070,2,1,1,3,Tiuccia - Murtone - RD 81,42,
2.023E+11,28,1,2023,12:15,1,17,17136,2,1,1,7,7 rue des vallées,46,
2.023E+11,5,2,2023,23:40,3,6,6161,1,1,2,6,2809 Route de Grasse,43,
2.023E+11,28,1,2023,17:30,1,26,26339,1,1,1,7,A7 - PK 111.600,44,
2.023E+11,5,2,2023,09:00,2,1,1143,2,6,7,6,Avenue de Genève,46,
2.023E+11,4,2,2023,18:35,5,62,62261,2,2,1,6,Rue de la Canche,50,
2.023E+11,5,2,2023,18:30,3,62,62086,1,2,1,3,N25,50,
2.023E+11,5,2,2023,20:00,3,3,3063,1,1,1,2,A79 PK 90+100,46,
2.023E+11,27,1,2023,18:00,3,56,56135,1,2,1,3,La Mare Varion,47,
2.023E+11,5,2,2023,15:35,1,80,80109,1,1,1,6,cd 928,50,
2.023E+11,5,2,2023,21:18,5,32,32162,2,3,1,7,Boulevard du midi,43,
2.023E+11,3,2,2023,14:30,1,11,11357,1,1,1,7,D4,43,
2.023E+11,4,2,2023,12:40,1,61,61116,1,1,1,6,D928,48,
2.023E+11,6,2,2023,16:30,1,12,12107,1,1,1,1,N88,44,
2.023E+11,3,2,2023,01:45,3,47,47203,1,1,5,7,D243,44,
2.023E+11,5,2,2023,16:45,1,34,34232,1,1,1,1,Départementale 19,,
2.023E+11,2,2,2023,08:28,1,39,39269,1,1,1,7,N/A,46,
2.023E+11,3,2,2023,09:30,1,29,29217,2,1,1,6,62 Rue Emile Bernard,47,
2.023E+11,6,2,2023,10:20,1,29,29235,2,3,1,3,route de Kerscao,48,
2.023E+11,5,2,2023,21:20,5,26,26165,1,1,6,1,N7,44,
2.023E+11,5,2,2023,06:40,3,54,54546,1,1,1,6,RD 952,48,
2.023E+11,5,2,2023,16:45,1,36,36062,1,1,1,3,les tuleu,46,
2.023E+11,5,2,2023,15:00,1,7,7069,1,4,1,1,route de la combe de beaune,45,
2.023E+11,5,2,2023,06:04,3,17,17327,1,2,1,7,D115,46,
2.023E+11,1,2,2023,15:55,1,8,8490,2,1,1,6,13 Rue Chanzy,49,
2.023E+11,6,2,2023,07:55,1,66,66213,2,9,2,3,38 Avenue Aristide Maillol,42,
2.023E+11,5,2,2023,21:10,3,68,68278,1,1,2,6,A35 pk 103.900,47,
2.023E+11,28,1,2023,07:25,3,45,45154,1,1,1,5,A10 PR 86 + 760,48,
2.023E+11,4,2,2023,14:20,1,987,98757,2,1,1,7,Hakahau,-9,
2.023E+11,5,2,2023,10:30,1,988,98802,1,1,1,6,Lieu dit Haute Ouaménie - PR 88+308,-21,
2.023E+11,5,2,2023,12:15,1,978,97801,2,3,1,6,R DE CONCORDIA,18,
2.023E+11,6,2,2023,08:00,1,29,29233,2,3,1,3,Rue du Couédic,47,
2.023E+11,6,2,2023,07:30,5,95,95355,2,1,1,6,Rue de Crosne,49,
2.023E+11,20,1,2023,22:35,3,34,34341,1,1,1,6,D158e3,43,
2.023E+11,5,2,2023,22:40,5,84,84078,2,1,1,7,RN7,44,