Num_Acc,jour,mois,an,hrmn,lum,dep,com,agg,int,atm,col,adr,lat,long
2.023E+11,15,9,2023,09:50,1,47,47168,2,6,1,6,Boulevard Clemenceau,44,
2.023E+11,24,12,2023,07:15,2,30,30075,1,1,1,7,2260 Route de Nimes,43,
2.023E+11,17,9,2023,11:55,1,34,34096,1,1,3,3,D909,43,
2.023E+11,24,12,2023,13:50,1,64,64233,1,9,1,6,A65 - PR117.400,43,
2.023E+11,16,9,2023,22:00,5,68,68258,1,4,1,7,Allée Robert Schuman,47,
2.023E+11,25,12,2023,22:00,3,988,98833,1,1,1,6,RPN5,-21,
2.023E+11,16,9,2023,07:15,2,22,22199,1,1,2,6,Kervégan,48,
2.023E+11,16,9,2023,19:31,1,39,39088,1,1,1,7,N/A,46,
2.023E+11,23,12,2023,11:45,1,974,97415,1,6,1,5,N1A,-21,
2.023E+11,17,9,2023,19:20,2,25,25175,1,1,1,6,D120,47,
2.023E+11,24,12,2023,17:10,1,974,97420,2,1,1,3,Rue Desprez,-20,
2.023E+11,16,9,2023,23:50,3,44,44022,2,1,1,6,23 Rue de Bretagne,47,
2.023E+11,25,12,2023,01:45,5,971,97119,1,1,1,2,Beauplan N8,16,
2.023E+11,17,9,2023,06:40,3,29,29162,1,1,2,6,Route de Kerflouz,48,
2.023E+11,25,12,2023,13:30,1,978,97801,2,1,1,7,R CHARLES TONDU,18,
2.023E+11,16,9,2023,07:25,2,38,38511,1,1,1,1,Route Nationale 90,45,
2.023E+11,25,12,2023,06:00,2,971,97107,1,1,1,1,Route Nationale N . 1,16,
2.023E+11,17,9,2023,10:59,1,38,38229,2,1,1,6,Avenue du Vercors,45,
2.023E+11,24,12,2023,23:45,3,971,97124,2,1,1,6,Rue Frederic Etienne,16,
2.023E+11,17,9,2023,14:25,1,2,2748,1,1,1,3,N/A,49,
2.023E+11,22,12,2023,18:00,5,21,21515,2,1,1,6,13 Boulevard du Grand Marché,47,
2.023E+11,17,9,2023,10:30,1,3,3044,1,1,1,6,la Courie,46,
2.023E+11,24,12,2023,15:45,1,2B,2B148,1,1,1,2,Strada Di Corti,42,
2.023E+11,16,9,2023,11:30,1,3,3136,1,6,2,7,D745,46,
2.023E+11,26,12,2023,09:00,1,66,66164,2,1,7,3,Avenue de la Mourére,42,
2.023E+11,17,9,2023,04:15,3,50,50290,1,1,1,6,route de saint-loup,48,
2.023E+11,25,12,2023,18:00,3,66,66065,1,1,1,2,N/A,42,
2.023E+11,17,9,2023,08:43,1,60,60431,1,1,1,3,D1032,49,
2.023E+11,23,12,2023,17:15,1,66,66037,2,1,1,6,Avenue Joseph Sauvy,42,
2.023E+11,14,9,2023,17:40,2,36,36248,2,1,1,6,14 Route d'Ardentes,46,
2.023E+11,14,12,2023,10:40,1,30,30042,1,3,1,1,Route de Bagard,44,
2.023E+11,17,9,2023,08:00,2,16,16106,1,1,1,6,LA PELLETIERE,46,
2.023E+11,24,12,2023,17:30,3,38,38374,1,1,1,3,D522,45,
2.023E+11,24,12,2023,11:15,1,32,32307,2,1,1,3,32 Rue d?Etigny,43,
2.023E+11,16,9,2023,13:30,1,16,16158,1,1,1,1,Chemin du Plantier,45,
2.023E+11,26,12,2023,10:55,1,29,29022,2,3,1,6,place Charles de Gaulle,48,
2.023E+11,17,9,2023,07:20,2,24,24410,1,1,8,6,départementale 83,45,
2.023E+11,26,12,2023,19:30,3,60,60542,1,2,2,3,D12,49,
2.023E+11,16,9,2023,17:30,1,28,28405,1,9,1,2,route nationale 12,48,
2.023E+11,16,9,2023,02:15,3,87,87174,1,1,1,6,croix d'arfeuille,45,
2.023E+11,26,12,2023,13:56,1,60,60009,2,3,8,1,Avenue Rhin et Danube,49,
2.023E+11,16,9,2023,16:30,1,8,8015,1,1,2,1,D34,49,
2.023E+11,16,9,2023,15:00,1,8,8071,1,1,1,6,N/A,49,
2.023E+11,26,12,2023,09:10,1,80,80306,1,2,1,3,D930,49,
2.023E+11,16,9,2023,13:00,1,31,31424,1,1,1,6,D50,43,
2.023E+11,24,12,2023,21:15,3,13,13106,1,1,1,2,A7-Sens Marseille vers Lyon,43,
2.023E+11,16,9,2023,09:50,1,978,97801,1,1,1,6,rn7,18,
2.023E+11,21,12,2023,16:35,1,67,67152,1,1,2,2,N/A,48,
2.023E+11,17,9,2023,20:40,3,21,21347,1,1,1,2,A6,,
2.023E+11,16,9,2023,22:45,3,13,13032,1,1,1,2,Route des Milles,43,
2.023E+11,25,12,2023,16:38,1,33,33281,1,1,1,6,ROCADE A 630,44,
2.023E+11,16,9,2023,16:30,1,34,34146,1,1,1,2,Autoroute A9 - PK 80+500,43,
2.023E+11,25,12,2023,16:30,1,91,91286,1,1,1,6,AUTOROUTE A6,48,
2.023E+11,16,9,2023,12:50,1,33,33199,2,3,1,3,Allée de Bordeaux,44,
2.023E+11,25,12,2023,16:10,1,93,93005,1,1,1,3,AUTOROUTE A3,48,
2.023E+11,17,9,2023,07:00,2,45,45062,1,1,1,1,D97 PR 9 + 260,47,
2.023E+11,15,9,2023,19:44,1,45,45082,2,1,1,6,83 Grande Rue du Port,47,
2.023E+11,25,12,2023,18:30,3,77,77517,1,1,2,5,RN104,48,
2.023E+11,17,9,2023,12:50,1,13,13048,2,1,1,3,45 Boulevard de la République,43,
2.023E+11,25,8,2023,12:22,1,19,19289,1,1,1,7,Route Des Pouyges,45,
2.023E+11,16,9,2023,23:00,3,71,71360,2,2,1,6,CARREFOUR RD 194 RD 17,46,
2.023E+11,24,12,2023,09:50,1,974,97409,2,1,1,6,DE LA REPUBLIQUE(AVENUE),-20,
2.023E+11,15,9,2023,14:10,1,68,68040,2,1,1,6,rue du rhin,47,
2.023E+11,25,12,2023,05:10,2,974,97407,2,2,2,3,CARPAYE(AVENUE),-20,
2.023E+11,17,9,2023,16:30,1,73,73054,1,1,1,2,D902,45,
2.023E+11,16,9,2023,17:35,1,38,38554,1,1,1,7,D517,45,
2.023E+11,17,9,2023,09:30,1,1,1403,1,1,1,2,D19,45,
2.023E+11,24,12,2023,14:36,1,973,97302,2,1,1,3,MONTABO (ROUTE DE) 2,4,
2.023E+11,15,9,2023,12:10,1,69,69220,2,3,1,6,Montée du Pêcher,45,
2.023E+11,24,12,2023,12:43,1,973,97302,2,1,2,3,ROBERT VIGNON (RUE),4,
2.023E+11,16,9,2023,21:00,3,33,33003,1,1,1,2,Avenue de la Presqu'Ile,44,
2.023E+11,16,9,2023,17:25,1,14,14228,1,1,1,6,Route d'Anguerny,49,
2.023E+11,23,12,2023,18:10,3,973,97302,1,1,2,3,COLLERY (ZONE INDUSTRIELLE),4,
2.023E+11,16,9,2023,18:30,1,22,22168,2,1,2,6,boulevard georges clémenceau,48,
2.023E+11,15,9,2023,18:15,1,22,22306,1,1,1,7,Le Cordon Blanc,48,
2.023E+11,23,12,2023,12:00,1,972,97209,2,2,1,6,FRANCOIS ARAGO (RUE),14,
2.023E+11,16,9,2023,23:58,3,60,60079,1,1,1,7,RN2,49,
2.023E+11,22,12,2023,16:05,1,972,97209,2,1,1,1,REDOUTE (ROUTE DE LA),14,
2.023E+11,17,9,2023,16:35,1,80,80774,1,2,1,3,D122,49,
2.023E+11,24,12,2023,13:20,1,69,69384,2,3,1,1,26 Boulevard des Canuts,45,
2.023E+11,17,9,2023,02:30,3,62,62684,2,1,1,2,Rue des Flamands,50,
2.023E+11,24,12,2023,19:40,5,91,91286,2,1,1,3,GENERAL DE GAULLE (AVENUE DU),48,
2.023E+11,16,9,2023,17:10,1,91,91659,1,1,1,2,AUTOROUTE A6,48,
2.023E+11,22,12,2023,22:18,5,78,78172,2,2,1,3,AMBASSADEUR (RUE DE L'),49,
2.023E+11,16,9,2023,03:52,3,91,91174,1,1,1,3,RN 104,48,
2.023E+11,23,12,2023,09:30,1,69,69091,2,1,1,6,Route Neuve,45,
2.023E+11,16,9,2023,18:25,1,92,92050,1,1,1,2,A86,48,
2.023E+11,16,9,2023,06:45,1,92,92048,1,1,1,6,N118,48,
2.023E+11,24,12,2023,18:08,5,64,64102,2,1,1,3,D'ARROUSETS (RUE),43,
2.023E+11,15,9,2023,16:10,1,93,93066,1,1,1,2,AUTOROUTE A1,48,
2.023E+11,24,12,2023,03:10,5,63,63113,2,1,1,6,BENNETT (RUE GORDON),45,
2.023E+11,15,9,2023,07:50,1,77,77373,1,9,1,3,RN104,48,
2.023E+11,24,12,2023,20:25,5,62,62193,2,5,2,3,avenue l,50,
2.023E+11,10,6,2023,16:45,1,75,75119,2,1,1,7,BOULEVARD MACDONALD,48,
2.023E+11,24,12,2023,06:15,5,56,56121,2,2,1,6,CHAZELLES ( COURS LOUIS  DE ),47,
2.023E+11,10,6,2023,14:00,1,75,75118,2,1,1,2,BOULEVARD BARBES,48,
2.023E+11,24,12,2023,04:37,3,45,45302,2,1,1,6,D2701 PR 1 + 126,47,
2.023E+11,10,6,2023,11:01,1,75,75118,2,2,7,6,BOULEVARD BARBES,48,
2.023E+11,24,12,2023,11:20,1,43,43002,2,1,1,6,Chemin de Jalavoux,45,
2.023E+11,10,6,2023,10:55,1,75,75115,2,2,1,6,RUE DE VAUGIRARD,48,
2.023E+11,10,6,2023,07:20,1,75,75115,2,7,1,7,PLACE DU MOULIN DE JAVEL,48,
2.023E+11,10,6,2023,10:50,1,75,75120,2,3,1,6,RUE PELLEPORT,48,
2.023E+11,10,6,2023,12:00,1,75,75120,2,3,1,2,RUE DES PYRENEES,48,
2.023E+11,10,6,2023,02:10,5,75,75111,2,2,1,6,RUE SEDAINE,48,
2.023E+11,24,12,2023,15:10,1,38,38423,2,3,1,2,LECLERC (AVENUE GL.)          49 A FIN,45,
2.023E+11,10,6,2023,14:35,1,75,75110,2,3,1,3,RUE DU FAUBOURG SAINT MARTIN,48,
2.023E+11,10,6,2023,12:00,1,75,75110,2,1,1,6,QUAI DE JEMMAPES,48,
2.023E+11,24,12,2023,06:10,5,29,29232,2,6,2,7,Rond-Point de l'Eau Blanche,47,
2.023E+11,10,6,2023,11:00,1,75,75116,2,1,1,2,ROUTE DES TRIBUNES,48,
2.023E+11,10,6,2023,06:15,1,75,75104,2,3,1,6,QUAI HENRI IV,48,
2.023E+11,3,2,2023,22:41,5,38,38185,2,2,1,3,RUE D'ALEMBERT,45,
2.023E+11,3,2,2023,14:30,1,38,38421,2,2,1,6,AVENUE GABRIEL PÉRI,45,
2.023E+11,3,2,2023,08:00,2,35,35238,2,3,1,3,VEZIN (ROUTE DE),48,
2.023E+11,3,2,2023,07:30,2,34,34108,1,1,1,7,D2E2,43,
2.023E+11,3,2,2023,18:45,5,33,33069,2,1,1,6,Rue Raymond Poincare,44,
2.023E+11,3,2,2023,09:45,1,33,33522,2,1,1,6,Rue Henri de Toulouse Lautrec,44,
2.023E+11,3,2,2023,07:40,1,25,25056,2,2,8,6,BLUM  BOULEVARD LEON (inf 51),47,
2.023E+11,2,2,2023,13:15,1,25,25056,2,3,1,6,BATTANT RUE,47,
2.023E+11,3,2,2023,12:13,1,17,17380,1,1,1,3,ROND-POINT DE BEAULIEU,45,
2.023E+11,3,2,2023,14:25,1,17,17028,1,1,1,4,114 PK RN137 JUSTICE ROCHEFORT,46,
2.023E+11,3,2,2023,13:40,1,13,13205,2,2,1,3,SAINTE CECILE (RUE),43,
2.023E+11,2,2,2023,20:50,5,13,13206,2,3,1,3,PIERRE PUGET (COURS),43,
2.023E+11,3,2,2023,05:40,3,11,11069,2,1,1,6,,43,
2.023E+11,3,2,2023,13:51,1,10,10325,2,6,8,3,,48,
2.023E+11,3,2,2023,08:45,1,10,10060,2,2,1,3,Avenue Marechal Leclerc,48,
2.023E+11,2,2,2023,15:00,1,6,6159,1,1,1,7,Avenue Bella Vista,43,
2.023E+11,2,2,2023,12:05,1,75,75117,2,4,1,3,PORTE D ASNIERES,48,
2.023E+11,2,2,2023,09:00,1,75,75117,2,1,1,3,PORTE D ASNIERES,48,
2.023E+11,2,2,2023,06:45,2,75,75112,2,1,1,4,PORTE DE VINCENNES,48,
2.023E+11,31,1,2023,10:55,1,75,75112,2,4,1,2,ECHANGEUR BERCY,48,
2.023E+11,3,2,2023,06:15,5,75,75110,2,2,1,2,RUE LA FAYETTE,48,
2.023E+11,3,2,2023,15:15,1,75,75120,2,3,1,6,RUE DE MENILMONTANT,48,
2.023E+11,3,2,2023,22:08,5,75,75119,2,2,1,6,AVENUE SIMON BOLIVAR,48,
2.023E+11,3,2,2023,16:50,1,75,75118,2,3,1,6,RUE RIQUET,48,
2.023E+11,3,2,2023,10:08,1,75,75117,2,2,1,3,AVENUE DE LA PORTE D ASNIERES,48,
2.023E+11,2,2,2023,16:30,1,75,75114,2,2,1,3,BOULEVARD ROMAIN ROLLAND,48,
2.023E+11,3,2,2023,16:02,1,75,75113,2,2,1,3,BOULEVARD VINCENT AURIOL,48,
2.023E+11,2,2,2023,22:00,5,75,75113,2,7,1,6,BOULEVARD VINCENT AURIOL,48,
2.023E+11,3,2,2023,16:48,1,75,75111,2,1,1,3,BOULEVARD VOLTAIRE,48,
2.023E+11,2,2,2023,14:00,1,75,75118,2,2,1,3,BOULEVARD ORNANO,48,
2.023E+11,3,2,2023,18:50,5,75,75104,2,3,1,6,RUE DE RIVOLI,48,
2.023E+11,3,2,2023,18:20,5,75,75102,2,3,1,2,BOULEVARD DE BONNE NOUVELLE,48,
2.023E+11,3,2,2023,05:30,5,75,75104,2,3,1,3,QUAI DE GESVRES,48,
2.023E+11,2,2,2023,22:50,5,75,75101,2,2,1,7,QUAI DU LOUVRE,48,
2.023E+11,3,2,2023,19:15,5,94,94081,2,9,1,6,Rue Saint-germain,48,
2.023E+11,2,2,2023,16:45,1,94,94068,2,2,1,3,Rue du Bois des Moines,48,
2.023E+11,2,2,2023,18:50,5,94,94037,2,3,1,3,95 Avenue Paul Vaillant-couturier,48,
2.023E+11,3,2,2023,01:15,5,94,94017,2,2,1,3,Avenue Marx Dormoy,48,
2.023E+11,21,1,2023,14:25,1,94,94017,2,2,1,6,Rue Louis Talamoni / Rue Albert Thomas,48,
2.023E+11,3,2,2023,10:15,1,94,94071,2,2,2,6,Rue Montaleau / Rue de Champigny,48,
2.023E+11,3,2,2023,01:45,5,93,93010,2,2,2,3,Avenue Galliéni / Avenue de Rosny,48,
2.023E+11,3,2,2023,15:20,1,93,93005,2,3,1,3,Allée Duguay-trouin / Rue Auguste Renoir,48,
2.023E+11,3,2,2023,20:00,5,92,92050,2,3,1,2,COMMUNE DE PARIS AVENUE DE LA,48,
2.023E+11,3,2,2023,18:00,5,92,92050,2,1,1,1,HARAS RUE DU,48,
2.023E+11,3,2,2023,04:36,5,92,92049,2,9,8,6,GINOUX AV. HENRI N°1 A 95 ET 2 A 104,48,
2.023E+11,3,2,2023,21:05,5,92,92040,2,2,1,3,GALLIENI (BOULEVARD),48,
2.023E+11,3,2,2023,12:27,1,92,92036,2,1,1,2,VIEUX CHEMIN DE SAINT DENIS (AVENUE),48,
2.023E+11,3,2,2023,09:14,1,92,92036,2,1,1,6,LOUIS ROCHE (AVENUE) (47/151),48,
2.023E+11,3,2,2023,08:45,1,92,92024,2,1,2,7,EUROPE (ALLEES DE),48,
2.023E+11,3,2,2023,07:45,2,92,92023,2,1,2,2,VICTOR HUGO (AVENUE),48,
2.023E+11,3,2,2023,19:42,5,92,92012,2,2,1,6,ISSY (RUE D'),48,
2.023E+11,3,2,2023,20:00,3,35,35033,1,1,1,1,D38,47,
2.023E+11,4,2,2023,05:45,3,44,44202,1,1,1,6,201 La Croix,47,
2.023E+11,2,2,2023,16:50,1,83,83072,2,1,1,6,Avenue de Toulon,43,
2.023E+11,3,2,2023,19:30,5,1,1416,1,3,1,6,D1504,45,
2.023E+11,20,1,2023,11:05,1,42,42338,1,2,1,3,Route de Perreux,46,
2.023E+11,3,2,2023,09:20,1,31,31035,2,1,1,6,39 Chemin de l'Eglise,43,
2.023E+11,4,2,2023,13:30,1,31,31435,2,6,1,3,2 Rue Aymeric de Murel,43,
2.023E+11,3,2,2023,14:10,1,31,31567,1,2,7,3,D826,43,
2.023E+11,3,2,2023,18:00,2,42,42284,1,1,1,5,N7,46,
2.023E+11,3,2,2023,16:40,1,58,58086,2,1,8,3,Rue Saint Lazare,47,
2.023E+11,4,2,2023,13:45,1,79,79329,1,1,1,7,,46,
2.023E+11,4,2,2023,18:00,2,65,65017,1,1,1,7,D173,42,
2.023E+11,4,2,2023,16:20,1,71,71376,1,1,8,6,Route de la Canche,47,
2.023E+11,4,2,2023,10:20,1,63,63430,2,1,1,6,Avenue Léo Lagrange,45,
2.023E+11,2,2,2023,16:20,1,63,63050,2,6,1,3,giratoire D34/D76 ,45,
2.023E+11,1,2,2023,07:45,2,86,86076,1,1,1,1,RD30,46,
2.023E+11,4,2,2023,02:15,3,39,39531,1,1,1,6,,46,
2.023E+11,3,2,2023,20:10,3,25,25445,1,1,1,1,N83,47,
2.023E+11,4,2,2023,02:50,3,35,35184,1,3,1,6,Montreuil,48,
2.023E+11,3,2,2023,19:25,3,3,3138,1,1,1,3,Route du Donjon,46,
2.023E+11,31,1,2023,07:00,2,26,26305,1,1,6,1,D74,44,
2.023E+11,3,2,2023,19:00,5,14,14534,2,3,1,3,25 Route de Pont-l'Evêque,49,
2.023E+11,3,2,2023,13:10,1,5,5029,1,1,7,1,Route d’Orcières,44,
2.023E+11,19,1,2023,17:35,1,9,9070,1,1,2,4,rn 20 - PK65+200,42,
2.023E+11,4,2,2023,00:50,3,60,60626,1,1,1,6,D915,49,
2.023E+11,31,1,2023,08:30,2,16,16292,1,1,1,6,D911,46,
2.023E+11,3,2,2023,12:23,1,85,85206,1,1,1,7,D949,46,
2.023E+11,31,1,2023,17:15,1,85,85047,2,9,1,6,VC 190 rue Carnot,46,
2.023E+11,3,2,2023,23:20,3,30,30147,1,1,1,3,D982,44,
2.023E+11,3,2,2023,18:15,3,8,8338,1,1,2,6,,49,
2.023E+11,3,2,2023,20:35,3,30,30347,1,1,1,1,RD135,43,
2.023E+11,2,2,2023,11:50,1,13,13050,1,1,7,3,Route d’Avignon,43,
2.023E+11,3,2,2023,21:10,3,60,60299,1,1,1,2,A16 PK 94+300 B/P,49,
2.023E+11,4,2,2023,17:55,1,53,53201,1,1,1,2,A81,48,
2.023E+11,4,2,2023,03:30,3,21,21347,1,1,1,4,Autoroute A6,,
2.023E+11,3,2,2023,12:40,1,95,95604,1,1,1,5,RD 317,49,
2.023E+11,4,2,2023,15:25,1,988,98804,1,3,8,5,RPN3/RM15- INTERSECTION NAKÉTY SAINT LOUIS,-21,
2.023E+11,4,2,2023,06:35,1,971,97112,2,1,1,6,Beaurenom,15,
2.023E+11,3,2,2023,19:20,3,971,97121,1,1,1,6,Lieu Dit Baillargent,16,
2.023E+11,2,2,2023,12:30,1,971,97124,2,1,1,7,Route de Morin,16,
2.023E+11,4,2,2023,10:45,1,18,18207,2,1,1,6,50 Route de Rosières,46,
2.023E+11,4,2,2023,18:40,3,66,66017,1,1,6,6,,42,
2.023E+11,4,2,2023,15:40,1,21,21390,2,3,1,3,54 Rue du Carre,47,
2.023E+11,3,2,2023,18:55,5,68,68028,2,1,1,1,Route de Selestat,48,
2.023E+11,3,2,2023,20:45,3,73,73317,1,1,1,3,D123 - Route du mont bisanne,45,
2.023E+11,3,2,2023,20:40,3,31,31263,1,1,1,1,Route de Muret,43,
2.023E+11,4,2,2023,17:00,1,19,19038,1,1,1,3,Hautefage,45,
2.023E+11,4,2,2023,10:12,1,35,35257,2,1,1,6,62Rue d'Antrain,48,
2.023E+11,4,2,2023,11:20,1,27,27070,1,1,1,2,D316,49,
2.023E+11,3,2,2023,03:41,3,13,13071,1,1,1,2,A7-Sens Marseille vers Lyon,43,
2.023E+11,3,2,2023,19:11,5,83,83137,1,1,1,4,A57,43,
2.023E+11,3,2,2023,14:20,1,69,69259,1,1,1,4,Boulevard Périphérique Laurent Bonnevay,45,
2.023E+11,3,2,2023,18:00,3,91,91471,1,1,1,7,RN 118,48,
2.023E+11,3,2,2023,14:12,1,91,91659,1,1,1,7,AUTOROUTE A6,48,
2.023E+11,3,2,2023,02:20,3,91,91161,1,1,1,2,AUTOROUTE A6,48,
2.023E+11,3,2,2023,18:30,3,95,95018,1,1,1,3, A15,48,
2.023E+11,3,2,2023,17:10,2,95,95582,1,1,1,6,A115,48,
2.023E+11,2,2,2023,19:45,3,93,93078,1,1,1,4,AUTOROUTE A104,48,
2.023E+11,1,2,2023,07:50,1,95,95572,1,1,1,2, A15,49,
2.023E+11,2,2,2023,10:10,1,76,76351,2,1,1,6,HUIT MAI 1945 (AVENUE DU),49,
2.023E+11,2,2,2023,13:00,1,974,97416,1,7,1,3,ANCIENNE RN 1,-21,
2.023E+11,1,2,2023,16:10,1,974,97416,2,9,1,2,RN1 (ROUTE NATIONALE),-21,
2.023E+11,3,2,2023,00:30,4,69,69387,2,2,1,6,Boulevard Chambaud de la Bruyère,45,
2.023E+11,2,2,2023,17:50,1,69,69387,2,1,1,6,Avenue Jean Jaurès,45,
2.023E+11,2,2,2023,09:55,1,69,69383,2,3,1,3,33 Avenue Félix Faure,45,
2.023E+11,1,2,2023,09:45,1,69,69388,2,3,1,6,228 Avenue Berthelot,45,
2.023E+11,1,2,2023,12:45,1,972,97209,2,1,1,3,GENERAL DE GAULLE (BLD DU),14,
2.023E+11,2,2,2023,11:50,1,69,69389,2,3,1,6,Rue Frère Benoit,45,
2.023E+11,2,2,2023,08:45,1,69,69382,2,3,1,3,Quai Maréchal Joffre,45,
2.023E+11,1,2,2023,21:15,5,69,69389,2,9,1,3,76 Rue Pierre Audry,45,
2.023E+11,1,2,2023,08:35,1,69,69381,2,3,1,3,2 Rue Terme,45,
2.023E+11,2,2,2023,13:05,1,2B,2B120,1,1,1,3,11 - RT,42,
2.023E+11,2,2,2023,08:50,1,95,95277,2,6,1,6,Avenue de la Concorde,48,
2.023E+11,2,2,2023,11:15,1,91,91339,2,3,1,3,RUE DE LA DIVISION LECLERC,48,
2.023E+11,2,2,2023,20:49,5,91,91691,2,1,1,3,CONCY(RUE),48,
2.023E+11,31,1,2023,12:05,1,91,91174,2,1,1,4,AV DU 8 MAI 1945,48,
2.023E+11,2,2,2023,07:49,2,87,87050,1,1,1,6,TEXONNIERAS (RUE DE),45,
2.023E+11,1,2,2023,14:41,1,87,87085,2,1,1,6,PERRIN (RUE FRANCOIS),45,
2.023E+11,31,1,2023,19:31,5,87,87085,2,2,3,3,ISLE (RUE D'),45,
2.023E+11,1,2,2023,17:45,2,83,83129,2,1,1,6,MER (AVENUE DE LA) N° PAIRS,43,
2.023E+11,2,2,2023,07:10,5,77,77251,1,2,1,1,D306,48,
2.023E+11,2,2,2023,08:05,2,77,77186,1,6,1,6,D138 / D606,48,
2.023E+11,2,2,2023,18:20,5,76,76322,2,6,1,4,Boulevard de Verdun,49,
2.023E+11,25,1,2023,12:25,1,76,76319,1,1,1,7,N138,49,
2.023E+11,2,2,2023,17:00,1,74,74012,2,1,1,6,VALLEES (ROUTE DES),46,
2.023E+11,2,2,2023,17:45,5,73,73008,2,3,1,3,D991,45,
2.023E+11,1,2,2023,15:38,1,72,72181,2,1,1,6,MAILLETS (RUE DES) IMP 37 A 159,48,
2.023E+11,1,2,2023,02:40,5,71,71270,2,2,1,7,NEUF CLES (BOULEVARD DES),46,
2.023E+11,2,2,2023,20:50,5,69,69266,2,1,1,4,Avenue Roger Salengro,45,
2.023E+11,2,2,2023,21:30,5,69,69259,2,1,1,6,21 Rue Carnot,45,
2.023E+11,1,2,2023,18:50,5,67,67447,2,1,1,3,BISCHWILLER (ROUTE DE),48,
2.023E+11,31,1,2023,16:36,1,66,66136,2,2,1,4,,42,
2.023E+11,2,2,2023,21:11,5,64,64348,2,1,1,3,JEAN MERMOZ,43,
2.023E+11,2,2,2023,09:25,1,64,64445,1,1,7,4,OLOF PALME,43,
2.023E+11,2,2,2023,08:30,1,64,64024,2,1,1,2,10bis Rue de Dous Bos,43,
2.023E+11,1,2,2023,09:00,1,64,64102,2,1,1,7,17 LORRAINE (BOULEVARD D'ALSACE),43,
2.023E+11,1,2,2023,07:50,2,64,64140,2,1,1,5,SAINT GOBAIN (QUAI),43,
2.023E+11,2,2,2023,08:20,1,60,60057,2,1,1,6,Rue de Calais,49,
2.023E+11,2,2,2023,12:00,1,59,59599,2,2,1,3,GAMBETTA (BOULEVARD),50,
2.023E+11,2,2,2023,20:20,5,59,59350,2,1,1,3,JACQUET EUGENE RUE N°IMPAIRS,50,
2.023E+11,31,1,2023,08:30,1,59,59009,2,1,1,2,HEM RUE D,50,
2.023E+11,24,1,2023,11:00,1,59,59183,2,9,1,6,CAMBON PAUL - BOULEVARD,51,
2.023E+11,2,2,2023,11:44,1,54,54174,1,3,8,2,Avenue du Maréchal Joffre,48,
2.023E+11,3,2,2023,00:05,5,51,51454,2,1,1,7,rue de Chevigné,49,
2.023E+11,30,1,2023,15:25,1,50,50129,2,3,1,3,VAL DE SAIRE (RUE DU),49,
2.023E+11,1,2,2023,08:54,1,49,49007,2,3,1,3,BRESSIGNY,47,
2.023E+11,2,2,2023,12:48,1,45,45208,2,1,1,6,12 Rue de Triqueti,47,
2.023E+11,2,2,2023,21:20,5,44,44190,2,2,1,3,57 Rue du Douet,47,
2.023E+11,2,2,2023,22:20,5,42,42044,2,1,1,6,Rue James Jackson,45,
2.023E+11,1,2,2023,17:30,1,38,38563,2,6,1,6,KOFLER (BOULEVARD E.),45,
2.023E+11,2,2,2023,11:20,1,38,38185,2,3,1,6,BOULEVARD JEAN PAIN,45,
2.023E+11,2,2,2023,16:30,1,35,35278,1,1,1,2,GAULLE (RUE DU GAL DE),48,
2.023E+11,2,2,2023,08:40,1,35,35238,2,3,1,6,BOUZAT (DOYEN ALBERT),48,
2.023E+11,2,2,2023,12:10,1,34,34172,2,6,1,2,Avenue Ernest Hemingway,43,
2.023E+11,19,10,2023,08:30,1,6,6032,2,1,2,6,liaison marquet,43,
2.023E+11,1,2,2023,18:30,5,33,33281,2,3,1,3,Avenue Montesquieu,44,
2.023E+11,2,2,2023,17:25,1,33,33529,1,6,1,6,CAZAUX (BD DE) DU 02 ET +,44,
2.023E+11,18,10,2023,16:30,1,64,64362,1,1,1,1,d14,43,
2.023E+11,1,2,2023,21:05,5,33,33529,2,1,1,1,PORT (RUE DU),44,
2.023E+11,19,10,2023,07:10,5,18,18197,2,1,8,6,26 Rue Henri Barbusse,46,
2.023E+11,1,2,2023,15:40,1,33,33529,2,6,1,3,LECLERC (AVE DU GAL),44,
2.023E+11,2,2,2023,17:35,1,32,32013,2,1,1,6,MARNE (AVENUE DE LA),43,
2.023E+11,18,10,2023,15:40,1,36,36018,2,2,2,5,Rue Albert Chichery,46,
2.023E+11,2,2,2023,16:10,1,31,31555,2,1,1,6,BD DE L EMBOUCHURE,43,
2.023E+11,2,2,2023,11:55,1,29,29232,2,1,1,6,Place Louis Armand,47,
2.023E+11,18,10,2023,07:50,3,40,40001,2,1,2,2,Coste de Lariou,43,
2.023E+11,2,2,2023,17:20,1,28,28404,2,1,1,3,MARTIN LUTHER KING (RUE),48,
2.023E+11,17,10,2023,20:50,3,40,40163,1,1,1,7,avenue des grands lacs,44,
2.023E+11,2,2,2023,12:05,1,25,25056,2,8,8,3,CORVEE RUE DE LA,47,
2.023E+11,1,2,2023,17:24,1,22,22278,1,1,1,2,RN12,48,
2.023E+11,18,10,2023,17:00,1,24,24520,1,1,2,3,Route d'Alsace,44,
2.023E+11,2,2,2023,07:30,2,21,21355,2,3,1,3,CHICAGO (DE) (BOULEVARD),47,
2.023E+11,1,2,2023,06:50,3,19,19031,2,3,1,7,LISSAC (ROUTE DE),45,
2.023E+11,13,9,2023,16:20,1,85,85234,2,1,1,7,57 Route de la caillauderie,46,
2.023E+11,2,2,2023,22:05,5,17,17300,2,2,1,1,JOFFRE   BOULEVARD (79 et 18),46,
2.023E+11,18,10,2023,14:45,1,87,87154,2,1,3,1,Avenue Gay Lussac,45,