Num_Acc,jour,mois,an,hrmn,lum,dep,com,agg,int,atm,col,adr,lat,long
2.023E+11,2,6,2023,13:45,1,80,80278,1,3,1,5,D329,49,
2.023E+11,17,11,2023,11:55,1,60,60057,2,9,1,6,Rue d'Allonne,49,
2.023E+11,16,3,2023,19:42,3,23,23013,1,1,1,7,pont de courleix,46,
2.023E+11,15,3,2023,17:00,1,87,87071,2,9,7,6,Mairie de Glandon (Hôtel de ville),45,
2.023E+11,17,11,2023,11:20,1,59,59360,2,1,1,3,BARBUSSE HENRI RUE,50,
2.023E+11,16,3,2023,13:20,1,46,46083,1,1,1,6,autoroute A.20 - parking station service de Pech Montat - sens Toulouse / Paris,45,
2.023E+11,1,6,2023,12:13,1,62,62014,2,2,1,3,Boulevard Clémenceau,50,
2.023E+11,16,3,2023,17:00,1,38,38530,2,1,1,1,Route de Vienne,45,
2.023E+11,18,11,2023,14:35,1,56,56036,1,1,3,4,Pendreff,47,
2.023E+11,16,3,2023,21:30,3,68,68300,1,1,1,7,autoroute A36,47,
2.023E+11,26,5,2023,09:30,1,59,59350,1,1,1,5,AUTOROUTE A25,50,
2.023E+11,18,11,2023,22:00,5,54,54395,2,1,3,6,Quai Choiseul,48,
2.023E+11,16,3,2023,12:30,1,31,31259,1,1,1,6,Allée louis delafage,43,
2.023E+11,23,12,2023,18:00,3,29,29232,1,1,3,2,148 Hent Brest,48,
2.023E+11,1,6,2023,08:05,1,91,91687,1,1,1,2,AUTOROUTE A6,48,
2.023E+11,17,3,2023,12:40,1,89,89415,1,1,1,2,N/A,47,
2.023E+11,18,11,2023,19:00,5,54,54328,2,1,3,3,route de mirecourt,48,
2.023E+11,1,6,2023,07:45,1,94,94038,1,1,1,2,A6B,48,
2.023E+11,23,12,2023,21:10,3,18,18279,1,1,2,2,N/A,47,
2.023E+11,16,3,2023,16:05,1,13,13065,1,1,1,1,Route départementale 5,43,
2.023E+11,1,6,2023,15:50,1,92,92072,1,1,1,4,N118,48,
2.023E+11,17,11,2023,17:10,1,54,54547,1,1,1,6,Avenue de Bourgogne,48,
2.023E+11,1,6,2023,12:08,1,78,78571,1,1,1,3,A13,48,
2.023E+11,13,2,2023,16:00,1,45,45146,1,1,1,2,A71 PR 125 + 709,47,
2.023E+11,24,12,2023,17:40,5,14,14118,2,1,1,6,Avenue Henry Chéron,49,
2.023E+11,16,3,2023,17:00,1,974,97415,2,1,1,2,N1a,-21,
2.023E+11,1,6,2023,07:35,1,92,92025,1,1,1,3,A86,48,
2.023E+11,17,3,2023,09:00,1,77,77382,2,1,1,6,Rue de Meaux,48,
2.023E+11,31,5,2023,20:15,1,95,95582,1,1,1,5,A15,48,
2.023E+11,17,11,2023,16:40,1,54,54357,2,1,1,1,Rue Paul Langevin,48,
2.023E+11,17,3,2023,12:40,1,2A,2A215,1,1,1,3,Sapara da padda,41,
2.023E+11,31,5,2023,22:40,3,93,93007,1,1,1,6,AUTOROUTE A1,48,
2.023E+11,14,3,2023,04:45,3,66,66165,1,1,1,6,N/A,42,
2.023E+11,24,12,2023,16:30,1,13,13201,2,2,1,1,VOLTAIRE    PAIRS (BOULEVARD),43,
2.023E+11,30,5,2023,12:30,1,93,93007,1,1,1,2,AUTOROUTE A1,48,
2.023E+11,17,3,2023,08:15,1,66,66044,1,6,1,6,N/A,42,
2.023E+11,18,11,2023,12:15,1,54,54116,1,1,2,1,D400,48,
2.023E+11,30,5,2023,08:00,1,93,93027,1,1,1,5,AUTOROUTE A86,48,
2.023E+11,16,3,2023,19:30,5,83,83115,2,4,1,1,Boulevard Jean Moulin,43,
2.023E+11,1,6,2023,18:50,1,94,94017,1,1,1,3,A4,48,
2.023E+11,24,12,2023,13:50,1,13,13202,2,7,1,3,MELCHIOR GUINOT (RUE),43,
2.023E+11,18,11,2023,14:00,1,54,54580,2,4,2,3,RUE FRANCOIS EMILE BABOEUF,49,
2.023E+11,17,3,2023,07:50,1,83,83107,1,1,7,2,DN 7,43,
2.023E+11,17,11,2023,16:20,1,49,49328,1,6,1,2,ROCADE N 347,47,
2.023E+11,1,6,2023,17:05,1,77,77175,1,1,1,4,RN104,48,
2.023E+11,17,3,2023,07:50,1,38,38158,2,1,1,1,Avenue Jean Jaures,45,
2.023E+11,24,12,2023,12:10,1,13,13201,2,1,1,1,MONTRICHER (BOULEVARD),43,
2.023E+11,18,11,2023,12:15,1,49,49099,2,1,1,6,NAPOLEON BONAPARTE (AVENUE),47,
2.023E+11,1,6,2023,16:40,1,94,94022,1,1,1,2,A86,48,
2.023E+11,16,3,2023,11:00,1,1,1276,1,6,1,3,D61A,45,
2.023E+11,31,5,2023,16:30,1,75,75112,1,1,1,2,A4,48,
2.023E+11,24,12,2023,03:07,5,13,13206,2,2,1,1,PIERRE PUGET (COURS),43,
2.023E+11,18,11,2023,12:40,1,49,49015,2,6,1,1,MENDES FRANCE AVENUE PIERRE,47,
2.023E+11,16,3,2023,13:15,1,1,1213,1,1,1,4,D1084,45,
2.023E+11,18,11,2023,14:15,1,43,43041,2,1,1,7,Voie verte,45,
2.023E+11,31,5,2023,11:10,1,77,77373,1,1,1,3,RN104,48,
2.023E+11,24,12,2023,13:20,1,6,6029,2,7,1,6,Rue Docteur Baloux,43,
2.023E+11,18,11,2023,22:20,3,35,35051,1,1,1,6,D 175,48,
2.023E+11,16,3,2023,09:30,1,69,69273,1,1,1,3,300 Route de Marennes,45,
2.023E+11,25,12,2023,00:30,3,6,6123,2,1,1,6,ISCLES CHEMIN DES,43,
2.023E+11,31,5,2023,17:15,1,974,97416,1,1,1,6,BASSIN MARTIN (CHEMIN),-21,
2.023E+11,18,11,2023,18:10,2,33,33192,2,1,1,6,159 Cours du Général de Gaulle,44,
2.023E+11,16,3,2023,13:20,1,33,33233,1,1,1,1,route départementale 22,45,
2.023E+11,31,5,2023,12:50,1,974,97416,2,3,1,3,DELISLES (ROUTE HUBERT) CD3,-21,
2.023E+11,24,12,2023,10:40,1,75,75114,2,1,1,3,PORTE DE CHATILLON,48,
2.023E+11,18,11,2023,07:18,5,33,33063,2,1,1,6,Cours Charles Bricaud,44,
2.023E+11,13,3,2023,08:15,1,44,44026,1,1,2,1,3 Chemin des Princes,47,
2.023E+11,18,11,2023,22:30,5,31,31555,2,1,1,7,ALL PAUL HARRIS,43,
2.023E+11,31,5,2023,21:00,5,973,97302,2,1,2,3,MONTABO (ROUTE DE) 2,4,
2.023E+11,16,9,2023,03:15,5,988,98818,2,2,2,3,RUE DU GENERAL GALLIENI/AVENUE PAUL DOUMER,-22,
2.023E+11,23,12,2023,18:30,5,75,75117,2,1,1,3,PORTE D ASNIERES,48,
2.023E+11,17,3,2023,15:00,1,59,59523,1,6,1,3,Rue des Saules,50,
2.023E+11,15,9,2023,19:10,3,974,97411,2,1,1,3,BANCOUL (CHEMIN),-20,
2.023E+11,30,5,2023,20:30,3,973,97302,2,1,1,1,TIGRE (ROUTE DU),4,
2.023E+11,17,11,2023,22:59,5,29,29019,2,1,2,6,rue de Verdun,48,
2.023E+11,24,12,2023,15:13,1,75,75119,2,1,1,3,RUE DAVID D ANGERS,48,
2.023E+11,12,3,2023,04:30,5,59,59212,2,1,1,6,43 Rue du Bois,50,
2.023E+11,15,9,2023,18:45,2,974,97411,2,2,1,3,PAYET (RUE ROGER),-20,
2.023E+11,30,5,2023,21:10,4,69,69387,2,3,1,3,Avenue Tony Garnier,45,
2.023E+11,18,11,2023,03:55,5,25,25056,2,1,2,6,RAGOTS   CHEMIN DES,47,
2.023E+11,24,12,2023,11:30,1,75,75118,2,5,1,3,BOULEVARD BARBES,48,
2.023E+11,17,3,2023,07:30,1,59,59416,2,2,1,3,D916 / D138,50,
2.023E+11,15,9,2023,14:40,1,974,97411,2,4,1,6,LATTRE DE TASSIGNY (AVENUE MARECHAL DE),-20,
2.023E+11,31,5,2023,10:00,1,972,97209,1,1,1,5,AUTOROUTE (A1),14,
2.023E+11,22,12,2023,14:30,1,75,75108,2,1,2,7,PLACE DE LA MADELEINE,48,
2.023E+11,14,3,2023,05:00,3,13,13214,1,1,1,2,A7-Sens Marseille vers Lyon,43,
2.023E+11,18,11,2023,18:30,4,22,22215,2,4,2,6,CURIE (RUE PIERRE ET MARIE),48,
2.023E+11,31,5,2023,21:55,5,69,69382,2,1,2,6,24 Quai Docteur Gailleton,45,
2.023E+11,15,9,2023,22:00,1,973,97309,2,1,1,3,TIGRE (ROUTE DU),4,
2.023E+11,24,12,2023,09:30,1,75,75107,2,2,1,6,PONT DE L ALMA,48,
2.023E+11,15,3,2023,15:00,1,83,83144,1,1,1,2,A57,43,
2.023E+11,24,12,2023,05:40,5,94,94078,2,1,1,6,Place Pierre Semard,48,
2.023E+11,17,11,2023,17:00,1,16,16102,2,1,1,4,JAVREZAC (BOULEVARD DE),45,
2.023E+11,15,9,2023,19:40,1,973,97309,2,3,7,3,TROUBIRAN (CHEMIN DE),4,
2.023E+11,30,5,2023,17:45,1,69,69152,2,1,1,5,Chemin du Barrage,45,
2.023E+11,15,3,2023,23:05,5,69,69276,1,1,1,2,Route Départementale 301,45,
2.023E+11,31,5,2023,08:23,1,2B,2B033,1,1,1,3,11 - RT,42,
2.023E+11,18,11,2023,14:00,1,14,14333,2,1,3,6,11 Rue de la Foulerie,49,
2.023E+11,23,12,2023,21:20,5,93,93046,2,2,1,1,Avenue Emile Gérard / Avenue Gambetta / Avenue Turgot,48,
2.023E+11,15,9,2023,19:30,2,69,69383,2,2,1,3,Quai Victor Augagneur,45,
2.023E+11,16,3,2023,09:10,1,91,91363,1,1,1,4,RN 104,48,
2.023E+11,31,5,2023,06:35,1,971,97105,2,9,1,7,PAUL LACAVE (AVENUE ),15,
2.023E+11,15,9,2023,16:37,1,69,69388,2,8,1,6,Avenue Berthelot,45,
2.023E+11,18,11,2023,19:20,5,13,13215,2,1,1,1,SAINT LOUIS (AVENUE DE),43,
2.023E+11,24,12,2023,09:15,1,93,93005,2,2,1,3,Boulevard Charles Floquet / Rue Jules Princet,48,
2.023E+11,31,5,2023,14:02,1,2A,2A004,2,9,2,3,MARECHAL JUIN AVENUE,41,
2.023E+11,16,3,2023,08:00,1,91,91471,1,1,1,4,RN 118,48,
2.023E+11,15,9,2023,08:25,1,69,69387,2,3,1,3,Boulevard de l'Artillerie,45,
2.023E+11,24,12,2023,14:09,1,92,92009,2,2,1,7,RASPAIL ( RUE ),48,
2.023E+11,15,3,2023,13:45,1,93,93005,1,1,1,2,AUTOROUTE A3,48,
2.023E+11,31,5,2023,08:50,1,2A,2A228,2,6,1,2,T22,41,
2.023E+11,25,12,2023,04:00,3,41,41268,1,6,1,7,Le Pavillon,47,
2.023E+11,15,9,2023,02:45,5,69,69387,2,1,1,1,Rue de Gerland,45,
2.023E+11,14,3,2023,19:50,3,95,95500,1,1,1,2,A15,49,
2.023E+11,31,5,2023,18:45,1,95,95197,2,1,1,6,JEAN MERMOZ (RUE),48,
2.023E+11,15,9,2023,18:00,1,69,69389,2,1,1,2,2 Quai Arloing,45,
2.023E+11,16,3,2023,15:30,1,94,94033,1,1,1,2,A86,48,
2.023E+11,24,12,2023,09:00,1,1,1033,1,1,2,1,D1084,46,
2.023E+11,31,5,2023,08:10,1,91,91377,2,2,1,3,AV DU MARECHAL LECLERC,48,
2.023E+11,15,3,2023,04:25,3,77,77373,1,1,1,6,RN104,48,
2.023E+11,15,9,2023,16:15,1,69,69384,2,1,1,6,Cours d'Herbouville,45,
2.023E+11,31,5,2023,07:53,1,91,91645,2,1,1,6,FOCH (BOULEVARD DU MARECHAL),48,
2.023E+11,23,12,2023,17:45,3,31,31541,2,1,1,4,10 Route du Bac,43,
2.023E+11,15,9,2023,16:00,1,2B,2B033,2,1,1,6,MARTYRS - QUAI DES,42,
2.023E+11,14,3,2023,17:32,1,75,75108,2,4,1,1,AVENUE GEORGE V,48,
2.023E+11,31,5,2023,13:53,1,86,86194,2,3,7,3,Avenue du Plateau des Glières,46,
2.023E+11,23,12,2023,03:44,3,80,80635,1,1,2,7,Départementale 183,50,
2.023E+11,15,9,2023,11:04,1,2B,2B033,2,9,1,6,PAOLI DU NR 21 AU 45 -BLD,42,
2.023E+11,14,3,2023,15:00,1,75,75117,2,3,2,6,AVENUE DE LA PORTE D ASNIERES,48,
2.023E+11,31,5,2023,20:30,2,85,85191,2,1,1,2,73 Boulevard gaston guitton,46,
2.023E+11,24,12,2023,23:10,3,71,71202,1,1,1,2,le gauchard,46,
2.023E+11,15,9,2023,15:20,1,2A,2A004,1,6,1,2,T21,41,
2.023E+11,15,3,2023,18:30,2,75,75106,2,2,1,3,BOULEVARD RASPAIL,48,
2.023E+11,31,5,2023,11:40,1,83,83137,2,5,1,3,LOTI (AVE PIERRE),43,
2.023E+11,14,9,2023,19:20,1,95,95680,2,9,1,6,CHAMP DOLENT (RUE LE),49,
2.023E+11,25,12,2023,13:00,1,39,39096,1,1,1,1,N/A,47,
2.023E+11,31,5,2023,13:20,1,83,83034,1,9,2,1,AVENUE DE FONT BRUN,43,
2.023E+11,15,3,2023,09:30,1,75,75120,2,2,1,3,PORTE DE VINCENNES,48,
2.023E+11,15,9,2023,15:15,1,95,95585,2,1,1,3,D316A3,48,
2.023E+11,25,12,2023,11:00,1,29,29061,2,1,2,6,rue Prosper Garnot,48,
2.023E+11,15,3,2023,09:15,1,75,75110,2,2,1,6,RUE DE L AQUEDUC,48,
2.023E+11,31,5,2023,17:42,1,81,81004,2,1,2,6,BOURDES (DE),43,
2.023E+11,15,9,2023,22:55,3,95,95127,1,1,1,2,N14,49,
2.023E+11,15,3,2023,17:00,1,94,94081,2,1,1,2,Avenue Youri Gagarine,48,
2.023E+11,24,12,2023,20:06,5,1,1265,2,1,1,6,8 Rue du Maquis,46,
2.023E+11,15,9,2023,11:00,1,91,91687,2,1,1,3,FRANCOEUR (RUE),48,
2.023E+11,31,5,2023,12:20,1,78,78551,2,2,1,3,ROOSEVELT (DU PRESIDENT),48,
2.023E+11,15,3,2023,18:20,1,94,94080,2,2,1,6,Rue de Fontenay / Rue de Montreuil,48,
2.023E+11,14,9,2023,23:40,5,87,87085,2,1,1,6,CORDERIE (BOULEVARD DE LA),45,
2.023E+11,24,12,2023,15:50,1,30,30026,1,2,1,3,D999,43,
2.023E+11,31,5,2023,12:20,1,78,78029,1,3,1,3,MONTGARDE ( RUE DE),48,
2.023E+11,15,3,2023,18:35,1,94,94074,2,1,1,2,Avenue du Rû de Gironde,48,
2.023E+11,14,9,2023,09:46,1,87,87065,1,2,1,3,BOISSEUIL (RUE DE),45,
2.023E+11,24,12,2023,19:00,3,51,51569,1,1,1,1,A4 - PK 131+200 sens PARIS / METZ,49,
2.023E+11,15,3,2023,08:55,1,94,94074,2,3,1,6,Avenue Julien Duranton / Rue Raspail,48,
2.023E+11,14,9,2023,17:20,1,86,86194,2,1,1,3,Promenade des Cours,46,
2.023E+11,31,5,2023,19:30,1,77,77374,1,1,1,2,D471,48,
2.023E+11,25,12,2023,02:50,5,987,98725,2,1,1,6,PK 8.500 COL DU TAHARA'A,-17,
2.023E+11,14,3,2023,19:40,5,94,94068,2,2,8,3,D130,48,
2.023E+11,2,7,2023,18:40,1,84,84087,2,1,1,3,PINAY (AVENUE ANTOINE),44,
2.023E+11,15,9,2023,08:50,1,83,83137,2,1,7,6,LOSTE (AVE COMMANDANTJEAN),43,
2.023E+11,15,3,2023,10:50,1,94,94058,2,1,1,2,Quai de l'Artois,48,
2.023E+11,31,5,2023,08:10,1,77,77464,2,1,1,6,CLAYE  (RUE DE  ),48,
2.023E+11,14,9,2023,10:25,1,83,83126,2,1,1,1,LA SEYNE A BASTIAN (CHEMIN DE),43,
2.023E+11,15,3,2023,20:20,5,94,94069,2,1,1,3,Quai de la République,48,
2.023E+11,25,12,2023,00:05,3,971,97107,1,1,1,1,Route Nationale N . 1,16,
2.023E+11,16,9,2023,01:00,5,78,78350,1,1,1,1,VERSAILLES (ROUTE DE),48,
2.023E+11,15,3,2023,11:40,1,93,93073,1,1,1,2,Rue de la Belle Borne,48,
2.023E+11,15,9,2023,09:14,1,77,77445,2,2,1,3,EUROPE (AVENUE DE L'),48,
2.023E+11,25,12,2023,16:30,2,42,42012,2,1,1,6,Route du vieux Vinols,45,
2.023E+11,15,3,2023,19:55,5,93,93066,2,3,1,2,Avenue du Président Wilson / Rue des Bretons,48,
2.023E+11,15,9,2023,11:30,1,77,77243,2,1,1,6,JACQUES LEPAIRE  (RUE   ),48,
2.023E+11,15,3,2023,18:20,1,93,93055,2,1,1,4,Rue Condorcet,48,
2.023E+11,25,12,2023,19:30,5,60,60575,2,1,2,1,Rue de Noailles,49,
2.023E+11,15,9,2023,09:00,1,76,76114,2,1,1,1,MARTYRS DE LA RESISTANCE (RUE DES),49,
2.023E+11,14,3,2023,10:50,1,93,93050,2,3,2,4,Rue Paul et Camille Thomoux / Rue du Mal de Lattre de Tassigny,48,
2.023E+11,15,9,2023,08:55,1,76,76476,2,9,1,1,Rue Claude Bernard,49,
2.023E+11,25,12,2023,03:30,3,60,60088,1,1,2,1,Rue du Ménillet,49,
2.023E+11,15,3,2023,21:00,5,93,93071,2,6,1,3,Avenue Lucie Aubrac / Avenue Henri Barbusse,48,
2.023E+11,14,9,2023,16:04,1,72,72181,2,9,1,3,LOUIS BLANC (QUAI),48,
2.023E+11,14,3,2023,15:40,1,93,93031,2,1,1,3,Avenue Salvador Allende,48,
2.023E+11,14,9,2023,07:44,1,72,72181,2,1,1,2,RUBILLARD AV N° PAIRS 118 ET >,48,
2.023E+11,15,3,2023,15:25,1,93,93008,2,1,1,3,Avenue Paul Vaillant - Couturier,48,
2.023E+11,24,12,2023,06:16,3,13,13085,1,1,1,2,A50-Sens Marseille vers Aubagne,43,
2.023E+11,14,9,2023,14:10,1,71,71270,2,9,1,6,NEUF CLES (BOULEVARD DES),46,
2.023E+11,15,3,2023,20:06,5,93,93007,2,1,1,6,35 Rue de l'Angélus,48,
2.023E+11,15,9,2023,13:50,1,71,71076,2,1,1,1,BOUCICAUT (AVENUE),46,
2.023E+11,15,3,2023,08:00,1,92,92050,2,1,1,3,VAILLANT COUTURIER PAUL RUE,48,
2.023E+11,23,12,2023,23:20,3,13,13211,1,1,1,6,A50-Sens Aubagne vers Marseille,43,
2.023E+11,15,3,2023,18:10,1,92,92044,2,1,1,6,DANTON(RUE)125+ ET 134BIS+,48,
2.023E+11,15,9,2023,11:40,1,71,71076,2,3,1,3,COUBERTIN (RUE PIERRE DE),46,
2.023E+11,24,12,2023,12:35,1,83,83129,1,1,1,7,A50,43,
2.023E+11,15,3,2023,09:05,1,92,92024,2,1,1,3,HENRI BARBUSSE (RUE) DE (1 A 73)   (2 A,48,
2.023E+11,15,9,2023,17:30,1,69,69256,2,2,1,3,Avenue Gabriel Péri,45,
2.023E+11,24,12,2023,03:05,3,33,33162,1,1,1,6,ROCADE A 630,44,
2.023E+11,15,3,2023,18:09,1,92,92014,2,1,1,4,ROOSEVELT PRESIDENT F (AVE DU),48,
2.023E+11,15,9,2023,07:40,2,69,69029,2,3,1,3,Place Kimmerling,45,
2.023E+11,15,3,2023,12:15,1,92,92004,2,1,1,3,BAS ( RUE DES ),48,
2.023E+11,14,9,2023,21:50,3,69,69259,2,1,1,1,Chemin du Charbonnier,45,
2.023E+11,15,3,2023,11:20,1,92,92004,2,1,1,6,VICTOIRES  ( PLACE DES  ),48,
2.023E+11,14,9,2023,18:10,1,69,69259,2,1,1,6,Avenue du 11 Novembre 1918,45,
2.023E+11,24,12,2023,18:00,5,94,94034,1,1,1,4,A86,48,
2.023E+11,14,3,2023,09:30,1,92,92004,2,1,1,6,MAGENTA,48,
2.023E+11,24,12,2023,07:49,3,78,78322,1,1,1,6,RN12 EXT,48,
2.023E+11,14,9,2023,16:45,1,67,67482,2,3,1,3,HERRENSCHMIDT (AVENUE),48,
2.023E+11,14,3,2023,18:10,1,92,92004,2,1,1,3,AULAGNIER ( QUAI ),48,
2.023E+11,13,9,2023,14:00,1,66,66136,2,1,1,6,N/A,42,
2.023E+11,13,3,2023,19:20,5,9,9261,2,1,3,6,avenue d'aulot,42,
2.023E+11,23,12,2023,23:30,3,78,78126,1,1,1,6,A13,48,
2.023E+11,15,9,2023,21:50,5,64,64445,2,1,2,3,CONDORCET,43,
2.023E+11,16,3,2023,17:05,1,974,97412,1,1,1,6,24 Rue de la Passerelle,-21,
2.023E+11,15,3,2023,13:00,1,83,83070,2,6,1,3,Avenue de la Baou,43,
2.023E+11,15,9,2023,16:35,1,64,64348,2,3,2,2,ERCKMAN CHATRIAN,43,
2.023E+11,10,3,2023,18:00,1,62,62285,2,1,2,6,D956,50,
2.023E+11,24,12,2023,18:09,3,95,95306,1,1,1,6,A15,49,
2.023E+11,15,9,2023,08:55,1,64,64445,2,6,1,3,EUROPE DE L',43,
2.023E+11,15,3,2023,20:00,3,62,62117,1,1,1,6,D19,50,
2.023E+11,16,3,2023,07:00,1,77,77051,2,1,1,6,Avenue Alain Peyrefitte,48,
2.023E+11,15,9,2023,09:00,1,63,63113,2,2,1,3,rue Alexis Duvert / rue des Côte fleuries,45,
2.023E+11,24,12,2023,16:30,2,93,93053,1,1,1,5,AUTOROUTE A3,48,
2.023E+11,16,3,2023,09:30,1,81,81277,1,3,1,1,D903,43,
2.023E+11,15,9,2023,08:30,1,63,63014,1,6,1,3,N/A,45,
2.023E+11,15,3,2023,15:35,1,71,71230,2,3,1,3,voie du souvenir français,46,
2.023E+11,16,9,2023,00:20,3,62,62510,1,1,1,3,D58,50,
2.023E+11,15,3,2023,18:55,1,12,12198,1,1,1,7,RD 911,44,
2.023E+11,23,12,2023,13:15,1,976,97611,2,1,1,3,kaweni-Kaweni sud  (Z I),-12,
2.023E+11,15,9,2023,11:40,1,61,61001,2,1,7,3,D438,48,
2.023E+11,16,3,2023,12:58,1,34,34332,2,4,1,3,D912,43,
2.023E+11,16,9,2023,20:35,5,59,59271,2,1,1,1,MICHELET,51,
2.023E+11,16,3,2023,18:45,2,34,34335,1,6,1,3,517f Camp Esprit,43,
2.023E+11,23,12,2023,16:18,1,974,97416,2,1,1,6,BONS ENFANTS (RUE DES),-21,
2.023E+11,14,9,2023,16:50,1,56,56121,2,3,1,3,DE GAULLE ( AVE DU GENERAL ),47,
2.023E+11,16,3,2023,12:05,1,68,68179,2,6,1,3,D466,47,
2.023E+11,14,9,2023,08:31,1,56,56162,2,6,1,6,Boulevard François Mitterrand,47,
2.023E+11,14,3,2023,08:55,1,22,22158,1,1,7,6,N164 - Lieu dit Trefaut,48,
2.023E+11,23,12,2023,12:50,1,974,97416,1,1,1,3,BADAMIER(CHEMIN),-21,
2.023E+11,14,9,2023,13:00,1,54,54265,2,1,1,1,Rue Antoine de Saint-exupery,48,
2.023E+11,13,3,2023,17:25,1,22,22132,1,1,2,1,Lieu Dit Landresmeur,48,
2.023E+11,14,9,2023,14:15,1,50,50129,2,2,1,2,BECQUEREL (RUE),49,
2.023E+11,16,3,2023,09:15,1,25,25328,2,1,1,6,Route. de Lyon,,
2.023E+11,11,9,2023,19:30,1,50,50129,2,2,1,3,VINDITS (RUE DES),49,
2.023E+11,21,12,2023,12:45,1,973,97302,2,2,1,3,DE GAULLE (AVENUE),4,
2.023E+11,12,3,2023,04:35,3,29,29100,2,1,1,6,Le Bourg,48,
2.023E+11,15,9,2023,11:01,1,49,49007,2,2,1,3,PAPIN,47,
2.023E+11,14,9,2023,23:15,3,49,49007,2,1,1,2,PLANTAGENET,47,
2.023E+11,14,3,2023,18:00,1,31,31468,2,2,2,1,carrefour d36 et d52,43,
2.023E+11,14,9,2023,08:50,1,49,49007,2,4,1,3,PASTEUR AVENUE,47,
2.023E+11,15,3,2023,18:20,1,31,31493,1,2,1,3,D5,43,
2.023E+11,21,12,2023,08:20,1,973,97302,2,3,3,3,RABAN (ROUTE DE),4,
2.023E+11,15,9,2023,19:21,1,47,47001,2,1,1,3,BARBUSSE (AV. HENRI),44,
2.023E+11,16,3,2023,08:00,1,2,2814,1,1,1,6,N/A,49,
2.023E+11,15,9,2023,08:55,1,44,44109,2,1,1,3,328 Route de Saint Joseph,47,
2.023E+11,16,3,2023,16:35,1,14,14305,1,1,1,6,Chemin de la Butte au Vilain,49,
2.023E+11,16,3,2023,11:15,1,5,5046,2,1,1,2,Route de Caléyères,44,
2.023E+11,15,9,2023,10:55,1,43,43157,2,1,1,4,Boulevard Carnot,45,
2.023E+11,23,12,2023,19:05,2,69,69383,2,2,1,1,Avenue Félix Faure,45,
2.023E+11,15,3,2023,15:35,1,36,36200,1,3,1,5,N/A,46,
2.023E+11,16,9,2023,00:30,5,37,37261,2,2,1,5,HEURTELOUP (BOULEVARD),47,
2.023E+11,15,3,2023,17:45,1,40,40228,1,4,7,3,1120 Avenue Jean Barbé,43,
2.023E+11,15,9,2023,15:20,1,37,37261,2,1,1,2,VAILLANT (RUE EDOUARD),47,
2.023E+11,16,3,2023,17:20,1,30,30059,1,1,1,1,N/A,43,
2.023E+11,23,12,2023,11:45,1,69,69388,2,2,8,6,Place Ambroise Courtois,45,
2.023E+11,15,9,2023,18:15,1,35,35238,2,2,1,3,CHARLES TILLON (RUE),48,
2.023E+11,16,3,2023,07:50,1,88,88158,2,3,1,1,Rue de l'Elle,48,
2.023E+11,15,9,2023,19:10,2,35,35150,1,3,1,7,GAUTRAIS (LA PETITE) LIEUX-DITS,48,
2.023E+11,16,3,2023,09:55,1,24,24167,2,1,1,6,48 Boulevard National,44,
2.023E+11,23,12,2023,10:50,1,69,69386,2,1,2,6,Quai Charles de Gaulle,45,
2.023E+11,15,9,2023,12:53,1,34,34172,2,3,1,3,LODEVE (AVENUE DE,43,
2.023E+11,15,3,2023,10:40,1,69,69244,2,3,1,2,49 Avenue de la République,45,
2.023E+11,15,3,2023,17:00,1,6,6018,1,1,1,1,Route de Valbonne,43,
2.023E+11,15,9,2023,19:10,1,33,33522,2,3,1,2,Rue Peydavant,44,
2.023E+11,23,12,2023,06:00,1,972,97213,2,1,1,1,ROUTE DEPARTEMENTALE 3,14,
2.023E+11,16,3,2023,05:10,3,89,89208,1,1,1,7,Autoroute A6,47,
2.023E+11,15,9,2023,02:15,3,33,33281,2,1,1,6,Avenue de la Libération,44,
2.023E+11,16,3,2023,11:30,1,58,58303,2,1,1,3,Boulevard Camille Dagonneau,47,
2.023E+11,15,9,2023,11:20,1,31,31555,2,1,1,3,MATABIAU (BD) DU 1AU 75,43,
2.023E+11,23,12,2023,07:55,1,972,97209,1,1,1,2,RD 41 (ROCADE),14,
2.023E+11,14,9,2023,19:30,2,31,31555,2,1,1,1,RUE LOUIS BONIN,43,
2.023E+11,16,3,2023,22:45,3,988,98820,1,1,3,6,Tribu de Lékine - VU2,-20,
2.023E+11,14,9,2023,15:15,1,31,31555,2,1,7,6,RUE DU TAUR,43,
2.023E+11,16,3,2023,10:30,1,13,13088,1,3,1,3,ZA les Pielettes,43,
2.023E+11,15,9,2023,19:20,1,28,28218,2,1,1,3,VIEUX PUITS (CITE-RUE DU),48,
2.023E+11,23,12,2023,11:45,1,69,69202,2,1,1,1,1 Chemin des Hauts du Bois,45,
2.023E+11,15,9,2023,18:05,1,27,27681,2,9,7,6,JAURES (BOULEVARD JAURES),49,
2.023E+11,16,3,2023,08:15,1,78,78062,2,6,1,3,Carrefour de l'Estandart,48,
2.023E+11,15,3,2023,17:00,1,66,66210,2,6,1,2,N/A,42,
2.023E+11,15,9,2023,08:20,1,27,27234,2,1,1,2,NATIONALE 13 (ROUTE),49,