Num_Acc,jour,mois,an,hrmn,lum,dep,com,agg,int,atm,col,adr,lat,long
2.023E+11,15,10,2023,21:00,5,27,27229,2,1,1,1,SEMARD (RUE PIERRE),49,
2.023E+11,16,10,2023,09:55,1,25,25204,2,3,1,2,Grande rue,46,
2.023E+11,13,10,2023,17:05,1,19,19031,2,1,1,3,Avenue Jean Charles Rivet,45,
2.023E+11,13,10,2023,16:00,1,19,19031,2,1,1,6,RIVET (AVENUE JEAN CHARLES),45,
2.023E+11,16,10,2023,09:48,1,13,13071,2,9,1,6,TOTAL (RN 113 - LE TUNNEL),43,
2.023E+11,2,9,2023,18:05,1,13,13077,2,6,1,6,BOUC ANTOINE (rue),43,
2.023E+11,16,10,2023,18:30,2,13,13213,2,3,1,5,POILUS (AVENUE DES),43,
2.023E+11,16,10,2023,15:30,1,13,13206,2,6,1,6,BAILLE (BOULEVARD),43,
2.023E+11,16,10,2023,07:00,2,13,13212,2,1,1,3,WILLIAM BOOTH (AVENUE),43,
2.023E+11,15,10,2023,18:30,1,13,13204,2,2,1,3,FRANÇOISE DUPARC (BOULEVARD),43,
2.023E+11,16,10,2023,12:13,1,12,12145,2,3,1,3,GABRIAC JEAN (BOULEVARD),44,
2.023E+11,16,10,2023,19:53,5,75,75115,2,1,1,3,BOULEVARD DE VAUGIRARD,48,
2.023E+11,15,10,2023,03:00,5,75,75112,2,1,1,6,AVENUE DU GENERAL MICHEL BIZOT,48,
2.023E+11,16,10,2023,10:00,1,75,75111,2,2,1,6,RUE OBERKAMPF,48,
2.023E+11,16,10,2023,10:20,1,75,75111,2,3,1,3,AVENUE DE LA REPUBLIQUE,48,
2.023E+11,16,10,2023,14:10,1,75,75108,2,1,1,6,RUE D ARTOIS,48,
2.023E+11,16,10,2023,12:55,1,75,75115,2,2,1,6,QUAI BRANLY,48,
2.023E+11,16,10,2023,08:39,1,75,75107,2,3,8,3,QUAI D ORSAY,48,
2.023E+11,16,10,2023,17:05,1,75,75103,2,1,1,6,BOULEVARD SAINT MARTIN,48,
2.023E+11,16,10,2023,17:35,1,94,94078,2,1,1,3,208 Rue de Paris,48,
2.023E+11,15,10,2023,15:30,1,94,94015,2,3,1,3,Avenue du Général Leclerc,48,
2.023E+11,16,10,2023,14:25,1,94,94046,2,1,1,3,Rue Jean Jaurès,48,
2.023E+11,16,10,2023,20:45,5,94,94016,2,7,1,6,Rue Guichard,48,
2.023E+11,16,10,2023,08:30,1,94,94041,2,1,1,3,14 Rue de Châteaudun,48,
2.023E+11,9,10,2023,19:00,2,94,94073,2,1,1,2,Rue du Docteur Marie,48,
2.023E+11,14,10,2023,23:35,5,94,94011,2,6,1,3,Route de Stains,48,
2.023E+11,16,10,2023,17:30,1,94,94069,2,1,1,3,Rue du Maréchal Leclerc,48,
2.023E+11,16,10,2023,12:40,1,93,93073,2,2,1,6,Avenue Henri Barbusse / Rue Hector Berlioz,48,
2.023E+11,16,10,2023,21:00,5,93,93066,2,9,1,6,Rue de la Legion d'Honneur,48,
2.023E+11,16,10,2023,11:55,1,93,93062,2,1,1,2,Avenue de la Résistance,48,
2.023E+11,15,10,2023,16:30,1,93,93063,2,3,1,3,Avenue Gaston Roussel / Rue Louise Dory,48,
2.023E+11,16,10,2023,16:20,1,93,93029,2,2,1,3,Avenue Henri Barbusse / Rue Roger Gibrat,48,
2.023E+11,16,10,2023,05:00,5,93,93013,2,2,1,3,Rue Edouard Vaillant / Rue Jean Moulin,48,
2.023E+11,15,10,2023,06:40,2,93,93047,2,3,1,3,Boulevard Bargue / Avenue de Clichy-sous-bois,48,
2.023E+11,16,10,2023,19:47,2,93,93001,2,2,1,6,Avenue de la République / Rue Guyard Delalain,48,
2.023E+11,1,9,2023,23:10,5,92,92078,2,9,1,3,LONGUE BERTRANE (RUE),48,
2.023E+11,16,10,2023,16:45,1,92,92073,2,3,1,6,GAUCHERE (RUE DE LA),48,
2.023E+11,16,10,2023,10:10,1,92,92024,2,1,8,6,CASTERES (RUE),48,
2.023E+11,16,10,2023,16:49,2,92,92012,2,1,1,1,BILLANCOURT (RUE DE) 1/61 - 2/104,48,
2.023E+11,16,10,2023,16:35,1,92,92012,2,1,1,6,JEAN JAURES (BOULEVARD) 63/215 - 70/208,48,
2.023E+11,16,10,2023,10:00,1,92,92012,2,1,1,6,AGUESSEAU (RUE D') 91/FIN - 84/FIN,48,
2.023E+11,15,10,2023,11:53,1,92,92009,2,6,1,3,CHEVREUL ( AVENUE ),48,
2.023E+11,16,10,2023,18:20,1,35,35175,2,1,1,6,10 Rue Anne de Bretagne,47,
2.023E+11,17,10,2023,01:15,3,50,50167,1,1,1,6,Route d?Avranches,48,
2.023E+11,14,9,2023,16:30,1,12,12300,2,1,1,6,Route de Montauban,44,
2.023E+11,5,7,2023,14:05,1,972,97232,2,2,1,4,rue jean jaures,14,
2.023E+11,17,10,2023,12:30,1,22,22180,1,1,1,1,RN 176 - PR : 23+300,48,
2.023E+11,17,10,2023,15:30,1,30,30209,1,1,1,7,D177 - PK +1.8,44,
2.023E+11,16,10,2023,19:15,3,62,62885,1,4,1,3,Rue a l’Eau,50,
2.023E+11,15,10,2023,01:00,3,77,77406,2,1,1,6,D222,48,
2.023E+11,16,10,2023,01:36,3,61,61349,1,1,1,6,A88,48,
2.023E+11,17,10,2023,10:45,1,83,83067,1,1,8,6,D97,43,
2.023E+11,16,10,2023,23:21,3,62,62599,1,2,1,3,N42,50,
2.023E+11,17,10,2023,03:50,3,56,56101,1,1,1,7,N/A,47,
2.023E+11,14,10,2023,21:25,5,82,82013,2,1,1,2,Avenue de Gascogne,43,
2.023E+11,16,10,2023,21:15,3,33,33424,1,1,1,6,D1215,45,
2.023E+11,16,10,2023,19:30,3,11,11106,2,2,1,1,89 Avenue Jean Jaurès,43,
2.023E+11,16,10,2023,17:00,1,71,71428,1,2,1,5,D83,46,
2.023E+11,16,10,2023,14:21,1,61,61476,1,1,1,6,D955,48,
2.023E+11,16,10,2023,05:05,3,61,61370,1,1,1,6,D826 PR5+110,48,
2.023E+11,16,10,2023,17:00,1,47,47186,1,1,1,7,D436,,
2.023E+11,16,10,2023,18:20,1,68,68138,2,1,1,7,Rue de Bettendorf,47,
2.023E+11,16,10,2023,13:45,1,25,25405,1,1,1,3,D437,46,
2.023E+11,16,10,2023,18:00,1,3,3031,1,1,1,6,Bornais,46,
2.023E+11,17,10,2023,10:50,1,26,26113,1,3,1,3,RD543,44,
2.023E+11,20,4,2023,19:40,1,13,13106,1,1,1,2,A7-Sens Lyon vers Marseille,43,
2.023E+11,17,10,2023,07:40,2,72,72042,1,9,1,3,La Cave,47,
2.023E+11,20,4,2023,09:15,1,69,69199,1,1,1,4,Autoroute 7,45,
2.023E+11,17,10,2023,18:00,1,6,6079,2,9,1,3,873 Avenue de Cannes,43,
2.023E+11,24,4,2023,09:15,1,69,69290,1,1,1,2,Autoroute 43 ,45,
2.023E+11,18,3,2023,03:00,3,42,42207,1,1,1,7,A47,45,
2.023E+11,14,10,2023,16:30,1,64,64504,2,1,1,7,Quartier Lehenbiscay,43,
2.023E+11,17,10,2023,07:40,2,73,73162,1,3,5,6,D1090,45,
2.023E+11,25,4,2023,16:35,1,33,33122,1,1,1,4,AUTOROUTE A 63,44,
2.023E+11,17,10,2023,14:36,1,10,10373,1,1,1,1,N77,48,
2.023E+11,22,4,2023,01:19,3,59,59462,1,1,1,2,AUTOROUTE A1,50,
2.023E+11,16,10,2023,16:25,1,27,27137,1,1,1,2,d926,48,
2.023E+11,25,4,2023,17:00,1,78,78455,1,1,1,3,A13,48,
2.023E+11,24,4,2023,01:20,5,92,92050,1,1,1,2,A86,48,
2.023E+11,25,4,2023,19:00,1,93,93008,1,1,1,7,AUTOROUTE A86,48,
2.023E+11,25,4,2023,14:40,1,95,95042,1,1,1,6,N104,49,
2.023E+11,16,10,2023,17:50,1,987,98734,2,1,1,1,PK 35.500 en face de Pizza Papy,-17,
2.023E+11,25,4,2023,07:55,1,93,93066,1,1,1,5,AUTOROUTE A1,48,
2.023E+11,16,10,2023,11:31,1,19,19085,1,1,1,2,A89 - PK 222+500,45,
2.023E+11,25,4,2023,07:05,1,93,93066,1,1,1,2,AUTOROUTE A1,48,
2.023E+11,17,10,2023,07:50,1,26,26057,1,1,1,2,A 49 - PK : 059.500 / Sens GRENOBLE vers VALENCE,45,
2.023E+11,14,10,2023,18:10,1,78,78043,1,1,1,1,Route de Fontenay,48,
2.023E+11,24,4,2023,18:40,1,93,93005,1,1,1,5,AUTOROUTE A3,48,
2.023E+11,17,10,2023,08:55,1,77,77508,2,1,1,6,boulevard de l'ouest,48,
2.023E+11,24,4,2023,10:40,1,93,93001,1,1,1,2,AUTOROUTE A86,48,
2.023E+11,17,10,2023,10:00,1,67,67223,1,1,1,2,A35 PK 411.200 sens STRASBOURG vers COLMAR,48,
2.023E+11,24,4,2023,21:00,3,94,94042,1,1,2,7,A4,48,
2.023E+11,24,4,2023,07:50,1,976,97611,2,1,1,6,kaweni-SPPM ( rue de la ),-12,
2.023E+11,24,4,2023,14:15,1,94,94043,2,1,1,6,Avenue de Fontainebleau,48,
2.023E+11,15,10,2023,12:50,1,987,98725,2,6,1,3,PK 9 - RT2 - rond point du Tahara,,
2.023E+11,24,4,2023,20:55,3,974,97411,2,1,2,7,RN2/043,-20,
2.023E+11,16,10,2023,15:40,1,987,98719,2,1,1,3,Village de RIKITEA,-22,
2.023E+11,24,4,2023,08:00,1,974,97411,2,6,1,3,ABATTOIR (RUE DE L'),-20,
2.023E+11,16,10,2023,08:52,1,77,77107,1,1,1,1,Route Nationale 36,48,
2.023E+11,24,4,2023,17:20,1,973,97302,2,3,2,3,ARON (ANDRE),4,
2.023E+11,24,4,2023,14:25,1,973,97302,1,1,2,2,ROUTE NATIONALE 1,4,
2.023E+11,15,10,2023,21:15,3,77,77354,1,3,1,3,D605,48,
2.023E+11,24,4,2023,12:50,1,973,97302,2,2,2,3,FELIX EBOUE(ROCADE),4,
2.023E+11,17,10,2023,08:10,1,91,91338,1,2,1,3,D988 Rue de Chartres,48,
2.023E+11,24,4,2023,09:30,1,973,97302,2,2,1,6,VOLTAIRE(AVENUE),4,
2.023E+11,16,10,2023,17:45,1,11,11426,1,1,1,7,D 620,43,
2.023E+11,24,4,2023,20:10,2,69,69387,2,2,1,6,Avenue Berthelot,45,
2.023E+11,24,4,2023,15:50,1,69,69386,2,3,1,3,Avenue Thiers,45,
2.023E+11,24,4,2023,08:00,1,69,69387,2,3,1,6,Rue Paul Duvivier,45,
2.023E+11,16,10,2023,17:45,1,13,13027,1,1,8,1,D571,43,
2.023E+11,23,4,2023,21:00,5,972,97209,1,1,1,7,PARADISIERS (AVENUE DES),14,
2.023E+11,24,4,2023,07:15,1,971,97120,2,1,1,6,HANNE (BOULEVARD),16,
2.023E+11,22,4,2023,22:20,5,971,97120,1,1,1,7,CHEMIN NEUF,16,
2.023E+11,24,4,2023,15:40,1,91,91421,2,1,1,1,DOCTEUR BESSON (RUE DU),48,
2.023E+11,24,4,2023,22:40,5,91,91687,2,3,2,6,NATIONALE 445 (ROUTE),48,
2.023E+11,24,4,2023,12:55,1,91,91479,2,3,1,3,AV ALEXANDRE DUMAS,48,
2.023E+11,24,4,2023,09:37,1,91,91479,2,3,1,3,RUE MAXIMIL ROBESPIERRE,48,
2.023E+11,23,4,2023,16:50,1,87,87085,2,1,1,6,LOCARNO (AVENUE),45,
2.023E+11,24,4,2023,08:00,1,83,83137,2,1,1,6,JOFFRE (BD MARECHAL),43,
2.023E+11,23,4,2023,13:50,1,76,76351,2,4,2,3,WINSTON CHURCHILL,49,
2.023E+11,24,4,2023,20:33,1,69,69290,2,3,1,6,Rue Aristide Briand,45,
2.023E+11,23,4,2023,10:40,1,67,67482,2,3,1,3,FOSSE DES ORPHELINS (RUE DU),48,
2.023E+11,24,4,2023,08:27,1,64,64445,2,3,1,3,PAIX,43,
2.023E+11,24,4,2023,07:45,1,64,64445,2,2,1,3,BEZIOU,43,
2.023E+11,23,4,2023,18:54,1,64,64102,2,2,1,2,BERNEDE (RUE),43,
2.023E+11,21,4,2023,17:55,1,63,63113,2,2,1,3,MARGERIDE/ rue Roger Maerte,45,
2.023E+11,21,4,2023,14:24,1,63,63113,2,1,1,4,CLEMENTEL (BD ETIENNE),45,
2.023E+11,24,4,2023,19:00,1,59,59271,2,2,1,6,MOULIN,51,
2.023E+11,20,4,2023,19:50,1,58,58194,2,3,1,1,SAINT BENIN,46,
2.023E+11,20,4,2023,18:04,1,58,58194,1,1,1,6,MARECHAL JUIN,47,
2.023E+11,22,4,2023,04:30,3,56,56121,2,1,2,7,COSMAO-DUMANOIR ( BD ),47,
2.023E+11,24,3,2023,12:55,1,51,51454,2,1,3,7,rue du Bois d'Amour,49,
2.023E+11,21,4,2023,19:30,1,49,49099,2,6,1,2,LECLERC (AVENUE DU MARECHAL),47,
2.023E+11,20,4,2023,23:04,4,49,49007,2,1,1,2,RD 323,47,
2.023E+11,24,4,2023,18:00,1,44,44109,2,1,1,3,14 Rue de la Basse Chénaie,47,
2.023E+11,21,4,2023,03:55,3,44,44055,1,1,1,2,Route Bleue,47,
2.023E+11,24,4,2023,10:36,1,38,38421,2,3,8,3,RUE GEORGES SADOUL,45,
2.023E+11,24,4,2023,14:20,1,37,37261,2,1,1,7,PASCAL (RUE BLAISE),47,
2.023E+11,24,4,2023,14:00,1,29,29232,1,6,1,7,Rond-Point de Kerustum,47,
2.023E+11,20,4,2023,08:30,2,22,22113,1,1,1,3,ROSPEZ (ROUTE DE),48,
2.023E+11,23,4,2023,05:35,5,19,19031,2,1,1,6,BRUNE (BOULEVARD),45,
2.023E+11,22,4,2023,09:37,1,19,19031,2,1,1,6,BOUDY (RUE NOEL)  JUSQU'A N°  73 - 66,45,
2.023E+11,24,4,2023,23:00,5,13,13207,2,1,1,1,COLONEL SEROT (AVENUE),43,
2.023E+11,24,4,2023,18:40,1,13,13210,2,1,1,3,COMTESSE LILY PASTRE (AVENUE),43,
2.023E+11,24,4,2023,14:30,1,6,6069,2,1,1,2,ORME (CHEMIN DE L'),43,
2.023E+11,23,4,2023,21:00,5,6,6027,2,1,2,5,NICE AVENUE DE (RN7),43,
2.023E+11,24,4,2023,01:30,5,6,6155,2,1,1,7,LIBERTE AV.DE LA,43,
2.023E+11,20,4,2023,16:55,1,4,4070,2,4,1,2,FRONT DE BLEONE (AV.),44,
2.023E+11,23,4,2023,06:40,2,75,75115,2,1,1,2,BD PERIPHERIQUE EXTERIEUR,48,
2.023E+11,24,4,2023,02:10,5,75,75106,2,2,1,6,BOULEVARD SAINT GERMAIN,48,
2.023E+11,24,4,2023,21:00,5,75,75120,2,2,2,3,RUE D AVRON,48,
2.023E+11,24,4,2023,14:35,1,75,75120,2,3,1,3,AVENUE IBSEN,48,
2.023E+11,24,4,2023,14:15,1,75,75119,2,3,1,7,PLACE DU COLONEL FABIEN,48,
2.023E+11,24,4,2023,14:40,1,75,75116,2,1,1,3,AVENUE RAYMOND POINCARE,48,
2.023E+11,24,4,2023,09:20,1,75,75115,2,2,1,2,RUE VIALA,48,
2.023E+11,23,4,2023,15:10,1,75,75115,2,1,8,6,RUE LECOURBE,48,
2.023E+11,24,4,2023,14:50,1,75,75111,2,2,8,3,BOULEVARD RICHARD LENOIR,48,
2.023E+11,24,4,2023,18:05,1,75,75110,2,2,1,3,RUE DU FAUBOURG POISSONNIERE,48,
2.023E+11,24,4,2023,09:20,1,75,75110,2,1,8,6,RUE JULIETTE DODU,48,
2.023E+11,24,4,2023,09:55,1,75,75108,2,3,1,2,AVENUE DES CHAMPS ELYSEES,48,
2.023E+11,24,4,2023,10:05,1,94,94074,2,3,8,2,Avenue Henri Barbusse / Rue de la Ferme de la Tour,48,
2.023E+11,23,4,2023,22:10,5,94,94068,2,2,2,3,Avenue du Général Leclerc,48,
2.023E+11,24,4,2023,14:30,1,94,94076,2,1,1,3,Boulevard Maxime Gorki,48,
2.023E+11,24,4,2023,09:40,1,93,93074,1,6,1,2,Route Strategique / Av du Marechal de Lattre de Tassigny,48,
2.023E+11,19,4,2023,21:00,5,92,92073,2,1,1,6,ROOSVELT (AVENUE FRANKLIN),48,
2.023E+11,23,4,2023,22:10,5,92,92033,2,6,2,6,HENRI BERGSON,48,
2.023E+11,24,4,2023,11:13,1,92,92051,2,1,1,6,CHATEAU (BOULEVARD DU),48,
2.023E+11,24,4,2023,02:23,5,92,92050,2,2,1,3,STALINGRAD RUE DE,48,
2.023E+11,24,4,2023,18:30,1,92,92023,2,9,2,3,PROVENCE (RUE DE),48,
2.023E+11,24,4,2023,17:20,1,92,92002,2,6,2,3,LEWISHAM (PLACE DE),48,
2.023E+11,20,4,2023,10:00,1,974,97415,2,1,1,7,Rue Leconte de Lisle,-20,
2.023E+11,22,4,2023,14:20,1,67,67372,2,9,1,3,Rue de Strasbourg,48,
2.023E+11,23,4,2023,10:30,1,71,71320,1,1,1,6,D980,46,
2.023E+11,24,4,2023,12:58,1,84,84043,2,1,1,2,512 Avenue Jean Jaurès,44,
2.023E+11,25,4,2023,09:40,1,22,22048,1,1,8,1,D794,48,
2.023E+11,24,4,2023,21:56,3,60,60398,1,1,2,3,Rd 4,49,
2.023E+11,25,4,2023,19:00,1,76,76320,1,4,1,6,La barronnerie,49,
2.023E+11,15,4,2023,14:35,1,83,83148,2,3,1,6,Avenue Charles Pellegrin,43,
2.023E+11,24,4,2023,15:45,1,22,22341,1,1,1,6,RN 12 PR 024+600,48,
2.023E+11,25,4,2023,12:30,1,76,76571,1,2,1,3,D98,49,
2.023E+11,25,4,2023,07:15,2,79,79179,1,1,5,1,N/A,46,
2.023E+11,24,4,2023,19:03,1,12,12195,1,4,1,1,RD32,43,
2.023E+11,8,4,2023,09:30,1,12,12208,2,1,1,6,Route de lapeyre,43,
2.023E+11,24,4,2023,18:50,1,39,39191,1,1,1,6,Tramelans,46,
2.023E+11,24,4,2023,23:15,3,29,29069,1,1,1,6,Route de kervaly,48,
2.023E+11,23,4,2023,16:20,1,38,38261,2,2,2,3,route du bourg,45,
2.023E+11,21,4,2023,15:45,1,72,72156,1,9,1,3,Route départementale 1,48,
2.023E+11,24,4,2023,15:00,1,6,6074,1,1,1,7,M2565,43,
2.023E+11,24,4,2023,09:53,1,50,50181,1,1,1,6,Le Bosq,49,
2.023E+11,24,4,2023,11:54,1,53,53128,2,6,1,3,D11,47,
2.023E+11,24,4,2023,17:11,1,4,4209,2,1,1,6,Avenue de la Libération,44,
2.023E+11,24,4,2023,17:10,1,28,28164,1,1,1,1,N 154,48,
2.023E+11,24,4,2023,13:30,1,973,97307,2,3,2,3,rue du polygone,4,
2.023E+11,24,4,2023,18:45,1,66,66012,2,1,1,3,N/A,42,
2.023E+11,25,4,2023,09:06,1,69,69019,2,3,1,2,Avenue de Verdun,46,
2.023E+11,24,4,2023,08:20,1,45,45317,1,1,1,2,A10 PR 126 + 9,47,
2.023E+11,24,4,2023,19:14,3,973,97305,1,1,1,1,Route Nationale 1,4,
2.023E+11,24,4,2023,14:40,1,13,13040,2,1,1,3,le clos des chenes,43,
2.023E+11,23,4,2023,12:40,1,41,41220,1,1,1,1,D925,47,
2.023E+11,25,4,2023,20:15,2,2B,2B134,2,1,6,6,port de commerce,42,
2.023E+11,25,4,2023,08:45,1,34,34058,1,1,1,3,M610,43,
2.023E+11,25,4,2023,17:00,1,42,42299,1,1,1,1,Rue de Feurs,45,
2.023E+11,24,4,2023,17:40,1,31,31304,1,1,1,6,D826,43,
2.023E+11,25,4,2023,09:28,1,40,40202,2,6,3,3,Rue Alphonse Daudet,43,
2.023E+11,24,4,2023,18:30,1,22,22093,2,1,2,6,714 Rue de l'Etang,48,
2.023E+11,24,4,2023,22:30,3,76,76563,1,1,1,6,Route d'Oudalle,49,
2.023E+11,24,4,2023,01:20,4,91,91661,1,1,1,6,AUTOROUTE A10,48,
2.023E+11,24,4,2023,01:20,3,95,95572,1,1,1,2,N184,49,
2.023E+11,22,4,2023,19:10,1,72,72095,2,1,1,6,EUROPE (PL DE L'),48,
2.023E+11,21,4,2023,14:35,1,976,97611,2,9,1,6,m'tsapere-Nationale 2 (route),-12,
2.023E+11,21,4,2023,03:56,3,49,49007,1,1,1,1,ATLANTIQUE  AVENUE DE L',47,
2.023E+11,21,4,2023,15:50,1,27,27229,2,1,1,6,JOSEPHINE (RUE),49,
2.023E+11,20,4,2023,23:45,4,63,63032,2,1,1,6,MONT-DORE (AVENUE DU),45,
2.023E+11,20,4,2023,13:00,1,75,75112,2,1,1,2,ECHANGEUR BERCY,48,
2.023E+11,20,4,2023,13:00,1,75,75120,2,3,1,6,RUE DE BAGNOLET,48,
2.023E+11,20,4,2023,17:55,1,93,93046,2,3,1,5,Avenue Aristide Briand / Avenue Camille Desmoulins,48,
2.023E+11,22,4,2023,10:35,1,976,97611,2,9,1,7,kaweni-Mangrove (route de la),-12,
2.023E+11,23,4,2023,19:05,5,974,97416,2,1,1,6,HIPPOLYTE  PIOT (RUE),-21,
2.023E+11,23,4,2023,13:50,1,974,97411,2,1,1,3,RAIMBAULT (CHEMIN DU PERE),-20,
2.023E+11,23,4,2023,19:10,5,974,97407,2,1,1,6,COMMUNE DE PARIS (AVENUE),-20,
2.023E+11,23,4,2023,13:49,1,972,97213,1,1,1,4,Z I CALIFORNIE,14,
2.023E+11,23,4,2023,19:20,5,972,97209,2,3,1,3,REDOUTE (ROUTE DE LA),14,
2.023E+11,23,4,2023,19:50,5,971,97105,2,9,1,6,BD GERTY ARCHIMEDE,15,
2.023E+11,23,4,2023,12:20,1,2A,2A004,2,1,1,2,MONTEE SAINT JEAN,41,
2.023E+11,22,4,2023,18:30,1,83,83009,2,2,1,3,ESCOURCHE (BD DE L'),43,
2.023E+11,23,4,2023,01:10,5,81,81065,2,1,2,2,VITTOZ (BD.RAYMOND),43,
2.023E+11,23,4,2023,19:00,1,78,78401,2,1,1,6,PONTOISE (ROUTE DE ),49,
2.023E+11,4,7,2023,18:55,1,33,33063,2,2,1,3,Avenue de Mérignac,44,
2.023E+11,5,7,2023,10:30,1,32,32013,2,1,1,6,LEDRU ROLLIN (PLACE),43,
2.023E+11,5,7,2023,21:10,1,29,29232,2,1,1,7,Route de Pont l'Abbe,47,
2.023E+11,5,7,2023,13:45,1,29,29019,2,1,1,2,boulevard Tanguy Prigent,48,
2.023E+11,19,4,2023,05:45,2,74,74010,2,3,1,3,CRETE (DE LA),45,
2.023E+11,23,4,2023,04:50,5,69,69276,2,1,2,3,Route de Lyon,45,
2.023E+11,3,6,2023,22:30,5,19,19031,2,1,1,6,RIBOT (AVENUE),45,
2.023E+11,23,4,2023,00:45,4,60,60175,2,9,1,3,N/A,49,
2.023E+11,23,4,2023,14:40,1,59,59009,2,1,1,3,TOURNAI BOULEVARD DE,50,
2.023E+11,4,7,2023,23:48,3,18,18033,1,1,2,7,Route de la Chapelle,47,
2.023E+11,23,4,2023,06:00,2,54,54184,2,3,1,3,BRIGACHTAL (AVENUE DE),48,
2.023E+11,23,4,2023,21:32,5,54,54254,2,1,2,6,VICTOR HUGO (RUE),49,
2.023E+11,23,4,2023,15:07,1,51,51172,2,3,1,3,Rue de la Sentelle,49,
2.023E+11,5,7,2023,23:25,3,17,17415,1,1,1,4,ROCADE SUD,45,
2.023E+11,23,4,2023,06:35,2,35,35238,1,1,3,2,RN 12,48,
2.023E+11,17,6,2023,11:20,1,15,15014,2,6,1,4,46 Avenue des Volontaires,44,
2.023E+11,23,4,2023,12:00,1,29,29232,1,3,1,5,Route de Benodet,47,
2.023E+11,16,6,2023,10:20,1,15,15014,2,1,1,4,58 Avenue des Pupilles de la Nation,44,
2.023E+11,23,4,2023,22:57,5,29,29039,1,6,1,3,la Boissière,47,
2.023E+11,4,7,2023,09:45,1,14,14220,2,6,1,6,2 Avenue de la République,49,
2.023E+11,23,4,2023,20:40,5,25,25056,2,4,2,6,BELFORT RUE DE (inf144),47,
2.023E+11,5,7,2023,22:00,5,13,13211,2,3,1,3,SAINT MARCEL (BOULEVARD DE ),43,
2.023E+11,23,4,2023,21:17,5,13,13211,2,1,1,6,SAINT LOUP (BOULEVARD DE),43,
2.023E+11,4,7,2023,15:11,1,6,6027,2,1,1,6,GARE AVENUE DE LA,43,
2.023E+11,23,4,2023,05:45,2,13,13206,2,1,1,2,BOSSUET (RUE),43,
2.023E+11,23,4,2023,10:10,1,13,13206,2,1,1,6,LIEUTAUD (COURS),43,
2.023E+11,5,7,2023,17:20,1,75,75120,2,1,1,3,BD PERIPHERIQUE EXTERIEUR,48,
2.023E+11,23,4,2023,00:50,5,13,13211,2,3,1,1,EMMANUEL ALLARD (RUE),43,
2.023E+11,23,4,2023,00:10,5,13,13208,2,1,1,2,MENDES FRANCE (AVENUE),43,
2.023E+11,3,7,2023,09:50,1,75,75117,2,1,1,5,PORTE DE CLICHY,48,
2.023E+11,22,4,2023,19:45,2,9,9122,1,1,1,7,RD 117,42,
2.023E+11,23,4,2023,16:30,1,7,7186,1,1,3,7,COTE DU BARON,44,
2.023E+11,5,7,2023,08:50,1,75,75120,2,1,1,5,AVENUE DE LA PORTE DE BAGNOLET,48,
2.023E+11,22,4,2023,17:00,1,988,98818,2,3,1,3,VDE/RUE ARNOLD DALY,-22,
2.023E+11,22,4,2023,05:40,3,974,97416,1,1,1,6,RN2 (1),-21,
2.023E+11,5,7,2023,21:10,1,75,75119,2,1,1,6,AVENUE DE FLANDRE,48,
2.023E+11,22,4,2023,07:50,1,974,97416,2,3,1,3,FOUR A CHAUX(RUE DU),-21,
2.023E+11,21,4,2023,09:00,1,974,97407,2,1,1,6,20 DECEMBRE 1948(AVENUE DU),-20,
2.023E+11,22,4,2023,17:55,1,973,97302,1,1,3,7,ZONE COLLERY I OU II,4,
2.023E+11,5,7,2023,09:30,1,75,75119,2,9,1,3,BOULEVARD D INDOCHINE,48,
2.023E+11,21,4,2023,11:00,1,972,97209,2,1,1,2,ALEXANDRE NESTORET (RUE),14,
2.023E+11,22,4,2023,09:30,1,971,97113,1,9,1,6,ROUTE DE PERINET-RD 119,16,
2.023E+11,5,7,2023,15:30,1,75,75116,2,3,1,6,RUE DE LA POMPE,48,
2.023E+11,22,4,2023,02:10,5,2A,2A004,1,9,1,3,ALZO DI SOLE RCE,41,
2.023E+11,22,4,2023,21:05,3,83,83129,2,1,1,6,AUDIBERT (RUE ET CH),43,
2.023E+11,22,4,2023,12:30,1,79,79329,1,1,1,7,N/A,46,
2.023E+11,5,7,2023,15:30,1,75,75115,2,3,1,6,RUE SAINT CHARLES,48,
2.023E+11,22,4,2023,19:30,1,77,77186,2,2,1,3,D210,48,
2.023E+11,5,7,2023,06:55,1,75,75115,2,2,1,3,BOULEVARD DE VAUGIRARD,48,
2.023E+11,11,4,2023,17:25,1,77,77333,2,1,1,6,RUE DU SOUVENIR,48,
2.023E+11,21,4,2023,16:10,1,71,71270,1,3,1,3,JULIENAS (ROUTE DE),46,
2.023E+11,5,7,2023,11:15,1,75,75114,2,2,1,3,AVENUE DU GENERAL LECLERC,48,
2.023E+11,5,7,2023,19:50,1,75,75111,2,3,1,3,RUE DE LA ROQUETTE,48,
2.023E+11,23,4,2023,01:15,5,69,69266,2,3,3,4,241 Cours Emile Zola,45,
2.023E+11,5,7,2023,20:15,1,75,75101,2,3,1,3,RUE DE RIVOLI,48,
2.023E+11,11,8,2023,08:20,1,28,28313,1,3,1,3,Intersection RD. 132 et RD. 17,48,
2.023E+11,4,7,2023,23:18,5,75,75101,2,2,2,3,PLACE VENDOME,48,
2.023E+11,22,4,2023,17:55,1,69,69290,2,3,1,3,Rue de l'Egalité,45,
2.023E+11,5,7,2023,18:20,1,94,94080,2,1,1,6,Rue Saulpic,48,
2.023E+11,7,8,2023,18:35,1,17,17486,1,1,1,6,D273,46,