Num_Acc,jour,mois,an,hrmn,lum,dep,com,agg,int,atm,col,adr,lat,long
2.023E+11,11,8,2023,11:05,1,48,48080,2,1,1,6,20 Boulevard Charles de Gaulle,44,
2.023E+11,4,7,2023,20:50,2,94,94043,2,1,3,3,56 Rue de la Convention,48,
2.023E+11,21,4,2023,23:23,5,69,69259,2,3,6,1,Avenue Pierre Cot,45,
2.023E+11,10,8,2023,16:00,1,95,95394,2,1,1,6,D928,49,
2.023E+11,5,7,2023,17:10,1,94,94041,2,1,1,6,Avenue de Verdun,48,
2.023E+11,11,8,2023,01:10,5,69,69244,2,4,1,6,1 Route de Brignais,45,
2.023E+11,22,4,2023,01:05,5,64,64445,2,1,1,6,LEON BLUM,43,
2.023E+11,5,7,2023,15:00,1,94,94065,1,1,1,2,N186B,48,
2.023E+11,11,8,2023,02:45,5,6,6018,2,1,1,7,Chemin du Plan,43,
2.023E+11,23,4,2023,02:58,5,64,64102,2,1,1,6,RUE DU ROYAL (BASTION),43,
2.023E+11,3,7,2023,13:30,1,94,94028,2,1,1,2,voie DEPARTEMENTALE,48,
2.023E+11,10,8,2023,17:20,1,30,30189,1,1,1,2,A54 PK  02+400,43,
2.023E+11,23,4,2023,02:04,3,64,64024,2,1,1,6,EUGENE BERNAIN (AVENUE),43,
2.023E+11,16,7,2023,08:30,1,987,98722,1,1,1,2,PK 36,,
2.023E+11,4,7,2023,10:20,1,94,94019,2,1,1,3,Route du Plessis,48,
2.023E+11,22,4,2023,22:35,5,64,64102,2,1,1,2,AVRIL (AVENUE DU 14),43,
2.023E+11,3,7,2023,09:10,1,94,94017,2,1,1,2,Rue du Chemin Vert,48,
2.023E+11,11,8,2023,08:30,1,974,97415,2,3,1,3,Rte du Trou d?Eau,-21,
2.023E+11,22,4,2023,18:15,1,64,64024,2,1,1,3,LAPORTE (AVENUE JEAN LEON),43,
2.023E+11,5,7,2023,14:55,1,93,93078,2,2,1,3,Avenue de la Republique / Rue Pierre Curie,48,
2.023E+11,22,4,2023,13:00,1,60,60057,2,1,2,6,Av du Pdt J Fitzgerald Kennedy,49,
2.023E+11,10,8,2023,22:20,3,66,66101,1,1,1,1,RD 612,42,
2.023E+11,21,4,2023,18:45,1,57,57751,1,1,1,7,NORROY LE VENEUR (RUE DE ),49,
2.023E+11,5,7,2023,20:00,1,93,93066,2,1,1,3,Rue Francis de Pressensé,48,
2.023E+11,11,8,2023,16:30,1,34,34146,1,1,1,1,Route du Mas des Caves,43,
2.023E+11,5,7,2023,18:10,1,93,93066,2,1,1,5,Rue Ambroise Croizat,48,
2.023E+11,21,4,2023,10:00,1,57,57537,2,3,1,1,FORBACH(VIEILLE ROUTE DE),49,
2.023E+11,10,8,2023,15:45,1,13,13082,2,1,1,1,Avenue de Lambesc,43,
2.023E+11,11,8,2023,06:00,2,71,71491,1,1,1,6,RD 352 bis PK 3+800,46,
2.023E+11,5,7,2023,09:05,1,93,93066,2,1,1,3,Avenue Lénine,48,
2.023E+11,10,8,2023,20:05,2,52,52447,2,1,1,7,rue du Lac,47,
2.023E+11,21,4,2023,17:30,1,56,56098,1,1,1,4,N/A,47,
2.023E+11,5,7,2023,09:50,1,93,93055,2,3,1,3,Avenue Jean Lolive / Rue Lépine,48,
2.023E+11,11,8,2023,15:42,1,10,10084,1,1,1,6,D99,48,
2.023E+11,29,7,2023,10:15,1,68,68298,2,1,2,7,Rue Clémenceau,48,
2.023E+11,4,7,2023,23:45,5,93,93050,2,2,3,3,Rue Paul et Camille Thomoux / Avenue du General de Gaulle,48,
2.023E+11,21,4,2023,11:55,1,51,51454,2,2,1,1,rue de Tinqueux,49,
2.023E+11,10,8,2023,17:50,1,73,73227,1,1,8,1,D915,45,
2.023E+11,5,7,2023,19:45,1,93,93027,2,3,1,3,Avenue Gabriel Péri / Avenue de la République,48,
2.023E+11,21,4,2023,19:18,2,43,43157,2,1,1,1,9 Rue de Compostelle,45,
2.023E+11,5,7,2023,12:30,1,92,92073,2,2,1,3,CARON (RUE ALBERT),48,
2.023E+11,8,8,2023,11:45,1,73,73054,1,4,1,3,RD902 / route de la foret,45,
2.023E+11,22,4,2023,20:30,5,37,37261,2,1,8,7,GRAMMONT (AVENUE DE),47,
2.023E+11,5,7,2023,09:10,1,92,92062,2,1,1,6,CARTAULT (RUE),48,
2.023E+11,9,8,2023,12:00,1,38,38276,2,1,1,5,Route Departementale 1085,45,
2.023E+11,21,4,2023,15:50,1,31,31555,2,1,1,6,ALL CHARLES DE FITTE,43,
2.023E+11,9,8,2023,09:20,1,26,26271,2,6,1,6,Route de Valence,45,
2.023E+11,5,7,2023,19:35,1,92,92049,2,1,1,6,GINOUX AV. HENRI N°1 A 95 ET 2 A 104,48,
2.023E+11,10,8,2023,15:00,1,49,49021,1,1,1,3,D7,47,
2.023E+11,5,7,2023,11:50,1,92,92020,2,1,1,3,REPUBLIQUE AV. AUTRES N° ET METRO,48,
2.023E+11,21,4,2023,18:12,1,31,31555,2,1,1,1,BD DE L EMBOUCHURE,43,
2.023E+11,4,7,2023,17:46,1,92,92036,2,1,1,1,LOUIS CALMEL (RUE) (18/58),48,
2.023E+11,10,8,2023,14:10,1,61,61382,1,2,1,3,Voie Communale,48,
2.023E+11,22,4,2023,09:20,1,30,30007,2,6,1,3,Route de Bagnols,44,
2.023E+11,4,7,2023,06:25,1,92,92025,2,4,1,3,ARGENTEUIL (AVENUE D'),48,
2.023E+11,7,8,2023,18:10,1,56,56151,1,3,1,3,Guer Jouanic,48,
2.023E+11,5,7,2023,15:30,1,92,92035,2,3,1,3,National ( boulevard ),48,
2.023E+11,9,8,2023,15:00,1,29,29247,2,6,7,3,Route de Fouesnant,47,
2.023E+11,5,7,2023,16:34,1,92,92026,2,2,1,6,PASTEUR (DE 44 A FIN),48,
2.023E+11,9,8,2023,16:20,1,59,59053,2,1,1,3,Rue de la Chaussée,50,
2.023E+11,5,7,2023,01:38,5,92,92024,2,1,1,4,CLICHY (QUAI DE) DE (8 A 60),48,
2.023E+11,9,8,2023,15:52,1,13,13215,1,1,1,3,A7-Sens Lyon vers Marseille,43,
2.023E+11,5,7,2023,11:30,1,92,92012,2,1,1,3,HEINRICH (RUE),48,
2.023E+11,4,7,2023,23:50,5,92,92012,2,6,2,3,MARCEL SEMBAT (PLACE),48,
2.023E+11,9,8,2023,10:10,1,33,33122,1,1,1,4,AUTOROUTE A 63,44,
2.023E+11,4,7,2023,19:40,1,92,92004,2,2,1,3,VOLTAIRE ( BD ),48,
2.023E+11,10,8,2023,19:55,1,95,95527,1,1,1,2,N104,49,
2.023E+11,6,7,2023,08:45,1,44,44124,1,1,1,6,,47,
2.023E+11,10,8,2023,17:50,1,94,94079,1,1,1,4,A4,48,
2.023E+11,6,7,2023,08:35,1,22,22049,1,1,1,1,Route de L Arguenon,48,
2.023E+11,2,7,2023,16:50,1,36,36077,1,1,1,6,,47,
2.023E+11,10,8,2023,11:30,1,94,94017,1,1,1,3,A4,48,
2.023E+11,28,5,2023,14:00,1,50,50165,2,1,1,3,COUTANCES (ROUTE DE),48,
2.023E+11,5,7,2023,06:20,3,974,97414,2,1,1,6,Avenue du Docteur Raymond Verges,-21,
2.023E+11,4,2,2023,17:40,2,5,5054,2,1,1,2,Lieux dit Les BARRAQUES,44,
2.023E+11,5,7,2023,17:30,1,62,62571,2,3,1,1,D940,50,
2.023E+11,13,3,2023,17:43,1,69,69132,1,3,1,3,Route de Lyon,45,
2.023E+11,2,7,2023,08:31,1,56,56174,1,9,1,7,La Gare,47,
2.023E+11,6,7,2023,02:45,3,31,31150,1,6,1,6,Route de Colomiers,43,
2.023E+11,23,5,2023,16:40,1,19,19031,2,1,3,2,VOLTAIRE (BOULEVARD),45,
2.023E+11,5,7,2023,17:00,1,63,63413,1,4,2,2,D 797 /bretelle A75 (accès vers Montpellier),45,
2.023E+11,10,6,2023,09:15,1,92,92023,2,2,1,3,HEBERT (RUE),48,
2.023E+11,6,7,2023,20:00,1,76,76618,2,1,1,7,Rue Jeanne d?Arc,49,
2.023E+11,9,6,2023,12:15,1,69,69266,1,1,1,4,Route Départementale 383 ,45,
2.023E+11,5,7,2023,20:05,1,61,61079,1,1,1,1,RD 136,48,
2.023E+11,9,8,2023,10:55,1,974,97416,1,1,1,3,ISAUTIER (AVENUE CHARLES),-21,
2.023E+11,5,7,2023,10:30,1,61,61146,2,3,1,3,D21 PR 41+365,48,
2.023E+11,9,8,2023,12:50,1,974,97411,2,9,1,5,JAURES (BOULEVARD JEAN),-20,
2.023E+11,6,7,2023,18:10,1,12,12021,1,1,7,6,Vabre-Tizac (Zone résidentielle),44,
2.023E+11,6,7,2023,09:50,1,39,39365,2,1,7,6,10 Route de Dole,46,
2.023E+11,9,8,2023,12:00,1,974,97411,2,4,1,1,LECONTE DE LISLE (AVENUE),-20,
2.023E+11,8,8,2023,18:40,5,974,97411,2,9,1,3,MONTAGNE (ROUTE DE LA),-20,
2.023E+11,6,7,2023,16:35,1,44,44036,2,1,1,3,2 Avenue Quentin Miglioretti,47,
2.023E+11,9,8,2023,13:45,1,69,69386,2,1,1,3,Quai Charles de Gaulle,45,
2.023E+11,5,7,2023,23:15,3,29,29016,1,1,1,6,keradennec,48,
2.023E+11,4,7,2023,17:30,1,29,29160,1,3,2,3,Lieu Dit Mendy Bihan,48,
2.023E+11,8,8,2023,17:00,1,972,97209,1,1,1,4,RD 41 (ROCADE),14,
2.023E+11,4,7,2023,19:45,1,2,2820,1,1,1,2,,49,
2.023E+11,9,8,2023,09:10,1,971,97101,1,1,1,3,RN05,16,
2.023E+11,6,7,2023,09:00,1,85,85302,1,1,1,2,A87 PK067.100 ,46,
2.023E+11,9,8,2023,11:37,1,2A,2A004,2,1,1,3,RECCO ABBE BOULEVARD,41,
2.023E+11,4,7,2023,09:00,1,6,6136,2,1,1,6,D2204,43,
2.023E+11,5,7,2023,17:00,1,45,45329,2,3,1,3,450 Route des Fontaines,47,
2.023E+11,8,8,2023,16:20,1,95,95539,1,9,1,3,D301A3,49,
2.023E+11,5,7,2023,20:00,1,18,18015,2,1,1,-1,21 Route de Sainte Montaine,47,
2.023E+11,3,8,2023,02:50,5,83,83137,2,1,1,6,RESISTANCE (AVE / IMP DE LA),43,
2.023E+11,5,7,2023,15:25,1,10,10401,1,1,1,3,D619,48,
2.023E+11,5,7,2023,15:55,1,7,7269,2,1,1,3,Rue de Crezenoux,44,
2.023E+11,5,7,2023,19:25,1,7,7296,2,1,1,7,Route de Janicou,44,
2.023E+11,9,8,2023,20:10,1,76,76231,2,2,1,6,Rue de la République,49,
2.023E+11,6,7,2023,17:00,1,40,40222,1,4,1,3,carrefour route du pelerin du pélerin - D33,43,
2.023E+11,9,8,2023,09:30,1,74,74012,2,9,1,7,THONON (ROUTE DE),46,
2.023E+11,6,7,2023,15:20,1,13,13050,1,3,1,1,D572,43,
2.023E+11,6,7,2023,13:00,1,13,13050,1,1,1,1,D7n,43,
2.023E+11,9,8,2023,10:40,1,71,71486,2,2,1,3,GUILLAUME APOLLINAIRE (RUE),46,
2.023E+11,8,8,2023,16:10,1,71,71270,2,1,1,7,SANCE (RUE DE),46,
2.023E+11,5,7,2023,18:30,5,987,98738,2,1,1,1,PK 10.5 - RT1 au niveau serv. Tefautea,-17,
2.023E+11,9,8,2023,17:15,1,69,69199,1,2,1,3,Avenue Albert,45,
2.023E+11,5,7,2023,16:30,1,82,82125,1,1,1,3,A62,43,
2.023E+11,9,8,2023,09:00,1,64,64122,2,9,1,1,ROND POINT DE L EUROPE,43,
2.023E+11,4,7,2023,18:40,1,67,67506,1,1,1,4,A4,48,
2.023E+11,6,7,2023,13:35,1,976,97604,2,1,1,6,Rue Bacar Sidi moinatrindri,-12,
2.023E+11,8,8,2023,13:18,1,56,56121,2,1,1,2,SIMONE VEIL (AVENUE - EX LENINE),47,
2.023E+11,6,7,2023,01:00,3,11,11145,1,1,1,6,,43,
2.023E+11,8,8,2023,08:20,1,56,56121,2,1,1,6,PERRIERE ( AV DE LA ),47,
2.023E+11,30,5,2023,16:55,1,69,69064,1,2,1,3,Route de Longes,45,
2.023E+11,6,7,2023,10:50,1,2A,2A247,1,1,1,6,D468b,41,
2.023E+11,6,7,2023,13:40,1,30,30214,1,1,1,6,,44,
2.023E+11,6,7,2023,09:50,1,34,34344,2,1,1,6,Avenue Jean Bene,43,
2.023E+11,7,8,2023,17:15,1,56,56098,2,2,1,4,DE GAULLE ( AV. GENERAL ),47,
2.023E+11,6,7,2023,18:45,1,83,83068,1,9,1,3,les rives de beauvallon,43,
2.023E+11,8,8,2023,19:30,1,54,54395,1,3,1,3,Rue du Maréchal Pierre Koenig,48,
2.023E+11,4,7,2023,22:00,5,13,13086,2,1,1,3,41 Avenue du Général de Gaulle,43,
2.023E+11,8,8,2023,16:00,1,47,47323,1,1,7,5,ROUTE NATIONALE 21,44,
2.023E+11,9,8,2023,20:51,2,37,37122,1,1,1,7,PERIPHERIQUE N585,47,
2.023E+11,6,7,2023,11:35,1,13,13022,1,6,1,3,Parc Régis VIDAL,43,
2.023E+11,6,7,2023,13:15,1,8,8328,2,1,1,3,44 Rue Jules Fuzelier,49,
2.023E+11,5,7,2023,19:05,1,67,67300,2,6,1,3,Rue des Sports,48,
2.023E+11,9,8,2023,13:13,1,37,37233,2,1,1,4,DUCLOS (AVENUE JACQUES),47,
2.023E+11,9,8,2023,06:40,1,37,37261,2,1,1,7,AUBERDIERE (RUE DE L'),47,
2.023E+11,5,7,2023,19:16,1,3,3102,2,3,1,3,D55 / D779,46,
2.023E+11,5,7,2023,18:15,1,38,38223,2,1,1,7,Route de Courtil Jacquet,45,
2.023E+11,8,8,2023,08:20,1,35,35051,1,1,1,1,BESNARDE (LIEU-DIT),48,
2.023E+11,5,7,2023,17:30,1,38,38348,2,1,1,3,Chemin des Vignes,45,
2.023E+11,9,8,2023,23:00,5,33,33063,2,1,1,2,Rue Général de Larminat,44,
2.023E+11,6,7,2023,14:30,1,69,69159,1,1,1,4,Route de Tarare,45,
2.023E+11,9,8,2023,01:35,5,31,31555,1,1,1,7,33 A LALANDE (PEAGE NORD),43,
2.023E+11,5,7,2023,08:30,1,69,69219,1,1,1,3,Route Départementale 30,45,
2.023E+11,15,6,2023,17:45,1,27,27701,2,1,1,2,CHAUSSE DU VEXIN,49,
2.023E+11,6,7,2023,03:00,3,81,81162,1,1,1,6,RN 126,43,
2.023E+11,6,7,2023,13:15,1,31,31075,1,1,1,6,D58g,43,
2.023E+11,4,8,2023,10:05,1,26,26058,2,6,1,3,VIVIER RUE MARCEL,44,
2.023E+11,18,11,2023,19:10,3,11,11069,2,1,1,7,N/A,43,
2.023E+11,9,8,2023,12:25,1,24,24197,1,2,1,1,D709 (Rte de Mussidan),44,
2.023E+11,2,7,2023,21:20,5,86,86100,2,6,1,1,Route de Poitiers,46,
2.023E+11,9,8,2023,09:40,1,13,13208,2,1,1,3,pointe rouge (ave),43,
2.023E+11,12,2,2023,05:30,3,59,59419,2,1,1,4,D938 LE BERCU,50,
2.023E+11,18,11,2023,09:24,1,11,11069,2,1,1,2,Avenue du Président Franklin Roosevelt ,43,
2.023E+11,9,8,2023,05:10,3,13,13063,1,1,1,2,D 10,43,
2.023E+11,5,7,2023,17:15,1,13,13117,1,1,1,2,A7-Sens Lyon vers Marseille,43,
2.023E+11,18,11,2023,14:30,1,6,6088,2,1,1,6,JAURES (BD JEAN),43,
2.023E+11,9,8,2023,08:30,1,13,13001,2,1,1,3,ST JOHN PERSE (AV),43,
2.023E+11,5,7,2023,00:40,3,13,13056,1,1,1,2,A55-Sens Marseille vers Martigues,43,
2.023E+11,6,8,2023,06:20,2,6,6004,2,1,1,7,EUCALYPTUS AV.ET CH.DES,43,
2.023E+11,18,11,2023,12:50,1,6,6069,2,9,1,2,Rd point des Quatre Chemins,43,
2.023E+11,4,8,2023,09:50,1,2,2168,1,1,1,1,N/A,49,
2.023E+11,5,7,2023,18:43,1,33,33039,1,1,1,3,A630,44,
2.023E+11,5,7,2023,10:10,1,33,33448,1,1,1,7,AUTOROUTE A 62,44,
2.023E+11,8,8,2023,12:45,1,75,75116,2,1,1,2,PORTE MAILLOT,48,
2.023E+11,17,11,2023,23:36,5,3,3185,2,2,1,1,Avenue Jules Guesde,46,
2.023E+11,4,7,2023,18:20,1,33,33550,1,1,1,3,ROCADE A 630,44,
2.023E+11,9,8,2023,17:20,1,75,75106,2,5,1,6,RUE DE VAUGIRARD,48,
2.023E+11,9,8,2023,17:50,1,75,75105,2,2,1,6,BOULEVARD SAINT MICHEL,48,
2.023E+11,5,7,2023,01:31,4,94,94003,1,1,1,4,A6B,48,
2.023E+11,18,11,2023,05:55,5,75,75119,2,1,2,6,PORTE DE PANTIN,48,
2.023E+11,5,7,2023,01:20,3,94,94003,1,1,2,2,A6B,48,
2.023E+11,8,8,2023,11:25,1,75,75107,2,5,1,3,AVENUE DE SUFFREN,48,
2.023E+11,17,11,2023,02:48,5,75,75112,2,1,1,6,AVENUE DE LA PORTE DE VINCENNES,48,
2.023E+11,9,8,2023,19:30,1,75,75119,2,2,1,7,PLACE DE LA BATAILLE DE STALINGRAD,48,
2.023E+11,5,7,2023,01:31,3,94,94003,1,1,2,7,A6B,48,
2.023E+11,9,8,2023,13:40,1,75,75115,2,2,1,3,RUE DE LA CROIX NIVERT,48,
2.023E+11,18,11,2023,10:40,1,75,75105,2,1,2,3,RUE MONGE,48,
2.023E+11,5,7,2023,17:05,1,92,92025,1,1,1,4,A86,48,
2.023E+11,8,8,2023,14:05,1,75,75115,2,1,1,6,QUAI ANDRE CITROEN,48,
2.023E+11,5,7,2023,18:00,1,92,92036,1,1,1,2,RN315 Y,48,
2.023E+11,9,8,2023,00:09,5,75,75112,2,2,1,6,RUE DE PICPUS,48,
2.023E+11,17,11,2023,23:20,5,75,75117,2,2,1,2,AVENUE DE WAGRAM,48,
2.023E+11,5,7,2023,04:25,3,78,78402,1,1,1,2,A13,48,
2.023E+11,8,8,2023,13:15,1,75,75112,2,5,1,2,RUE DU GENERAL DE LANGLE DE CARY,48,
2.023E+11,4,7,2023,17:15,1,92,92025,1,1,1,6,A86,48,
2.023E+11,9,8,2023,15:31,1,75,75108,2,2,1,7,AVENUE GEORGE V,48,
2.023E+11,4,7,2023,08:00,1,78,78640,1,1,1,2,A86 EXT,48,
2.023E+11,9,8,2023,02:36,5,75,75101,2,2,1,2,PONT SAINT MICHEL,48,
2.023E+11,18,11,2023,18:55,5,75,75114,2,1,2,3,BOULEVARD RASPAIL,48,
2.023E+11,3,7,2023,19:30,1,92,92048,1,1,1,5,N118,48,
2.023E+11,9,8,2023,07:05,1,94,94021,2,2,1,3,Avenue des Maraichers,48,
2.023E+11,5,7,2023,10:00,1,93,93005,1,1,1,2,AUTOROUTE A1,48,
2.023E+11,17,11,2023,23:00,5,75,75110,2,2,1,6,RUE DE ROCROY,48,
2.023E+11,9,8,2023,18:02,1,93,93001,2,5,1,1,Rue Danielle Casanova / Rue Hemet,48,
2.023E+11,4,7,2023,16:45,1,95,95585,2,1,1,6,JEAN ZAY (RUE),48,
2.023E+11,17,11,2023,14:50,1,75,75102,2,2,2,7,BOULEVARD DE SEBASTOPOL,48,
2.023E+11,3,8,2023,20:45,1,92,92078,2,9,3,2,MARC SANGNIER (AVENUE),48,
2.023E+11,7,8,2023,19:50,1,92,92046,2,2,1,2,GABRIEL PERI,48,
2.023E+11,13,3,2023,14:40,1,14,14225,2,2,1,3,28 Rue Salvador Allende,49,
2.023E+11,18,11,2023,00:25,3,94,94068,2,1,2,2,Pont de champigny,48,
2.023E+11,8,8,2023,18:35,1,92,92050,2,2,1,1,HOCHE AVENUE,48,
2.023E+11,19,4,2023,12:40,1,13,13039,1,2,1,3,RN 545,43,
2.023E+11,18,11,2023,02:22,5,94,94003,2,1,2,6,Rue Paul Bert,48,
2.023E+11,9,8,2023,17:59,1,54,54345,1,9,1,2,D112,48,
2.023E+11,31,3,2023,12:15,1,974,97422,2,1,1,2,Rue Raphael Douyère,-21,
2.023E+11,7,8,2023,19:20,1,91,91648,1,6,1,2,D26,48,
2.023E+11,3,7,2023,21:55,5,973,97302,2,1,1,4,HEDER (place),4,
2.023E+11,4,8,2023,09:30,1,31,31113,2,1,1,6,6 Chemin d'Augustin,43,
2.023E+11,18,11,2023,00:40,5,94,94003,2,9,1,3,Avenue de la Convention,48,
2.023E+11,4,7,2023,13:40,1,69,69383,2,1,1,3,Cours Gambetta,45,
2.023E+11,9,8,2023,08:40,1,10,10412,1,1,1,3,D610,48,
2.023E+11,18,11,2023,00:45,5,94,94002,2,1,2,6,Quai Blanqui,48,
2.023E+11,9,8,2023,10:35,1,5,5085,1,1,1,7,N94 PK 171+450,44,
2.023E+11,4,7,2023,09:40,1,69,69387,2,3,1,2,Rue de l'Epargne,45,
2.023E+11,31,5,2023,22:15,4,76,76575,1,1,1,3,Boulevard Lénine,49,
2.023E+11,9,8,2023,17:45,1,76,76167,1,2,1,1,Route de Montivilliers,49,
2.023E+11,18,11,2023,16:00,1,93,93071,2,6,3,1,Avenue Henri Barbusse,48,
2.023E+11,4,7,2023,05:15,5,972,97213,1,1,2,2,AUTOROUTE A1,14,
2.023E+11,31,5,2023,22:30,5,71,71076,2,1,1,6,JUIN (RUE MARECHAL),46,
2.023E+11,3,7,2023,13:55,1,972,97213,1,1,2,4,AUTOROUTE A1,14,
2.023E+11,18,11,2023,13:20,1,93,93064,2,1,2,3,Avenue du Général de Gaulle,48,
2.023E+11,31,5,2023,22:40,4,69,69282,1,6,2,6,Route d'Azieu,45,
2.023E+11,9,8,2023,20:10,1,1,1109,1,1,1,5,RD 984,46,
2.023E+11,4,7,2023,13:50,1,972,97209,2,1,1,2,REDOUTE (ROUTE DE LA),14,
2.023E+11,30,5,2023,21:20,5,69,69259,2,1,1,3,Boulevard du Docteur Coblod,45,
2.023E+11,18,11,2023,08:20,2,93,93064,2,1,3,1,Avenue du Général de Gaulle,48,
2.023E+11,10,8,2023,02:37,3,22,22025,1,1,2,1,Kermagotton,48,
2.023E+11,31,5,2023,15:20,1,64,64269,2,1,1,6,COMMANDANT RENE MOUCHOTTE DU,43,
2.023E+11,18,11,2023,16:30,2,93,93032,2,1,3,6,Rue de Maison Rouge,48,
2.023E+11,9,8,2023,09:05,1,42,42199,1,2,1,1,Route du Creux de Lan,46,
2.023E+11,4,7,2023,20:20,1,69,69382,2,4,1,3,Quai Perrache,45,
2.023E+11,30,5,2023,07:55,1,64,64024,2,1,1,2,MONTBRUN (AVENUE DE),43,
2.023E+11,9,8,2023,21:10,5,58,58086,2,1,1,3,Boulevard de la République,47,
2.023E+11,31,5,2023,21:27,2,62,62771,2,1,1,6,Rue Edouard Vaillant,50,
2.023E+11,4,7,2023,18:10,1,69,69152,2,1,1,3,25 Chemin des Mûriers,45,
2.023E+11,10,8,2023,10:25,1,30,30096,1,3,1,3,D980,44,
2.023E+11,31,5,2023,06:10,1,62,62548,2,1,1,6,RUE HENRI RAVISSE,50,
2.023E+11,17,11,2023,12:00,1,93,93032,2,2,2,3,Avenue de la Passerelle / Rue de Valenciennes,48,
2.023E+11,9,8,2023,07:50,1,22,22020,1,1,1,6,D712,48,
2.023E+11,4,7,2023,18:20,1,69,69389,2,1,1,3,4 Rue de la Navigation,45,
2.023E+11,7,8,2023,14:45,1,56,56024,1,3,1,3,D17,48,
2.023E+11,31,5,2023,11:50,1,61,61001,2,2,1,2,Pl du 103e Regiment d’Infanterie,48,
2.023E+11,23,6,2023,19:00,3,971,97101,2,9,2,6,CHAUFFOUR,16,
2.023E+11,18,11,2023,07:10,5,93,93029,2,1,2,4,Rue de la République,48,
2.023E+11,31,5,2023,14:28,1,60,60057,1,1,1,2,Rue du Moulin de Bracheux,49,
2.023E+11,3,7,2023,14:33,1,971,97101,1,9,1,3,PERRIN (SECTEUR),16,
2.023E+11,8,8,2023,14:11,1,56,56154,1,2,1,3,La Croix des Bois,47,
2.023E+11,18,11,2023,20:30,5,92,92076,2,1,2,7,JARDY,48,
2.023E+11,10,8,2023,00:00,3,2A,2A269,1,1,1,6,Route Territoriale 10,41,
2.023E+11,31,5,2023,10:40,1,54,54431,2,2,1,6,Avenue Guynemer,48,
2.023E+11,4,7,2023,20:15,1,2A,2A004,2,1,1,3,NAPOLEON COURS APRES BEVERINI,41,
2.023E+11,18,11,2023,07:35,2,93,93070,2,1,2,6,Rue Pierre Dreyfus,48,
2.023E+11,10,8,2023,18:40,1,80,80324,2,1,1,6,Rue du Haut,49,
2.023E+11,4,7,2023,11:45,1,2A,2A004,2,1,1,3,SARTENE ANCIENNE ROUTE,41,
2.023E+11,30,5,2023,17:38,1,54,54184,2,1,1,2,Avenue de Brigachtal,48,
2.023E+11,9,8,2023,17:45,1,65,65127,1,1,1,4,D817,43,
2.023E+11,4,7,2023,17:20,1,91,91477,2,1,1,3,HUIT MAI 1945 (AVENUE DU),48,
2.023E+11,31,5,2023,20:56,2,54,54254,2,1,1,6,Rue de la Seine,49,
2.023E+11,18,11,2023,22:20,3,2A,2A272,1,1,1,5,RT 40,41,
2.023E+11,10,8,2023,07:00,1,33,33540,1,1,1,6,Rue de l?Abbe Banneau,45,
2.023E+11,4,7,2023,09:10,1,91,91201,2,1,1,3,AV DU GENERAL DE GAULLE,48,
2.023E+11,18,11,2023,10:10,1,2A,2A065,2,1,1,6,Rue de la République,42,
2.023E+11,31,5,2023,07:45,1,45,45302,2,1,1,3,Parc d'Activités des Vallées,47,
2.023E+11,9,8,2023,20:30,2,33,33506,2,1,1,6,1074 Route de La réole,44,
2.023E+11,3,7,2023,19:00,1,91,91286,2,1,1,6,VLAMINCK (RUE),48,
2.023E+11,9,8,2023,23:30,3,33,33404,1,1,1,2,Route départementale 16,44,
2.023E+11,18,11,2023,13:50,1,17,17420,1,4,1,3,rue du mississipi RD109,46,
2.023E+11,31,5,2023,09:55,1,44,44109,2,3,1,4,Rue du Chêne Vert,47,
2.023E+11,4,7,2023,14:20,1,91,91326,2,3,2,4,COUR DE FRANCE (AVENUE DE LA),48,
2.023E+11,6,8,2023,19:50,1,33,33236,1,3,1,3,D106,44,
2.023E+11,4,7,2023,12:10,1,91,91223,2,1,1,1,SAINT JACQUES (RUE),48,
2.023E+11,30,5,2023,09:00,1,44,44109,2,6,1,6,4 Boulevard Léon Jouhaux,47,
2.023E+11,17,11,2023,09:00,1,6,6161,1,4,1,3,Avenue Saint Andrieu,43,
2.023E+11,6,8,2023,19:45,1,32,32007,1,1,1,6,Lieu-dit A Miché 2,43,
2.023E+11,23,6,2023,11:12,1,87,87085,2,1,1,7,BRIQUET (RUE GEORGES),45,
2.023E+11,18,11,2023,17:05,2,5,5093,1,1,1,6,Col de l'échelle R D 1 T,45,
2.023E+11,9,8,2023,11:30,1,71,71419,2,3,1,6,9 place du marché,46,
2.023E+11,26,5,2023,23:00,5,42,42218,2,2,1,2,Rue des Alliés,45,
2.023E+11,3,7,2023,16:33,1,87,87050,1,1,1,1,RN520,45,
2.023E+11,17,11,2023,19:30,2,972,97222,1,2,1,3,N1,14,
2.023E+11,9,8,2023,15:40,1,63,63262,2,2,1,3,Rue des Percèdes/voie romaine,45,
2.023E+11,30,5,2023,15:50,1,38,38185,2,1,1,6,RUE LÉON JOUHAUX,45,
2.023E+11,1,6,2023,16:50,1,83,83129,2,3,1,6,MER (AVENUE DE LA) N°IMPAIRS,43,
2.023E+11,19,11,2023,07:10,3,42,42284,1,1,8,6,N7,46,
2.023E+11,9,8,2023,09:45,1,68,68090,2,1,1,7,Rue Xavier Desgrandchamps,47,
2.023E+11,27,5,2023,19:00,1,34,34003,1,9,1,6,D612 PR 45+130,43,