Num_Acc,jour,mois,an,hrmn,lum,dep,com,agg,int,atm,col,adr,lat,long
2.023E+11,31,1,2023,13:05,1,93,93050,2,1,8,6,Avenue du 8 Mai 1945,48,
2.023E+11,31,1,2023,17:45,2,93,93048,2,3,1,3,Boulevard Théophile Sueur / Rue Saint Exupéry,48,
2.023E+11,31,1,2023,07:10,5,93,93048,2,1,1,3,Boulevard Théophile Sueur,48,
2.023E+11,31,1,2023,10:10,1,93,93031,2,3,1,2,Avenue Jean Jaurès / Rue Henri Wallon,48,
2.023E+11,31,1,2023,14:05,1,92,92063,2,1,1,6,MAISTRASSE (AVENUE ALEXANDRE),48,
2.023E+11,30,1,2023,16:15,1,92,92077,2,1,8,3,COROT (RUE),48,
2.023E+11,31,1,2023,19:36,5,92,92040,2,1,1,1,VERDUN (AVENUE DE) DU 116 AU 150,48,
2.023E+11,31,1,2023,07:30,5,92,92023,2,2,1,6,GENERAL DE GAULLE (AV DU) N°130 A 340 ET,48,
2.023E+11,31,1,2023,17:30,2,6,6031,1,6,1,6,Pénétrante du Paillon,43,
2.023E+11,1,2,2023,15:50,1,31,31454,1,1,1,6,Route de Beaufort,43,
2.023E+11,31,1,2023,14:45,1,41,41245,1,1,1,7,Autoroute A10 - Sens province vers Paris,47,
2.023E+11,1,2,2023,14:30,1,85,85109,2,1,1,6,50 Avenue du Bocage,46,
2.023E+11,1,2,2023,08:45,1,91,91553,2,1,1,3,Avenue Charles de Gaulle,48,
2.023E+11,31,1,2023,17:00,1,51,51234,2,1,1,1,Rue de Bourgogne,48,
2.023E+11,31,1,2023,13:30,1,56,56204,2,7,1,3,Place Joseph Marot,47,
2.023E+11,31,1,2023,13:15,1,67,67434,2,1,8,6,Rue du Chalet,48,
2.023E+11,31,1,2023,17:45,1,76,76717,2,3,1,3,1 Quai Napoléon,49,
2.023E+11,30,1,2023,10:05,1,2B,2B049,1,1,1,6,RD 151,42,
2.023E+11,31,1,2023,20:50,3,32,32457,1,1,1,6,D953,43,
2.023E+11,18,1,2023,16:15,1,61,61345,1,1,1,6,D10 PR18+330,48,
2.023E+11,1,2,2023,17:50,5,55,55291,2,1,1,6,Rue du Général de Gaulle,48,
2.023E+11,1,2,2023,12:28,1,49,49112,1,1,1,6,D347,47,
2.023E+11,1,1,2023,03:36,3,12,12288,1,1,1,6,D840,44,
2.023E+11,31,1,2023,18:40,3,47,47173,1,4,1,3,Bordeneuve,44,
2.023E+11,27,1,2023,16:40,1,44,44134,1,1,1,6,570 La Simoniere,47,
2.023E+11,31,1,2023,15:40,1,38,38240,1,2,1,3,D51,45,
2.023E+11,1,2,2023,08:10,2,50,50598,1,3,1,5,Rue Alexis de Tocqueville,49,
2.023E+11,1,2,2023,12:40,1,9,9189,1,1,1,1,RN20,42,
2.023E+11,16,1,2023,18:15,3,40,40126,1,1,3,3,369 Route de Poyartin,43,
2.023E+11,1,2,2023,08:50,1,4,4231,1,1,1,7,D304,44,
2.023E+11,18,1,2023,09:45,1,27,27498,2,1,4,3,D137,49,
2.023E+11,1,2,2023,06:45,3,63,63311,1,1,8,2,A 71 PR 357.100,46,
2.023E+11,1,2,2023,08:40,1,6,6104,1,1,1,6,A8 PK 214.200 sens Italie-France,43,
2.023E+11,30,1,2023,18:10,4,6,6088,1,1,1,6,Autoroute A8 pk 186+800 sud,43,
2.023E+11,18,1,2023,07:20,5,49,49307,1,1,9,1,D113,47,
2.023E+11,31,1,2023,23:45,3,30,30333,1,1,1,2,A9 - point kilométrique 63.400,43,
2.023E+11,1,2,2023,01:10,3,69,69013,1,1,1,4,Autoroute 6 ,46,
2.023E+11,31,1,2023,12:00,1,32,32091,1,1,1,2,RD930 - PK 1 + 465,43,
2.023E+11,1,2,2023,10:30,1,24,24223,2,1,1,6,Avenue du Général Leclerc,44,
2.023E+11,21,1,2023,01:30,3,22,22210,1,1,1,6,D789,48,
2.023E+11,16,1,2023,19:00,3,27,27213,1,1,8,7,Vexin-sur-Epte,49,
2.023E+11,1,2,2023,16:50,1,60,60612,2,6,1,6,Avenue Félix Vernois,49,
2.023E+11,31,1,2023,11:05,1,59,59406,1,1,1,7,Route d'Aulnoye,50,
2.023E+11,1,2,2023,13:00,1,59,59011,2,1,1,3,Rue Nationale,50,
2.023E+11,20,1,2023,04:50,5,69,69389,1,1,1,2,Route de Métropole 6  ,45,
2.023E+11,30,1,2023,05:50,3,93,93064,1,1,2,3,AUTOROUTE A86,48,
2.023E+11,29,1,2023,22:45,3,95,95392,1,1,1,6,N184,49,
2.023E+11,31,1,2023,18:20,5,77,77294,1,1,1,3,A104,48,
2.023E+11,31,1,2023,14:50,1,77,77181,1,1,1,6,A4,48,
2.023E+11,31,1,2023,12:00,1,94,94033,1,1,2,5,A86,48,
2.023E+11,29,1,2023,04:00,5,62,62019,2,6,9,6,D937,50,
2.023E+11,29,1,2023,19:43,5,10,10387,2,3,1,6,JULES GUESDE (RUE),48,
2.023E+11,30,1,2023,11:20,1,973,97302,2,6,1,2,CATAYEE (JUSTIN),4,
2.023E+11,30,1,2023,15:20,1,69,69386,2,1,1,2,66 Boulevard des Belges,45,
2.023E+11,30,1,2023,09:45,1,69,69383,2,2,1,2,Rue Paul Bert,45,
2.023E+11,30,1,2023,07:00,1,972,97213,2,1,1,2,MAHAULT,14,
2.023E+11,30,1,2023,19:15,5,69,69384,2,6,1,3,2 Place de Serin,45,
2.023E+11,29,1,2023,21:35,3,971,97101,2,1,1,6,ROND POINT IGNACE,16,
2.023E+11,30,1,2023,16:10,1,971,97105,2,1,1,2,GASTON FEUILLARD(AVENUE),16,
2.023E+11,30,1,2023,08:00,5,95,95288,2,1,8,6,D301,48,
2.023E+11,28,1,2023,10:25,1,91,91174,2,1,1,3,BD FONTAINEBLEAU,48,
2.023E+11,28,1,2023,14:15,1,80,80021,2,9,1,6,ABBE HENOCQUE (RUE DE),49,
2.023E+11,25,1,2023,07:05,5,80,80021,2,9,1,2,AVAL (PORT D'),49,
2.023E+11,30,1,2023,07:07,3,77,77358,1,1,2,1,,48,
2.023E+11,30,1,2023,16:40,1,76,76103,2,3,1,6,Route de Paris,49,
2.023E+11,30,1,2023,21:00,5,69,69259,2,1,1,6,Avenue Maurice Thorez,45,
2.023E+11,28,1,2023,04:10,5,67,67218,2,1,1,6,LYON (RTE DE),48,
2.023E+11,27,1,2023,14:00,1,67,67482,2,1,1,2,SCHNOKELOCH (RUE DU),48,
2.023E+11,27,1,2023,09:30,1,67,67482,2,1,1,6,OBERHAUSBERGEN (ROUTE D ),48,
2.023E+11,26,1,2023,20:50,5,67,67482,2,3,1,3,UNTERELSAU (RUE DE L ),48,
2.023E+11,27,1,2023,20:03,5,66,66136,2,3,1,3,,42,
2.023E+11,28,1,2023,17:14,1,64,64102,2,6,1,3,Giratoire de Maignon,43,
2.023E+11,28,1,2023,15:39,1,63,63113,2,1,1,4,FLAUBERT (BD GUSTAVE),45,
2.023E+11,26,1,2023,07:40,5,59,59350,2,1,2,3,SOLFERINO RUE N°110 - 206,50,
2.023E+11,30,1,2023,07:15,5,59,59350,2,1,2,3,CORMONTAIGNE PLACE,50,
2.023E+11,30,1,2023,20:45,5,59,59043,1,1,1,6,LILLE (ROUTE DE),50,
2.023E+11,27,1,2023,20:45,3,57,57221,1,1,1,6,ETOILE (RUE DE L'),49,
2.023E+11,30,1,2023,06:45,5,54,54526,2,9,2,3,Rue Louis Pasteur,48,
2.023E+11,27,1,2023,18:50,5,54,54329,2,1,1,6,RUE DU GENERAL CHANZY,48,
2.023E+11,30,1,2023,05:30,5,54,54580,2,1,1,6,D27,49,
2.023E+11,30,1,2023,08:38,1,47,47001,2,1,1,6,LUXEMBOURG (AV. MAURICE),44,
2.023E+11,30,1,2023,09:05,1,43,43157,2,1,1,6,Avenue Louis Jonget,45,
2.023E+11,26,1,2023,12:25,1,39,39300,2,1,1,6,243 Route de Macornay,46,
2.023E+11,30,1,2023,10:50,1,38,38563,2,1,1,7,CURIE (RUE M.),45,
2.023E+11,30,1,2023,18:40,5,38,38185,2,1,1,6,AVENUE RHIN ET DANUBE,45,
2.023E+11,16,10,2023,15:20,1,88,88077,2,1,1,1,Rue de Lorraine,48,
2.023E+11,17,10,2023,08:13,1,3,3040,1,3,1,2,impasse des linards,46,
2.023E+11,15,10,2023,20:25,3,73,73150,1,1,1,5,N90,45,
2.023E+11,14,10,2023,12:50,1,33,33366,2,1,1,3,Rue Emile Martin Dantagnan,44,
2.023E+11,17,10,2023,08:35,1,60,60057,2,1,1,3,Avenue Descartes,49,
2.023E+11,16,10,2023,19:59,5,59,59126,2,1,1,6,2 Rue du Moulinel,50,
2.023E+11,15,10,2023,17:23,1,13,13214,1,1,1,3,A507 sens Marseille - Aubagne,43,
2.023E+11,16,10,2023,05:45,3,33,33039,1,1,1,2,ROCADE A 630,44,
2.023E+11,16,10,2023,07:08,3,91,91136,1,1,1,6,AUTOROUTE A10,48,
2.023E+11,16,10,2023,14:15,1,92,92036,1,1,1,4,A86,48,
2.023E+11,15,10,2023,21:15,3,78,78073,1,1,1,5,N12Y,48,
2.023E+11,16,10,2023,18:40,2,93,93007,1,1,1,6,AUTOROUTE A3,48,
2.023E+11,16,10,2023,09:50,1,94,94018,1,1,1,3,A4,48,
2.023E+11,16,10,2023,09:10,1,94,94022,1,1,1,4,A86,48,
2.023E+11,15,10,2023,00:05,3,94,94069,1,1,1,4,A4,48,
2.023E+11,2,7,2023,14:15,1,73,73270,1,2,1,3,D32 Route du général curial,45,
2.023E+11,9,7,2023,15:45,1,73,73023,1,1,1,7,D1006,45,
2.023E+11,11,6,2023,17:45,1,73,73322,1,1,3,6,D215,45,
2.023E+11,4,6,2023,04:10,2,13,13097,1,1,1,3,Route Nationale 568,43,
2.023E+11,14,10,2023,23:45,5,973,97302,2,2,1,6,DE GAULLE (AVENUE),4,
2.023E+11,15,10,2023,21:36,5,69,69388,2,1,1,3,Avenue Paul Santy,45,
2.023E+11,15,10,2023,19:15,5,69,69387,2,1,1,6,Rue Crépet,45,
2.023E+11,13,10,2023,22:20,5,972,97213,1,1,1,2,ROUTE NATIONALE 5,14,
2.023E+11,14,10,2023,07:20,1,972,97213,1,1,1,3,ROUTE NATIONALE 1,14,
2.023E+11,13,10,2023,22:40,5,972,97213,1,1,1,2,ROUTE NATIONALE 5,14,
2.023E+11,15,10,2023,06:50,5,69,69382,2,1,1,6,Rue Guynemer,45,
2.023E+11,15,10,2023,18:23,5,971,97101,1,3,1,3,BESSON,16,
2.023E+11,9,10,2023,11:35,1,971,97113,2,1,1,2,GRAND BAIE ( RN4),16,
2.023E+11,15,10,2023,19:05,2,2A,2A004,2,3,1,3,GRANDE ARMEE AVENUE,41,
2.023E+11,15,10,2023,07:40,5,91,91692,2,1,1,6,AUBRAC (AVENUE DE L'),48,
2.023E+11,15,10,2023,22:50,5,91,91114,2,1,1,7,BD CHARLES DE GAULLE,48,
2.023E+11,15,10,2023,14:20,1,91,91097,2,9,1,7,AV DU GAL CHARLES DE GAULLE,48,
2.023E+11,14,10,2023,21:55,5,86,86194,2,1,1,2,Avenue John Kennedy,46,
2.023E+11,14,10,2023,14:40,1,86,86194,2,9,1,3,Avenue de Nantes,46,
2.023E+11,15,10,2023,14:30,1,69,69266,2,1,1,3,1 Boulevard de la Bataille de Stalingrad,45,
2.023E+11,15,10,2023,17:50,1,67,67482,2,8,1,3,ARMANDE BEJART (RUE),48,
2.023E+11,14,10,2023,13:15,1,67,67365,2,1,2,2,ETTORE BUGATTI (RUE),48,
2.023E+11,19,8,2023,19:14,1,63,63063,1,9,7,7,N/A,45,
2.023E+11,15,10,2023,20:20,5,62,62498,2,1,1,6,Route de Lille,50,
2.023E+11,15,10,2023,15:30,1,62,62193,2,1,1,1,Rue des Dunes,50,
2.023E+11,15,10,2023,12:05,1,49,49007,2,1,1,2,MOULIN BOULEVARD,47,
2.023E+11,15,10,2023,09:00,1,49,49007,2,2,1,6,COUBERTIN,47,
2.023E+11,15,10,2023,12:40,1,45,45302,1,3,1,3,ROUTE NATIONALE 20,47,
2.023E+11,28,8,2023,19:20,1,42,42218,2,3,1,6,Rue Francisque Voytier,45,
2.023E+11,15,10,2023,22:10,3,38,38151,1,1,1,4,A480,45,
2.023E+11,15,10,2023,06:30,5,37,37261,2,3,1,3,WAGNER (BOULEVARD RICHARD),47,
2.023E+11,15,10,2023,02:30,5,34,34172,2,1,1,1,LIBERTE (AVENUE DE LA,43,
2.023E+11,15,10,2023,16:40,1,33,33069,2,2,1,3,Boulevard Pierre 1er,44,
2.023E+11,15,10,2023,06:10,4,33,33318,2,6,1,6,Avenue Gustave Eiffel,44,
2.023E+11,15,10,2023,00:35,5,33,33063,2,2,1,3,RUE LUCIEN FAURE,44,
2.023E+11,15,10,2023,18:55,1,32,32013,2,1,1,2,Avenue du Corps Franc Pommiès,43,
2.023E+11,15,10,2023,14:50,1,13,13203,2,1,1,3,PARIS (BOULEVARD DE),43,
2.023E+11,15,10,2023,07:00,1,13,13203,2,2,1,3,NATIONAL (BOULEVARD),43,
2.023E+11,15,10,2023,06:44,5,13,13213,2,9,1,1,ALBERT EINSTEIN (RUE),43,
2.023E+11,14,10,2023,16:50,1,13,13028,2,1,1,2,ERNEST SUBILIA,43,
2.023E+11,15,10,2023,05:40,5,6,6104,2,1,1,3,AZUR (AVENUE DE LA COTE D'),43,
2.023E+11,15,10,2023,11:45,1,4,4070,2,1,1,3,NICE (RTE),44,
2.023E+11,15,10,2023,06:30,5,75,75117,2,4,1,2,PORTE DE CLICHY,48,
2.023E+11,15,10,2023,01:40,5,75,75120,2,3,1,2,BOULEVARD DAVOUT,48,
2.023E+11,15,10,2023,14:30,1,75,75119,2,3,1,3,AVENUE JEAN JAURES,48,
2.023E+11,15,10,2023,14:45,1,75,75118,2,2,1,7,RUE DE LA CHAPELLE,48,
2.023E+11,15,10,2023,20:05,3,75,75116,2,1,1,6,PORTE DAUPHINE,48,
2.023E+11,15,10,2023,01:05,5,75,75116,2,1,1,2,AVENUE MOZART,48,
2.023E+11,15,10,2023,01:40,5,75,75112,2,4,1,6,RUE DE CHARENTON,48,
2.023E+11,15,10,2023,20:40,5,75,75107,2,2,1,3,AVENUE BOSQUET,48,
2.023E+11,14,10,2023,23:33,5,94,94068,2,2,1,3,Avenue de l’Alma,48,
2.023E+11,15,10,2023,19:05,5,94,94076,2,1,1,6,Rue Marcel Grosménil,48,
2.023E+11,15,10,2023,14:00,1,94,94022,2,9,1,3,Avenue Victor Hugo,48,
2.023E+11,15,10,2023,09:55,1,94,94054,2,1,1,3,7 Rue Christophe Colomb,48,
2.023E+11,15,10,2023,14:40,1,93,93072,2,9,1,3,Avenue de Stalingrad,48,
2.023E+11,14,10,2023,17:20,1,93,93051,2,3,1,3,Rue du Centre / Rue de la Closerie,48,
2.023E+11,15,10,2023,14:09,1,93,93029,2,3,1,6,Avenue Jean Jaurès / Rue François Carels,48,
2.023E+11,15,10,2023,18:30,5,93,93066,2,1,1,3,Boulevard Anatole France,48,
2.023E+11,15,10,2023,20:40,5,93,93010,2,1,1,6,Avenue Léon Blum,48,
2.023E+11,15,10,2023,09:15,1,93,93008,2,1,1,7,Avenue Paul Vaillant - Couturier,48,
2.023E+11,15,10,2023,00:45,5,93,93007,2,2,1,7,CHARLES FLOQUET (AVENUE),48,
2.023E+11,15,10,2023,20:17,5,92,92072,2,1,1,7,GRANDE RUE,48,
2.023E+11,15,10,2023,12:35,1,92,92063,2,9,1,3,CHATOU (PONT DE),48,
2.023E+11,14,10,2023,21:38,5,92,92023,2,3,1,6,CAVEE (RUE DE LA),48,
2.023E+11,15,10,2023,19:10,2,92,92019,2,1,1,7,FAYO VINCENT (RUE),48,
2.023E+11,15,10,2023,22:00,3,80,80498,1,1,1,7,pk 41 D919,50,
2.023E+11,16,10,2023,13:00,1,87,87002,1,1,1,1,Le Tarier,45,
2.023E+11,15,10,2023,19:25,3,36,36013,1,2,1,3,N/A,47,
2.023E+11,15,10,2023,19:45,2,41,41167,2,2,1,1,Avenue de la République,47,
2.023E+11,16,10,2023,07:25,2,28,28018,1,1,1,2,Autoroute A11 PK 116+150 vers Paris,48,
2.023E+11,13,10,2023,05:40,3,83,83132,1,1,1,2,autoroute A57,,
2.023E+11,15,10,2023,19:10,5,62,62571,2,2,8,3,D940,50,
2.023E+11,16,10,2023,16:45,1,59,59082,1,1,1,1,Route de Bergues,50,
2.023E+11,15,10,2023,12:35,1,44,44138,1,3,1,3,N/A,47,
2.023E+11,15,10,2023,06:10,2,83,83130,1,3,1,3,rd554 domaine des 4 saisons,43,
2.023E+11,15,10,2023,12:35,1,32,32066,1,2,1,3,CD282,43,
2.023E+11,15,10,2023,16:15,1,63,63223,1,1,8,1,D2144,46,
2.023E+11,6,10,2023,15:30,1,12,12210,1,1,1,3,D922,44,
2.023E+11,15,10,2023,16:00,1,68,68264,1,4,1,1,D21,47,
2.023E+11,15,10,2023,15:00,1,39,39470,1,1,1,6,N/A,46,
2.023E+11,13,10,2023,14:30,1,25,25586,1,1,1,1,D480,47,
2.023E+11,15,10,2023,18:20,2,25,25328,1,1,1,7,Route Nationale,47,
2.023E+11,12,10,2023,11:17,1,31,31528,1,1,1,2,D5,43,
2.023E+11,15,10,2023,16:15,1,15,15223,2,1,1,7,RD 422,45,
2.023E+11,15,10,2023,18:50,2,1,1254,2,1,8,3,2700 Route du Revermont,46,
2.023E+11,16,10,2023,11:00,1,58,58243,1,1,1,1,Route du Bouron,46,
2.023E+11,16,10,2023,08:30,1,54,54152,2,1,7,6,19 Rue du Mal de Lattre de Tassigny,48,
2.023E+11,14,10,2023,14:00,1,6,6073,1,1,1,6,M97 - PK4 + 000,44,
2.023E+11,14,10,2023,14:10,1,6,6073,2,1,1,6,M97,44,
2.023E+11,16,10,2023,00:37,3,50,50604,1,1,1,6,D23,49,
2.023E+11,14,10,2023,15:20,1,50,50487,1,1,1,3,La Besliviere,48,
2.023E+11,15,10,2023,14:50,1,83,83046,1,1,1,7,Rd22 PR 11+250,43,
2.023E+11,16,10,2023,16:50,1,7,7167,1,1,1,1,route départementale 2 07360,44,
2.023E+11,15,10,2023,20:30,3,40,40333,1,1,1,6,D157,43,
2.023E+11,13,10,2023,21:00,3,85,85084,1,1,2,2,RD137,46,
2.023E+11,16,10,2023,09:25,1,27,27425,2,1,1,7,Rue du Chateau,49,
2.023E+11,14,10,2023,19:40,3,37,37104,1,1,1,2,D943,47,
2.023E+11,15,10,2023,11:20,1,30,30083,2,2,1,1,Route Nationale 113,43,
2.023E+11,15,10,2023,16:20,1,30,30182,1,9,1,7,RD 999,43,
2.023E+11,13,10,2023,14:55,1,88,88116,1,1,1,6,4 Route de Xoulces,47,
2.023E+11,14,10,2023,18:25,1,78,78455,2,3,1,3,Chemin des Princes,48,
2.023E+11,14,10,2023,15:30,1,53,53108,1,1,1,6,Péage de la GRAVELLE A81 PK 266+300,48,
2.023E+11,16,10,2023,14:45,1,6,6085,1,1,8,1,autoroute A8 PK 169.000 NORD,43,
2.023E+11,12,10,2023,07:50,1,68,68084,2,1,1,4,Vieille Rue,47,
2.023E+11,13,10,2023,14:00,1,986,98613,2,1,1,1,RT 1,,
2.023E+11,16,10,2023,08:30,1,976,97607,1,1,1,1,Route Nationale 2,,
2.023E+11,15,10,2023,18:20,2,973,97305,1,3,1,3,Route Nationale 1 - PK 15.500,4,
2.023E+11,15,10,2023,15:45,1,13,13087,2,1,1,1,D56,43,
2.023E+11,3,10,2023,19:00,2,41,41130,1,2,1,3,RD 110,47,
2.023E+11,15,10,2023,10:00,1,83,83068,2,1,1,6,D559,43,
2.023E+11,12,10,2023,02:00,3,13,13066,1,1,1,6,D30,43,
2.023E+11,1,10,2023,21:10,3,25,25520,1,1,1,7,D464,47,
2.023E+11,15,10,2023,17:00,1,67,67112,1,2,1,3,D147,48,
2.023E+11,13,10,2023,17:25,1,67,67540,1,2,1,3,D160,48,
2.023E+11,15,10,2023,07:47,1,57,57645,1,6,1,6,D652,49,
2.023E+11,13,10,2023,05:45,5,57,57433,2,1,1,6,68 Grand'Rue,49,
2.023E+11,15,10,2023,15:00,1,74,74154,1,1,1,7,Route de rully,46,
2.023E+11,15,10,2023,16:20,1,44,44201,1,1,1,6,la Maillère,47,
2.023E+11,15,10,2023,22:47,3,38,38135,1,1,1,6,Grande Rue de Lancin,45,
2.023E+11,14,10,2023,10:30,1,32,32312,1,1,1,7,D626,43,
2.023E+11,15,10,2023,09:45,1,79,79319,1,1,1,1,N/A,46,
2.023E+11,15,10,2023,19:20,2,22,22168,2,4,1,1,RUE ERNEST RENAN,48,
2.023E+11,12,10,2023,05:45,3,27,27489,1,3,3,3,départementale 316,49,
2.023E+11,15,10,2023,19:20,5,69,69266,1,1,1,2,Route Départementale 383 ,45,
2.023E+11,13,10,2023,08:45,1,69,69091,1,1,1,5,Autoroute 47,45,
2.023E+11,15,10,2023,04:34,3,91,91228,1,1,1,2,AUTOROUTE A6,48,
2.023E+11,15,10,2023,19:40,3,93,93007,1,1,1,6,AUTOROUTE A1,48,
2.023E+11,15,10,2023,15:30,1,93,93066,1,1,1,5,AUTOROUTE A1,48,
2.023E+11,14,10,2023,20:00,3,92,92036,1,1,2,4,AUTOROUTE A15,48,
2.023E+11,15,10,2023,20:30,3,94,94004,1,1,1,3,N19,48,
2.023E+11,15,10,2023,05:45,3,77,77373,1,1,1,2,RN104,48,
2.023E+11,22,4,2023,15:50,1,29,29232,1,1,2,6,Rond-Point de Troyalac'h,47,
2.023E+11,12,10,2023,01:30,4,57,57463,2,1,1,6,GABRIEL PIERNE (RUE ),49,
2.023E+11,18,7,2023,20:35,1,62,62160,2,1,1,7,Boulevard Beaucerf,50,
2.023E+11,22,4,2023,19:00,1,27,27681,2,2,1,5,AZEMIA (BOULEVARD GEORGES),49,
2.023E+11,22,5,2023,19:30,1,62,62160,2,1,1,3,D96,50,
2.023E+11,22,4,2023,20:35,3,25,25056,2,1,2,6,GRAY ROUTE DE,47,
2.023E+11,16,5,2023,19:20,1,62,62758,2,6,1,3,Rue au Bois,50,
2.023E+11,22,4,2023,14:13,1,13,13205,2,2,1,3,BERCEAU (RUE),43,
2.023E+11,14,10,2023,09:10,1,976,97611,2,1,1,6,vahibe-Vietnam (rue),-12,
2.023E+11,22,4,2023,19:45,1,5,5023,2,1,1,2,GRENOBLE (ROUTE DE),44,
2.023E+11,21,4,2023,13:00,1,3,3190,2,3,1,3,GAULLE (AV. DU GAL. DE),46,
2.023E+11,14,10,2023,15:50,1,974,97416,1,1,1,3,ZONE (ALLEE DE LA),-21,
2.023E+11,23,4,2023,15:40,1,75,75120,2,1,2,6,ECHANGEUR BAGNOLET,48,
2.023E+11,14,10,2023,14:30,1,973,97302,2,1,1,6,VOLTAIRE(AVENUE),4,
2.023E+11,23,4,2023,02:59,5,75,75105,2,3,1,6,BOULEVARD DE L HOPITAL,48,
2.023E+11,14,10,2023,12:00,1,973,97302,2,1,1,3,BRUTUS (CITE),4,
2.023E+11,23,4,2023,22:30,5,75,75117,2,3,1,3,BOULEVARD D AURELLE DE PALADINES,48,
2.023E+11,14,10,2023,00:00,4,973,97302,2,1,1,3,FELIX EBOUE(ROCADE),4,
2.023E+11,23,4,2023,01:50,5,75,75117,2,2,1,6,RUE GUSTAVE FLAUBERT,48,
2.023E+11,14,10,2023,17:15,1,69,69386,2,2,1,3,Avenue Maréchal de Saxe,45,
2.023E+11,19,4,2023,11:40,1,75,75116,2,3,1,3,AVENUE DE L HIPPODROME,48,
2.023E+11,23,4,2023,22:00,5,75,75115,2,7,2,2,PLACE CAMBRONNE,48,
2.023E+11,14,10,2023,18:00,1,69,69034,2,6,1,2,Rue Jean Moulin,45,
2.023E+11,23,4,2023,18:40,1,75,75115,2,3,2,3,AVENUE FELIX FAURE,48,
2.023E+11,13,10,2023,15:10,1,69,69202,2,2,1,3,106 Route de la Libération,45,
2.023E+11,22,4,2023,12:40,1,75,75113,2,3,1,5,RUE CHARLES FOURIER,48,
2.023E+11,14,10,2023,11:00,1,86,86194,2,1,1,2,Avenue de la Revolution,46,
2.023E+11,23,4,2023,10:25,1,75,75112,2,1,2,2,RUE DE CHARENTON,48,
2.023E+11,14,10,2023,19:35,5,84,84031,2,9,1,7,COMTAT VENAISSIN,44,
2.023E+11,23,4,2023,00:00,4,75,75112,2,1,1,6,ROUTE DE LA PYRAMIDE,48,
2.023E+11,13,10,2023,23:13,5,83,83137,2,7,1,4,JURIEN DE LA GRAVIERE (PLACE),43,
2.023E+11,23,4,2023,20:55,3,75,75111,2,3,2,1,AVENUE PARMENTIER,48,
2.023E+11,23,4,2023,18:45,1,75,75101,2,2,2,6,RUE DU PONT NEUF,48,
2.023E+11,14,10,2023,19:45,2,82,82121,2,2,1,3,HERRIOT (BOULEVARD EDOUARD),44,
2.023E+11,23,4,2023,15:20,1,75,75104,2,2,2,6,RUE DE RIVOLI,48,
2.023E+11,13,10,2023,16:05,1,77,77333,2,1,1,3,D225,48,
2.023E+11,23,4,2023,13:29,1,75,75102,2,3,2,5,BOULEVARD DE BONNE NOUVELLE,48,
2.023E+11,14,10,2023,19:15,5,71,71270,2,1,1,6,MISTRAL (RUE FREDERIC),46,
2.023E+11,22,4,2023,22:30,5,94,94081,2,2,1,3,Voie des Monis,48,
2.023E+11,14,10,2023,21:10,5,69,69266,2,3,1,1,Rue du 1 Mars 1943,45,
2.023E+11,23,4,2023,15:25,1,94,94028,2,1,8,2,Avenue des Compagnons de la Libération,48,
2.023E+11,14,10,2023,19:20,5,69,69290,2,1,1,1,40 Rue Anatole France,45,
2.023E+11,14,10,2023,12:40,1,69,69259,2,1,1,6,Avenue Marcel Cachin,45,
2.023E+11,14,10,2023,06:00,3,69,69271,1,1,8,7,Route de Lyon,45,
2.023E+11,23,4,2023,13:05,1,92,92049,2,3,2,6,GINOUX AV. HENRI N°1 A 95 ET 2 A 104,48,
2.023E+11,23,4,2023,03:15,5,92,92044,2,1,1,6,VIC. HUGO(RUE)091A113 ET 112A146,48,
2.023E+11,23,4,2023,18:26,1,92,92026,2,9,2,6,MISSION MARCHAND (COTE PAIR),48,
2.023E+11,23,4,2023,15:10,1,92,92014,2,1,1,6,MONTROUGE (AVENUE DE),48,
2.023E+11,13,10,2023,09:45,1,68,68376,2,1,1,7,MINES (RUE DES),47,
2.023E+11,23,4,2023,12:29,1,974,97415,1,1,1,5,Rue gabriel guist'hau,-21,
2.023E+11,14,10,2023,01:40,3,67,67458,1,1,1,1,RD 1063,48,
2.023E+11,22,4,2023,20:45,3,974,97415,1,1,1,7,Route des Tamarins RN1,-21,
2.023E+11,14,10,2023,10:20,1,64,64483,2,1,8,6,SALLAGOITY GARRA (RUE),43,
2.023E+11,14,10,2023,16:20,1,64,64445,2,1,1,2,ALSACE LORRAINE D',43,
2.023E+11,24,4,2023,07:00,1,976,97610,1,1,1,5,ROUTE NATIONALE MAJICAVO KOROPA,-12,
2.023E+11,14,10,2023,12:41,1,63,63113,2,1,1,3,MICHELIN (AVENUE EDOUARD),45,
2.023E+11,14,10,2023,03:20,5,63,63113,2,3,1,1,Montlosier / Richepin,45,
2.023E+11,23,4,2023,17:30,1,24,24462,1,1,2,5,D6089,45,
2.023E+11,15,10,2023,00:20,5,62,62178,2,1,8,1,Rue Emile Basly,50,
2.023E+11,10,10,2023,08:55,1,59,59172,2,1,1,3,RUE ALEXANDRE BAUDUIN,50,
2.023E+11,20,4,2023,13:15,1,40,40065,2,3,1,3,85 Av Mal de Lattre de Tassigny,43,