Num_Acc,jour,mois,an,hrmn,lum,dep,com,agg,int,atm,col,adr,lat,long
2.023E+11,4,8,2023,18:51,1,56,56121,2,1,1,7,PERRIERE ( AV DE LA ),47,
2.023E+11,3,7,2023,05:00,2,972,97213,1,1,2,2,,14,
2.023E+11,2,7,2023,04:18,4,972,97209,1,1,1,6,BALATA (ROUTE DE),14,
2.023E+11,8,8,2023,19:15,1,54,54025,1,1,1,1,Rue du Faubourg Saint-Phlin,48,
2.023E+11,2,7,2023,03:40,5,2B,2B037,1,6,1,6,TOUTES RUES,42,
2.023E+11,8,8,2023,18:20,1,50,50218,2,1,1,2,PONT JACQUES (VOIE DU),48,
2.023E+11,2,7,2023,18:50,5,971,97101,1,1,1,6,BEAUSOLEIL,16,
2.023E+11,7,8,2023,20:45,1,49,49007,2,2,1,3,Boulevard Henri Dunant,47,
2.023E+11,3,7,2023,13:15,1,91,91216,2,1,1,3,CD 257,48,
2.023E+11,7,8,2023,12:45,1,49,49007,2,1,1,3,A87N,47,
2.023E+11,7,8,2023,09:25,1,49,49007,2,2,1,3,QUAI LIGNY,47,
2.023E+11,2,7,2023,22:10,5,87,87085,2,1,1,3,BLANC LOUIS (BOULEVARD),45,
2.023E+11,1,7,2023,12:00,1,87,87085,2,1,2,7,BUXEROLLES (ROUTE DE),45,
2.023E+11,8,8,2023,18:00,1,43,43157,2,2,1,3,Avenue Marechal Foch,45,
2.023E+11,3,8,2023,17:40,1,42,42186,2,1,1,6,Avenue Charles de Gaulle,45,
2.023E+11,3,7,2023,18:10,1,85,85191,2,6,1,2,PALISSY ROND-POINT BERNARD,46,
2.023E+11,3,7,2023,20:50,2,83,83137,2,1,1,3,DEMOCRATIE (BD DE LA),43,
2.023E+11,7,8,2023,16:15,1,41,41018,2,1,1,6,PORTE COTE (RUE),47,
2.023E+11,8,8,2023,16:15,1,35,35238,2,1,1,3,DUNANT (HENRY),48,
2.023E+11,3,7,2023,20:40,2,76,76575,2,2,1,3,RONDEAUX. RUE JEAN,49,
2.023E+11,8,8,2023,13:45,1,35,35238,2,6,1,3,VERN (DE),48,
2.023E+11,3,7,2023,19:25,1,76,76157,2,3,1,6,Rue Camille Pissarro,49,
2.023E+11,2,7,2023,19:17,1,76,76305,1,1,1,7,D 6382,49,
2.023E+11,7,8,2023,17:30,1,35,35238,2,3,1,3,SAINT-CAST (QUAI),48,
2.023E+11,1,7,2023,12:50,1,76,76259,2,1,7,1,MANDELA ( BOULEVARD NELSON),49,
2.023E+11,8,8,2023,17:30,1,33,33529,2,1,1,1,TOURTERELLES (ALL. DES),44,
2.023E+11,2,7,2023,18:35,1,72,72181,1,9,1,3,RUAUDIN (RUE) N° IMP 191 ET >,47,
2.023E+11,8,8,2023,07:30,2,31,31555,2,1,1,6,CHE DES ETROITS,43,
2.023E+11,27,6,2023,08:50,1,68,68297,2,1,1,3,MULHOUSE ( RUE DE)JUSQUE CIMETIERE DU 1,47,
2.023E+11,7,8,2023,17:15,1,31,31555,2,1,1,6,AV DE LARDENNE,43,
2.023E+11,8,8,2023,22:04,5,28,28085,2,1,1,7,SAINT BARTHELEMY (RUE),48,
2.023E+11,3,7,2023,22:20,5,67,67482,2,4,1,1,POLYGONE (ROUTE DU),48,
2.023E+11,8,8,2023,16:20,1,27,27229,2,1,1,2,CHAMBEAUDOIN (BOULEVARD),49,
2.023E+11,8,8,2023,11:55,1,26,26058,2,1,7,6,Avenue Georges Brassens,44,
2.023E+11,30,6,2023,16:23,1,66,66136,2,1,1,6,N/A,42,
2.023E+11,3,7,2023,10:10,1,64,64545,1,1,1,2,RD810,43,
2.023E+11,8,8,2023,11:00,1,13,13213,2,2,1,3,LEPRINCE RINGUIET (rue),43,
2.023E+11,3,7,2023,15:58,1,63,63113,2,8,1,3,FLAUBERT (BD GUSTAVE),45,
2.023E+11,7,8,2023,09:30,1,10,10297,2,1,1,3,Avenue Jean Jaures,48,
2.023E+11,8,8,2023,15:45,1,6,6069,2,9,1,6,CHEVALIER (AVENUE MAURICE),43,
2.023E+11,3,7,2023,07:20,1,63,63032,2,6,1,3,av Europe /rue Champclos,45,
2.023E+11,8,8,2023,07:00,1,6,6123,2,9,7,2,SAUVAIGO PIERRE AVENUE,43,
2.023E+11,3,7,2023,22:06,5,57,57463,2,1,1,7,ROBERT SCHUMAN (AVENUE ),49,
2.023E+11,4,8,2023,23:30,5,6,6155,2,1,1,6,CLEMENCEAU AV.GEORGES,43,
2.023E+11,1,7,2023,22:15,5,56,56121,2,2,1,3,CARNOT (RUE  LAZARE ),47,
2.023E+11,25,7,2023,14:27,1,5,5061,2,2,1,3,JEAN MOULIN ( CARREFOUR),44,
2.023E+11,2,7,2023,10:40,1,56,56121,2,3,1,6,7 Rue Étienne Pérault,47,
2.023E+11,8,8,2023,18:35,1,75,75120,2,1,1,3,PORTE DE BAGNOLET,48,
2.023E+11,2,7,2023,08:40,1,54,54395,2,3,1,6,Rue de Belfort,48,
2.023E+11,2,7,2023,13:40,1,54,54329,2,2,1,3,RUE DES BOSQUETS,48,
2.023E+11,6,8,2023,20:00,1,75,75114,2,1,1,4,PORTE D ORLEANS,48,
2.023E+11,8,8,2023,18:05,1,75,75105,2,1,1,1,QUAI SAINT BERNARD,48,
2.023E+11,1,7,2023,02:30,4,54,54329,2,2,1,6,RUE CHARLES GUERIN,48,
2.023E+11,8,8,2023,11:40,1,75,75120,2,1,1,3,RUE DES PYRENEES,48,
2.023E+11,8,8,2023,00:25,5,75,75120,2,2,1,3,RUE DES PYRENEES,48,
2.023E+11,3,7,2023,16:45,1,51,51454,2,2,1,3,DE GAULLE (AVENUE DU GENERAL),49,
2.023E+11,3,7,2023,08:45,1,51,51454,2,1,1,6,VESLE (RUE),49,
2.023E+11,8,8,2023,21:00,2,75,75118,2,3,1,6,BOULEVARD ORNANO,48,
2.023E+11,30,6,2023,19:19,1,49,49267,2,1,1,7,HAUTE DES BANCHAIS,47,
2.023E+11,8,8,2023,08:25,1,75,75117,2,3,1,3,RUE JACQUES KELLNER,48,
2.023E+11,1,7,2023,02:46,4,49,49267,2,1,1,3,REUX,47,
2.023E+11,8,8,2023,10:30,1,75,75116,2,3,1,2,AVENUE DE VERSAILLES,48,
2.023E+11,2,7,2023,20:34,1,49,49007,2,3,1,2,SAINT JACQUES,47,
2.023E+11,2,7,2023,23:15,3,44,44162,2,1,1,6,22 Avenue de Chenonceaux,47,
2.023E+11,8,8,2023,21:30,4,75,75113,2,3,1,3,BOULEVARD VINCENT AURIOL,48,
2.023E+11,3,7,2023,15:40,1,37,37122,1,1,1,2,RD 37 sortie Nord,47,
2.023E+11,2,7,2023,10:39,1,37,37261,2,1,1,1,PLAT D'ETAIN (RUE DU),47,
2.023E+11,8,8,2023,17:00,1,75,75101,2,3,1,3,BOULEVARD DU PALAIS,48,
2.023E+11,3,7,2023,15:25,1,35,35051,1,1,1,2,RN136,48,
2.023E+11,8,8,2023,14:06,1,94,94044,2,1,1,1,Rue Albert Garry,48,
2.023E+11,3,7,2023,11:35,1,35,35238,2,2,1,3,BASCULE (DE LA),48,
2.023E+11,8,8,2023,19:20,1,94,94068,2,2,1,3,Rue du Docteur Roux,48,
2.023E+11,8,8,2023,01:25,5,94,94041,2,1,1,6,Avenue de Verdun,48,
2.023E+11,2,7,2023,18:09,1,34,34172,2,2,1,3,EUROPE (AVENUE DE L'),43,
2.023E+11,8,8,2023,20:30,1,94,94076,2,9,1,3,Rue Jean Mermoz,48,
2.023E+11,4,7,2023,00:30,5,31,31555,2,2,1,3,EISENHOWER (AVENUE DU GENERAL),43,
2.023E+11,21,7,2023,01:30,5,94,94028,2,1,1,6,60 Av du Mal de Lattre de Tassigny,48,
2.023E+11,7,8,2023,18:00,1,94,94011,2,1,1,6,Avenue de Boissy,48,
2.023E+11,2,7,2023,13:45,1,29,29019,2,2,1,3,rue Corot,48,
2.023E+11,8,8,2023,17:10,1,94,94002,2,1,1,1,Rue Marcellin Berthelot,48,
2.023E+11,8,8,2023,12:20,1,93,93073,2,1,1,6,Rue du 8 Mai 1945,48,
2.023E+11,3,7,2023,14:20,1,28,28134,2,6,1,3,SAINT THIBAULT (RUE),48,
2.023E+11,8,8,2023,02:00,3,93,93073,1,2,1,6,Rue du Chapitre / Rue du Tarteret,49,
2.023E+11,8,8,2023,01:15,5,93,93071,2,1,1,6,Rue Augustin Thierry,48,
2.023E+11,5,8,2023,15:15,1,93,93070,2,1,1,3,Avenue Michelet,48,
2.023E+11,4,7,2023,00:00,3,25,25056,1,1,1,6,RN 1057 (ROUTE DE GRAY-CH.EPITAPHE),47,
2.023E+11,8,8,2023,22:40,5,93,93066,2,1,1,5,Route de la Courneuve,48,
2.023E+11,3,7,2023,13:50,1,25,25056,2,1,8,3,rue jacquard,47,
2.023E+11,8,8,2023,20:20,1,93,93064,2,1,1,3,Boulevard d'Alsace-Lorraine,48,
2.023E+11,3,7,2023,07:50,1,22,22278,2,6,1,3,PARIS (DE),48,
2.023E+11,8,8,2023,08:00,1,93,93048,2,3,1,3,Rue Hoche / Rue Désiré Préaux,48,
2.023E+11,29,6,2023,17:00,1,30,30032,1,1,1,4,,43,
2.023E+11,8,8,2023,09:45,1,93,93050,2,1,1,3,Avenue Paul Doumer,48,
2.023E+11,3,7,2023,13:56,1,1,1053,2,2,1,3,ALSACE LORRAINE (AVENUE ),46,
2.023E+11,7,8,2023,23:30,5,92,92051,2,1,1,3,CHARLES DE GAULLE (AVENUE,,
2.023E+11,3,7,2023,08:45,1,75,75117,2,1,1,2,PORTE DE CLICHY,48,
2.023E+11,8,8,2023,18:10,1,92,92050,2,1,1,1,PESARO BOULEVARD DE,48,
2.023E+11,2,7,2023,13:20,1,75,75116,2,1,1,2,ECHANGEUR PORTE DAUPHINE,48,
2.023E+11,8,8,2023,18:26,1,92,92040,2,2,1,2,ROUGET DE L'ISLE,48,
2.023E+11,5,8,2023,20:45,1,92,92036,2,9,1,3,LUCIEN LANTERNIER (AVENUE) (1/17),48,
2.023E+11,3,7,2023,13:30,1,75,75114,2,3,1,6,RUE EMILE DEUTSCH DE LA MEURTHE,48,
2.023E+11,8,8,2023,15:05,1,92,92024,2,1,1,2,MARTRE (RUE) DE (1 A 41),48,
2.023E+11,2,7,2023,08:19,1,75,75118,2,4,1,1,ECHANGEUR PORTE DE LA CHAPELLE,48,
2.023E+11,8,8,2023,02:22,5,92,92024,2,2,1,3,JEAN JAURES (BD) DE (1 A 45)   (2 A 54),48,
2.023E+11,7,8,2023,12:10,1,92,92004,1,1,1,2,AULAGNIER ( QUAI ),48,
2.023E+11,1,7,2023,02:30,5,75,75119,2,1,2,3,BOULEVARD PERIPHERIQUE INTERIEUR NORD  ,48,
2.023E+11,30,5,2023,17:20,1,75,75107,2,2,1,3,AVENUE RAPP,48,
2.023E+11,3,7,2023,16:20,1,75,75116,2,3,1,3,ROUTE DES LACS A PASSY,48,
2.023E+11,9,8,2023,04:11,3,95,95313,1,1,1,6,A16,49,
2.023E+11,3,7,2023,11:00,1,75,75114,2,3,1,6,RUE RAYMOND LOSSERAND,48,
2.023E+11,30,5,2023,14:55,1,75,75115,2,2,1,3,RUE DU THEATRE,48,
2.023E+11,7,8,2023,12:01,1,2A,2A100,1,1,1,7,RD 70,42,
2.023E+11,3,7,2023,08:10,1,75,75114,2,3,1,6,RUE D ARCUEIL,48,
2.023E+11,8,8,2023,06:40,1,2A,2A048,1,1,1,7,rd 81,42,
2.023E+11,30,5,2023,13:12,1,75,75106,2,9,1,6,RUE DE RENNES,48,
2.023E+11,15,6,2023,10:14,1,75,75112,2,1,1,6,RUE NICOLAI,48,
2.023E+11,29,5,2023,22:40,5,75,75120,2,1,1,3,AVENUE DU DOCTEUR GLEY,48,
2.023E+11,8,8,2023,23:30,3,62,62613,1,1,3,6,D131,50,
2.023E+11,3,7,2023,14:00,1,75,75111,2,2,1,3,BOULEVARD VOLTAIRE,48,
2.023E+11,30,5,2023,10:10,1,75,75119,2,3,1,3,AVENUE DE LAUMIERE,48,
2.023E+11,2,7,2023,10:10,1,75,75111,2,9,1,2,AVENUE PHILIPPE AUGUSTE,48,
2.023E+11,5,8,2023,09:45,1,38,38019,2,1,1,1,Route Nationale 7 Village,45,
2.023E+11,3,7,2023,15:15,1,94,94034,2,9,1,3,Avenue de la Division Leclerc,48,
2.023E+11,30,5,2023,09:45,1,75,75119,2,2,1,3,RUE DE BELLEVILLE,48,
2.023E+11,3,7,2023,15:40,1,94,94021,2,9,1,3,Avenue de Stalingrad,48,
2.023E+11,9,8,2023,05:30,3,28,28110,1,1,1,4,A11,48,
2.023E+11,30,5,2023,09:00,1,75,75119,2,3,1,3,RUE RIQUET,48,
2.023E+11,3,7,2023,18:55,1,94,94073,2,3,1,3,D136,48,
2.023E+11,4,7,2023,18:00,1,68,68145,2,1,1,6,102 Grand Rue,48,
2.023E+11,29,5,2023,23:15,5,75,75119,2,3,1,3,AVENUE DE FLANDRE,48,
2.023E+11,2,7,2023,21:40,1,93,93073,2,3,1,1,Route de Villepinte / Rue Claude Nicolas Ledoux,48,
2.023E+11,9,8,2023,09:30,1,972,97201,2,1,1,6,Le Bourg Ouest,14,
2.023E+11,30,5,2023,16:40,1,75,75117,2,2,1,6,RUE POUCHET,48,
2.023E+11,10,6,2023,14:30,1,93,93001,2,1,1,6,Rue Madeleine Vionnet,48,
2.023E+11,4,8,2023,13:30,1,11,11203,2,6,1,1,1 Route de Ferrals,43,
2.023E+11,3,7,2023,11:15,1,92,92025,2,1,1,3,GABRIEL PERI (RUE),48,
2.023E+11,30,5,2023,08:50,1,75,75108,2,2,1,3,BOULEVARD DES BATIGNOLLES,48,
2.023E+11,3,7,2023,08:39,1,92,92014,2,1,1,7,GENERAL LECLERC (AV.) (57 A 135 - 50 A 1,48,
2.023E+11,8,8,2023,18:10,1,68,68300,1,1,1,7,Route Départementale 38,47,
2.023E+11,30,5,2023,14:20,1,75,75115,2,7,1,3,RUE DUTOT,48,
2.023E+11,2,7,2023,12:15,1,35,35013,1,1,1,6,La Hutte,47,
2.023E+11,22,7,2023,05:00,1,62,62866,2,2,1,3,D940,50,
2.023E+11,30,5,2023,13:00,1,75,75115,2,2,1,6,RUE DESAIX,48,
2.023E+11,3,7,2023,08:20,1,81,81064,1,1,1,1,rd 964 - PK 019.500,43,
2.023E+11,30,5,2023,09:45,1,75,75115,2,7,1,6,PLACE D ALLERAY,48,
2.023E+11,4,7,2023,12:00,1,2A,2A272,1,1,1,1,route de tizzano,41,
2.023E+11,9,8,2023,17:15,1,60,60358,1,6,1,3,D332,49,
2.023E+11,4,7,2023,04:42,2,67,67222,2,2,1,6,9 Route de Wimmenau,48,
2.023E+11,4,8,2023,11:00,1,62,62770,1,1,1,7,Rue d'Aire,50,
2.023E+11,29,5,2023,01:20,5,75,75115,2,3,1,2,RUE DU HAMEAU,48,
2.023E+11,4,7,2023,17:15,1,87,87154,2,1,1,2,N141,45,
2.023E+11,6,8,2023,17:50,1,56,56168,1,6,1,2,route de quiberon,47,
2.023E+11,30,5,2023,09:20,1,75,75114,2,3,1,6,RUE NANSOUTY,48,
2.023E+11,4,7,2023,16:02,1,21,21599,1,1,3,6,A31,47,
2.023E+11,29,5,2023,17:00,1,75,75114,2,4,1,6,AVENUE DU GENERAL LECLERC,48,
2.023E+11,9,8,2023,11:08,1,76,76014,2,3,1,3,D125,49,
2.023E+11,8,8,2023,16:15,1,76,76508,2,7,1,2,Rue du Major Frost,49,
2.023E+11,30,5,2023,19:40,1,75,75111,2,3,1,3,AVENUE DE LA REPUBLIQUE,48,
2.023E+11,16,11,2023,22:20,5,75,75116,2,3,3,3,AVENUE DE NEUILLY,48,
2.023E+11,8,8,2023,11:45,1,79,79008,1,1,1,6,N/A,46,
2.023E+11,30,5,2023,10:10,1,75,75110,2,2,1,7,RUE DU CHATEAU D EAU,48,
2.023E+11,17,11,2023,14:20,1,75,75115,2,1,1,6,RUE LINOIS,48,
2.023E+11,8,8,2023,17:10,1,79,79109,2,1,1,5,N/A,46,
2.023E+11,17,11,2023,09:30,1,75,75115,2,2,2,6,BOULEVARD PASTEUR,48,
2.023E+11,30,5,2023,16:50,1,75,75116,2,2,1,2,AVENUE DE L HIPPODROME,48,
2.023E+11,9,8,2023,14:15,1,2B,2B207,1,1,1,6,route royale,42,
2.023E+11,30,5,2023,09:40,1,75,75107,2,1,1,6,AVENUE DE LA BOURDONNAIS,48,
2.023E+11,9,8,2023,12:30,1,2B,2B319,1,1,1,3,Penticchie,42,
2.023E+11,16,11,2023,11:50,1,75,75115,2,3,3,3,RUE DE VAUGIRARD,48,
2.023E+11,2,6,2023,15:45,1,94,94037,2,3,1,6,Avenue Lénine,48,
2.023E+11,8,8,2023,18:45,1,65,65123,1,1,1,3,Route du Col d?Aspin - D918,42,
2.023E+11,17,11,2023,12:56,1,75,75115,2,5,3,6,AVENUE DE LA PORTE BRANCION,48,
2.023E+11,9,8,2023,09:45,1,65,65029,1,1,1,6,Route du Val d’Azun,42,
2.023E+11,30,5,2023,20:30,2,94,94073,2,1,1,2,Av du Pdt Franklin Roosevelt,48,
2.023E+11,17,11,2023,01:45,5,75,75107,2,2,2,3,PLACE DE LA RESISTANCE,48,
2.023E+11,9,8,2023,13:00,1,32,32296,2,1,1,1,2 Avenue du Midour,43,
2.023E+11,29,5,2023,22:30,5,94,94019,2,1,1,3,2 Route de la Libération,48,
2.023E+11,8,8,2023,09:55,1,76,76255,2,1,8,6,Rue Jean Duhornay,50,
2.023E+11,17,11,2023,16:20,1,75,75113,2,3,8,3,BOULEVARD DE L HOPITAL,48,
2.023E+11,30,5,2023,17:20,1,94,94017,2,1,1,2,Av. François Mitterrand,48,
2.023E+11,9,8,2023,17:53,1,12,12103,1,1,1,5,D920,44,
2.023E+11,17,11,2023,18:10,3,75,75111,2,1,8,3,RUE JEAN PIERRE TIMBAUD,48,
2.023E+11,30,5,2023,19:00,1,94,94071,2,3,1,3,Rue du Général Leclerc,48,
2.023E+11,9,8,2023,13:35,1,46,46215,1,1,7,3,D820,44,
2.023E+11,29,5,2023,22:40,5,93,93072,2,7,1,6,Avenue Paul Vaillant Couturier / Place Marcel Pointet,48,
2.023E+11,17,11,2023,15:38,1,75,75110,2,7,1,3,PLACE DE LA BATAILLE DE STALINGRAD,48,
2.023E+11,9,8,2023,12:20,1,46,46334,1,1,1,2,Route du Lac,44,
2.023E+11,30,5,2023,17:40,1,93,93031,2,1,1,1,Avenue de Lattre de Tassigny,48,
2.023E+11,17,11,2023,18:50,5,75,75108,2,5,1,6,RUE D AMSTERDAM,48,
2.023E+11,19,7,2023,15:45,1,46,46257,1,3,1,1,D704,44,
2.023E+11,30,5,2023,09:15,1,93,93053,2,2,1,2,Rue Jean Jaurès / Rue de Brément,48,
2.023E+11,9,8,2023,00:45,3,22,22152,1,1,1,6,Kerprigent,48,
2.023E+11,17,11,2023,11:30,1,75,75117,2,4,8,2,AVENUE DE LA GRANDE ARMEE,48,
2.023E+11,30,5,2023,11:35,1,93,93051,2,1,1,6,Rue de la Haute Maison,48,
2.023E+11,17,11,2023,17:50,2,75,75114,2,1,1,2,AVENUE DU GENERAL LECLERC,48,
2.023E+11,7,8,2023,11:50,1,35,35010,1,2,1,3,Lieu Dit Languenan,48,
2.023E+11,30,5,2023,12:20,1,93,93027,2,2,1,3,Boulevard Pasteur / Rue Jollois,48,
2.023E+11,17,11,2023,12:55,1,75,75107,2,2,3,7,QUAI BRANLY,48,
2.023E+11,9,8,2023,14:15,1,15,15028,1,1,1,3,RD 990,44,
2.023E+11,30,5,2023,08:00,1,92,92073,2,9,1,2,SELLIER (BOULEVARD HENRI),48,
2.023E+11,17,11,2023,18:25,5,75,75104,2,5,1,6,QUAI DES CELESTINS,48,
2.023E+11,9,8,2023,03:55,5,1,1303,2,3,1,3,avenue de la 1ère armée française rhin-danube,46,
2.023E+11,29,5,2023,18:41,1,92,92072,2,5,1,3,MANUFACTURE NATIONALE (PLACE DE LA),48,
2.023E+11,17,11,2023,13:40,1,75,75104,2,3,1,2,QUAI DES CELESTINS,48,
2.023E+11,29,5,2023,14:15,1,92,92022,2,1,1,6,GENERAL DE GAULLE (COURS),48,
2.023E+11,17,11,2023,09:40,1,75,75102,2,1,1,3,RUE DAUNOU,48,
2.023E+11,8,8,2023,18:55,1,1,1246,2,1,1,5,524 Route de l'Effondras,46,
2.023E+11,9,8,2023,16:30,1,66,66095,1,1,1,1,N20,42,
2.023E+11,30,5,2023,10:00,1,92,92040,2,7,1,5,RESISTANCE (PLACE DE LA),48,
2.023E+11,17,11,2023,08:20,1,75,75104,2,3,8,3,RUE DE BROSSE,48,
2.023E+11,26,5,2023,20:15,1,92,92036,2,2,1,1,HENRI BARBUSSE (RUE) (1/35),48,
2.023E+11,9,8,2023,14:28,1,50,50410,1,1,1,1,route nationale 176,48,
2.023E+11,17,11,2023,14:40,1,94,94058,2,3,1,2,Avenue du 11 Novembre,48,
2.023E+11,29,7,2023,20:00,1,9,9120,1,1,8,6,3 pont de massot,43,
2.023E+11,30,5,2023,19:08,1,92,92035,2,1,1,1,Général de Gaulle  ( avenue du ),48,
2.023E+11,8,8,2023,20:15,1,7,7201,1,1,1,2,Route départemantale 579,44,
2.023E+11,17,11,2023,10:20,1,94,94076,2,9,2,3,135 Avenue de Paris,48,
2.023E+11,30,5,2023,18:00,1,92,92026,2,1,1,6,MISSION MARCHAND (COTE PAIR),48,
2.023E+11,28,7,2023,11:40,1,40,40273,2,1,1,3,Route des Barthes,43,
2.023E+11,28,7,2023,16:00,1,37,37132,2,6,3,7,route département 943,47,
2.023E+11,16,11,2023,13:20,1,94,94076,2,2,3,6,Avenue Paul Vaillant-couturier,48,
2.023E+11,27,5,2023,20:45,1,92,92025,2,2,1,3,CHARLES DE GAULLE (BD),48,
2.023E+11,17,11,2023,21:20,5,94,94037,2,1,2,6,71 Avenue Paul Vaillant-couturier,48,
2.023E+11,8,8,2023,17:45,1,30,30061,1,3,1,3,N/A,43,
2.023E+11,8,8,2023,16:00,1,48,48146,1,1,1,6,D986,44,
2.023E+11,29,5,2023,00:15,5,92,92024,2,2,1,2,NATIONS UNIES (PLACE DES),48,
2.023E+11,8,8,2023,18:20,1,48,48027,1,1,1,7,N/A,44,
2.023E+11,16,11,2023,23:15,5,94,94041,2,2,2,3,Rue Baudin,48,
2.023E+11,9,8,2023,19:10,1,53,53262,1,1,1,7,A81 PK 226+900,48,
2.023E+11,30,5,2023,08:15,1,92,92012,2,1,1,2,POINT DU JOUR (QUAI DU),48,
2.023E+11,16,11,2023,06:40,5,94,94081,2,3,3,1,Avenue de la République,48,
2.023E+11,6,8,2023,16:04,1,89,89341,1,1,1,2,autoroute A6 pk 180.850 sens LYON-PARIS,47,
2.023E+11,18,5,2023,21:00,1,92,92004,2,1,1,3,VOLTAIRE ( BD ),48,
2.023E+11,17,11,2023,10:25,1,94,94073,1,9,2,3,Avenue du Luxembourg,48,
2.023E+11,17,11,2023,14:25,1,94,94028,2,9,1,3,Avenue du Général de Gaulle,48,
2.023E+11,8,8,2023,17:27,1,13,13001,1,1,1,2,A8 PK 021.700,,
2.023E+11,30,5,2023,13:15,1,92,92002,2,3,1,6,ARMAND GUILLEBAUD (AVENUE),48,
2.023E+11,9,8,2023,14:34,1,45,45053,1,1,1,2,D2007 PR 64 + 115,47,
2.023E+11,17,11,2023,18:40,5,94,94068,2,1,2,3,Rue Albert de Mun,48,
2.023E+11,31,5,2023,14:45,1,60,60406,2,3,1,3,Rue de Pont Sainte Maxence,49,
2.023E+11,9,8,2023,10:50,1,11,11262,1,9,1,2,A9 - PK 188.100 - Sens France / Espagne,43,
2.023E+11,15,11,2023,20:18,5,94,94055,2,3,1,1,Avenue Olivier d'Ormesson,48,
2.023E+11,8,8,2023,16:20,1,971,97110,1,1,1,5,D207 LE DÉSERT,16,
2.023E+11,31,5,2023,09:40,1,12,12140,1,2,1,3,D76,44,
2.023E+11,17,11,2023,09:20,1,93,93070,2,2,1,3,Rue Raspail / Rue Garibaldi,48,
2.023E+11,8,8,2023,21:50,5,77,77354,1,9,1,3,D227,48,
2.023E+11,31,5,2023,07:25,1,84,84088,1,1,1,1,Route d'Althen,43,
2.023E+11,17,11,2023,14:40,1,93,93062,2,2,1,5,Boulevard de l'Est / Allée de l'Eglise,48,
2.023E+11,8,8,2023,18:40,1,95,95351,1,6,1,2,D317,49,
2.023E+11,30,5,2023,18:35,1,95,95452,2,1,1,3,D78,49,
2.023E+11,7,8,2023,06:20,1,2B,2B168,2,9,1,2,RT 30,42,
2.023E+11,17,11,2023,09:25,1,93,93051,2,2,2,1,Boulevard Paul Pambrun / Avenue Dehais,48,
2.023E+11,29,5,2023,11:50,1,51,51204,2,2,1,7,Chemin des Ardillieres,49,
2.023E+11,7,8,2023,12:00,1,83,83042,1,9,1,3,D98a,43,
2.023E+11,17,11,2023,14:25,1,93,93050,2,1,1,6,Avenue Jean Jaures,48,
2.023E+11,31,5,2023,08:40,1,56,56165,1,1,1,2,N/A,47,
2.023E+11,8,8,2023,17:40,1,83,83068,2,1,1,1,Route du Littoral,43,
2.023E+11,17,11,2023,03:30,5,93,93050,2,1,2,6,Avenue Jean Jaures,48,
2.023E+11,16,11,2023,06:35,5,93,93045,2,2,3,1,Rue de Paris / Rue Léon Renault,48,
2.023E+11,8,8,2023,16:15,1,73,73034,1,1,1,1,D925,45,
2.023E+11,17,11,2023,18:43,5,93,93031,2,9,1,6,Rue de Strasbourg,48,
2.023E+11,30,5,2023,17:20,1,77,77066,1,3,1,2,N4 intersection D15,48,
2.023E+11,17,11,2023,14:30,1,93,93046,1,1,8,1,Route Strategique,48,
2.023E+11,31,5,2023,07:45,1,76,76100,1,2,1,1,Route de la Vieux-rue,49,
2.023E+11,9,8,2023,08:50,1,65,65335,1,3,1,7,RD 87,43,
2.023E+11,8,8,2023,20:00,1,19,19098,1,1,1,6,D1120,45,
2.023E+11,16,11,2023,15:10,1,93,93057,2,2,3,6,Avenue Jean Jaurès / Avenue Franklin,48,
2.023E+11,31,5,2023,12:32,1,79,79031,1,1,1,1,,46,
2.023E+11,8,8,2023,17:18,1,40,40244,1,1,1,6,D113,43,
2.023E+11,17,11,2023,13:25,1,93,93008,2,9,1,1,Rue Pierre Sémard,48,
2.023E+11,24,5,2023,12:35,1,2B,2B123,1,1,1,2,Route d?Alzitone,42,
2.023E+11,9,8,2023,12:15,1,33,33554,2,1,1,3,Route de Sainte-eulalie,44,
2.023E+11,17,11,2023,13:00,1,93,93007,2,9,1,3,Avenue Pasteur,48,
2.023E+11,30,5,2023,16:50,1,80,80288,1,9,7,1,RD 1029,49,
2.023E+11,8,8,2023,16:10,1,56,56176,1,1,1,6,Rue de Lissaden,47,
2.023E+11,17,11,2023,17:05,2,93,93005,2,1,2,3,Allée des Roseaux,48,
2.023E+11,30,5,2023,17:30,1,32,32227,1,1,1,3,le hountagna,43,
2.023E+11,8,8,2023,11:40,1,35,35326,2,1,1,6,Avenue Philippe de Volvire,48,
2.023E+11,17,11,2023,08:10,1,92,92063,2,6,1,1,FOUILLEUSE (AVENUE DE),48,
2.023E+11,31,5,2023,13:00,1,63,63178,2,1,1,2,rue Pierre MENDES FRANCE,45,
2.023E+11,8,8,2023,23:25,3,60,60079,1,1,1,5,N2,49,
2.023E+11,17,11,2023,07:49,1,92,92063,2,3,8,6,PERI (AVENUE GABRIEL),48,
2.023E+11,30,5,2023,10:50,1,61,61500,1,1,1,6,RD 918,48,
2.023E+11,11,7,2023,23:35,3,59,59323,2,1,1,7,D934,50,
2.023E+11,17,11,2023,20:35,5,92,92050,2,9,1,3,FRANCE ANATOLE RUE,48,
2.023E+11,31,5,2023,08:15,1,49,49140,1,2,1,3,D145,47,
2.023E+11,17,11,2023,08:55,1,92,92020,2,1,1,6,REPUBLIQUE AV. N°27 A 105 ET 26 A 178,48,