Num_Acc,jour,mois,an,hrmn,lum,dep,com,agg,int,atm,col,adr,lat,long
2.023E+11,7,8,2023,10:35,1,33,33122,1,1,1,4,AUTOROUTE A 63,44,
2.023E+11,31,5,2023,15:20,1,49,49215,1,2,1,1,D347,47,
2.023E+11,8,8,2023,00:31,3,91,91661,1,1,1,2,AUTOROUTE A10,48,
2.023E+11,11,11,2023,18:15,5,92,92035,2,2,1,3,Verdun 1916 ( avenue de ),48,
2.023E+11,30,5,2023,12:40,1,29,29189,1,3,1,3,route de Porz Keralliou,48,
2.023E+11,7,8,2023,22:37,3,77,77251,1,1,1,3,AUTOROUTE A5A,48,
2.023E+11,17,11,2023,11:20,1,92,92025,2,2,2,3,ESTIENNE D'ORVES (RUE),48,
2.023E+11,28,5,2023,23:15,3,86,86032,1,1,1,3,Augeron,46,
2.023E+11,8,8,2023,19:50,1,93,93064,1,1,1,5,AUTOROUTE A3,48,
2.023E+11,17,11,2023,13:30,1,92,92004,2,1,1,3,VOLTAIRE ( BD 16 A FIN ),48,
2.023E+11,8,8,2023,18:10,1,95,95582,1,1,1,6,A15,48,
2.023E+11,17,11,2023,18:21,5,92,92002,2,1,8,1,LEONARD DE VINCI (RUE),48,
2.023E+11,30,5,2023,10:50,1,29,29015,1,1,1,1,D13,48,
2.023E+11,2,8,2023,19:30,1,33,33362,1,1,1,3,Rue des platières,45,
2.023E+11,5,8,2023,12:15,1,6,6069,2,1,1,6,MISTRAL (AVENUE ET PLACE FREDERIC),43,
2.023E+11,17,11,2023,23:10,3,41,41266,1,1,1,6,taille ronde,47,
2.023E+11,27,5,2023,18:35,1,31,31123,2,1,2,1,D618,42,
2.023E+11,4,8,2023,11:24,1,27,27229,2,1,1,6,CHARTRAINE (RUE),49,
2.023E+11,30,5,2023,13:45,1,3,3278,1,1,7,1,25 Route des Rifs,46,
2.023E+11,3,8,2023,11:00,1,7,7019,2,1,1,6,LESIN LACOSTE (RUE),44,
2.023E+11,30,5,2023,07:30,1,3,3254,1,3,1,3,D130,46,
2.023E+11,2,8,2023,16:50,1,95,95218,2,1,1,6,ALBERT CAMUS (AVENUE),49,
2.023E+11,18,11,2023,15:15,1,86,86114,1,2,8,2,Route de Lavoux,46,
2.023E+11,29,5,2023,15:34,1,3,3156,1,1,1,1,Lusigny,46,
2.023E+11,27,5,2023,07:55,1,987,98715,1,9,1,3,Quartier BARFF à St Hilaire,-17,
2.023E+11,17,11,2023,10:30,1,22,22034,1,1,2,3,D767 PR 42+500,48,
2.023E+11,7,8,2023,15:00,1,974,97416,2,3,1,6,AUGUSTIN ARCHAMBAUD(RUE),-21,
2.023E+11,31,5,2023,08:20,1,1,1163,1,2,1,1,Route de Beaupont,46,
2.023E+11,17,11,2023,20:40,3,38,38030,1,1,1,1,D519,45,
2.023E+11,7,8,2023,12:20,1,974,97409,2,1,1,6,DE LA REPUBLIQUE(AVENUE),-20,
2.023E+11,18,11,2023,07:00,1,26,26010,1,6,1,6,D1,45,
2.023E+11,6,8,2023,06:00,1,972,97213,1,1,2,3,AUTOROUTE A1,14,
2.023E+11,31,5,2023,16:50,1,1,1335,2,2,1,5,ROUTE DE LA BRESSE,46,
2.023E+11,18,11,2023,11:55,1,21,21339,1,1,1,1,Route d'Ancey,47,
2.023E+11,7,8,2023,14:00,1,972,97209,2,4,8,2,RD 41 (ROCADE),14,
2.023E+11,29,5,2023,03:00,5,1,1001,2,3,1,7,291 Route de la Fontaine,46,
2.023E+11,18,11,2023,06:05,3,44,44131,1,1,2,1,Route de la Plaine,47,
2.023E+11,6,8,2023,11:23,1,971,97101,1,9,1,6,HIBISCUS,16,
2.023E+11,31,5,2023,05:44,1,58,58215,1,1,1,7,Départementale 243,47,
2.023E+11,12,10,2023,19:15,5,2B,2B251,1,1,1,3,RT10,42,
2.023E+11,31,5,2023,13:40,1,58,58177,1,1,1,7,D 144,47,
2.023E+11,6,8,2023,23:24,5,95,95019,2,3,1,6,COTTAGE (AVENUE DU),48,
2.023E+11,29,5,2023,09:45,1,58,58277,1,1,1,3,449 Route de Moulins-Engilbert,47,
2.023E+11,17,11,2023,21:30,5,2B,2B166,1,9,1,3,Intersection T10 et D110,42,
2.023E+11,30,5,2023,21:30,2,58,58121,1,1,1,7,Rue France Bloch,47,
2.023E+11,18,11,2023,11:50,1,82,82089,1,2,1,3,D813,44,
2.023E+11,30,5,2023,09:45,1,66,66071,1,1,7,6,D611,42,
2.023E+11,17,11,2023,17:57,2,82,82047,1,1,1,6,D18,43,
2.023E+11,30,5,2023,15:04,1,5,5011,1,1,1,7,D942,44,
2.023E+11,5,8,2023,22:50,5,87,87085,2,2,1,3,LECLERC (AVENUE DU GENERAL),45,
2.023E+11,18,11,2023,18:00,3,55,55492,1,1,3,1,Chemin des Fontenelles,49,
2.023E+11,28,5,2023,17:40,1,50,50166,1,1,1,1,Route de la Chapelle du Mont,49,
2.023E+11,6,8,2023,21:00,1,85,85194,2,6,1,6,RD 949,46,
2.023E+11,17,11,2023,12:50,1,55,55046,1,1,2,3,D904,48,
2.023E+11,3,8,2023,12:00,1,83,83123,2,1,1,1,LANGE (CHEMIN),43,
2.023E+11,30,5,2023,13:43,1,18,18126,2,3,1,6,Avenue Nationale,46,
2.023E+11,17,11,2023,05:26,4,49,49214,2,1,1,1,43 Avenue Esperanto,47,
2.023E+11,4,8,2023,17:35,1,80,80021,2,3,1,3,JULES FERRY (CHAUSSEE),49,
2.023E+11,6,8,2023,19:05,1,80,80489,1,1,1,3,RN 25,49,
2.023E+11,30,5,2023,11:40,1,53,53104,2,1,1,5,Rue de la Division Leclerc,47,
2.023E+11,17,11,2023,21:20,3,34,34028,1,1,1,6,D 35,43,
2.023E+11,30,5,2023,23:50,3,24,24146,1,1,1,6,N21,45,
2.023E+11,7,8,2023,13:30,1,77,77450,1,9,1,3,N 19,48,
2.023E+11,17,11,2023,10:40,1,44,44150,2,1,1,6,2 Place de l'Eglise,47,
2.023E+11,31,5,2023,14:45,1,4,4162,1,1,2,6,lieu dit les eyries,43,
2.023E+11,4,8,2023,14:45,1,76,76351,2,1,1,3,VERDUN (RUE DE),49,
2.023E+11,30,5,2023,08:00,1,85,85154,1,1,1,1,la sauvagère,46,
2.023E+11,11,11,2023,10:30,1,29,29214,2,1,1,7,Prat Kergoe,47,
2.023E+11,5,8,2023,14:24,1,71,71059,2,1,8,6,COUCHES (ROUTE DE),46,
2.023E+11,30,5,2023,16:10,1,85,85014,1,1,1,1,12 la grange nicolas,46,
2.023E+11,7,8,2023,17:40,1,69,69266,2,1,1,6,4 Rue Pélisson,45,
2.023E+11,13,11,2023,18:00,3,2,2250,1,2,2,2,N/A,49,
2.023E+11,28,5,2023,23:20,3,17,17344,1,1,1,6,Chez Chevroux,45,
2.023E+11,7,8,2023,19:30,1,69,69029,2,2,1,3,Avenue Franklin Roosevelt,45,
2.023E+11,17,11,2023,18:00,5,2,2173,2,2,2,3,5 Boulevard de l'Europe,49,
2.023E+11,31,5,2023,16:40,1,8,8498,2,1,7,3,D3,49,
2.023E+11,18,11,2023,07:55,1,70,70232,1,1,8,7,Aux Ruots,47,
2.023E+11,4,8,2023,13:59,1,66,66136,2,3,1,3,N/A,42,
2.023E+11,30,5,2023,17:40,1,973,97307,2,2,1,3,RN 2,4,
2.023E+11,7,8,2023,19:00,1,64,64260,2,1,1,3,BEHOBIE (RUE DE),43,
2.023E+11,17,11,2023,16:55,2,66,66167,2,1,1,6,N/A,42,
2.023E+11,7,8,2023,12:24,1,64,64483,2,1,1,1,RD810,43,
2.023E+11,30,5,2023,18:00,1,24,24585,1,2,1,3,D57,44,
2.023E+11,31,5,2023,07:45,1,76,76684,1,6,1,3,D910,49,
2.023E+11,18,11,2023,13:05,1,50,50589,1,2,2,3,N175,48,
2.023E+11,7,8,2023,16:15,1,64,64335,2,3,1,3,SOUVENIR FRANCAIS DU,43,
2.023E+11,3,5,2023,19:45,2,67,67389,1,9,1,2,M63,48,
2.023E+11,7,8,2023,17:35,1,64,64122,2,1,1,3,GENERAL DE GAULLE (BD DU),43,
2.023E+11,17,11,2023,18:15,5,64,64386,2,2,1,3,Route de Pau,43,
2.023E+11,31,5,2023,03:15,3,63,63300,1,1,1,6,A71,45,
2.023E+11,7,8,2023,21:27,5,63,63113,2,3,1,2,DESAIX (BD)/Nestor Perret,45,
2.023E+11,31,5,2023,07:40,1,13,13051,1,1,1,2,D10,43,
2.023E+11,17,11,2023,07:10,2,73,73105,1,1,1,1,D1006,45,
2.023E+11,7,8,2023,22:25,5,59,59009,2,2,1,6,VAN GOGH BOULEVARD,50,
2.023E+11,30,5,2023,10:15,1,78,78466,1,3,1,6,Route de Quarante Sous (Pont),48,
2.023E+11,17,11,2023,17:55,3,18,18141,2,1,2,1,23 Rue du Richefort,47,
2.023E+11,7,8,2023,14:20,1,59,59350,2,3,1,3,MARQUILLIES RUE,50,
2.023E+11,30,5,2023,18:05,1,38,38384,1,1,1,1,Route de Chartreuse,45,
2.023E+11,18,11,2023,13:25,1,18,18229,1,1,1,7,N/A,47,
2.023E+11,6,8,2023,10:20,1,54,54304,2,1,2,6,LIBERATION (RUE DE LA),48,
2.023E+11,2,8,2023,18:05,1,40,40192,2,1,1,2,HOUGA (AV DU),43,
2.023E+11,29,5,2023,22:30,3,11,11262,1,1,1,2,,43,
2.023E+11,18,11,2023,12:25,1,21,21420,2,1,1,1,D14,47,
2.023E+11,7,8,2023,20:00,1,37,37261,2,1,1,2,BERT (QUAI PAUL),47,
2.023E+11,31,5,2023,05:30,2,971,97116,2,6,1,6,rond point d'espérance,16,
2.023E+11,7,8,2023,07:42,1,37,37261,2,9,1,3,COURTELINE (RUE GEORGES),47,
2.023E+11,14,11,2023,14:45,1,40,40286,1,3,1,2,Route d'Arzacq,43,
2.023E+11,29,5,2023,20:18,1,13,13040,1,2,1,1,D96 angle D56E,43,
2.023E+11,18,11,2023,11:30,1,85,85160,1,1,2,1,RD 85,,
2.023E+11,31,5,2023,14:20,1,77,77453,1,1,1,6,RD 408,48,
2.023E+11,6,8,2023,01:12,3,14,14333,1,2,1,6,Chemin du Vallon,49,
2.023E+11,31,5,2023,06:55,1,78,78531,1,1,1,2,autoroute a13 pk 54+300,49,
2.023E+11,17,11,2023,15:00,1,28,28028,1,2,1,3,D110,48,
2.023E+11,7,8,2023,13:45,1,13,13206,2,2,1,3,ROME (RUE DE),43,
2.023E+11,30,5,2023,01:00,3,34,34296,1,1,3,6,D610,43,
2.023E+11,7,8,2023,18:30,1,6,6069,2,1,1,1,BELLEVUE (BOULEVARD),43,
2.023E+11,17,11,2023,11:30,1,37,37273,1,4,1,2,D142,47,
2.023E+11,26,5,2023,18:30,1,84,84054,1,1,1,1,2444 Route de Carpentras,43,
2.023E+11,18,11,2023,11:15,1,30,30075,1,1,1,1,D999,43,
2.023E+11,5,8,2023,16:25,1,6,6004,2,2,1,3,CHATAIGNIERS AV.DU,43,
2.023E+11,30,5,2023,23:05,3,84,84081,2,1,3,6,49 Avenue Pierre de Coubertin,43,
2.023E+11,16,11,2023,22:30,3,88,88328,1,1,2,7,Route de Rambervillers,48,
2.023E+11,6,8,2023,17:00,1,75,75118,2,4,1,2,PORTE DE LA CHAPELLE,48,
2.023E+11,24,5,2023,18:50,1,13,13015,2,3,1,1,Avenue Thiers,43,
2.023E+11,7,8,2023,08:48,1,75,75120,2,2,1,3,RUE ALEXANDRE DUMAS,48,
2.023E+11,30,5,2023,07:40,1,71,71372,2,3,1,3,911 Route Nationale 6,46,
2.023E+11,31,5,2023,07:15,1,67,67001,2,1,1,6,Route de Strasbourg,48,
2.023E+11,7,8,2023,14:15,1,75,75119,2,1,1,3,BOULEVARD SERURIER,48,
2.023E+11,18,11,2023,05:25,3,40,40306,1,1,1,6,A64  PK 38 sens Toulouse / Bayonne,43,
2.023E+11,29,5,2023,10:54,1,57,57123,2,1,7,6,202 Rue Principale,49,
2.023E+11,7,8,2023,19:55,1,75,75117,2,3,1,3,RUE JULES BOURDAIS,48,
2.023E+11,18,11,2023,15:30,1,988,98817,2,1,1,6,1213 Avenue des deux baies - PONT DES FRANCAIS,-22,
2.023E+11,31,5,2023,08:20,1,3,3316,2,2,1,3,Route de Paris,46,
2.023E+11,7,8,2023,06:40,2,75,75115,2,2,1,3,RUE DE LA CONVENTION,48,
2.023E+11,7,11,2023,07:15,1,971,97128,1,4,1,3,Maudette,16,
2.023E+11,6,8,2023,16:50,1,75,75114,2,3,1,3,RUE MORERE,48,
2.023E+11,30,5,2023,20:20,1,63,63099,1,2,1,2,"M402/chemin ""sous le bois""",45,
2.023E+11,11,11,2023,18:20,3,77,77477,1,9,2,3,D152,48,
2.023E+11,27,5,2023,11:45,1,26,26023,1,1,1,7,Col du Tourniol,44,
2.023E+11,7,8,2023,19:47,1,75,75112,2,3,1,3,BOULEVARD SOULT,48,
2.023E+11,17,11,2023,15:00,1,91,91226,1,1,1,4,RN20,48,
2.023E+11,6,8,2023,21:00,2,75,75112,2,2,1,3,BOULEVARD PONIATOWSKI,48,
2.023E+11,31,5,2023,18:00,1,7,7097,2,1,1,5,D222,45,
2.023E+11,31,5,2023,15:45,1,69,69094,2,1,1,6,53 Route du Col de la Luère,45,
2.023E+11,18,11,2023,13:35,1,66,66014,1,1,1,7,N/A,42,
2.023E+11,7,8,2023,18:45,1,75,75107,2,3,1,1,BOULEVARD RASPAIL,48,
2.023E+11,30,5,2023,15:40,1,81,81219,1,1,1,1,N126,43,
2.023E+11,6,8,2023,21:20,5,75,75101,2,2,1,3,RUE DES PETITS CHAMPS,48,
2.023E+11,17,11,2023,17:00,2,21,21390,2,3,1,6,Rue Claus Sluter,47,
2.023E+11,31,5,2023,05:15,2,85,85302,1,1,1,2,RD72,46,
2.023E+11,31,5,2023,03:45,3,72,72154,1,1,1,6,647 voie de la liberté,47,
2.023E+11,31,5,2023,07:20,1,61,61182,1,1,1,6,N12 PR78 + 500,48,
2.023E+11,18,11,2023,16:00,1,63,63284,2,6,1,3,D1093,45,
2.023E+11,4,8,2023,10:42,1,94,94033,2,2,1,3,Avenue du Président Roosevelt,48,
2.023E+11,6,8,2023,16:50,1,93,93066,2,1,8,2,Avenue du Président Wilson,48,
2.023E+11,15,11,2023,08:10,1,69,69045,1,2,1,3,Route des Saint-Étienne,46,
2.023E+11,30,5,2023,16:50,1,35,35240,2,1,7,2,Rue Nationale,48,
2.023E+11,7,8,2023,17:25,1,93,93077,2,4,1,6,Rue Aristide Briand / Rue de Villemonble,48,
2.023E+11,18,11,2023,00:30,3,79,79189,1,1,2,1,N/A,46,
2.023E+11,30,5,2023,17:00,1,27,27242,2,1,1,1,Rue des Buissonnets,48,
2.023E+11,6,8,2023,13:40,1,93,93029,2,1,1,6,Rue Roger Salengro,48,
2.023E+11,18,11,2023,01:10,3,33,33049,1,1,1,6,Lieu Dit Lamirand,44,
2.023E+11,30,5,2023,13:20,1,62,62746,2,1,1,1,35 Rue Haffreingue,50,
2.023E+11,17,11,2023,02:15,4,29,29046,2,6,2,7,Avenue Pablo Neruda,48,
2.023E+11,7,8,2023,09:30,1,93,93027,2,3,1,3,Rue Raspail / Passage Sainte Foix,48,
2.023E+11,31,5,2023,09:15,1,59,59481,2,1,1,6,2 Route de Bavay,50,
2.023E+11,17,11,2023,07:56,2,22,22050,2,1,8,6,56 Rue de Brest,48,
2.023E+11,7,8,2023,22:15,5,93,93005,2,2,1,3,Rue Jules Princet / Rue du Colonel Moll,48,
2.023E+11,30,5,2023,15:20,1,83,83123,1,1,1,3,A50,43,
2.023E+11,15,11,2023,18:35,5,22,22093,2,1,1,1,Place du Martray,48,
2.023E+11,7,8,2023,08:40,1,92,92063,2,3,1,6,HUGO (AVENUE VICTOR),48,
2.023E+11,30,5,2023,09:25,1,33,33281,1,1,1,6,ROCADE A 630,44,
2.023E+11,7,8,2023,19:30,1,92,92050,2,3,1,3,FOCH MARECHAL PLACE DU,48,
2.023E+11,30,5,2023,18:08,1,94,94003,1,1,1,5,A6B,48,
2.023E+11,17,11,2023,15:12,1,33,33162,1,1,8,2,ROCADE A 630,44,
2.023E+11,7,8,2023,12:50,1,92,92004,2,1,1,2,PONT DE CLICHY,48,
2.023E+11,30,5,2023,10:50,1,94,94003,1,1,1,2,A6B,48,
2.023E+11,17,11,2023,07:15,5,33,33550,1,1,2,2,AUTOROUTE A 62,44,
2.023E+11,3,1,2023,23:45,5,92,92004,2,3,1,3,ARGENTEUIL AV D',48,
2.023E+11,30,5,2023,10:36,1,91,91174,1,1,7,2,RN 104,48,
2.023E+11,30,5,2023,09:15,1,91,91161,1,1,1,7,AUTOROUTE A6,48,
2.023E+11,5,8,2023,20:24,1,92,92004,2,1,2,6,REDOUTE ( AVENUE DE LA  ),48,
2.023E+11,16,11,2023,09:08,1,33,33063,1,1,2,4,ROCADE A 630,44,
2.023E+11,17,11,2023,16:27,1,91,91553,1,1,1,7,RN 104,48,
2.023E+11,29,5,2023,16:00,1,92,92064,1,1,1,4,A13,48,
2.023E+11,8,8,2023,12:50,1,63,63302,1,1,1,1,D979,45,
2.023E+11,17,11,2023,09:25,1,94,94021,1,1,2,2,A6B,48,
2.023E+11,29,5,2023,10:40,1,78,78291,1,1,1,3,A13,48,
2.023E+11,8,8,2023,08:45,1,71,71576,1,1,1,2,Autoroute A6,,
2.023E+11,29,5,2023,17:30,1,92,92036,1,1,1,4,AUTOROUTE A15,48,
2.023E+11,17,11,2023,10:15,1,94,94034,1,1,2,4,A6B,48,
2.023E+11,6,8,2023,20:10,1,57,57111,1,1,1,2,A4 - Sens PARIS/METZ - PK 309.000,49,
2.023E+11,29,5,2023,08:45,1,93,93064,1,1,1,2,AUTOROUTE A103,48,
2.023E+11,17,11,2023,18:00,3,78,78402,1,1,1,5,A13,48,
2.023E+11,30,5,2023,15:45,1,94,94028,1,1,1,4,A86,48,
2.023E+11,5,8,2023,13:20,1,35,35121,1,1,8,2,A84,48,
2.023E+11,5,8,2023,17:50,1,29,29302,1,1,1,6,RN165,48,
2.023E+11,30,5,2023,08:35,1,77,77249,1,1,1,3,RN104,48,
2.023E+11,17,11,2023,18:00,3,78,78238,1,1,1,3,A13,48,
2.023E+11,8,8,2023,07:30,2,6,6118,1,6,1,3,Route de Grasse,,
2.023E+11,29,5,2023,14:20,1,94,94017,1,1,1,2,A4,48,
2.023E+11,16,11,2023,08:29,1,78,78029,1,1,3,5,A13W,48,
2.023E+11,19,3,2023,13:50,1,43,43089,2,1,2,2,36 Avenue du Puy,45,
2.023E+11,6,8,2023,23:00,3,63,63352,1,1,1,4,a75,,
2.023E+11,17,11,2023,21:30,4,95,95277,1,1,1,3,A3,48,
2.023E+11,17,3,2023,14:00,1,43,43157,2,1,1,2,Avenue Baptiste Marcet,45,
2.023E+11,6,8,2023,07:40,1,22,22175,1,1,1,6,D52,48,
2.023E+11,27,2,2023,16:30,1,14,14191,2,1,1,4,Route de Caen,49,
2.023E+11,17,11,2023,11:20,1,93,93078,1,1,8,6,AUTOROUTE A104,48,
2.023E+11,7,8,2023,10:40,1,41,41149,2,2,7,6,Avenue Gambetta,47,
2.023E+11,29,5,2023,20:40,1,69,69387,2,2,1,3,Avenue Félix Faure,45,
2.023E+11,16,11,2023,23:45,4,93,93053,1,9,3,3,AUTOROUTE A3,48,
2.023E+11,25,5,2023,14:40,1,972,97213,1,1,1,6,AUTOROUTE A1,14,
2.023E+11,7,8,2023,13:00,1,56,56130,1,2,1,3,Kermorvant,47,
2.023E+11,16,11,2023,22:30,3,93,93064,1,1,2,2,AUTOROUTE A86,48,
2.023E+11,17,11,2023,17:35,2,77,77146,1,1,1,6,A4.Y,48,
2.023E+11,17,11,2023,07:30,4,94,94015,1,1,2,2,A4,48,
2.023E+11,29,5,2023,06:05,1,91,91421,1,1,1,7,NATIONALE 6 (PARTIE FORET),48,
2.023E+11,17,11,2023,03:30,4,77,77495,1,9,2,2,A105,48,
2.023E+11,29,5,2023,19:30,1,69,69275,2,3,1,6,61 Rue Sully,45,
2.023E+11,27,5,2023,19:20,1,38,38421,2,2,1,3,AVENUE AMBROISE CROIZAT,45,
2.023E+11,28,5,2023,19:40,1,67,67482,2,2,1,3,PRESIDENT WILSON (BOULEVARD),48,
2.023E+11,29,5,2023,08:40,1,64,64445,2,1,1,2,JEAN MERMOZ,43,
2.023E+11,13,3,2023,11:00,1,92,92007,2,1,2,2,MEUNIERS (RUE DES),48,
2.023E+11,10,7,2023,15:15,1,13,13210,2,9,1,3,CAPELETTE (AVENUE DE LA),43,
2.023E+11,29,5,2023,23:05,5,59,59350,2,3,1,3,FAUBOURG DE BETHUNE RUE,50,
2.023E+11,14,3,2023,15:50,1,41,41194,1,1,1,6,Rue des Grelets,47,
2.023E+11,15,6,2023,14:30,1,93,93077,2,1,1,6,Avenue du Général Galliéni,48,
2.023E+11,13,3,2023,22:09,3,69,69289,1,1,2,6,Chemin de la Madone,45,
2.023E+11,16,11,2023,12:10,1,976,97611,1,1,1,3,m'tsapere-M'tsapéré- M'tsangani ( rue ),-12,
2.023E+11,29,5,2023,19:07,1,35,35278,1,1,1,5,RD 137,48,
2.023E+11,12,3,2023,08:30,1,972,97222,2,9,1,1,D3,,
2.023E+11,15,11,2023,16:05,1,974,97416,1,3,1,1,RN3 (ANCIENNE ROUTE),-21,
2.023E+11,12,3,2023,20:59,5,11,11421,2,1,1,6,,43,
2.023E+11,29,5,2023,18:45,1,35,35238,2,1,1,6,KENNEDY (COURS JOHN-FITZGERALD),48,
2.023E+11,13,3,2023,09:30,1,83,83100,1,1,1,6,D97,43,
2.023E+11,16,11,2023,08:20,1,973,97302,2,1,1,3,MONTABO (ROUTE DE) 2,4,
2.023E+11,29,5,2023,19:45,1,34,34108,2,1,2,6,Avenue d’Ingril,43,
2.023E+11,3,3,2023,18:30,2,84,84062,1,2,1,3,D900,43,
2.023E+11,29,5,2023,23:30,5,33,33063,2,1,1,6,Rue Carle Vernet,44,
2.023E+11,14,11,2023,22:20,5,972,97209,1,1,2,7,RD 41 (ROCADE),14,
2.023E+11,14,3,2023,02:45,3,65,65265,1,1,1,6,Route de Tarbes,43,
2.023E+11,12,3,2023,23:30,3,63,63404,1,1,1,6,Autoroute A75- Sens Sud/Nord - Point kilométrique:24+400,45,
2.023E+11,16,11,2023,11:35,1,2B,2B037,1,6,1,2,D 82,42,
2.023E+11,29,5,2023,22:00,5,33,33529,2,3,1,3,POILUS (RUE DES),44,
2.023E+11,16,11,2023,13:34,1,971,97101,1,9,1,3,ALBERT LEOGANE - TERRASSON (RUE),16,
2.023E+11,10,3,2023,11:35,1,83,83140,1,1,6,3,dn7 pk 22+960,43,
2.023E+11,29,5,2023,13:52,1,25,25462,2,2,1,6,SAINT ETIENNE FAUBOURG,46,
2.023E+11,16,11,2023,08:57,1,971,97113,1,1,1,6,SECTION COCOYER,16,
2.023E+11,14,3,2023,09:40,1,56,56184,1,1,1,3,LEZADAN,47,
2.023E+11,15,11,2023,15:30,1,971,97101,2,1,1,1,ROUTE DE BOULIQUI,16,
2.023E+11,29,5,2023,12:40,1,13,13210,2,2,1,3,FLORIAN ( ROND POINT),43,
2.023E+11,13,3,2023,19:45,3,76,76093,1,1,3,1,D916,49,
2.023E+11,15,11,2023,08:20,1,971,97113,1,3,1,3,RN4 - SECTION RIVIERA,16,
2.023E+11,29,5,2023,20:05,1,10,10387,2,6,1,3,Boulevard Georges Pompidou,48,
2.023E+11,16,11,2023,11:20,1,95,95582,2,2,3,3,D909,48,
2.023E+11,29,5,2023,17:05,1,10,10343,2,6,1,3,Allée du Château des Cours,48,
2.023E+11,14,3,2023,06:36,2,80,80080,1,2,3,3,D1029,49,
2.023E+11,16,11,2023,17:15,5,95,95598,2,6,2,6,D109E,48,
2.023E+11,13,3,2023,05:20,3,81,81276,1,1,2,7,Route de Montauban,43,
2.023E+11,29,5,2023,22:18,5,6,6088,2,2,1,3,CIMIEZ (BD) A PARTIR DU 16-17,43,
2.023E+11,13,11,2023,07:30,3,95,95127,2,1,3,6,OISE (BOULEVARD DE L'),49,
2.023E+11,29,5,2023,03:29,5,6,6088,2,1,1,7,QUAI LUNEL,43,
2.023E+11,16,11,2023,16:50,1,91,91103,2,9,2,6,RUE DE LA PAIX,48,
2.023E+11,26,2,2023,03:30,3,32,32020,2,1,1,6,D555,43,
2.023E+11,12,3,2023,15:50,1,32,32305,1,1,1,6,Départementale 33,43,
2.023E+11,29,5,2023,18:05,1,75,75120,2,1,1,4,BD PERIPHERIQUE INTERIEUR,48,
2.023E+11,16,11,2023,18:50,5,91,91114,2,2,2,3,AV KRUGER,48,
2.023E+11,28,5,2023,22:35,5,75,75116,2,1,1,3,BD PERIPHERIQUE INTERIEUR,48,
2.023E+11,13,3,2023,07:45,1,71,71543,2,3,1,3,627 Avenue Henri et Suzanne Vitrier,46,
2.023E+11,16,11,2023,07:30,5,91,91687,2,9,3,3,GABRIEL PERI (AVENUE),48,
2.023E+11,28,5,2023,07:41,1,75,75119,2,1,1,2,BD PERIPHERIQUE EXTERIEUR,48,
2.023E+11,16,11,2023,07:40,4,91,91027,2,1,3,6,RUE EDOUARD VAILLANT,48,
2.023E+11,12,3,2023,15:00,1,63,63393,2,4,1,3,Avenue des Bruyères,45,
2.023E+11,16,11,2023,18:05,5,91,91223,2,6,2,6,RD 191,48,
2.023E+11,29,5,2023,12:00,1,75,75116,2,2,1,7,AVENUE PAUL DOUMER,48,
2.023E+11,14,3,2023,09:00,1,12,12198,1,1,3,6,D911,44,
2.023E+11,29,5,2023,08:15,1,75,75115,2,3,1,6,RUE THEODORE DECK,48,
2.023E+11,16,11,2023,01:22,5,87,87085,2,2,1,3,GARIBALDI (AVENUE),45,
2.023E+11,14,3,2023,12:45,1,47,47315,1,1,3,1,D911,44,
2.023E+11,29,5,2023,20:55,1,75,75113,2,1,1,6,BOULEVARD KELLERMANN,48,
2.023E+11,15,11,2023,18:06,1,87,87113,1,1,1,1,ANGUERNAUD,45,
2.023E+11,13,3,2023,09:00,1,47,47138,1,1,1,3,Paradis,44,
2.023E+11,29,5,2023,16:55,1,75,75112,2,1,1,3,AVENUE DAUMESNIL   SAINT MANDE,48,
2.023E+11,13,3,2023,09:15,1,39,39367,1,1,1,6,10 Rue de l'Europe,46,
2.023E+11,15,11,2023,16:30,1,85,85194,2,6,1,6,DINGLER (QUAI JULES),46,
2.023E+11,29,5,2023,11:50,1,75,75110,2,2,1,1,PLACE FRANZ LISZT,48,
2.023E+11,15,11,2023,17:45,1,84,84007,2,1,1,3,AMANDIER (Avenue de l'),43,
2.023E+11,13,3,2023,17:30,1,44,44091,1,2,1,3,Route de Vay,47,
2.023E+11,28,5,2023,22:00,2,75,75110,2,1,1,3,AVENUE CLAUDE VELLEFAUX,48,
2.023E+11,15,11,2023,08:05,1,84,84007,2,1,1,3,PONCET (Rue Paul),43,
2.023E+11,11,3,2023,12:54,1,29,29081,2,1,2,1,27 Rue du Docteur Jacq,48,
2.023E+11,28,5,2023,16:56,1,75,75108,2,2,1,3,PLACE DE LA CONCORDE,48,
2.023E+11,14,3,2023,18:50,2,29,29171,2,1,1,6,D785,47,
2.023E+11,15,11,2023,14:25,1,83,83137,2,3,9,3,BONFANTE,43,
2.023E+11,28,5,2023,19:50,1,94,94074,2,1,1,6,3 Rue du 11 Novembre 1918,48,
2.023E+11,28,5,2023,19:00,2,93,93055,2,3,1,6,Avenue Jean Lolive / Rue Auger,48,
2.023E+11,16,11,2023,12:05,1,81,81163,2,3,2,3,RICHARDE,43,
2.023E+11,14,3,2023,14:15,1,38,38517,2,1,2,3,381 Route de Saint-quentin,45,
2.023E+11,14,11,2023,13:40,1,80,80021,2,1,3,6,VANMARCKE (RUE),49,
2.023E+11,28,5,2023,23:05,5,93,93051,2,1,1,2,26 Avenue du Général de Gaulle,48,