Num_Acc,jour,mois,an,hrmn,lum,dep,com,agg,int,atm,col,adr,lat,long
2.023E+11,2,7,2023,23:10,5,73,73008,2,2,1,3,D991 INNOCENT SAINT ROUTE DE,45,
2.023E+11,2,7,2023,23:20,5,69,69275,2,1,1,1,57 Route de Vaulx,45,
2.023E+11,20,4,2023,17:25,1,69,69259,2,2,1,3,Rue Gambetta,45,
2.023E+11,2,7,2023,10:45,1,69,69286,2,1,2,3,Route de Strasbourg,45,
2.023E+11,2,7,2023,17:45,1,64,64122,2,1,1,6,EDOUARD VII (AVENUE),43,
2.023E+11,20,4,2023,08:50,1,69,69290,2,9,1,5,139 Route de Toussieu,45,
2.023E+11,1,7,2023,18:20,1,64,64122,2,6,8,7,"""KENNEDY (AVENUE DU PRESIDENT J",,
2.023E+11,2,7,2023,09:50,1,63,63070,2,1,8,2,ROYAT (ROUTE DE),45,
2.023E+11,20,4,2023,13:40,1,65,65286,2,1,1,6,10 Avenue du Marechal Foch,43,
2.023E+11,30,6,2023,15:38,1,62,62051,2,6,1,6,D 941,50,
2.023E+11,30,6,2023,22:57,5,51,51230,2,1,1,1,MENDES FRANCE (PLACE PIERRE),49,
2.023E+11,19,4,2023,13:50,1,64,64102,2,1,1,2,ALLEES MARINES (AVENUE DES),43,
2.023E+11,2,7,2023,11:05,1,38,38053,2,3,1,3,TIXIER (AVENUE),45,
2.023E+11,18,4,2023,22:10,2,63,63113,2,2,1,3,Lafayette / Sablon,45,
2.023E+11,2,7,2023,12:00,1,37,37261,2,2,1,3,MALRAUX (QUAI ANDRE),47,
2.023E+11,20,4,2023,22:15,5,61,61001,2,2,9,3,Rue du Château,48,
2.023E+11,1,7,2023,15:50,1,35,35278,1,1,1,2,PORTE DE MAUREPAS,48,
2.023E+11,20,4,2023,19:15,1,57,57480,2,3,8,3,SAINT ANDRE (RUE ),49,
2.023E+11,1,7,2023,08:35,1,35,35115,2,6,2,3,JAURES (BD JEAN),48,
2.023E+11,20,4,2023,17:30,1,56,56260,2,2,1,3,Boulevard du General Monsabert,47,
2.023E+11,1,7,2023,18:00,1,34,34003,2,1,1,6,BAGNAS (CAMP NATURISTE,43,
2.023E+11,20,4,2023,18:20,2,54,54382,2,1,1,1,JEAN-BAPTISTE BLONDEAU (RUE),49,
2.023E+11,2,7,2023,01:25,3,33,33249,2,6,2,1,Avenue du Président J.F. Kennedy,44,
2.023E+11,20,4,2023,19:20,1,49,49099,2,1,1,1,MONNET (RUE JEAN),47,
2.023E+11,2,7,2023,12:12,1,19,19275,2,1,1,6,Rue Pierre Semard,45,
2.023E+11,30,6,2023,16:00,1,15,15014,2,2,1,3,N 122,44,
2.023E+11,20,4,2023,23:47,3,47,47031,1,1,1,2,JEAN JAURES (Avenue)  ,44,
2.023E+11,2,7,2023,07:10,1,14,14118,2,1,1,6,29 Rue Basse,49,
2.023E+11,20,4,2023,02:25,4,45,45147,2,1,1,6,79 Rue Gustave Roland,47,
2.023E+11,30,6,2023,12:35,1,12,12145,2,1,1,3,DE GAULLE CHARLES (AVENUE),44,
2.023E+11,19,4,2023,17:30,1,39,39198,2,1,1,3,22 Boulevard des Frères Lumière,47,
2.023E+11,27,6,2023,11:20,1,12,12089,2,1,1,6,DECAZES (PLACE),44,
2.023E+11,16,4,2023,22:25,5,34,34032,2,2,1,3,STRASBOURG (BD DE),43,
2.023E+11,2,7,2023,09:30,1,6,6088,2,1,1,6,ARENE (AV. PAUL),43,
2.023E+11,19,4,2023,11:45,1,33,33318,2,2,1,3,Avenue du Général Leclerc,44,
2.023E+11,1,7,2023,04:25,5,75,75117,2,1,1,2,PORTE DE CHAMPERRET,48,
2.023E+11,19,4,2023,13:27,1,32,32013,2,9,1,2,SADI-CARNOT (BOULEVARD),43,
2.023E+11,2,7,2023,08:28,1,75,75105,2,3,1,1,QUAI DE MONTEBELLO,48,
2.023E+11,19,4,2023,07:25,1,32,32013,2,1,1,7,AMIRAL PEPHAU,43,
2.023E+11,20,4,2023,21:00,1,29,29232,2,6,1,6,Avenue des Oiseaux,47,
2.023E+11,2,7,2023,17:50,1,75,75119,2,3,1,2,RUE DELESSEUX,48,
2.023E+11,2,7,2023,12:30,1,75,75119,2,3,1,3,RUE DE BELLEVILLE,48,
2.023E+11,20,4,2023,08:35,1,29,29232,1,1,1,4,Pont de Poulguinan,47,
2.023E+11,20,4,2023,21:40,5,29,29039,2,1,1,6,Avenue du Cabellou,47,
2.023E+11,2,7,2023,03:50,5,75,75119,2,3,1,2,AVENUE DE FLANDRE,48,
2.023E+11,20,4,2023,15:10,1,29,29019,2,1,1,4,boulevard Léon Blum,48,
2.023E+11,1,7,2023,17:25,1,75,75117,2,5,1,3,AVENUE DE SAINT OUEN,48,
2.023E+11,20,4,2023,19:40,2,28,28134,2,9,1,3,KENNEDY (AVENUE DU PRESIDENT),48,
2.023E+11,2,7,2023,17:00,1,75,75116,2,5,1,2,BOULEVARD ANDRE MAUROIS,48,
2.023E+11,2,7,2023,07:40,1,75,75116,2,3,1,3,RUE JOSEPH ET MARIE HACKIN,48,
2.023E+11,20,4,2023,09:55,1,25,25056,2,2,1,6,CARNOT AVENUE,47,
2.023E+11,2,7,2023,00:30,4,75,75116,2,1,1,6,ALLEE DE LONGCHAMP,48,
2.023E+11,6,4,2023,19:15,1,22,22113,2,1,1,2,FRERES LAGADEC (RUE DES),48,
2.023E+11,27,6,2023,19:30,1,75,75114,2,3,1,7,AVENUE DU MAINE,48,
2.023E+11,8,4,2023,18:35,1,19,19031,2,1,1,2,MICHELET (BOULEVARD),45,
2.023E+11,2,7,2023,13:40,1,75,75114,2,4,1,3,AVENUE JEAN MOULIN,48,
2.023E+11,19,4,2023,17:45,1,17,17415,2,1,7,2,SAINTONGE A10 A ROCADE OUEST AVENUE DE,45,
2.023E+11,2,7,2023,16:45,1,75,75112,2,4,1,2,QUAI DE LA RAPEE,48,
2.023E+11,20,4,2023,23:30,3,16,16015,2,6,1,3,BORDEAUX (ROUTE DE N° IMPAIRS),45,
2.023E+11,2,7,2023,05:35,2,75,75112,2,3,1,3,BOULEVARD DE LA BASTILLE,48,
2.023E+11,2,7,2023,13:20,1,75,75109,2,3,1,6,RUE DE LA ROCHEFOUCAULD,48,
2.023E+11,19,4,2023,17:30,1,15,15014,2,2,1,3,LECLERC (AVENUE DU GENERAL),44,
2.023E+11,20,4,2023,15:01,1,13,13054,2,1,1,6,SAINT PIERRE (CHE ),43,
2.023E+11,2,7,2023,06:30,1,75,75109,2,3,1,2,PLACE DE CLICHY,48,
2.023E+11,20,4,2023,17:30,1,7,7186,2,1,2,6,VIVARAIS (BLD.DU),44,
2.023E+11,1,7,2023,22:30,5,75,75109,2,5,1,2,RUE PIERRE FONTAINE,48,
2.023E+11,1,7,2023,20:00,1,75,75108,2,1,1,6,RUE D AMSTERDAM,48,
2.023E+11,18,4,2023,18:00,1,6,6123,2,3,1,3,DE GAULLE GENERAL AVENUE,43,
2.023E+11,2,7,2023,20:12,1,75,75103,2,3,1,3,BOULEVARD BEAUMARCHAIS,48,
2.023E+11,1,7,2023,21:25,1,75,75101,2,3,1,3,BOULEVARD DE SEBASTOPOL,48,
2.023E+11,19,4,2023,18:40,1,3,3310,2,5,1,3,GRAVES (BOULEVARD DES),46,
2.023E+11,2,7,2023,05:15,5,94,94073,2,1,1,2,Boulevard de Stalingrad,48,
2.023E+11,20,4,2023,15:20,1,75,75119,2,1,1,5,BD PERIPHERIQUE INTERIEUR,48,
2.023E+11,1,7,2023,16:15,1,94,94075,2,1,1,6,Route de la Grange,48,
2.023E+11,1,7,2023,22:15,5,93,93078,2,1,1,3,110 Boulevard Robert Ballanger,48,
2.023E+11,20,4,2023,14:30,1,75,75119,2,4,1,2,PORTE D AUBERVILLIERS,48,
2.023E+11,2,7,2023,13:35,1,93,93027,2,1,1,6,Avenue Jean Mermoz,48,
2.023E+11,20,4,2023,03:55,5,75,75109,2,2,1,6,RUE BLANCHE,48,
2.023E+11,2,7,2023,12:20,1,92,92012,2,1,1,7,PONT DE SEVRES (ROND POINT DU),48,
2.023E+11,2,7,2023,08:15,1,17,17094,2,1,1,7,Avenue de la Falaise,46,
2.023E+11,21,4,2023,10:32,1,75,75120,2,1,8,7,BOULEVARD DE MENILMONTANT,48,
2.023E+11,3,7,2023,12:15,1,69,69298,1,1,1,3,Route d'Heyrieux,45,
2.023E+11,2,7,2023,06:15,2,40,40296,1,1,2,6,D79,43,
2.023E+11,21,4,2023,19:30,1,75,75116,2,1,1,4,ROUTE DES TRIBUNES,48,
2.023E+11,20,4,2023,13:00,1,75,75116,2,2,1,3,RUE DE LA POMPE,48,
2.023E+11,2,7,2023,16:10,1,17,17131,1,1,1,4,Route de Royan,45,
2.023E+11,1,7,2023,15:00,1,41,41045,1,1,1,7,route départementale 114,47,
2.023E+11,21,4,2023,18:50,1,75,75114,2,1,1,3,AVENUE DU GENERAL LECLERC,48,
2.023E+11,3,7,2023,10:20,1,5,5027,1,1,1,7,d902,44,
2.023E+11,1,7,2023,03:00,3,62,62338,2,1,1,6,D 171,50,
2.023E+11,20,4,2023,17:40,1,75,75105,2,2,1,6,BOULEVARD SAINT MARCEL,48,
2.023E+11,3,7,2023,11:05,1,6,6109,1,1,1,3,RM 6202 - quartier baus roux,43,
2.023E+11,21,4,2023,17:20,1,75,75111,2,1,1,6,AVENUE DE LA REPUBLIQUE,48,
2.023E+11,2,7,2023,11:55,1,22,22369,2,4,1,3,Place des Ifs,48,
2.023E+11,21,4,2023,14:00,1,75,75110,2,1,1,7,RUE ALIBERT,48,
2.023E+11,3,7,2023,00:05,3,61,61341,1,1,1,2,A28 PK 168+840,48,
2.023E+11,21,4,2023,18:30,1,75,75107,2,2,1,2,RUE DE L UNIVERSITE,48,
2.023E+11,2,7,2023,08:50,1,51,51109,1,2,8,1,D26,49,
2.023E+11,30,6,2023,09:45,1,19,19278,1,3,1,3,Varetz,45,
2.023E+11,21,4,2023,19:15,1,75,75104,2,2,1,2,PONT D ARCOLE,48,
2.023E+11,1,7,2023,17:40,1,56,56002,1,3,1,3,Fleuriac,47,
2.023E+11,19,4,2023,22:30,5,94,94081,2,1,1,3,Avenue Henri Barbusse,48,
2.023E+11,4,6,2023,10:50,1,79,79123,1,1,1,7,,46,
2.023E+11,21,4,2023,01:30,5,94,94046,2,1,1,6,Rue du 11 Novembre 1918,48,
2.023E+11,2,7,2023,04:40,3,81,81120,1,1,2,1,N112,43,
2.023E+11,2,7,2023,23:00,3,71,71340,2,1,1,6,19 Rue du Moulin,46,
2.023E+11,19,4,2023,20:45,2,94,94046,2,1,1,2,Rue Jean Jaurès,48,
2.023E+11,3,7,2023,16:45,1,71,71085,1,1,1,7,6 Rue de Reme,46,
2.023E+11,21,4,2023,22:10,5,93,93072,2,2,1,2,Avenue Marcel Cachin / Rue Pierre Huet,48,
2.023E+11,3,7,2023,14:00,1,63,63223,1,1,1,2,Lieu Dit Montvachoux,46,
2.023E+11,21,4,2023,09:00,1,93,93071,2,2,1,3,Allee de Bir Hakeim / Allée du Marechal Bugeaud,48,
2.023E+11,1,7,2023,18:46,1,63,63121,2,3,1,3,D797/D797B Route de Clermont/Champeix,45,
2.023E+11,21,4,2023,22:00,5,93,93066,2,1,1,6,Rue Gabriel Péri,48,
2.023E+11,2,7,2023,19:00,1,49,49218,1,1,1,3,Le Terreau (Le Fief-Sauvin),47,
2.023E+11,2,7,2023,12:20,1,42,42026,2,1,1,2,13 Avenue de Verdun,46,
2.023E+11,2,7,2023,12:30,1,46,46047,1,1,1,6,Route départementale 673,44,
2.023E+11,21,4,2023,17:55,1,93,93046,2,2,1,3,Avenue Gambetta / Allée Montpensier,48,
2.023E+11,3,7,2023,12:30,1,39,39201,1,1,1,2,N/A,46,
2.023E+11,3,7,2023,11:15,1,44,44212,2,1,1,6,Rue du bois brule,47,
2.023E+11,21,4,2023,20:40,2,93,93001,2,9,1,3,Avenue Victor Hugo,48,
2.023E+11,3,7,2023,15:00,1,44,44043,2,1,1,7,17 Rue de la Mare Rouge,47,
2.023E+11,1,7,2023,01:30,3,35,35340,1,1,2,7,Le Boulouee,48,
2.023E+11,21,4,2023,18:00,1,92,92073,2,2,1,3,JAURES (AVENUE JEAN),48,
2.023E+11,2,7,2023,02:10,3,34,34154,1,1,1,2,D62,43,
2.023E+11,21,4,2023,19:10,1,92,92076,2,1,1,2,REPUBLIQUE,48,
2.023E+11,29,6,2023,15:41,1,31,31160,1,1,1,1,D17,43,
2.023E+11,20,4,2023,17:00,1,92,92051,2,3,1,6,BAILLY (RUE),48,
2.023E+11,3,7,2023,03:15,3,31,31587,1,1,1,6,Route de Vacquiers,43,
2.023E+11,21,4,2023,10:30,1,92,92036,2,1,1,6,GRESILLONS (AVENUE DES) (47/101),48,
2.023E+11,2,7,2023,00:00,3,38,38140,2,6,2,6,Avenue Ambroise Croizat,45,
2.023E+11,21,4,2023,17:20,1,92,92026,2,6,1,4,TROIS FRÈRES LEBOEUF (PLACE DES),48,
2.023E+11,7,6,2023,18:50,1,1,1392,1,6,1,1,Moulin du Pont,46,
2.023E+11,21,4,2023,18:55,1,92,92024,2,3,1,7,MARTRE (RUE) DE (59 A 109)   (58 A 120),48,
2.023E+11,3,7,2023,12:00,1,70,70117,2,1,1,6,13 Rue de Chenebier,47,
2.023E+11,1,7,2023,20:55,1,58,58103,2,1,1,7,Route du Parloir,47,
2.023E+11,21,4,2023,18:00,1,92,92024,2,3,1,3,MARTRE (RUE) DE (59 A 109)   (58 A 120),48,
2.023E+11,2,7,2023,00:05,5,6,6035,2,1,1,6,Route de Castellar,43,
2.023E+11,19,4,2023,18:24,1,92,92009,2,1,1,6,CHARLES DUFLOS ( RUE ),48,
2.023E+11,2,7,2023,20:10,1,17,17482,1,1,1,1,D115,46,
2.023E+11,20,4,2023,18:05,1,8,8179,1,1,1,6,D4,49,
2.023E+11,3,7,2023,11:34,1,87,87187,2,6,8,6,Rue d?Arsonval,45,
2.023E+11,22,4,2023,00:13,5,69,69279,2,3,1,6,Rue de la République,45,
2.023E+11,29,6,2023,19:35,1,42,42108,1,1,3,2,A72,45,
2.023E+11,22,4,2023,00:15,3,972,97207,2,1,1,6,route du bac,14,
2.023E+11,2,7,2023,18:50,1,67,67223,1,1,1,2,A35,48,
2.023E+11,19,4,2023,14:30,1,84,84039,2,1,1,7,Faubourg de Luynes,44,
2.023E+11,2,7,2023,16:10,1,38,38052,2,1,1,7,rd 1091 les sables,45,
2.023E+11,22,4,2023,16:00,1,85,85109,1,1,1,3,RD11-l'Aubonnière,46,
2.023E+11,1,7,2023,16:59,1,73,73296,2,3,2,1,Avenue de Grande Motte,45,
2.023E+11,21,4,2023,17:45,1,85,85109,2,6,1,3,RD160,46,
2.023E+11,29,6,2023,16:50,1,28,28029,1,1,1,6,autoroute A10 point kilométrique 069+120 direction province,48,
2.023E+11,22,6,2023,20:30,3,987,98724,1,1,8,6,Motu MAeva,-16,
2.023E+11,21,4,2023,17:10,1,61,61464,1,1,1,6,A28 PK180+580,48,
2.023E+11,2,7,2023,21:45,5,987,98748,2,1,8,6,PK 04.500 - RT 04 - Toahotu Pont de Aoma,-17,
2.023E+11,2,7,2023,18:30,3,988,98817,1,1,1,1,ROUTE DE LA CORNICHE,-22,
2.023E+11,22,4,2023,14:50,1,51,51237,1,2,1,3,N4,48,
2.023E+11,3,7,2023,08:29,1,972,97224,2,1,1,1,D13A quartier Jambette Beausejour,14,
2.023E+11,21,4,2023,15:15,1,56,56036,2,1,1,1,Rue Jean-Baptiste Martenot,47,
2.023E+11,1,7,2023,18:00,1,2B,2B134,2,9,1,6,Allée Charles De Gaulle,42,
2.023E+11,3,7,2023,12:15,1,2B,2B084,2,1,1,6,RD71,42,
2.023E+11,21,4,2023,19:08,1,76,76529,2,1,1,1,5a Rue des Tisserands,49,
2.023E+11,2,7,2023,07:10,1,34,34006,1,1,1,6,RD910,43,
2.023E+11,22,4,2023,10:43,1,2B,2B150,1,1,1,3,RT30,42,
2.023E+11,2,7,2023,19:30,1,83,83101,1,1,1,5,1572 Route de la Rouillere,43,
2.023E+11,21,4,2023,21:00,3,71,71559,1,1,1,6,Champerny,46,
2.023E+11,2,7,2023,09:22,1,6,6141,1,1,1,7,D17,43,
2.023E+11,22,4,2023,08:10,1,71,71016,1,3,1,3,Route de Peronne,46,
2.023E+11,3,7,2023,13:00,1,5,5073,1,1,1,1,D942,44,
2.023E+11,2,7,2023,11:05,1,4,4096,2,7,1,6,Grand Rue,44,
2.023E+11,21,4,2023,18:40,1,42,42228,1,2,1,5,Route de Montbrison,45,
2.023E+11,20,4,2023,08:20,1,35,35204,1,1,7,1,D39,48,
2.023E+11,2,7,2023,21:00,2,38,38425,1,1,1,2,Route de la CNR,45,
2.023E+11,21,4,2023,17:00,1,29,29044,1,9,1,6,Menez Justice,48,
2.023E+11,21,4,2023,19:00,1,29,29235,2,1,1,6,rue d'Ouessant,48,
2.023E+11,21,4,2023,18:15,1,58,58134,2,1,1,2,Rue Edouard Vaillant,46,
2.023E+11,22,4,2023,16:35,1,72,72168,1,3,1,1,La petite maison neuve,47,
2.023E+11,22,4,2023,16:55,1,6,6103,2,2,1,6,M69,44,
2.023E+11,22,4,2023,13:20,1,83,83122,1,3,1,2,Hôtel l'Ermitage,43,
2.023E+11,15,4,2023,16:45,1,64,64279,1,6,1,7,D918,43,
2.023E+11,22,4,2023,10:15,1,7,7181,2,3,1,3,Rue Jean Ferrat,44,
2.023E+11,21,4,2023,15:21,1,53,53271,2,1,1,6,Parking Super U,48,
2.023E+11,21,4,2023,17:20,1,53,53008,1,1,1,3,Le Chene des Croix,48,
2.023E+11,21,4,2023,02:15,3,53,53062,2,9,1,6,Rue Abel Cahour,47,
2.023E+11,21,4,2023,23:15,3,85,85146,1,1,1,2,RD 1763  PR  5+450,46,
2.023E+11,22,4,2023,14:20,1,30,30116,1,1,1,1,N100,43,
2.023E+11,21,4,2023,16:40,1,8,8263,1,1,8,2,N/A,49,
2.023E+11,22,4,2023,04:45,3,973,97307,1,1,1,7,RN 2,4,
2.023E+11,20,4,2023,17:50,1,31,31216,1,1,1,2,A68,43,
2.023E+11,28,3,2023,08:30,1,6,6085,2,1,1,6,Chemin des Campelieres,43,
2.023E+11,19,4,2023,18:18,1,44,44028,1,1,1,7,N/A,47,
2.023E+11,20,4,2023,19:30,1,67,67460,1,1,1,6,Autoroute A4 - Entre PK 454.600 et 454.700 - Sens Paris vers Strasbourg,48,
2.023E+11,21,4,2023,20:24,1,6,6088,1,1,1,6,A8,,
2.023E+11,22,4,2023,10:15,1,40,40312,1,1,2,6,A 63 PK 169,43,
2.023E+11,8,8,2023,13:50,1,76,76650,1,3,1,3,D39,49,
2.023E+11,22,4,2023,07:00,2,83,83116,1,1,1,2,Autoroute,43,
2.023E+11,7,8,2023,23:30,3,2B,2B126,1,1,1,1,RT 50,42,
2.023E+11,21,4,2023,07:25,1,987,98712,2,4,1,3,Avenue POMORE RT2 EST,-17,
2.023E+11,20,4,2023,13:40,1,34,34202,2,1,1,6,71 Avenue du General Grollier,43,
2.023E+11,8,8,2023,12:45,1,2B,2B050,2,1,1,1,route de Porto,42,
2.023E+11,21,4,2023,21:15,2,973,97305,1,1,3,2,Route Nationale 1,4,
2.023E+11,8,8,2023,19:00,1,65,65362,2,7,1,7,Place de la Gare,42,
2.023E+11,20,4,2023,09:40,1,84,84019,2,3,1,3,Avenue Emile Lachaux,44,
2.023E+11,27,7,2023,11:50,1,69,69018,1,9,1,3,Route du Tacot,46,
2.023E+11,22,4,2023,15:40,1,83,83146,1,1,1,1,Route des Lacs,43,
2.023E+11,9,3,2023,19:15,3,69,69084,1,1,2,1,Route du Château de Grand Pré,46,
2.023E+11,21,4,2023,14:05,1,26,26072,1,1,1,6,A7 PK 048.775,45,
2.023E+11,5,8,2023,19:50,1,32,32256,1,1,1,6,n21,43,
2.023E+11,21,4,2023,18:35,1,71,71235,1,4,1,7,Rue du Point du Jour,46,
2.023E+11,7,8,2023,18:20,1,63,63209,2,3,1,6,Chemin du Bourly / D717 route d'Antoingt,45,
2.023E+11,8,8,2023,16:11,1,63,63261,1,3,1,3,Chemin de Paille,45,
2.023E+11,21,4,2023,21:45,3,38,38562,1,1,1,3,N85,45,
2.023E+11,21,4,2023,18:05,1,7,7323,2,1,1,6,780 Route de Monsano,44,
2.023E+11,8,8,2023,15:30,1,55,55286,1,1,1,7,Voie Sacree,49,
2.023E+11,22,4,2023,00:19,4,16,16304,1,1,1,6,Route de Nercillac,45,
2.023E+11,7,8,2023,15:43,1,12,12215,1,4,1,3,D840,44,
2.023E+11,21,4,2023,23:00,3,33,33321,1,1,2,6,N10,45,
2.023E+11,1,3,2023,11:40,1,44,44210,2,1,1,6,102 Boulevard de l'Atlantique,47,
2.023E+11,6,8,2023,17:00,1,44,44015,1,1,1,7,N/A,47,
2.023E+11,8,8,2023,12:30,1,29,29182,1,1,1,6,D786,48,
2.023E+11,21,4,2023,23:50,3,61,61382,1,1,1,1,RN12,48,
2.023E+11,7,8,2023,16:10,1,38,38453,1,1,1,6,Route de Pont-En-Royans,45,
2.023E+11,8,8,2023,10:05,1,3,3082,2,1,1,6,Rue du Creux du Lac,46,
2.023E+11,21,4,2023,17:00,1,50,50139,1,3,1,3,route de Saint-Lo - RD 974,49,
2.023E+11,21,4,2023,18:15,1,76,76321,2,9,1,1,500 Route de Dieppe,49,
2.023E+11,8,8,2023,12:55,1,15,15101,1,1,1,5,N 122,45,
2.023E+11,21,4,2023,15:07,1,76,76684,1,1,1,7,D39,49,
2.023E+11,5,8,2023,00:01,4,58,58242,2,1,1,3,7 Route de Brinon,47,
2.023E+11,22,4,2023,09:20,1,60,60282,2,2,3,3,1 Rue Edmond Leveille,49,
2.023E+11,8,8,2023,15:35,1,72,72090,2,9,1,3,Chemin de la Herse,48,
2.023E+11,22,4,2023,16:30,1,59,59581,1,3,1,3,lieu dit grand chemin,50,
2.023E+11,7,8,2023,16:16,1,64,64405,2,6,1,3,RD 943,43,
2.023E+11,8,8,2023,10:28,1,43,43203,2,1,1,7,Chemin du Prat,45,
2.023E+11,20,2,2023,12:15,1,13,13106,1,1,1,5,A7-Sens Marseille vers Lyon,43,
2.023E+11,7,8,2023,20:20,1,43,43015,1,1,1,6,Mont Mouchet,44,
2.023E+11,20,4,2023,08:35,1,83,83137,1,1,1,2,A50,43,
2.023E+11,29,7,2023,17:11,1,43,43156,1,1,1,1,Mahinc,44,
2.023E+11,21,4,2023,15:30,1,91,91689,1,1,1,2,AUTOROUTE A6A,48,
2.023E+11,21,4,2023,18:15,1,92,92072,1,1,1,7,N118,48,
2.023E+11,7,8,2023,20:03,2,85,85073,1,2,7,3,la Roblinière,46,
2.023E+11,8,8,2023,08:20,1,37,37254,1,1,1,6,D82,47,
2.023E+11,21,4,2023,12:49,1,78,78118,1,1,1,2,A13,48,
2.023E+11,7,8,2023,15:05,1,30,30123,2,2,1,3,5 Rue de la Cavalerie,43,
2.023E+11,20,4,2023,08:29,1,92,92047,1,1,1,2,A13,48,
2.023E+11,21,4,2023,17:00,1,95,95018,2,1,1,2,A15,48,
2.023E+11,7,8,2023,21:37,4,42,42130,1,1,1,4,A72,45,
2.023E+11,20,4,2023,22:25,3,77,77121,1,1,1,3,A104,48,
2.023E+11,29,7,2023,09:00,1,973,97309,2,1,1,5,Route de Rémire,4,
2.023E+11,21,7,2023,15:50,1,68,68278,1,1,1,5,A35,47,
2.023E+11,18,4,2023,12:50,1,75,75117,2,1,1,4,PORTE DE SAINT OUEN,48,
2.023E+11,8,8,2023,13:45,1,38,38253,1,1,1,1,D1091,45,
2.023E+11,7,8,2023,04:55,3,72,72363,1,1,5,6,A11,,
2.023E+11,18,4,2023,09:50,1,75,75116,2,1,1,5,ECHANGEUR AUTEUIL,48,
2.023E+11,17,4,2023,09:10,1,75,75116,2,4,1,2,PORTE DE SAINT CLOUD,48,
2.023E+11,20,4,2023,15:45,1,75,75119,2,3,1,6,BOULEVARD DE LA VILLETTE,48,
2.023E+11,7,8,2023,18:30,1,6,6149,1,1,7,5,A8,,
2.023E+11,20,4,2023,22:15,5,75,75117,2,3,1,5,AVENUE DE LA PORTE DE CLICHY,48,
2.023E+11,8,8,2023,13:55,1,988,98817,1,1,1,1,ROUTE EXPRESS DU MONT DORE,-22,
2.023E+11,19,4,2023,21:10,5,75,75116,2,1,1,3,AVENUE VICTOR HUGO,48,
2.023E+11,6,8,2023,18:00,3,988,98833,1,1,1,7,Kouaoua,-21,
2.023E+11,19,4,2023,18:40,1,75,75116,2,9,1,3,AVENUE DE LA PORTE D AUTEUIL,48,
2.023E+11,8,8,2023,16:20,1,974,97403,2,1,1,7,Arret de bus de la ferme,-21,
2.023E+11,3,8,2023,22:00,5,66,66138,2,1,6,7,N/A,42,
2.023E+11,20,4,2023,17:40,1,75,75115,2,2,1,6,BOULEVARD VICTOR,48,
2.023E+11,8,8,2023,14:25,1,66,66065,2,3,1,3,N/A,42,
2.023E+11,20,4,2023,16:20,1,75,75115,2,3,1,7,RUE DES MORILLONS,48,
2.023E+11,4,8,2023,06:00,1,4,4039,1,1,1,7,Route départementale 952,43,
2.023E+11,6,8,2023,16:30,1,4,4226,1,1,1,7,D908,44,
2.023E+11,20,4,2023,07:00,2,75,75115,2,2,1,3,RUE LOUIS VICAT,48,
2.023E+11,7,8,2023,14:45,1,21,21038,2,1,1,2,5 Rue de Chevigny,47,
2.023E+11,20,4,2023,08:49,1,75,75112,2,1,1,1,PORT DE LA RAPEE,48,
2.023E+11,7,8,2023,11:20,1,88,88173,1,1,1,3,N57,48,
2.023E+11,20,4,2023,18:57,1,75,75111,2,3,1,2,BOULEVARD RICHARD LENOIR,48,
2.023E+11,7,8,2023,23:40,5,7,7156,1,1,1,6,2770 Route du Puy En Velay,44,
2.023E+11,20,4,2023,12:10,1,75,75120,2,2,1,3,RUE BELGRAND,48,
2.023E+11,7,8,2023,20:30,1,29,29042,1,1,1,6,2 1-Kergoff-Porsalut,48,
2.023E+11,7,8,2023,13:15,1,27,27242,1,1,1,1,D830,48,
2.023E+11,20,4,2023,09:55,1,75,75111,2,3,1,3,RUE DE LA ROQUETTE,48,
2.023E+11,20,7,2023,16:45,1,60,60341,2,1,1,3,Route de Senlis,49,
2.023E+11,20,4,2023,16:50,1,75,75110,2,3,1,6,BOULEVARD DE MAGENTA,48,
2.023E+11,7,8,2023,11:15,1,13,13215,1,1,1,3,A7-Sens Lyon vers Marseille,43,
2.023E+11,6,8,2023,22:25,3,33,33122,1,1,1,6,AUTOROUTE A 63,44,
2.023E+11,19,4,2023,04:00,5,75,75109,2,3,1,3,BOULEVARD DE CLICHY,48,
2.023E+11,4,8,2023,07:10,2,59,59350,1,1,1,2,ROUTE DEPARTEMENTALE 652,50,
2.023E+11,20,4,2023,21:01,5,94,94044,2,1,1,1,Avenue Gabriel Péri,48,
2.023E+11,6,8,2023,10:23,1,78,78640,1,1,1,6,A86 EXT,48,
2.023E+11,6,8,2023,05:44,2,92,92025,1,1,1,7,A86,48,
2.023E+11,7,8,2023,01:35,3,95,95256,1,1,1,6,N184,49,
2.023E+11,19,4,2023,16:45,1,94,94068,2,3,1,6,Avenue Victoria,48,
2.023E+11,20,4,2023,11:10,1,94,94046,2,1,1,6,14 Rue Eugène Renault,48,
2.023E+11,25,4,2023,12:30,1,13,13056,2,1,1,1,LAURONS RUE DES,43,
2.023E+11,4,2,2023,17:00,1,93,93029,2,2,1,6,Avenue Henri Barbusse / Rue Charles Gide,48,
2.023E+11,3,8,2023,19:00,5,988,98818,2,2,1,6,RUE LEON COURSIN/BOULEVARD EXTERIEUR,-22,
2.023E+11,3,8,2023,14:39,1,988,98818,2,2,1,3,RUE LEON COURSINT/RUE DE LA VALBONNE,-22,