Num_Acc,jour,mois,an,hrmn,lum,dep,com,agg,int,atm,col,adr,lat,long
2.023E+11,20,12,2023,16:50,1,972,97213,1,1,1,3,AUTOROUTE A1,14,
2.023E+11,28,1,2023,07:00,1,976,97610,1,1,1,1,Trevani,-12,
2.023E+11,14,11,2023,16:12,1,66,66136,2,1,1,6,Avenue Général GILLES,42,
2.023E+11,28,1,2023,02:30,3,973,97353,2,1,1,7,Piste Abdalah,3,
2.023E+11,28,5,2023,18:30,1,59,59400,1,1,7,1,Rue Cappelboom,50,
2.023E+11,20,12,2023,07:24,1,972,97213,1,6,1,1,ROUTE DEPARTEMENTALE 14,14,
2.023E+11,16,11,2023,00:30,3,64,64545,1,1,1,7,N/A,43,
2.023E+11,26,1,2023,11:25,1,62,62645,2,2,1,3,D940,50,
2.023E+11,27,5,2023,17:45,1,13,13117,1,1,1,2,A7-Sens Lyon vers Marseille,43,
2.023E+11,15,11,2023,14:40,1,64,64348,1,1,1,6,CHARLES DE GAULLE,43,
2.023E+11,20,12,2023,14:15,1,69,69384,2,1,1,3,35 Rue Jacques-Louis Hénon,45,
2.023E+11,27,1,2023,18:00,3,62,62397,2,1,1,3,D215,50,
2.023E+11,13,11,2023,14:30,1,64,64445,2,1,1,3,SARAGOSSE DE,43,
2.023E+11,27,5,2023,05:45,2,13,13056,1,1,1,2,A55-Sens Marseille vers Martigues,43,
2.023E+11,20,12,2023,12:20,1,69,69202,2,1,1,6,Avenue de Limburg,45,
2.023E+11,28,1,2023,06:00,2,971,97109,2,1,1,1,avenue du général de Gaulle,15,
2.023E+11,15,11,2023,07:45,1,64,64122,2,6,1,3,DASSAULT MARCEL (BD),43,
2.023E+11,28,1,2023,16:10,1,71,71312,1,1,1,7,D35,46,
2.023E+11,19,12,2023,19:20,5,69,69385,2,2,1,1,49 Avenue du Point du Jour,45,
2.023E+11,26,5,2023,19:40,1,67,67152,1,1,1,6,M83,48,
2.023E+11,15,11,2023,19:55,5,63,63113,2,1,1,3,MICHELIN (AVENUE EDOUARD),45,
2.023E+11,28,5,2023,18:30,1,94,94038,1,1,1,6,A6A,48,
2.023E+11,15,11,2023,21:30,4,971,97101,2,3,1,2,PATRICK SAINT ELOI ( AVENUE ),16,
2.023E+11,11,9,2023,08:15,1,77,77335,1,2,1,3,RD140 (ROUTE DEPARTEMENTALE),48,
2.023E+11,15,11,2023,07:00,3,62,62270,1,1,1,7,D941,50,
2.023E+11,17,1,2023,18:58,3,37,37141,1,1,4,6,Autoroute A85,47,
2.023E+11,28,5,2023,17:30,1,77,77296,1,1,1,2,AUTOROUTE A5A,48,
2.023E+11,20,12,2023,12:40,1,2A,2A004,2,3,1,3,ILES SANGUINAIRES ROUTE DES,41,
2.023E+11,28,5,2023,07:25,1,92,92064,1,1,1,6,A13,48,
2.023E+11,15,11,2023,10:15,1,59,59599,2,1,1,2,PARIS (RUE DE),50,
2.023E+11,12,9,2023,17:25,1,77,77438,2,2,2,2,SAINT GERMAIN DES NOYERS  (AVENUE),48,
2.023E+11,19,12,2023,16:22,1,87,87085,2,1,1,2,SAINT MARTIAL (QUAI),45,
2.023E+11,28,5,2023,09:00,1,95,95018,1,1,1,2,D909,48,
2.023E+11,15,11,2023,10:15,1,59,59350,2,1,1,6,DUNKERQUE AVENUE DE,50,
2.023E+11,12,9,2023,07:50,2,77,77333,2,1,1,2,AV CARNOT,48,
2.023E+11,27,5,2023,22:30,3,95,95306,1,1,1,6,A15,49,
2.023E+11,19,12,2023,06:50,3,84,84007,2,1,1,6,C.De GAULLE (Rocade),43,
2.023E+11,9,9,2023,06:40,2,76,76351,1,6,5,6,RD 982,49,
2.023E+11,15,11,2023,10:30,1,59,59360,2,3,1,6,AVINEE EUGENE AVENUE,50,
2.023E+11,19,12,2023,17:52,4,80,80021,2,1,2,6,STRASBOURG (BOULEVARD DE),49,
2.023E+11,10,9,2023,03:05,3,76,76351,2,1,1,6,Chemin Rural 47 Bléville,49,
2.023E+11,16,12,2023,21:10,4,80,80021,2,1,1,6,CARNOT (BOULEVARD),49,
2.023E+11,13,11,2023,17:35,5,51,51454,2,1,2,3,SAINT MARCEAUX (BOULEVARD) N°2 A 68 ET C,49,
2.023E+11,9,9,2023,09:55,1,76,76351,2,2,1,6,MARECHAL JOFFRE (RUE),49,
2.023E+11,20,12,2023,08:00,5,78,78440,2,1,1,6,SEINE (RUE DE),48,
2.023E+11,12,11,2023,02:50,3,50,50129,2,3,2,6,BENECERE (AVENUE DE),49,
2.023E+11,11,9,2023,14:00,1,74,74298,2,1,1,2,EUROPE (AVENUE DE L'),46,
2.023E+11,20,12,2023,01:00,5,78,78498,2,1,8,1,BON ROI SAINT LOUIS AVENUE,48,
2.023E+11,14,11,2023,10:55,1,49,49007,2,1,8,3,BICHON PLACE,47,
2.023E+11,19,12,2023,15:00,1,77,77296,1,1,1,1,RD 306,48,
2.023E+11,10,9,2023,14:35,1,71,71270,2,2,1,3,HERITAN (RUE DE L'),46,
2.023E+11,15,11,2023,08:00,2,47,47001,2,6,1,3,9EME DE LIGNE (COURS DU),44,
2.023E+11,15,11,2023,08:25,1,38,38563,2,1,1,6,BECQUART-CASTELBON (COURS),45,
2.023E+11,10,9,2023,21:15,5,71,71076,2,2,1,3,PONT DE FER (RUE DU),46,
2.023E+11,20,12,2023,12:50,1,77,77449,2,6,8,4,D345,48,
2.023E+11,15,11,2023,17:45,5,37,37261,2,2,1,6,COLOMB (RUE CHRISTOPHE),47,
2.023E+11,19,12,2023,20:55,5,76,76640,2,1,2,1,Rue de Louviers,49,
2.023E+11,13,9,2023,22:50,5,69,69266,2,2,2,3,Rue Antoine Primat,45,
2.023E+11,15,11,2023,10:15,1,37,37261,2,1,1,2,VAILLANT (RUE EDOUARD),47,
2.023E+11,11,9,2023,17:35,1,69,69256,2,1,1,6,94 Avenue du 8 Mai 1945,45,
2.023E+11,11,9,2023,14:35,1,69,69282,2,1,7,6,Rue Joseph Desbois,45,
2.023E+11,19,12,2023,15:35,1,76,76351,2,2,2,3,LOUIS EUDIER,49,
2.023E+11,15,11,2023,08:40,1,37,37122,2,1,1,2,JAURES (BOULEVARD JEAN),47,
2.023E+11,20,12,2023,21:30,5,74,74012,2,1,1,6,EUROPE (AVENUE DE L'),46,
2.023E+11,11,9,2023,22:20,5,67,67482,2,1,1,6,ZURICH (RUE DE),48,
2.023E+11,15,11,2023,08:40,1,37,37233,2,2,1,3,LENINE (AVENUE),47,
2.023E+11,19,12,2023,07:55,2,69,69266,2,1,5,3,Cours Emile Zola,45,
2.023E+11,10,9,2023,15:15,1,67,67218,2,1,1,7,LYON (RTE DE),48,
2.023E+11,15,11,2023,20:35,5,34,34172,2,2,1,3,JUSTICE DE CASTELNAU (AVENUE DE LA),43,
2.023E+11,20,12,2023,09:45,1,66,66136,2,1,1,2,N/A,42,
2.023E+11,9,9,2023,15:26,1,66,66136,2,3,1,3,N/A,42,
2.023E+11,15,11,2023,14:10,1,33,33318,1,1,1,3,Avenue du Maréchal de Lattre de Tassigny (rd),44,
2.023E+11,20,12,2023,13:10,1,64,64284,2,1,1,4,RAUSKI,43,
2.023E+11,15,11,2023,05:30,3,33,33039,1,1,2,2,Quai du Président Wilson,44,
2.023E+11,9,9,2023,10:18,1,66,66136,2,2,1,3,N/A,42,
2.023E+11,20,12,2023,16:37,1,63,63113,2,6,1,2,elisée Reclus /Louis Blériot,45,
2.023E+11,15,11,2023,19:11,5,27,27681,2,6,1,6,LECLERC (BOULEVARD DU MARECHAL),49,
2.023E+11,12,9,2023,16:45,1,65,65440,2,1,8,6,Avenue des Forges,43,
2.023E+11,1,12,2023,16:00,1,62,62510,2,1,1,3,D58E4,50,
2.023E+11,15,11,2023,07:00,5,27,27229,2,2,1,3,BOIS DES COMMUNES (RUE DU),49,
2.023E+11,12,9,2023,17:30,1,64,64445,2,1,3,3,EUROPE DE L',43,
2.023E+11,29,11,2023,00:10,5,62,62193,2,3,1,3,Boulevard Léon Gambetta,50,
2.023E+11,14,11,2023,18:17,5,27,27229,2,2,1,6,CHURCHILL (AVENUE WINSTON),49,
2.023E+11,11,9,2023,15:30,1,64,64445,2,1,1,2,LEON BLUM,43,
2.023E+11,14,11,2023,13:28,1,27,27229,2,1,2,2,GAMBETTA (BOULEVARD),49,
2.023E+11,16,12,2023,18:00,3,62,62764,1,1,1,4,D917,50,
2.023E+11,12,9,2023,21:40,5,64,64122,2,2,3,3,SABAOU (AVENUE DU),43,
2.023E+11,12,11,2023,17:40,3,15,15014,2,3,3,3,N 122,44,
2.023E+11,17,12,2023,15:30,1,59,59350,2,3,1,3,CHEMIN SAINT MARTIN RUE DU,50,
2.023E+11,12,9,2023,09:50,1,64,64122,2,1,8,6,VERDUN (AVENUE DE),43,
2.023E+11,19,12,2023,12:10,1,59,59178,2,1,2,6,WARENGHIEN (RUE DE),50,
2.023E+11,15,11,2023,18:30,3,13,13117,2,3,1,3,EUROPE ( AVENUE DE L' ),43,
2.023E+11,11,9,2023,22:15,5,64,64024,2,6,2,3,BAHINOS (ROND POINT DE),43,
2.023E+11,12,12,2023,18:25,5,56,56260,2,1,1,6,AOUT 1944(RUE DU 4),47,
2.023E+11,15,11,2023,16:20,1,13,13215,2,3,1,3,SAINT ANTOINE (AVENUE DE),43,
2.023E+11,10,9,2023,13:40,1,64,64024,2,1,1,3,GENERAL LECLERC (PLACE DU),43,
2.023E+11,19,12,2023,09:00,1,51,51454,2,3,1,1,CAILLOIS (RUE ROGER),49,
2.023E+11,18,12,2023,17:25,5,51,51506,2,1,8,6,ROOSEVELT (AVE PRESIDENT),48,
2.023E+11,12,9,2023,19:30,3,63,63164,1,1,2,3,D 210 A (RTE),45,
2.023E+11,14,11,2023,20:25,5,13,13205,2,2,1,3,BAILLE (BOULEVARD),43,
2.023E+11,20,12,2023,08:25,2,49,49267,2,1,1,3,VERDUN,47,
2.023E+11,7,9,2023,15:55,1,61,61169,1,9,1,3,D962,48,
2.023E+11,14,11,2023,18:25,5,10,10387,2,2,8,6,TEINTURIERS (DES),48,
2.023E+11,19,12,2023,18:30,2,49,49267,2,1,1,6,GRAND MONTREJEAU,47,
2.023E+11,14,11,2023,14:30,1,10,10343,2,6,8,3,FABLE (RUE),48,
2.023E+11,11,9,2023,17:40,1,61,61001,2,6,1,3,Voie Communale,48,
2.023E+11,20,12,2023,11:36,1,45,45338,2,6,1,1,15 Rue George Sand,47,
2.023E+11,14,11,2023,07:40,1,10,10387,2,2,1,6,NOES (RUE DES),48,
2.023E+11,25,5,2023,21:45,5,59,59112,2,3,1,6,BERTHELOT (RUE),50,
2.023E+11,20,12,2023,08:55,2,43,43157,2,3,1,6,Avenue D 'Aiguilhe,45,
2.023E+11,15,11,2023,17:45,5,6,6088,2,1,1,1,JOLY (CORNICHE ANDRE DE),43,
2.023E+11,12,9,2023,13:55,1,59,59508,2,1,1,6,LILLE (RUE DE)MENIN A 8 MAI 1945,50,
2.023E+11,20,12,2023,16:30,2,41,41018,2,3,1,3,LAPLACE (RUE),47,
2.023E+11,15,11,2023,17:38,2,75,75116,2,1,1,6,BOULEVARD DE L AMIRAL BRUIX,48,
2.023E+11,11,9,2023,13:15,1,59,59152,1,2,1,3,Chemin du Petit Enfer,50,
2.023E+11,20,12,2023,06:40,5,38,38185,2,2,2,3,EDMOND ESMONIN (AVENUE),45,
2.023E+11,13,11,2023,23:55,5,75,75120,2,7,1,6,PLACE DE LA PORTE DE BAGNOLET,48,
2.023E+11,20,12,2023,19:00,5,37,37261,2,2,8,6,HALLEBARDIER (RUE DU),47,
2.023E+11,12,9,2023,20:30,5,59,59328,2,2,1,3,HIPPODROME AV DE L N°237 AU389,50,
2.023E+11,20,12,2023,16:10,1,37,37261,2,1,1,6,PAS NOTRE-DAME (RUE DU),47,
2.023E+11,11,9,2023,18:30,2,59,59350,2,1,8,3,Avenue Roger Salengro,50,
2.023E+11,15,11,2023,11:50,1,75,75119,2,2,1,2,RUE DE LORRAINE,48,
2.023E+11,16,12,2023,16:53,1,36,36044,2,1,1,3,N/A,46,
2.023E+11,15,11,2023,10:48,1,75,75118,2,2,1,6,BOULEVARD NEY,48,
2.023E+11,25,6,2023,05:00,5,59,59360,2,2,1,3,PARE AMBROISE RUE,50,
2.023E+11,20,12,2023,08:55,1,35,35238,2,1,1,2,TILLON (AVENUE CHARLES),48,
2.023E+11,20,12,2023,16:50,1,31,31557,2,9,2,6,CHE FERRO LEBRES,43,
2.023E+11,9,9,2023,00:40,3,59,59185,2,1,1,6,D645,50,
2.023E+11,19,12,2023,07:30,3,31,31069,2,1,8,6,PARC (AV DU),43,
2.023E+11,20,12,2023,17:50,5,28,28134,2,1,1,6,EUROPE (BOULEVARD DE L'),48,
2.023E+11,7,9,2023,18:30,1,59,59122,2,1,1,6,LIBERTE (BOULEVARD DE LA),50,
2.023E+11,12,9,2023,09:55,1,58,58194,2,2,2,3,FRANCIS GARNIER,46,
2.023E+11,20,12,2023,11:10,1,27,27229,2,2,8,1,GAMBETTA (BOULEVARD),49,
2.023E+11,11,9,2023,12:25,1,58,58194,2,3,1,3,ARDENETS,46,
2.023E+11,20,12,2023,10:12,1,27,27229,2,2,8,1,SEMARD (RUE PIERRE),49,
2.023E+11,8,9,2023,21:29,5,57,57491,2,3,1,3,TREHEMONT (ROUTE DE),49,
2.023E+11,11,9,2023,16:40,1,56,56083,2,1,1,6,REPUBLIQUE ( AV. DE LA ),47,
2.023E+11,15,12,2023,12:30,1,26,26008,1,3,1,3,Route de Rochemaure,44,
2.023E+11,11,9,2023,19:00,1,56,56162,1,1,1,7,MOULIN DU TER (RUE DU ),47,
2.023E+11,10,9,2023,23:54,3,56,56098,1,1,1,3,N/A,47,
2.023E+11,15,12,2023,11:45,1,24,24322,2,1,1,6,FENELON (COURS),45,
2.023E+11,9,9,2023,19:57,1,56,56162,2,3,1,1,DOLMEN (RUE DU),47,
2.023E+11,18,12,2023,10:39,1,21,21278,2,6,1,3,AHUY (D') (ROUTE),47,
2.023E+11,11,9,2023,18:45,1,54,54578,2,3,7,3,Boulevard du Docteur Cattenoz,48,
2.023E+11,19,12,2023,18:45,5,14,14118,2,1,2,6,137 Rue de Falaise,49,
2.023E+11,11,9,2023,19:50,2,54,54274,2,1,1,3,Rue Gabriel Fauré,48,
2.023E+11,19,12,2023,18:10,5,14,14118,2,1,3,6,JUIN (BOULEVARD MARECHAL),49,
2.023E+11,12,9,2023,14:35,1,54,54270,1,1,1,6,D26,49,
2.023E+11,19,12,2023,17:30,5,14,14437,2,1,3,6,65 Avenue Pierre Mendès France,49,
2.023E+11,7,9,2023,14:00,1,52,52448,1,1,1,5,RN4,48,
2.023E+11,20,12,2023,12:45,1,13,13210,2,1,1,3,CAPELETTE (AVENUE DE LA),43,
2.023E+11,19,12,2023,20:15,5,13,13210,2,1,1,3,JACQUES HEBERT (RUE),43,
2.023E+11,12,9,2023,17:30,1,51,51454,2,2,8,2,VIGNOBLE (ALLEE),49,
2.023E+11,19,12,2023,11:00,1,13,13208,2,1,1,6,PRADO (AVENUE DU),43,
2.023E+11,12,9,2023,08:47,1,51,51454,2,9,1,3,FARMAN (AVENUE HENRI),49,
2.023E+11,20,12,2023,13:25,1,13,13001,2,1,1,3,CLUB HIPPIQUE (AV),43,
2.023E+11,8,9,2023,18:45,1,51,51172,2,6,1,3,ALSACE LORRAINE (BOULEVARD),49,
2.023E+11,10,9,2023,10:00,1,51,51454,2,4,1,6,VOLTAIRE (RUE),49,
2.023E+11,17,12,2023,08:40,1,7,7186,2,3,1,3,MOBILES (BLD. DES),44,
2.023E+11,20,12,2023,07:30,3,7,7281,1,1,2,1,C.D. 533 (VERS LE PUY),44,
2.023E+11,9,9,2023,18:20,1,50,50129,2,2,1,7,THIVET ( avenue du ),49,
2.023E+11,31,8,2023,09:26,1,46,46042,2,1,1,6,BASTIE (AVENUE MARYSE),44,
2.023E+11,12,9,2023,08:30,1,45,45234,2,1,1,6,2 Rue Alexandre Avisse,47,
2.023E+11,10,9,2023,22:47,5,45,45004,2,1,1,7,D2107 PR 0 + 793,47,
2.023E+11,19,12,2023,14:15,1,6,6088,2,1,1,3,Promenade des Anglais,43,
2.023E+11,4,9,2023,08:56,1,45,45004,2,1,1,3,D93 PR 0 + 393,47,
2.023E+11,9,9,2023,20:23,2,45,45208,2,1,1,7,Boulevard John Kennedy,47,
2.023E+11,11,9,2023,15:25,1,44,44184,2,1,1,3,Rue Pitre Grenapin,47,
2.023E+11,19,12,2023,09:00,1,6,6088,2,3,1,6,BARLA (RUE),43,
2.023E+11,11,9,2023,19:10,2,43,43157,2,3,1,5,2b Boulevard Alexandre Clair,45,
2.023E+11,19,12,2023,20:00,5,6,6069,2,1,1,3,Route de Cannes,43,
2.023E+11,10,9,2023,21:10,5,41,41047,2,2,1,3,RD 2152,47,
2.023E+11,20,12,2023,13:25,1,6,6029,2,1,1,3,POESIE (AVENUE PIERRE),43,
2.023E+11,12,9,2023,18:35,1,38,38516,2,4,1,3,CHARTREUSE (ROUTE DE) 34 A FIN,45,
2.023E+11,12,9,2023,14:02,1,38,38169,2,1,1,6,CURIE (BOULEVARD J.),45,
2.023E+11,20,12,2023,17:50,5,75,75118,2,3,8,6,BOULEVARD BARBES,48,
2.023E+11,11,9,2023,09:45,1,38,38185,2,3,1,6,BOULEVARD AGUTTE SEMBAT,45,
2.023E+11,12,9,2023,08:45,1,38,38053,2,1,1,3,HERRIOT (EDOUARD),45,
2.023E+11,12,9,2023,19:10,1,37,37261,2,1,1,2,NAPOLEON (PONT),47,
2.023E+11,20,12,2023,10:07,1,75,75105,2,1,1,2,QUAI SAINT MICHEL,48,
2.023E+11,11,9,2023,14:00,1,37,37261,2,1,1,6,STRAUSS (RUE JOHANN),47,
2.023E+11,11,9,2023,18:30,1,35,35278,1,3,1,6,RD 82,48,
2.023E+11,11,9,2023,14:55,1,35,35238,2,2,1,3,GUYENNE (AVENUE DE),48,
2.023E+11,18,12,2023,21:50,5,75,75105,2,2,1,3,BOULEVARD DE PORT ROYAL,48,
2.023E+11,11,9,2023,12:00,1,35,35278,1,1,1,4,RD 29,48,
2.023E+11,11,9,2023,17:08,1,34,34032,2,1,1,3,PEZENAS (ROUTE DE),43,
2.023E+11,20,12,2023,14:10,1,75,75120,2,1,1,3,AVENUE DU PROFESSEUR ANDRE LEMIERE,48,
2.023E+11,11,9,2023,15:20,1,34,34003,2,1,1,3,MARCELLIN ALBERT (H15 A H16,43,
2.023E+11,12,9,2023,17:05,1,33,33192,2,1,3,4,Cours du Général de Gaulle,44,
2.023E+11,12,9,2023,16:40,1,33,33550,2,8,3,6,Route de Toulouse,44,
2.023E+11,11,9,2023,17:55,1,33,33167,2,1,1,6,Rue Jules Guesde,44,
2.023E+11,11,9,2023,09:45,1,33,33063,1,1,1,4,Boulevard des Frères Moga,44,
2.023E+11,20,12,2023,17:10,5,75,75119,2,3,1,6,RUE AUGUSTIN THIERRY,48,
2.023E+11,12,9,2023,19:55,2,32,32013,2,6,8,7,DARWIN,43,
2.023E+11,20,12,2023,16:53,2,75,75118,2,3,2,6,AVENUE DE SAINT OUEN,48,
2.023E+11,11,9,2023,13:03,1,31,31555,2,2,1,3,TUCAUT (CHE DE) DU 8AU 364,43,
2.023E+11,7,9,2023,08:03,1,30,30189,2,3,1,3,Rue Docteur Calmette,43,
2.023E+11,12,9,2023,20:15,1,29,29232,1,6,1,6,Rond-Point Gutenberg,47,
2.023E+11,20,12,2023,12:15,1,75,75116,2,3,1,2,RUE PERGOLESE,48,
2.023E+11,11,9,2023,14:00,1,29,29019,2,1,1,6,avenue de Tarente,48,
2.023E+11,7,9,2023,17:00,1,26,26198,2,1,1,6,Vieille Route du Teil,44,
2.023E+11,12,9,2023,21:00,5,25,25388,2,9,1,3,HOLLANDE (RUE DE LA PETITE),47,
2.023E+11,12,9,2023,10:20,1,25,25056,2,2,1,3,CHASNOT RUE DU,47,
2.023E+11,20,12,2023,13:10,1,75,75115,2,2,1,3,AVENUE DE SUFFREN,48,
2.023E+11,12,9,2023,14:57,1,22,22187,2,2,1,3,CHALUTIER SANS PITIE (Avenue du),48,
2.023E+11,12,9,2023,07:40,1,22,22278,2,9,1,6,FONTAINE-SAINT-BRIEUC (DE LA),48,
2.023E+11,20,12,2023,11:30,1,75,75115,2,3,1,6,RUE NANTEUIL,48,
2.023E+11,8,9,2023,16:25,1,19,19031,2,3,1,6,Boulevard Brune,45,
2.023E+11,7,9,2023,09:30,1,19,19031,2,3,1,3,RIBOT (AVENUE),45,
2.023E+11,8,9,2023,08:35,1,18,18033,2,6,1,6,49 Avenue des Frères Voisin,47,
2.023E+11,20,12,2023,10:50,1,75,75115,2,3,1,6,RUE DE DANTZIG,48,
2.023E+11,11,9,2023,11:50,1,17,17333,2,1,3,6,COTE DE BEAUTE (BOULEVARD),45,
2.023E+11,11,9,2023,23:30,5,13,13213,2,9,1,6,JEAN PAUL SARTRE (AVENUE),43,
2.023E+11,11,9,2023,15:00,1,13,13208,2,1,1,1,MADRAGUE DE MONTREDON (AVE DE LA) ,43,
2.023E+11,20,12,2023,00:09,5,75,75115,2,2,2,1,RUE DE VAUGIRARD,48,
2.023E+11,11,9,2023,16:00,1,13,13203,2,3,1,5,NATIONAL (BOULEVARD),43,
2.023E+11,11,9,2023,06:04,5,13,13207,2,1,1,6,RIVE NEUVE (QUAI),43,
2.023E+11,20,12,2023,18:50,5,75,75111,2,2,8,6,RUE DU FAUBOURG SAINT ANTOINE,48,
2.023E+11,6,8,2023,19:25,1,13,13028,1,1,1,2,BODIN (AVENUE EMILE),43,
2.023E+11,20,12,2023,18:00,5,75,75111,2,2,2,3,BOULEVARD RICHARD LENOIR,48,
2.023E+11,12,9,2023,08:00,1,13,13001,1,1,1,3,LOQUI (ROUTE DE),43,
2.023E+11,20,12,2023,16:20,1,75,75102,2,1,2,6,RUE DES JEUNEURS,48,
2.023E+11,11,9,2023,23:45,5,10,10343,2,1,1,7,SAPINS (AVENUE),48,
2.023E+11,11,9,2023,22:24,5,10,10387,2,1,1,6,MAJOR GENERAL VANIER (AVENUE),48,
2.023E+11,20,12,2023,14:35,1,75,75102,2,2,1,6,RUE DE TURBIGO,48,
2.023E+11,11,9,2023,20:08,5,10,10343,2,1,1,7,MICHEL BAROIN (RUE),48,
2.023E+11,9,9,2023,17:10,1,10,10387,2,1,1,2,GAMBETTA (RUE),48,
2.023E+11,15,12,2023,08:00,2,94,94046,2,1,1,3,Rue Victor Hugo,48,
2.023E+11,11,9,2023,17:30,1,9,9225,2,3,1,3,CORDELIERS RUE DES,43,
2.023E+11,20,12,2023,00:42,5,94,94076,2,2,2,2,Boulevard Maxime Gorki,48,
2.023E+11,11,9,2023,13:53,1,9,9122,2,1,1,6,LERIDA (AVENUE DE),42,
2.023E+11,19,12,2023,19:15,5,94,94028,2,1,2,6,Avenue du Maréchal Foch,48,
2.023E+11,12,9,2023,12:29,1,6,6088,2,9,1,1,REPUBLIQUE (AV. DE LA),43,
2.023E+11,20,12,2023,11:15,1,94,94022,2,2,1,3,Boulevard des Alliés,48,
2.023E+11,11,9,2023,09:40,1,6,6027,2,3,1,6,DELATTRE DE TASSIGNY AV DU MAL,43,
2.023E+11,20,12,2023,13:45,1,94,94018,2,3,1,3,37 Place Bobillot,48,
2.023E+11,12,9,2023,12:00,1,4,4112,2,1,1,6,GIONO (AV. J.),43,
2.023E+11,11,9,2023,15:05,1,3,3190,2,6,1,6,Rue Félix Mathé,46,
2.023E+11,20,12,2023,18:20,5,93,93073,2,5,2,2,Avenue Pasteur / Rue de l'Argonne,48,
2.023E+11,11,9,2023,08:10,1,1,1451,1,6,1,3,PARIS (ROUTE DE),46,
2.023E+11,11,9,2023,16:00,1,75,75112,2,1,1,2,PORTE DOREE,48,
2.023E+11,15,12,2023,23:45,5,93,93032,2,3,1,3,Rue Vaillant Couturier / Rue de l'Avenir,48,
2.023E+11,11,9,2023,01:20,5,75,75120,2,1,1,4,PORTE DE MONTREUIL,48,
2.023E+11,20,12,2023,08:10,1,93,93001,2,2,1,3,Boulevard Anatole France / Rue des Noyers,48,
2.023E+11,20,12,2023,11:02,1,92,92063,2,9,1,6,DOUMER (AVENUE PAUL) EST,48,
2.023E+11,12,9,2023,07:55,1,75,75105,2,3,1,3,QUAI SAINT MICHEL,48,
2.023E+11,20,12,2023,08:14,2,92,92026,2,6,1,3,JEAN MERMOZ (SQUARE ET PLACE),48,
2.023E+11,12,9,2023,18:00,1,75,75116,2,3,2,3,AVENUE DE LA PORTE DE SAINT CLOUD,48,
2.023E+11,12,9,2023,14:30,1,75,75115,2,7,2,2,PLACE DES INSURGES DE VARSOVIE,48,
2.023E+11,19,12,2023,19:27,5,92,92025,2,2,1,3,PAUL BERT (RUE),48,
2.023E+11,12,9,2023,10:00,1,75,75115,2,2,1,3,RUE VIGEE LEBRUN,48,
2.023E+11,20,12,2023,16:25,1,92,92009,2,3,8,3,EUROPE (AVENUE),48,
2.023E+11,12,9,2023,16:20,1,75,75114,2,3,2,6,AVENUE DU GENERAL LECLERC,48,
2.023E+11,20,12,2023,13:54,1,92,92004,2,1,2,3,DOCTEUR DERVAUX  ( QUAI DU ),48,
2.023E+11,12,9,2023,13:09,1,75,75114,2,3,3,3,AVENUE DU GENERAL LECLERC,48,
2.023E+11,18,12,2023,09:00,1,33,33334,2,8,5,3,passage à niveau 28 Route de Rapin,44,
2.023E+11,12,9,2023,04:58,5,75,75114,2,7,1,5,PLACE VICTOR BASCH,48,
2.023E+11,20,12,2023,14:40,1,51,51217,2,2,2,3,Rue Gambetta,49,
2.023E+11,12,9,2023,18:30,1,75,75114,2,1,8,3,RUE BOISSONADE,48,
2.023E+11,21,12,2023,13:50,1,972,97227,1,1,1,1,RN5,,
2.023E+11,12,9,2023,11:55,1,75,75113,2,3,2,2,RUE DES PEUPLIERS,48,
2.023E+11,12,9,2023,11:50,1,75,75112,2,2,3,1,QUAI DE LA RAPEE,48,
2.023E+11,19,12,2023,18:45,3,50,50592,2,1,2,1,9 route de pont-farcy,48,
2.023E+11,11,9,2023,19:00,1,75,75112,2,2,1,1,CARREFOUR DE PATTE D OIE,48,
2.023E+11,20,12,2023,19:15,3,35,35193,1,1,2,6,D82,48,
2.023E+11,12,9,2023,02:58,5,75,75111,2,5,1,3,AVENUE LEDRU ROLLIN,48,
2.023E+11,12,9,2023,18:30,1,75,75108,2,2,2,3,RUE LA BOETIE,48,
2.023E+11,20,12,2023,14:05,1,51,51422,1,4,1,1,D980,49,
2.023E+11,12,9,2023,17:00,1,75,75108,2,3,2,3,AVENUE CESAR CAIRE,48,
2.023E+11,20,12,2023,17:15,1,56,56051,1,1,1,1,bellevue,47,
2.023E+11,12,9,2023,11:30,1,75,75108,2,3,1,6,RUE DE LISBONNE,48,
2.023E+11,21,12,2023,13:20,1,89,89464,1,1,2,1,RD 606,48,
2.023E+11,11,9,2023,10:38,1,75,75107,2,5,1,6,AVENUE BOSQUET,48,
2.023E+11,12,9,2023,18:20,1,75,75104,2,2,8,2,RUE DE RIVOLI,48,
2.023E+11,2,9,2023,00:20,5,94,94058,2,2,1,1,Avenue du Général de Gaulle,48,
2.023E+11,21,12,2023,07:35,2,55,55470,1,2,2,3,D635,48,
2.023E+11,11,9,2023,17:00,1,94,94043,2,1,1,6,20 Avenue de Fontainebleau,48,
2.023E+11,19,12,2023,19:10,3,49,49180,1,2,1,3,D214,47,
2.023E+11,12,9,2023,14:40,1,94,94038,2,2,2,3,Rue de Chevilly,48,
2.023E+11,21,12,2023,05:50,3,47,47228,1,1,2,6,N21,44,
2.023E+11,12,9,2023,14:20,1,94,94028,2,2,3,6,Rue Juliette Savar,48,
2.023E+11,20,12,2023,16:15,1,47,47069,1,1,1,1,D125,44,
2.023E+11,12,9,2023,13:10,1,94,94028,2,1,2,3,Avenue de la Brèche,48,