Num_Acc,jour,mois,an,hrmn,lum,dep,com,agg,int,atm,col,adr,lat,long
2.023E+11,8,3,2023,20:20,5,94,94041,2,1,2,1,Rue Barbès,48,
2.023E+11,5,8,2023,22:05,3,39,39019,1,2,1,3,N/A,46,
2.023E+11,15,11,2023,07:40,1,75,75115,2,2,1,7,AVENUE DE SUFFREN,48,
2.023E+11,26,1,2023,18:20,5,13,13208,2,1,1,6,PARADIS (RUE),43,
2.023E+11,8,3,2023,17:10,1,94,94041,2,1,2,6,Avenue Maurice Thorez,48,
2.023E+11,27,5,2023,16:15,1,92,92044,2,2,1,3,TREZEL(RUE)15A29 ET 12A24,48,
2.023E+11,15,11,2023,14:15,1,75,75114,2,1,1,6,BOULEVARD JOURDAN,48,
2.023E+11,26,1,2023,12:10,1,13,13215,2,1,1,1,FORTUNÉ CHAILLAN (RUE),43,
2.023E+11,9,3,2023,16:45,1,94,94048,2,2,2,3,Avenue de la Belle Image / Rue des Orfevres,48,
2.023E+11,6,8,2023,16:10,1,25,25074,1,1,2,1,pk 2 D41,47,
2.023E+11,27,5,2023,15:49,1,92,92025,2,1,1,6,BELLEVUE (RUE DE),48,
2.023E+11,26,1,2023,22:05,5,13,13004,2,1,1,2,RUE GAMBETTA,43,
2.023E+11,14,11,2023,20:05,5,75,75104,2,3,8,3,BOULEVARD BEAUMARCHAIS,48,
2.023E+11,9,3,2023,13:30,1,93,93066,2,7,1,6,Place Stéphane Mallarme,48,
2.023E+11,5,8,2023,18:05,1,25,25403,1,4,1,7,Le Rondot,47,
2.023E+11,26,5,2023,23:48,5,92,92007,2,2,1,7,PETIT (AVENUE ALBERT) N° 39 A FIN,48,
2.023E+11,25,1,2023,22:45,3,11,11069,1,1,1,2,ROCADE NORD - RD 6113,43,
2.023E+11,15,11,2023,18:10,5,75,75109,2,1,1,6,RUE DE CHATEAUDUN,48,
2.023E+11,4,8,2023,05:00,3,25,25162,1,1,1,6,Rue de Saint Vit,47,
2.023E+11,9,3,2023,18:30,2,93,93046,2,2,2,6,Av du Consul General Nordling / Av du Pdt J Fitzgerald Kennedy,48,
2.023E+11,26,1,2023,07:57,5,10,10387,2,1,9,6,GEORGES POMPIDOU (RUE),48,
2.023E+11,28,5,2023,16:00,1,2A,2A348,2,1,1,2,Route Départementale 70,42,
2.023E+11,15,11,2023,09:25,1,75,75107,2,2,1,3,QUAI D ORSAY,48,
2.023E+11,4,8,2023,23:00,5,44,44018,2,6,1,2,68bis Rue de Nantes,47,
2.023E+11,25,1,2023,14:40,1,10,10387,2,2,1,3,PAIX (RUE DE LA),48,
2.023E+11,9,3,2023,00:20,5,93,93074,2,1,2,2,Rue de Meaux,48,
2.023E+11,27,5,2023,20:50,2,1,1045,1,2,1,3,D2,45,
2.023E+11,25,1,2023,10:54,1,10,10387,2,1,8,6,EMILE ZOLA (RUE),48,
2.023E+11,15,11,2023,07:40,1,75,75104,2,2,1,6,RUE SAINT ANTOINE,48,
2.023E+11,9,3,2023,18:05,5,93,93061,2,2,3,6,Avenue du Bélvédère / Avenue René Fonck,48,
2.023E+11,5,8,2023,11:00,1,44,44029,1,2,2,3,6bis l’esperance,47,
2.023E+11,26,1,2023,21:57,5,6,6088,2,1,1,6,MASSENA (PLACE),43,
2.023E+11,28,5,2023,17:30,1,86,86096,2,1,1,7,Rue de la Garenne,46,
2.023E+11,4,8,2023,19:12,1,44,44087,1,1,1,6,N/A,47,
2.023E+11,9,3,2023,21:05,5,93,93027,2,2,3,6,Avenue Marcel Cachin / Rue Chabrol,48,
2.023E+11,26,1,2023,16:15,1,75,75113,2,4,2,3,QUAI D IVRY,48,
2.023E+11,14,11,2023,22:01,5,94,94068,2,2,2,3,Avenue Pierre Semard,48,
2.023E+11,5,8,2023,18:30,1,44,44015,1,1,1,1,la Havardais,47,
2.023E+11,28,5,2023,02:50,3,85,85223,1,1,1,6,Autoroute A83,,
2.023E+11,9,3,2023,08:10,1,92,92072,2,1,1,1,GRANDE RUE,48,
2.023E+11,24,1,2023,22:30,5,75,75120,2,1,1,3,PORTE DE BAGNOLET,48,
2.023E+11,14,11,2023,19:10,5,94,94015,2,1,2,1,Quai Louis Ferber,48,
2.023E+11,23,1,2023,12:35,1,75,75116,2,1,1,3,PORTE DE PASSY,48,
2.023E+11,8,3,2023,12:30,1,92,92072,2,1,2,2,GRANDE RUE,48,
2.023E+11,28,5,2023,07:35,1,2,2776,1,1,1,2,A26,50,
2.023E+11,4,8,2023,19:00,2,35,35263,1,3,1,2,La petite vallée,48,
2.023E+11,9,3,2023,20:25,5,92,92064,2,4,1,6,DAILLY,48,
2.023E+11,5,8,2023,12:15,1,29,29277,2,1,2,7,Route de Locmélar,48,
2.023E+11,15,11,2023,09:01,1,94,94016,2,4,1,2,Rue Gabriel Péri,48,
2.023E+11,25,1,2023,16:42,1,75,75112,2,1,1,6,AVENUE DAUMESNIL,48,
2.023E+11,28,5,2023,10:11,1,68,68188,1,1,1,2,D430,47,
2.023E+11,5,8,2023,21:15,1,29,29018,1,1,1,7,Route de Ty ar Boudiged,48,
2.023E+11,26,1,2023,22:20,5,75,75119,2,3,8,6,AVENUE JEAN JAURES,48,
2.023E+11,27,5,2023,13:30,1,972,97221,2,1,1,6,Quartier Medecin,14,
2.023E+11,13,11,2023,07:30,2,94,94041,2,1,2,2,MAURICE GUNSBOURG (R),48,
2.023E+11,9,3,2023,17:21,1,92,92050,2,1,2,3,CLEMENCEAU GEORGES AVENUE N° PAIR,48,
2.023E+11,7,8,2023,15:00,1,31,31576,1,1,1,6,D16,43,
2.023E+11,26,1,2023,08:25,1,75,75119,2,7,2,6,PLACE AUGUSTE BARON,48,
2.023E+11,15,11,2023,13:20,1,94,94034,2,1,1,3,49 Boulevard Pasteur,48,
2.023E+11,9,3,2023,07:35,1,92,92050,2,1,8,6,REPUBLIQUE AVENUE DE LA,48,
2.023E+11,28,5,2023,11:45,1,28,28158,1,1,1,3,D921,48,
2.023E+11,26,1,2023,15:15,1,75,75115,2,3,2,6,RUE DE LA FEDERATION,48,
2.023E+11,15,11,2023,10:20,1,93,93049,2,1,1,6,Avenue Georges Clémenceau,48,
2.023E+11,26,1,2023,17:05,5,75,75110,2,1,2,6,RUE DU FAUBOURG DU TEMPLE,48,
2.023E+11,8,3,2023,18:00,1,92,92036,2,2,2,1,LOUIS ROCHE (AVENUE) (1/45),48,
2.023E+11,26,5,2023,16:45,1,28,28006,1,3,1,3,D923,48,
2.023E+11,26,1,2023,20:30,5,75,75103,2,3,2,3,BOULEVARD BEAUMARCHAIS,48,
2.023E+11,9,3,2023,06:44,5,92,92012,2,2,1,3,ANATOLE FRANCE (BOULEVARD) 1/4BIS,48,
2.023E+11,28,5,2023,05:30,2,51,51203,1,1,1,6,D977,49,
2.023E+11,15,11,2023,16:30,1,93,93046,2,2,1,3,Allée Danton / Avenue Gambetta,48,
2.023E+11,26,1,2023,16:40,1,94,94081,2,3,8,3,Avenue Lucien Français,48,
2.023E+11,10,3,2023,02:05,3,62,62149,1,1,2,7,D206,50,
2.023E+11,26,1,2023,07:00,5,94,94074,2,1,8,6,Avenue de la Plage Bleue,48,
2.023E+11,15,11,2023,14:37,1,93,93063,2,3,1,6,Rue Vassou / Avenue Lénine,48,
2.023E+11,7,3,2023,17:40,2,972,97223,2,4,1,1,Route départementale 6,14,
2.023E+11,26,1,2023,07:30,2,93,93049,2,2,2,6,HUIT MAI 1945 (AV DU),48,
2.023E+11,28,5,2023,14:50,1,68,68106,1,1,1,7,D431,47,
2.023E+11,10,3,2023,07:10,1,972,97227,2,1,1,6,Rue Jules Ferry,14,
2.023E+11,15,11,2023,12:56,1,93,93031,2,2,1,3,Avenue de la République / Rue Claude Debussy,48,
2.023E+11,26,1,2023,15:20,1,94,94038,2,3,2,6,Rue Paul Hochart,48,
2.023E+11,8,3,2023,19:45,3,35,35152,1,1,3,3,A84,48,
2.023E+11,27,5,2023,18:40,1,71,71456,1,1,1,1,D139,46,
2.023E+11,25,1,2023,14:13,1,94,94028,2,1,1,6,Avenue de la Pompadour,48,
2.023E+11,15,11,2023,09:00,1,92,92020,2,6,1,3,REPUBLIQUE AV. N°27 A 105 ET 26 A 178,48,
2.023E+11,26,1,2023,13:45,1,94,94077,2,1,2,6,136 Avenue de la République,48,
2.023E+11,27,5,2023,19:35,1,38,38342,1,1,1,7,RD 1075,,
2.023E+11,26,1,2023,17:23,2,93,93073,2,2,2,3,Avenue Lavoisier / Avenue Gilbert Berger,48,
2.023E+11,14,11,2023,19:47,3,92,92035,2,3,1,3,National ( boulevard ),48,
2.023E+11,9,3,2023,12:40,1,62,62422,2,5,1,6,D27,50,
2.023E+11,26,1,2023,16:45,1,93,93078,2,1,2,3,Allee Louis Breguet,48,
2.023E+11,14,11,2023,10:30,1,92,92035,2,2,2,3,National ( boulevard ),48,
2.023E+11,28,5,2023,16:30,1,22,22175,1,2,7,3,D52,48,
2.023E+11,26,1,2023,12:45,1,93,93078,2,2,2,3,Avenue Georges Clémenceau / Avenue Charles de Gaulle,48,
2.023E+11,15,11,2023,19:35,5,92,92023,2,2,1,3,PASTEUR (RUE),48,
2.023E+11,10,3,2023,00:00,3,30,30117,1,1,5,7,departementale 6113,43,
2.023E+11,26,1,2023,17:25,1,93,93066,2,1,2,6,Avenue Romain Rolland,48,
2.023E+11,26,5,2023,14:20,1,34,34270,2,2,1,3,21 Rue des Coteaux,43,
2.023E+11,5,3,2023,16:30,1,30,30060,2,6,1,7,D135,43,
2.023E+11,15,11,2023,19:10,5,92,92012,2,1,1,6,JEAN JAURES (BOULEVARD) 1/61 - COTE IMPA,48,
2.023E+11,26,1,2023,18:25,3,93,93048,2,3,2,3,Avenue de la Résistance / Rue de la Beaune,48,
2.023E+11,9,3,2023,19:20,3,51,51625,1,1,3,3,D934,48,
2.023E+11,27,5,2023,11:30,1,83,83087,2,1,1,2,Route de Brignoles,43,
2.023E+11,26,1,2023,07:55,2,93,93006,2,2,1,3,Avenue de Stalingrad / Rue Jeanne Hornet,48,
2.023E+11,9,3,2023,11:10,1,19,19055,1,1,2,6,Chez Durieux,45,
2.023E+11,16,11,2023,11:50,1,976,97610,1,1,2,1,route nationale 1,-12,
2.023E+11,10,3,2023,13:40,1,65,65128,1,1,1,6,D41,43,
2.023E+11,8,5,2023,22:00,3,83,83096,1,1,1,1,Dn7,43,
2.023E+11,25,1,2023,21:40,5,93,93047,2,2,1,3,Avenue Denis Papin / Avenue Pascal,48,
2.023E+11,16,11,2023,06:40,3,8,8339,1,1,2,6,N/A,49,
2.023E+11,27,5,2023,15:05,1,62,62080,2,1,1,6,Rue de Douai,50,
2.023E+11,9,3,2023,10:30,1,11,11304,1,1,1,1,,42,
2.023E+11,26,1,2023,09:30,1,93,93010,2,1,2,2,Avenue Galliéni,48,
2.023E+11,9,3,2023,16:29,1,63,63432,2,1,2,6,3 Rue de la Croix Blanche,45,
2.023E+11,26,1,2023,13:40,1,93,93008,2,2,2,3,Rue de Paris / Route de Noisy,48,
2.023E+11,15,11,2023,18:50,5,86,86272,1,2,2,3,D14,46,
2.023E+11,26,5,2023,13:55,1,51,51409,1,2,1,2,D977,48,
2.023E+11,10,3,2023,14:45,1,41,41049,1,1,2,1,D956,47,
2.023E+11,26,1,2023,10:40,1,93,93001,2,9,2,3,Avenue Jean Jaurès,48,
2.023E+11,27,5,2023,17:30,1,56,56052,2,1,1,6,Rue Gohec,47,
2.023E+11,27,1,2023,14:50,1,21,21021,1,9,1,6,A31,47,
2.023E+11,10,3,2023,10:25,1,34,34130,1,2,6,3,D909,43,
2.023E+11,15,11,2023,18:00,2,43,43117,1,2,1,5,RN 102,45,
2.023E+11,27,5,2023,04:50,3,11,11262,1,1,1,6,,43,
2.023E+11,26,1,2023,20:10,3,37,37261,1,4,2,2,Bretelle d'entrée A10,47,
2.023E+11,8,3,2023,15:40,1,68,68138,2,2,2,3,7 Rue de Bettendorf,47,
2.023E+11,26,1,2023,19:30,3,51,51527,1,1,8,1,D28,49,
2.023E+11,28,5,2023,07:00,1,63,63283,1,1,5,6,D941,45,
2.023E+11,15,11,2023,18:50,5,68,68145,2,1,1,3,38 Grand'Rue,48,
2.023E+11,26,1,2023,11:15,1,2B,2B218,1,1,1,6,T50,42,
2.023E+11,9,3,2023,12:30,1,22,22366,2,1,2,6,Rue Beaumanoir,48,
2.023E+11,26,1,2023,20:55,5,2B,2B050,1,1,1,7,Route de l?Aeroport,42,
2.023E+11,15,11,2023,18:35,3,974,97404,1,6,1,7,Avenue de l'Océan,-21,
2.023E+11,28,5,2023,10:45,1,63,63239,2,1,1,3,départemental 9,45,
2.023E+11,10,3,2023,12:30,1,22,22147,2,1,1,1,27 Rue Philippe Lemercier,48,
2.023E+11,27,5,2023,18:10,1,61,61309,1,1,1,6,D920,48,
2.023E+11,14,11,2023,06:50,1,972,97227,1,1,1,6,Les Coteaux,14,
2.023E+11,27,1,2023,04:40,4,63,63073,1,1,4,7,D23,45,
2.023E+11,9,3,2023,11:45,1,35,35068,2,1,2,1,Rue de Vitré,48,
2.023E+11,29,10,2023,13:00,1,51,51029,2,1,1,7,route départementale 9,,
2.023E+11,28,5,2023,05:50,3,49,49125,2,4,1,7,Boulevard jacques savary,47,
2.023E+11,26,1,2023,18:00,2,47,47100,2,1,1,6,Avenue de la Candélie,44,
2.023E+11,15,11,2023,17:20,2,56,56193,1,1,2,6,route de merlevenez,47,
2.023E+11,20,1,2023,18:40,3,34,34028,2,1,4,7,352 Impasse Rouanels,43,
2.023E+11,29,10,2023,12:30,1,2A,2A017,1,1,1,6,D81,42,
2.023E+11,20,1,2023,08:05,1,44,44084,2,1,8,6,29 Rue du Fresne,47,
2.023E+11,9,3,2023,18:20,1,35,35299,1,1,2,5,29 route de saint-malo,48,
2.023E+11,27,5,2023,20:55,2,12,12182,1,1,1,6,Le Truel,44,
2.023E+11,18,1,2023,22:51,3,44,44192,1,1,1,7,1 Les Breteches,47,
2.023E+11,27,5,2023,01:55,3,47,47119,1,1,1,6,Larché,44,
2.023E+11,10,3,2023,11:45,1,58,58079,1,1,8,2,N151,47,
2.023E+11,26,1,2023,10:50,1,29,29062,1,1,1,6,Penc?hoad,48,
2.023E+11,10,11,2023,14:40,1,32,32256,2,1,3,1,Boulevard Alsace Lorraine,43,
2.023E+11,10,3,2023,12:37,1,58,58122,1,1,6,6,D1,47,
2.023E+11,27,1,2023,05:30,4,3,3223,2,4,5,3,Place de la Bruyère,46,
2.023E+11,27,5,2023,15:20,1,41,41296,1,2,1,3,Route C2,47,
2.023E+11,16,11,2023,16:40,1,89,89276,1,1,2,1,Route Nationale 77,48,
2.023E+11,10,3,2023,12:25,1,6,6059,1,1,1,3,676 Avenue Georges Clemenceau,43,
2.023E+11,13,11,2023,16:00,1,49,49339,1,1,2,6,Chemin rural des Palluaux,47,
2.023E+11,26,5,2023,11:20,1,34,34194,2,3,1,3,70 Cours National,43,
2.023E+11,25,1,2023,07:35,3,1,1258,1,2,1,3,D17,46,
2.023E+11,8,3,2023,09:45,1,60,60577,2,1,1,1,Chemin du Grand Pre,49,
2.023E+11,25,1,2023,14:15,1,58,58250,1,1,1,6,D34,46,
2.023E+11,28,5,2023,16:00,1,34,34036,2,1,1,6,6 route du Bosc,43,
2.023E+11,15,11,2023,07:50,2,12,12288,1,3,8,3,D840,44,
2.023E+11,1,1,2023,07:15,3,14,14290,2,1,1,6,D132,49,
2.023E+11,7,3,2023,11:40,1,18,18223,1,1,1,2,Route de Méry Es Bois,47,
2.023E+11,28,5,2023,09:00,1,39,39478,2,1,1,6,Avenue de la Libération,46,
2.023E+11,27,1,2023,17:00,1,18,18242,1,1,1,1,,46,
2.023E+11,5,3,2023,21:30,3,16,16082,2,1,1,6,D19,45,
2.023E+11,27,5,2023,13:10,1,39,39510,1,1,1,6,N/A,46,
2.023E+11,15,11,2023,20:00,3,47,47173,1,4,1,1,RD 667,44,
2.023E+11,26,1,2023,16:20,1,10,10401,2,4,1,3,Rue de la Promenade du Parc,48,
2.023E+11,18,5,2023,08:15,2,39,39510,1,1,1,6,N/A,46,
2.023E+11,16,11,2023,09:45,1,34,34142,1,1,1,7,Lodève,43,
2.023E+11,9,3,2023,16:25,1,21,21479,1,1,7,1,D6 PK 22+250,47,
2.023E+11,26,1,2023,17:05,2,21,21154,2,1,8,6,Rue de la Libération,47,
2.023E+11,27,1,2023,13:15,1,85,85289,1,1,1,7,RD49 ,46,
2.023E+11,10,11,2023,07:35,2,35,35069,2,1,2,6,D92,48,
2.023E+11,27,1,2023,12:50,1,87,87097,1,1,2,1,D62,46,
2.023E+11,9,3,2023,18:50,2,85,85172,1,2,1,1,Route des birollières,46,
2.023E+11,15,11,2023,22:00,3,35,35284,1,1,2,6,Departemantal 137,48,
2.023E+11,26,1,2023,14:07,1,34,34255,2,1,1,6,4 Avenue du Clapas,43,
2.023E+11,27,5,2023,10:50,1,38,38257,1,6,1,3,D520,45,
2.023E+11,9,3,2023,23:15,3,27,27243,1,1,8,7,CD 180,49,
2.023E+11,17,1,2023,14:45,1,53,53267,1,1,8,7,A81,48,
2.023E+11,15,11,2023,14:00,1,35,35243,1,1,1,1,La Renaudière,48,
2.023E+11,27,1,2023,07:20,2,6,6088,1,1,1,6,A8,,
2.023E+11,28,5,2023,11:47,1,2,2382,1,1,1,3,N/A,49,
2.023E+11,8,3,2023,22:10,3,28,28098,1,2,3,3,D308.4,48,
2.023E+11,19,1,2023,07:10,3,64,64545,1,1,4,6,A63,43,
2.023E+11,27,5,2023,21:15,2,72,72150,1,1,1,7,lieu dit la foucaudiere,48,
2.023E+11,15,11,2023,19:22,3,38,38297,1,2,1,3,Route d'1075 (arandon),45,
2.023E+11,9,3,2023,18:05,1,37,37083,2,2,3,1,Rue de la Tuilerie,47,
2.023E+11,27,5,2023,02:45,3,14,14098,1,1,1,6,680 Rue de la Guinguette,49,
2.023E+11,18,1,2023,20:05,3,64,64038,1,1,4,5,autoroute A63,43,
2.023E+11,15,11,2023,15:40,1,14,14143,1,1,8,1,Route de Caen (Caumont-l'Éventé),49,
2.023E+11,27,1,2023,12:10,1,60,60281,1,1,1,2,,49,
2.023E+11,9,3,2023,11:34,1,13,13044,1,9,1,3,D69,43,
2.023E+11,28,5,2023,16:18,1,18,18082,1,1,1,3,,46,
2.023E+11,26,1,2023,10:30,1,987,98749,2,9,1,7,village,-14,
2.023E+11,16,11,2023,10:00,1,7,7288,1,1,1,1,RD104,44,
2.023E+11,25,1,2023,07:30,1,974,97410,1,1,3,1,RN3,-21,
2.023E+11,16,11,2023,06:40,3,28,28298,1,1,3,7,D136.5,48,
2.023E+11,26,5,2023,19:40,1,10,10268,1,1,1,3,D54,48,
2.023E+11,10,3,2023,07:45,1,86,86297,1,2,6,4,RD12,46,
2.023E+11,18,1,2023,17:45,1,978,97801,2,1,1,1,R DU SOLEIL LEVANT,18,
2.023E+11,28,5,2023,15:45,1,10,10221,1,1,1,6,D400,48,
2.023E+11,15,11,2023,10:30,1,17,17003,1,6,1,2,D939,46,
2.023E+11,9,3,2023,17:10,1,38,38343,1,1,1,6,A43 aire du guiers,45,
2.023E+11,20,1,2023,10:15,1,78,78416,1,1,4,6,Rue de l'Eglise,49,
2.023E+11,14,11,2023,11:30,1,8,8383,1,1,3,7,D946,49,
2.023E+11,26,1,2023,14:10,1,66,66065,2,3,6,6,,42,
2.023E+11,28,5,2023,04:23,3,36,36053,1,1,1,6,,46,
2.023E+11,10,3,2023,09:30,1,988,98817,1,1,1,1,RPS3 - Pont de la Rivière des Pirogues,-22,
2.023E+11,16,11,2023,08:40,1,13,13008,1,1,2,1,D16,43,
2.023E+11,20,1,2023,08:00,1,34,34052,1,1,1,1,D16,43,
2.023E+11,17,1,2023,15:15,1,83,83086,1,1,1,7,Route Nd7,43,
2.023E+11,6,3,2023,15:20,1,971,97118,1,9,1,3,Route de la Traversee,16,
2.023E+11,28,5,2023,00:20,5,21,21347,1,2,1,1,Rue des Bonnes Filles,46,
2.023E+11,16,11,2023,01:00,3,11,11322,1,9,1,3,A9 - PK 212+200 - Sens France / Espagne,42,
2.023E+11,27,1,2023,08:50,1,13,13041,2,9,1,6,Boulevard Victor Hugo,43,
2.023E+11,14,11,2023,06:20,2,38,38343,1,1,2,2,A43 ; PK0665+400,45,
2.023E+11,27,1,2023,07:00,5,38,38087,2,2,1,3,Route de Givors,45,
2.023E+11,6,3,2023,13:45,1,66,66171,2,3,1,3,Rue Paul Eluard,42,
2.023E+11,28,5,2023,16:15,1,24,24528,1,1,1,1,La pouyade,45,
2.023E+11,26,1,2023,17:05,1,32,32312,1,1,2,6,D626,43,
2.023E+11,3,3,2023,08:25,1,84,84003,2,1,1,6,Place de la Bouquerie,43,
2.023E+11,16,11,2023,07:20,3,27,27697,1,1,3,2,A13,49,
2.023E+11,28,5,2023,14:58,1,4,4107,1,1,1,7,route départementale 17,43,
2.023E+11,26,1,2023,11:20,1,22,22086,1,1,1,2,D7,48,
2.023E+11,9,3,2023,20:50,5,83,83099,1,6,1,2,Dn7,43,
2.023E+11,27,5,2023,18:40,1,4,4084,1,1,1,6,D907,43,
2.023E+11,27,1,2023,14:00,1,59,59120,2,3,1,6,1749 route de strazeele,50,
2.023E+11,15,11,2023,20:10,3,84,84129,1,1,1,5,Autoroute A7,43,
2.023E+11,27,5,2023,18:56,1,85,85101,1,1,1,1,les chaponnières,46,
2.023E+11,27,1,2023,07:20,3,59,59366,1,1,1,1,D642,50,
2.023E+11,15,11,2023,18:35,5,971,97117,1,1,1,1,4231 Route de Cocoyer,16,
2.023E+11,9,3,2023,17:18,1,38,38474,1,1,1,2,Route de Villard de Lans,45,
2.023E+11,26,1,2023,08:30,1,13,13106,1,1,1,2,A7-Sens Lyon vers Marseille,43,
2.023E+11,9,3,2023,20:30,3,26,26038,1,1,1,6,Route de Chateauneuf,45,
2.023E+11,28,5,2023,12:00,1,37,37028,1,2,1,3,D725,46,
2.023E+11,15,11,2023,18:55,3,84,84067,2,1,1,2,1469 route de carpentras,44,
2.023E+11,25,1,2023,07:30,2,13,13215,1,1,1,2,A7-Sens Lyon vers Marseille,43,
2.023E+11,10,3,2023,15:20,1,26,26220,2,9,1,1,69 Route de Montelimar,44,
2.023E+11,28,5,2023,04:00,3,37,37231,2,1,1,6,La Roche Racan,47,
2.023E+11,26,1,2023,17:45,5,94,94034,1,1,2,2,A86,48,
2.023E+11,26,5,2023,17:01,1,88,88075,1,1,1,7,Route des Crètes,48,
2.023E+11,15,11,2023,11:40,1,73,73030,2,1,1,6,Rue jean baptiste Doncieu de la bathie,45,
2.023E+11,8,3,2023,09:50,1,26,26170,1,2,1,3,Route Departementale 68,44,
2.023E+11,26,1,2023,10:15,1,91,91286,1,1,8,4,AUTOROUTE A6,48,
2.023E+11,26,5,2023,07:50,1,44,44026,1,1,1,7,,47,
2.023E+11,16,11,2023,15:54,1,42,42149,2,2,1,6,Avenue des Sources,45,
2.023E+11,26,1,2023,10:10,1,91,91340,1,1,1,3,AUTOROUTE A6,48,
2.023E+11,28,5,2023,11:50,1,11,11262,1,1,1,6,Route de Montfort,43,
2.023E+11,9,3,2023,15:09,1,22,22070,2,2,2,3,Avenue John Fitzgerald Kennedy,48,
2.023E+11,26,1,2023,12:00,1,92,92047,1,1,2,3,A13,48,
2.023E+11,15,11,2023,17:00,1,19,19146,1,1,1,2,avenue des résistants,45,
2.023E+11,10,3,2023,19:25,3,60,60454,1,1,1,6,D55,49,
2.023E+11,28,5,2023,05:45,1,971,97126,2,2,1,3,Rue Michel Sanctussy,15,
2.023E+11,25,1,2023,04:10,3,78,78423,1,1,1,2,N12W,48,
2.023E+11,26,1,2023,14:20,1,95,95018,1,1,1,6,A15,48,
2.023E+11,27,5,2023,19:40,1,45,45212,1,1,1,6,D117 PR 6 + 745,47,
2.023E+11,25,1,2023,20:30,5,95,95212,1,1,1,3, A1,49,
2.023E+11,9,3,2023,16:00,1,59,59497,1,2,2,7,1 rue du mont d'hiver,50,
2.023E+11,26,1,2023,07:15,2,95,95527,1,1,5,6,A1,49,
2.023E+11,28,5,2023,05:43,2,77,77272,1,1,1,6,D619,48,
2.023E+11,15,11,2023,10:40,1,17,17119,1,2,2,3,D17,45,
2.023E+11,26,1,2023,05:10,3,95,95582,1,1,8,6, A15,48,
2.023E+11,8,3,2023,10:10,1,86,86194,2,7,2,6,Rue de la Vallée Monnaie,46,
2.023E+11,25,1,2023,12:30,1,95,95572,1,1,2,6,A15,49,
2.023E+11,27,5,2023,04:40,3,34,34058,2,1,1,6,Esplanade Georges Frêche,43,
2.023E+11,8,3,2023,14:45,1,24,24037,2,7,1,6,GAMBETTA (PLACE),44,
2.023E+11,12,11,2023,07:25,2,33,33272,1,1,2,1,RD18,45,
2.023E+11,25,1,2023,12:00,1,93,93027,1,1,1,6,AUTOROUTE A1,48,
2.023E+11,7,3,2023,20:15,5,72,72181,2,1,1,6,CUGNOT NICOLAS (BD),47,
2.023E+11,25,1,2023,07:25,2,95,95018,1,1,8,6,A15,48,
2.023E+11,27,5,2023,17:30,1,83,83112,1,3,1,3,2582 Route de la Cadiere,43,
2.023E+11,7,3,2023,17:30,1,27,27229,2,1,1,6,HUGO (RUE VICTOR),49,
2.023E+11,4,11,2023,08:50,1,29,29042,1,1,3,2,route de Crozon,48,
2.023E+11,25,1,2023,23:38,3,94,94022,1,1,1,4,A86,48,
2.023E+11,27,5,2023,20:40,1,8,8316,2,1,1,7,33 Rue Pierre Delmont,49,
2.023E+11,6,3,2023,11:49,1,77,77053,2,1,1,6,RUE GUSTAVE EIFFEL,48,
2.023E+11,25,1,2023,18:00,3,94,94069,1,1,5,3,A86,48,
2.023E+11,15,11,2023,09:10,1,69,69091,1,1,1,2,Autoroute 47,45,
2.023E+11,28,5,2023,02:20,5,68,68262,2,1,1,6,15 Route Nationale,47,
2.023E+11,8,3,2023,16:20,1,973,97302,2,1,1,3,MONTABO (ROUTE DE) 1,4,
2.023E+11,25,1,2023,08:15,5,62,62826,2,2,8,6,allee,50,
2.023E+11,8,3,2023,15:20,1,973,97302,2,1,1,6,CABASSOU (ROUTE DE),4,
2.023E+11,24,1,2023,14:50,1,33,33119,2,2,8,6,Avenue Jean Zay,44,
2.023E+11,27,5,2023,19:15,1,57,57482,1,3,1,1,D4,49,
2.023E+11,23,1,2023,15:10,1,29,29019,2,1,1,6,rue de Kermenguy,48,
2.023E+11,8,3,2023,05:30,2,972,97213,2,3,1,3,ROUTE DEPARTEMENTALE 3,14,
2.023E+11,23,1,2023,04:30,3,974,97416,2,1,8,6,ENTRE DEUX(route de l'),-21,
2.023E+11,28,5,2023,07:35,1,73,73316,1,3,1,6,D925,45,
2.023E+11,8,3,2023,00:40,5,972,97209,1,9,1,3,RD 41,14,
2.023E+11,25,1,2023,12:00,1,974,97411,2,3,2,3,TOURETTE (RUE),-20,
2.023E+11,13,11,2023,07:30,1,54,54312,1,1,8,5,Autoroute A 31,48,
2.023E+11,27,5,2023,09:45,1,38,38236,2,3,1,7,Chemin du Verney,45,
2.023E+11,8,3,2023,09:55,1,69,69389,2,3,8,6,Avenue de Champagne,45,
2.023E+11,23,1,2023,11:20,1,974,97411,2,9,2,3,LECONTE DE LISLE (AVENUE),-20,
2.023E+11,27,5,2023,16:40,1,38,38442,1,1,1,6,rd 520 B 38380,45,