Num_Acc,jour,mois,an,hrmn,lum,dep,com,agg,int,atm,col,adr,lat,long
2.023E+11,24,1,2023,23:00,3,974,97407,2,9,2,6,ROUTE DU SACRE COEUR,-20,
2.023E+11,8,3,2023,19:00,5,971,97113,2,9,1,3,SECTION LEROUX,16,
2.023E+11,27,5,2023,19:10,1,26,26307,1,1,1,7,,45,
2.023E+11,15,11,2023,18:55,3,33,33075,1,1,1,2,ROCADE A 630,44,
2.023E+11,26,1,2023,00:10,5,69,69387,2,1,1,7,169 Grande Rue de la Guillotière,45,
2.023E+11,8,3,2023,09:10,1,95,95210,2,1,2,3,Rue du Départ,48,
2.023E+11,27,5,2023,19:10,1,7,7133,1,1,1,6,route d'ellieux,44,
2.023E+11,24,1,2023,07:50,1,972,97209,2,9,1,6,CHEVALIER DE SAINTE-MARTHE (BLD),14,
2.023E+11,24,5,2023,16:00,1,31,31395,2,1,1,6,Chemin de Bourdaya,43,
2.023E+11,15,11,2023,14:15,1,33,33550,1,1,1,4,ROCADE A 630,44,
2.023E+11,21,1,2023,23:10,5,69,69034,2,3,2,3,Quai Clémenceau,45,
2.023E+11,8,3,2023,10:30,1,91,91514,2,6,2,3,RTE DE BRUNOY,48,
2.023E+11,27,5,2023,16:50,1,33,33238,2,9,1,1,27 Chemin de Jacquin,44,
2.023E+11,15,11,2023,09:08,1,33,33550,1,1,1,6,ROCADE A 630,44,
2.023E+11,25,1,2023,12:40,1,971,97101,2,1,1,6,MARECHAL LECLERC,16,
2.023E+11,27,5,2023,09:45,1,49,49138,1,1,1,3,Lieu dit les Gats route de longue,47,
2.023E+11,7,3,2023,23:41,5,87,87085,2,2,1,3,LABUSSIERE (AVENUE EMILE),45,
2.023E+11,14,11,2023,15:21,1,59,59447,1,1,3,6,AUTOROUTE A2,50,
2.023E+11,27,5,2023,16:10,1,22,22260,1,1,1,5,Lohan,48,
2.023E+11,15,11,2023,13:00,1,94,94076,1,1,1,2,A6B,48,
2.023E+11,24,1,2023,12:03,1,91,91692,2,1,8,4,SAINTONGE(AVENUE DE),48,
2.023E+11,15,11,2023,10:05,1,91,91521,1,1,1,2,AUTOROUTE A6,48,
2.023E+11,27,5,2023,15:55,1,76,76024,1,1,1,2,Lieu dit Beau Regard,49,
2.023E+11,18,1,2023,17:50,5,91,91174,2,1,1,6,AV DU 8 MAI 1945,48,
2.023E+11,18,1,2023,11:35,1,91,91228,2,1,1,6,AV FRAGONARD,48,
2.023E+11,15,11,2023,08:50,1,91,91689,1,1,1,3,AUTOROUTE A6B,48,
2.023E+11,28,5,2023,08:05,1,2,2290,2,1,1,6,,49,
2.023E+11,8,3,2023,19:20,5,77,77449,2,2,2,1,D344,48,
2.023E+11,17,1,2023,18:10,5,91,91228,2,2,2,6,MITTERAND (BD FRANCOIS),48,
2.023E+11,8,3,2023,20:05,5,77,77186,2,1,3,6,CASCADES (AVENUE DES),48,
2.023E+11,28,5,2023,15:20,1,62,62318,2,2,7,3,Avenue du Mont Levin,50,
2.023E+11,14,11,2023,19:00,3,92,92036,1,1,1,2,A86,48,
2.023E+11,17,1,2023,21:13,5,91,91521,2,1,1,2,PLAT (RUE AUGUSTE) ,48,
2.023E+11,8,3,2023,19:30,5,76,76540,2,4,2,6,Avenue Jean Rondeaux,49,
2.023E+11,13,11,2023,11:25,1,78,78043,1,1,2,6,A12 Y,48,
2.023E+11,27,5,2023,04:58,3,13,13211,1,1,1,2,A50-Sens Aubagne vers Marseille,43,
2.023E+11,13,9,2023,16:00,1,84,84003,2,3,1,3,Quai Général Leclerc,43,
2.023E+11,15,11,2023,18:15,5,77,77372,1,1,1,2,A104,48,
2.023E+11,26,5,2023,17:15,1,13,13005,1,1,1,2,A50-Sens Marseille vers Aubagne,43,
2.023E+11,8,3,2023,13:30,1,76,76217,2,3,1,3,CANADIENS (AVENUE DES)  RD925,49,
2.023E+11,13,9,2023,02:00,3,84,84054,1,1,1,6,Route de Caumont,43,
2.023E+11,28,6,2023,17:05,1,91,91044,2,1,1,2,60 Avenue de la Division Leclerc,48,
2.023E+11,27,5,2023,08:45,1,38,38184,1,1,1,2,A43,45,
2.023E+11,7,3,2023,11:35,1,72,72181,2,1,1,2,VOLTAIRE (RUE) N° IMP 1 A 113,48,
2.023E+11,12,9,2023,12:05,1,84,84119,2,6,1,1,Avenue de la Rétanque,43,
2.023E+11,23,5,2023,14:35,1,69,69389,1,1,1,2,Route de Métropole 6  ,45,
2.023E+11,25,5,2023,02:05,5,91,91521,2,3,1,3,FROMONT (RUE DE),48,
2.023E+11,8,3,2023,03:30,5,69,69259,2,9,1,3,Rue Président Edouard Herriot,45,
2.023E+11,12,9,2023,19:20,1,83,83081,1,3,1,3,Route départementale 562,43,
2.023E+11,27,5,2023,18:55,1,94,94034,1,1,1,2,A86,48,
2.023E+11,24,5,2023,14:12,1,91,91249,1,1,1,7,A10,48,
2.023E+11,8,3,2023,10:00,1,67,67482,2,1,1,3,VICTOIRE (BOULEVARD DE LA),48,
2.023E+11,13,9,2023,13:25,1,52,52276,1,1,1,1,VOIE COMMUNALE 3,48,
2.023E+11,27,5,2023,19:00,1,91,91434,1,1,1,4,AUTOROUTE A6,48,
2.023E+11,8,3,2023,11:25,1,64,64348,2,1,1,3,CHENES DES,43,
2.023E+11,16,8,2023,22:30,3,74,74063,1,1,1,7,D 228 A,46,
2.023E+11,26,5,2023,19:45,1,94,94016,1,1,1,3,A6B,48,
2.023E+11,8,3,2023,15:40,1,59,59512,2,1,2,3,LEBAS (AVENUE JEAN),50,
2.023E+11,8,3,2023,10:20,1,54,54395,2,2,1,6,SAINT GEORGES (RUE),48,
2.023E+11,27,5,2023,18:22,1,92,92036,1,1,1,2,A86,48,
2.023E+11,13,9,2023,10:18,1,54,54229,2,2,8,3,Grande Rue,48,
2.023E+11,18,8,2023,17:08,1,74,74281,2,4,1,1,RIPAILLE (QUAI DE),46,
2.023E+11,27,5,2023,08:50,1,95,95252,1,1,1,6,A15,48,
2.023E+11,7,3,2023,19:30,5,54,54395,2,9,1,6,COLLIGNON (Avenue et Pont),48,
2.023E+11,12,9,2023,16:36,1,69,69094,1,1,1,6,4 Route des Pierres Blanches,45,
2.023E+11,26,5,2023,22:19,3,95,95277,1,1,1,6,A3,48,
2.023E+11,9,9,2023,10:30,1,69,69067,1,1,7,6,Route Départementale 50E,45,
2.023E+11,7,3,2023,12:30,1,54,54439,2,1,1,6,Route de Seichamps,48,
2.023E+11,26,5,2023,13:05,1,93,93005,1,1,1,2,AUTOROUTE A3,48,
2.023E+11,8,3,2023,16:55,1,51,51454,2,2,2,3,rue de Courlancy,49,
2.023E+11,4,9,2023,21:53,3,33,33284,1,1,1,6,D216,44,
2.023E+11,8,3,2023,08:50,1,51,51454,2,1,2,6,rue Chrétien De Troyes,49,
2.023E+11,13,9,2023,07:00,2,49,49020,1,1,1,6,D56,47,
2.023E+11,30,8,2023,12:20,1,74,74099,2,6,1,6,Route de sallanches,45,
2.023E+11,8,3,2023,07:40,1,51,51454,2,1,2,6,rue de Contrai,49,
2.023E+11,27,5,2023,12:25,1,77,77450,1,1,1,4,RN104,48,
2.023E+11,12,9,2023,21:50,5,60,60462,2,1,2,2,Rue de Calais,49,
2.023E+11,8,3,2023,05:40,5,51,51454,2,1,2,6,avenue de Champagne,49,
2.023E+11,6,3,2023,13:50,1,51,51454,2,1,1,6,rue de Mulhouse,49,
2.023E+11,12,9,2023,18:10,1,13,13071,1,1,1,3,A55 - Sens Marseille vers Martigues,43,
2.023E+11,12,8,2023,13:00,1,74,74263,2,3,1,1,634 Avenue de bonnatrait,46,
2.023E+11,26,5,2023,20:00,1,77,77294,1,1,1,4,A104,48,
2.023E+11,7,3,2023,17:30,1,50,50129,2,3,2,3,PRAIRIES (AVENUE DES),49,
2.023E+11,26,5,2023,14:40,1,72,72181,2,1,1,6,MAILLETS (RUE DES) IMP 1 A 29,48,
2.023E+11,25,8,2023,20:00,2,74,74001,1,1,1,6,1644 Route de Richebourg,46,
2.023E+11,12,9,2023,10:05,1,13,13070,1,1,1,2,A50-Sens Aubagne vers Marseille,43,
2.023E+11,4,3,2023,19:30,5,50,50129,2,2,1,1,LEMONNIER (AVENUE AMIRAL),49,
2.023E+11,12,9,2023,11:35,1,13,13005,1,1,1,3,A50 - Sens Aubagne vers Marseille,43,
2.023E+11,23,2,2023,17:15,1,73,73011,2,6,1,3,SAINTE THERESE (AVENUE),45,
2.023E+11,8,3,2023,16:50,1,45,45302,2,6,2,2,20 Rue du Bourg,47,
2.023E+11,20,8,2023,12:15,1,74,74082,1,2,7,1,961 Route de la croisette,46,
2.023E+11,12,9,2023,07:15,1,13,13005,1,1,1,3,A50-Sens Aubagne vers Marseille,43,
2.023E+11,26,5,2023,16:25,1,973,97302,2,1,1,3,BADUEL (ROUTE DE),4,
2.023E+11,8,3,2023,08:53,1,45,45004,2,1,2,3,1356 Avenue d'Antibes,47,
2.023E+11,25,8,2023,16:40,1,74,74007,1,9,1,1,D1203,46,
2.023E+11,11,9,2023,17:00,1,13,13071,1,1,1,2,A7-Sens Marseille vers Lyon,43,
2.023E+11,26,5,2023,14:00,1,69,69386,2,2,1,1,Rue Sully,45,
2.023E+11,8,3,2023,20:30,5,38,38185,2,2,2,6,RUE RASPAIL,45,
2.023E+11,25,8,2023,16:40,1,74,74042,2,1,1,6,61 Rue des grèbes huppes,46,
2.023E+11,12,9,2023,18:20,1,83,83137,1,1,1,6,A50,43,
2.023E+11,8,3,2023,15:40,1,38,38185,2,1,8,3,Rue de Stalingrad,45,
2.023E+11,9,8,2023,15:38,1,74,74096,1,1,1,7,RD1201,46,
2.023E+11,12,9,2023,09:30,1,83,83137,2,1,1,2,A57,43,
2.023E+11,26,5,2023,17:30,1,972,97213,1,1,1,5,ROUTE DEPARTEMENTALE 3,14,
2.023E+11,8,3,2023,08:45,1,37,37261,2,2,2,3,THALES DE MILET (RUE),47,
2.023E+11,2,8,2023,09:30,1,74,74033,1,1,1,7,Route des avanchy,46,
2.023E+11,12,9,2023,02:08,4,33,33122,1,1,2,6,AUTOROUTE A 63,44,
2.023E+11,26,5,2023,12:50,1,69,69389,2,1,1,3,39 Rue Louis Bouquet,45,
2.023E+11,8,3,2023,15:25,1,35,35238,2,1,1,6,POTTIER (EUGENE),48,
2.023E+11,10,9,2023,20:00,1,62,62274,1,1,1,2,A1,50,
2.023E+11,8,8,2023,07:30,1,74,74001,1,3,1,3,N/A,46,
2.023E+11,26,5,2023,07:55,1,69,69385,2,1,7,6,21 Rue Joliot Curie,45,
2.023E+11,8,3,2023,13:05,1,35,35051,2,1,2,1,PEUPLIERS (AVENUE DES),48,
2.023E+11,17,8,2023,13:22,1,74,74063,2,1,1,6,139 Route de vonnes,46,
2.023E+11,26,5,2023,15:45,1,971,97105,2,1,1,6,VICTOR HUGUES (RUE),15,
2.023E+11,8,3,2023,19:10,2,34,34172,2,2,1,3,925 Avenue du Marché Gare,43,
2.023E+11,30,7,2023,14:15,1,74,74250,1,1,1,1,Route de saint-laurent,46,
2.023E+11,26,5,2023,15:40,1,95,95088,1,1,1,2,D170,48,
2.023E+11,8,3,2023,08:30,1,33,33318,2,6,2,6,Avenue Jean Bart,44,
2.023E+11,10,9,2023,05:50,5,59,59386,1,1,1,2,ROUTE DEPARTEMENTALE 652,50,
2.023E+11,29,7,2023,18:10,1,74,74299,2,1,2,3,D909_,45,
2.023E+11,8,3,2023,20:15,5,31,31557,2,6,1,6,BD VINCENT AURIOL,43,
2.023E+11,12,9,2023,16:50,1,91,91312,1,1,2,7,RD 444,48,
2.023E+11,26,7,2023,13:00,1,74,74010,2,6,1,6,271 Route des creuses (Seynod),45,
2.023E+11,12,9,2023,14:25,1,91,91228,1,1,2,2,AUTOROUTE A6,48,
2.023E+11,20,7,2023,23:30,3,74,74152,2,1,1,1,Route de poisy,45,
2.023E+11,26,5,2023,09:30,1,91,91114,2,1,7,6,RUE DE LA GARE,48,
2.023E+11,12,9,2023,08:50,1,91,91161,1,1,1,3,AUTOROUTE A6,48,
2.023E+11,8,3,2023,15:20,1,31,31483,2,6,1,3,D 5,43,
2.023E+11,14,6,2023,16:50,1,74,74040,1,1,1,2,Avenue du fer à cheval_,46,
2.023E+11,26,5,2023,12:45,1,91,91027,1,1,1,3,RTE DE FONTAINEBLEAU,48,
2.023E+11,1,7,2023,19:45,2,13,13003,1,1,1,2,D23,43,
2.023E+11,12,9,2023,18:20,1,95,95488,1,1,2,4,A15,49,
2.023E+11,26,5,2023,16:00,1,91,91223,2,6,1,6,MAI 1945 (AVENUE DU 8),48,
2.023E+11,11,9,2023,17:20,1,92,92036,1,1,1,3,AUTOROUTE A15,48,
2.023E+11,14,11,2023,08:00,1,974,97416,1,1,1,4,RN3 (1),-21,
2.023E+11,25,5,2023,21:50,5,87,87085,1,1,1,2,MAUVENDIERE (RUE DE LA),45,
2.023E+11,11,9,2023,15:40,1,95,95572,1,1,1,6,A15,49,
2.023E+11,14,11,2023,07:00,1,974,97409,2,1,1,6,MASCAREIGNES (Avenue des),-20,
2.023E+11,26,5,2023,15:55,1,86,86194,2,1,1,7,Avenue de l'Europe,46,
2.023E+11,14,11,2023,06:50,1,974,97409,2,1,1,6,CAMBUSTON (rue de),-20,
2.023E+11,12,9,2023,17:20,1,75,75112,1,1,2,5,A4,48,
2.023E+11,26,5,2023,13:50,1,83,83137,2,1,1,3,CHARCOT (QUAI JEAN),43,
2.023E+11,14,11,2023,22:30,5,974,97407,2,1,1,6,SIMON PERNIC (RUE) ,-20,
2.023E+11,12,9,2023,15:30,1,94,94044,1,1,2,6,N406,48,
2.023E+11,14,11,2023,18:20,1,974,97407,2,1,2,6,OWENS JAMES,-20,
2.023E+11,26,5,2023,12:10,1,83,83137,2,2,1,3,BRIAND (AVE ARISTIDE DE 1221 A FIN,43,
2.023E+11,11,9,2023,12:45,1,75,75112,1,1,1,5,A4,48,
2.023E+11,26,5,2023,19:10,1,78,78498,2,1,1,2,BON ROI SAINT LOUIS AVENUE,48,
2.023E+11,11,9,2023,02:30,3,94,94069,1,1,1,3,A4,48,
2.023E+11,26,5,2023,16:50,1,76,76540,2,2,1,6,Rue Saint Eloi,49,
2.023E+11,10,9,2023,03:45,3,94,94022,1,1,1,3,A86,48,
2.023E+11,25,5,2023,15:40,1,76,76351,2,6,1,7,FRISSARD (QUAI),49,
2.023E+11,14,11,2023,20:10,1,973,97309,1,3,1,3,TROUBIRAN (CHEMIN DE),4,
2.023E+11,27,6,2023,01:10,3,38,38276,2,6,1,7,D1085,45,
2.023E+11,18,6,2023,15:00,1,38,38197,1,1,5,2,Autoroute A432 - PK 022+000 sens VILLEFRANCHE/MARSEILLE,45,
2.023E+11,18,6,2023,10:45,1,38,38287,1,1,1,7,Route de la Margotière,45,
2.023E+11,14,11,2023,14:30,1,973,97302,2,1,1,3,ZEPHIR (ROCADE),4,
2.023E+11,9,6,2023,16:15,1,38,38357,2,2,2,3,Rue Gambetta,45,
2.023E+11,19,4,2023,15:55,1,62,62765,2,3,1,3,D209,50,
2.023E+11,14,11,2023,18:20,5,69,69388,2,2,2,1,Avenue Général Frère,45,
2.023E+11,12,4,2023,12:57,1,62,62765,2,9,1,3,Rue Antoine de Saint Exupéry,50,
2.023E+11,12,7,2023,07:10,1,74,74242,2,1,1,6,Route d?Albertville,45,
2.023E+11,11,7,2023,08:45,1,74,74173,2,9,1,6,Route edmond de rothschild,45,
2.023E+11,9,7,2023,04:50,3,74,74144,1,1,1,7,Route de chez cotin,46,
2.023E+11,14,11,2023,07:50,1,972,97213,2,1,1,3,ROUTE DEPARTEMENTALE 3,14,
2.023E+11,8,7,2023,12:20,1,74,74238,1,1,1,3,RD 902,46,
2.023E+11,12,6,2023,16:00,1,74,74238,2,3,1,3,Route des grandes alpes,46,
2.023E+11,14,11,2023,21:40,5,69,69034,2,1,2,6,25 Montée des Soldats,45,
2.023E+11,5,6,2023,15:30,1,74,74154,1,1,1,6,rd 1005,46,
2.023E+11,26,3,2023,19:42,1,14,14209,1,2,1,3,1343 Rue du Mont Flambé,49,
2.023E+11,14,11,2023,14:45,1,69,69389,2,1,2,6,86 Rue de Saint-Cyr,45,
2.023E+11,11,7,2023,03:15,3,69,69295,1,1,1,2,Autoroute 42,45,
2.023E+11,16,6,2023,04:41,2,92,92051,1,1,1,6,N13,48,
2.023E+11,11,9,2023,08:50,1,75,75118,2,1,1,2,PORTE DE CLIGNANCOURT,48,
2.023E+11,14,11,2023,18:15,5,971,97113,2,9,1,2,MONTAUBAN (SECTEUR),16,
2.023E+11,11,9,2023,08:20,1,75,75120,2,1,1,3,PORTE DE BAGNOLET,48,
2.023E+11,11,9,2023,19:25,1,75,75105,2,2,1,6,BOULEVARD SAINT MARCEL,48,
2.023E+11,11,9,2023,14:05,1,75,75119,2,4,1,6,QUAI DE L OISE,48,
2.023E+11,14,11,2023,15:35,1,2A,2A004,1,1,1,4,T20,41,
2.023E+11,19,12,2023,18:00,5,72,72003,2,1,2,7,PAQUERETTES (RUE DES),47,
2.023E+11,11,9,2023,09:00,1,75,75119,2,1,1,1,BOULEVARD MACDONALD,48,
2.023E+11,11,9,2023,13:00,1,75,75118,2,2,1,3,PORTE DE LA CHAPELLE,48,
2.023E+11,13,11,2023,16:35,1,95,95680,2,1,2,6,D10,49,
2.023E+11,19,12,2023,18:01,5,72,72181,1,1,3,5,LEFAUCHEUX PIERRE (BD),47,
2.023E+11,11,9,2023,12:00,1,75,75118,2,4,1,2,RUE RAMEY,48,
2.023E+11,16,10,2023,19:00,5,95,95019,2,6,2,6,D208,48,
2.023E+11,11,9,2023,14:20,1,75,75117,2,1,1,1,BOULEVARD DU FORT DE VAUX,48,
2.023E+11,19,12,2023,13:40,1,72,72181,2,1,1,1,MESSIAEN OLIVIER (AV) IMPAIRS,48,
2.023E+11,14,11,2023,07:19,5,91,91216,2,1,8,1,MONTAGNE (RUE),48,
2.023E+11,11,9,2023,10:15,1,75,75116,2,2,1,6,AVENUE VICTOR HUGO,48,
2.023E+11,19,12,2023,20:25,5,69,69275,2,1,1,2,Rue Elisée Reclus,45,
2.023E+11,13,11,2023,19:45,4,91,91027,2,1,9,6,AV JEAN PIERRE BENARD,48,
2.023E+11,11,9,2023,17:31,1,75,75115,2,1,1,3,BOULEVARD LEFEBVRE,48,
2.023E+11,10,9,2023,00:10,5,75,75115,2,1,1,6,PORT DE GRENELLE,48,
2.023E+11,14,11,2023,14:20,1,91,91479,2,1,2,6,AV PAUL VAILLANT COUTURIER,48,
2.023E+11,14,12,2023,15:30,1,69,69276,1,6,2,6,Route de Lyon,45,
2.023E+11,12,11,2023,09:50,1,91,91174,2,1,2,6,BD GEORGES MICHEL,48,
2.023E+11,18,12,2023,16:45,1,64,64483,2,1,1,6,LARRAMENDY PIERRE (AVENUE),43,
2.023E+11,11,9,2023,16:00,1,75,75113,2,2,1,2,BOULEVARD AUGUSTE BLANQUI,48,
2.023E+11,11,9,2023,08:15,1,75,75109,2,1,1,7,RUE BLANCHE,48,
2.023E+11,19,12,2023,19:35,5,64,64335,2,9,1,2,SANTOS-DUMONT,43,
2.023E+11,10,9,2023,23:45,5,75,75109,2,3,1,6,BOULEVARD MONTMARTRE,48,
2.023E+11,14,11,2023,09:45,1,91,91433,1,6,2,5,R.D.20,48,
2.023E+11,18,12,2023,19:10,5,64,64102,2,1,1,7,SOULT (AVENUE MARECHAL),43,
2.023E+11,20,10,2023,12:17,1,87,87085,2,1,1,7,PETITES CARMES (BOULEVARD DES),45,
2.023E+11,11,9,2023,18:41,1,75,75107,2,1,1,3,AVENUE DE SUFFREN,48,
2.023E+11,18,12,2023,07:10,5,62,62041,2,1,1,6,Avenue Paul Michonneau,50,
2.023E+11,18,10,2023,05:17,3,87,87114,1,1,1,6,RD941 (OUEST),45,
2.023E+11,11,9,2023,16:50,1,75,75101,2,1,1,3,RUE JEAN JACQUES ROUSSEAU,48,
2.023E+11,19,12,2023,08:10,3,59,59599,2,1,1,6,REPUBLIQUE (PLACE DE LA),50,
2.023E+11,14,10,2023,04:55,5,87,87085,2,1,1,6,MAUVENDIERE (RUE DE LA),45,
2.023E+11,11,9,2023,12:35,1,75,75101,2,2,1,2,AVENUE DE L OPERA,48,
2.023E+11,2,10,2023,12:19,1,87,87085,2,1,1,7,COUTURES (AVENUE DES),45,
2.023E+11,19,12,2023,08:40,2,59,59350,2,3,8,3,FAUBOURG D'ARRAS RUE,50,
2.023E+11,11,9,2023,16:00,1,94,94081,2,2,1,6,Rue Julian Grimau,48,
2.023E+11,13,11,2023,15:27,1,87,87085,2,2,2,3,MAS-BOUYOL  (CITE ET BOULEVARD DU),45,
2.023E+11,17,12,2023,07:35,5,57,57227,2,6,1,1,SAINTE CROIX (RUE DU FAUBOURG),49,
2.023E+11,11,9,2023,17:05,1,94,94041,2,9,1,3,Boulevard de Stalingrad,48,
2.023E+11,13,11,2023,07:59,2,87,87085,1,1,2,4,AUTOROUTE A20,45,
2.023E+11,19,12,2023,17:55,5,56,56083,2,6,2,6,BRUANT ( AV. ARISTIDE ),47,
2.023E+11,10,9,2023,05:20,5,94,94028,2,9,1,1,Route de Choisy,48,
2.023E+11,13,11,2023,17:13,2,86,86194,2,1,2,6,Avenue du Plateau des Glières,46,
2.023E+11,11,9,2023,17:30,1,93,93072,2,2,1,3,Boulevard Maxime Gorki / Avenue de Stalingrad,48,
2.023E+11,18,12,2023,19:44,5,54,54395,2,1,1,3,Rue de l'Armée Patton,48,
2.023E+11,13,11,2023,19:15,2,84,84007,2,1,1,3,DALADIER (Pont),43,
2.023E+11,18,8,2023,00:15,5,93,93070,2,1,1,2,Quai de Seine,48,
2.023E+11,18,12,2023,11:30,1,54,54578,2,3,1,6,Boulevard Saint Bernard,48,
2.023E+11,12,11,2023,19:00,5,84,84007,2,1,1,2,TARASCON ( Avenue de),43,
2.023E+11,7,9,2023,18:19,1,93,93053,2,7,7,3,Rue Jean Jaurès / Rue de Brément,48,
2.023E+11,11,9,2023,17:45,1,93,93051,2,3,1,6,Rue Jules Ferry / Rue des Hauts Roseaux,48,
2.023E+11,12,11,2023,10:37,1,84,84007,2,6,1,3,PIERRE SEMARD (avenue),43,
2.023E+11,18,12,2023,15:40,1,54,54575,2,3,1,1,D26B,49,
2.023E+11,11,9,2023,10:30,1,93,93077,2,2,1,3,Boulevard Carnot / Avenue Detouche,48,
2.023E+11,19,12,2023,02:00,5,51,51454,2,1,1,7,VAL CLAIR (RUE),49,
2.023E+11,14,11,2023,08:20,1,84,84007,2,4,1,6,C.De GAULLE (Rocade),43,
2.023E+11,10,9,2023,02:45,4,92,92022,2,1,1,1,SALENGRO (AVENUE ROGER),48,
2.023E+11,17,12,2023,19:10,5,50,50129,2,6,1,6,RUE DES RIVIERES,49,
2.023E+11,5,11,2023,01:30,5,83,83069,2,2,1,7,AEROPORT (AVENUE DE L'),43,
2.023E+11,11,9,2023,18:15,1,92,92050,2,3,1,1,LENINE VLADIMIR ILITCH AVENUE,48,
2.023E+11,19,12,2023,08:00,2,49,49007,2,1,1,3,PATTON AVENUE,47,
2.023E+11,5,9,2023,21:20,5,92,92036,2,3,1,6,LAURENT CELY (AVENUE) (2/152),48,
2.023E+11,18,12,2023,07:15,5,49,49007,2,1,1,3,GAULLE BOULEVARD CHARLES DE,47,
2.023E+11,13,11,2023,17:45,5,83,83069,2,1,1,6,CORPS (AVENUE DU XVEME),43,
2.023E+11,11,9,2023,19:55,1,92,92071,2,1,1,7,GENERAL LECLERC (AVENUE DU),48,
2.023E+11,11,9,2023,14:10,1,92,92032,2,1,1,6,LOMBARD (AVENUE),48,
2.023E+11,18,12,2023,08:17,2,49,49007,2,1,1,3,MILLOT BOULEVARD JACQUES,47,
2.023E+11,13,11,2023,17:18,1,83,83061,2,6,1,3,ROND-POINT DE L'EUROPE,43,
2.023E+11,11,9,2023,13:10,1,92,92007,2,1,1,3,BRIAND (AVENUE ARISTIDE) N° 2 A 98,48,
2.023E+11,18,12,2023,17:45,5,45,45169,2,1,1,3,12 Rue Pierre et Marie Curie,47,
2.023E+11,9,11,2023,08:50,1,80,80021,2,3,1,3,RAPHAEL (RUE),49,
2.023E+11,10,9,2023,10:46,1,92,92004,2,2,1,3,PONT D'ASNIERES,48,
2.023E+11,19,12,2023,17:37,5,37,37122,2,1,2,6,JEAN JAURES,47,
2.023E+11,14,11,2023,16:30,2,78,78624,2,1,2,6,GRANDE RUE DE PISSEFONTAINE,48,
2.023E+11,12,9,2023,14:00,1,39,39393,1,2,1,3,N/A,46,
2.023E+11,19,12,2023,18:15,5,35,35115,2,1,1,6,CHESNARDIERE (BD DE LA DU N°2 AU N°34),48,
2.023E+11,14,11,2023,13:30,1,77,77479,2,1,2,6,AV JEAN JAURES,48,
2.023E+11,10,9,2023,17:00,1,74,74010,1,9,1,6,A41,45,
2.023E+11,19,12,2023,08:53,1,34,34129,2,1,7,6,JARDINS DE MAGUELONNE (CHEMIN DES),43,
2.023E+11,13,11,2023,12:13,1,77,77276,1,1,3,1,A 140,48,
2.023E+11,21,8,2023,08:40,1,17,17152,1,3,1,3,RD 730,45,
2.023E+11,19,12,2023,19:35,5,33,33318,2,1,1,1,Rue du Plateau de Noès,44,
2.023E+11,13,11,2023,11:40,1,76,76351,2,3,2,6,GRAND HAMEAU (Avenue du ),49,
2.023E+11,11,9,2023,19:15,1,41,41234,1,1,3,1,La Coutussiere,47,
2.023E+11,19,12,2023,18:50,5,33,33318,2,1,1,3,Esplanade des Antilles,44,
2.023E+11,13,11,2023,09:40,1,76,76351,2,2,2,1,BOIS AU COQ (AVENUE),49,
2.023E+11,11,9,2023,21:00,3,42,42338,1,2,1,3,Route de Roanne,46,
2.023E+11,19,12,2023,08:40,1,33,33281,2,3,1,5,Avenue du Chut,44,
2.023E+11,10,11,2023,22:39,5,76,76351,2,2,1,3,GENERAL SARRAIL,49,
2.023E+11,11,9,2023,14:55,1,12,12033,2,1,1,4,Route d'Espalion,44,
2.023E+11,19,12,2023,17:10,5,29,29039,2,1,2,6,13 Rue Lucien Vidie,47,
2.023E+11,9,11,2023,16:30,2,73,73011,1,1,2,5,R.N. 90 DE PT PIERRE DU ROY A C. DE TOUR,45,
2.023E+11,11,9,2023,11:10,1,1,1209,2,1,1,1,D1206,46,
2.023E+11,10,9,2023,22:45,5,67,67106,2,1,1,6,D929,48,
2.023E+11,13,11,2023,11:35,1,72,72003,2,9,3,1,CHATELET (RUE DU),47,
2.023E+11,22,6,2023,13:25,1,34,34270,1,1,3,2,RM612,43,
2.023E+11,14,11,2023,18:40,5,69,69266,2,2,2,6,Avenue Roger Salengro,45,
2.023E+11,10,9,2023,22:15,3,76,76361,1,1,1,6,route départementale 940,49,
2.023E+11,19,12,2023,08:00,3,17,17415,1,1,8,1,CHERMIGNAC RUE DE,45,
2.023E+11,11,9,2023,17:30,1,2B,2B342,1,9,1,2,rt 10,41,
2.023E+11,14,11,2023,17:50,5,69,69256,2,1,2,3,Route de Genas,45,
2.023E+11,19,12,2023,08:50,1,15,15014,2,1,1,6,Avenue du Général Leclerc,44,
2.023E+11,12,9,2023,15:00,1,33,33296,1,1,1,6,D17,44,
2.023E+11,14,11,2023,08:30,1,69,69290,2,6,2,6,Chemin du Charbonnier,45,
2.023E+11,11,9,2023,17:56,1,81,81101,1,1,1,3,N88,43,
2.023E+11,13,11,2023,22:30,5,69,69290,2,1,1,6,Rue de l'Industrie,45,
2.023E+11,11,9,2023,18:30,1,71,71370,1,1,1,1,route de roche,46,
2.023E+11,19,12,2023,04:50,5,13,13103,2,3,1,3,AVENUE FABRE -JULIEN,43,