Num_Acc,jour,mois,an,hrmn,lum,dep,com,agg,int,atm,col,adr,lat,long
2.023E+11,13,11,2023,15:30,1,69,69290,2,1,8,3,Rue de l'Egalité,45,
2.023E+11,11,9,2023,10:40,1,46,46086,1,1,1,6,Rue de Malastreges,44,
2.023E+11,20,12,2023,01:05,5,13,13214,2,1,1,1,CAPITAINE GEZE (BOULEVARD),43,
2.023E+11,12,9,2023,08:30,2,44,44116,2,1,1,6,29 Rue René Moritz,47,
2.023E+11,9,11,2023,17:30,2,69,69091,2,1,2,1,Chemin de la Forestière,45,
2.023E+11,19,12,2023,14:30,1,13,13203,2,2,1,1,STRASBOURG (BOULEVARD),43,
2.023E+11,13,11,2023,15:50,1,66,66136,2,1,1,6,Avenue du LANGUEDOC,42,
2.023E+11,12,9,2023,12:00,1,29,29158,2,2,1,1,Rue du Menhir Couché,47,
2.023E+11,14,11,2023,10:00,1,63,63300,2,1,2,6,VIRLOGEUX (AVENUE),45,
2.023E+11,19,12,2023,12:29,1,13,13211,2,1,1,6,RAOUL FOLLEREAU (AV),43,
2.023E+11,10,9,2023,10:30,1,84,84017,1,2,1,3,Route de Flassan,44,
2.023E+11,8,12,2023,19:00,5,12,12145,2,1,2,3,MERLE ALFRED,44,
2.023E+11,13,11,2023,07:40,2,63,63300,1,9,1,3,RD227 / chemin des Pêchers,45,
2.023E+11,12,9,2023,13:00,1,70,70056,2,4,1,3,Grande Rue,47,
2.023E+11,19,12,2023,15:30,1,10,10387,2,1,1,7,TURENNE (RUE DE),48,
2.023E+11,11,9,2023,18:20,1,70,70428,2,1,7,6,29 Rue Gustave Courtois,47,
2.023E+11,14,11,2023,09:00,1,63,63113,2,3,1,1,PASTEUR (BD),45,
2.023E+11,12,9,2023,14:50,1,58,58110,1,1,1,7,Hameau des Quatre Vents,47,
2.023E+11,9,11,2023,11:00,1,62,62178,2,6,1,7,D841,50,
2.023E+11,19,12,2023,16:00,1,6,6069,2,1,1,2,RIOU BLANQUET (TRAVERSE DE),43,
2.023E+11,9,9,2023,04:00,3,45,45272,1,1,1,6,D2020 PR 36 + 950,47,
2.023E+11,13,11,2023,19:15,5,58,58194,2,1,2,1,SAINT GILDARD,46,
2.023E+11,18,12,2023,12:00,1,5,5061,2,1,1,6,Bernard GIVAUDAN (Avenue) D900B,44,
2.023E+11,11,9,2023,17:00,1,64,64555,2,1,1,3,D936,,
2.023E+11,7,11,2023,01:15,4,58,58194,2,3,2,6,RIVAGE,46,
2.023E+11,12,9,2023,01:30,3,64,64123,1,1,3,6,2435 Route de Saint-Palais,43,
2.023E+11,9,6,2023,14:00,1,73,73007,1,4,1,3,D72 / Route de la Muraz,45,
2.023E+11,19,12,2023,16:30,2,3,3185,2,2,1,6,KENNEDY ( AVENUE JOHN ),46,
2.023E+11,8,9,2023,15:45,1,43,43163,1,1,1,7,D501,45,
2.023E+11,14,11,2023,08:36,2,56,56083,2,1,2,6,Rue Nationale,47,
2.023E+11,10,9,2023,17:15,1,21,21500,1,1,1,6,Route de Marigny,47,
2.023E+11,13,11,2023,18:40,5,56,56121,2,6,8,3,FAOUEDIC ( AVE DU ),47,
2.023E+11,18,12,2023,15:00,1,2,2738,1,1,1,2,N/A,49,
2.023E+11,8,9,2023,09:15,1,24,24133,1,4,7,1,La Meynardie (Château),45,
2.023E+11,14,11,2023,18:50,5,54,54395,2,1,2,3,Rue Saint-Léon,48,
2.023E+11,9,9,2023,15:40,1,85,85154,1,1,1,6,RD 949B,46,
2.023E+11,13,11,2023,18:20,5,54,54547,2,1,3,6,Rue de Gembloux,48,
2.023E+11,19,12,2023,11:26,1,75,75108,2,7,1,3,PLACE DE LA CONCORDE,48,
2.023E+11,11,9,2023,13:30,1,85,85295,2,2,1,6,RD 753,46,
2.023E+11,19,12,2023,19:35,5,75,75106,2,1,2,3,RUE DE RENNES,48,
2.023E+11,13,11,2023,17:45,4,54,54547,2,3,2,3,Avenue Jeanne d'Arc,48,
2.023E+11,11,9,2023,23:15,3,85,85146,1,2,1,3,RD 86,46,
2.023E+11,10,9,2023,03:25,3,27,27267,1,1,1,3,route départementale 137,49,
2.023E+11,19,12,2023,11:30,1,75,75120,2,2,1,6,RUE DE MENILMONTANT,48,
2.023E+11,13,11,2023,15:00,1,54,54395,2,3,1,3,Boulevard Charlemagne,48,
2.023E+11,12,9,2023,17:20,1,27,27057,1,2,1,3,RD  613 PK 034.234,49,
2.023E+11,14,11,2023,18:15,5,53,53130,2,1,1,6,CARRES ( RUE DES GRANDS ),48,
2.023E+11,19,12,2023,15:21,1,75,75119,2,2,1,2,RUE DE CRIMEE,48,
2.023E+11,10,9,2023,14:40,1,30,30259,2,1,1,1,Route d’Uzes,44,
2.023E+11,14,11,2023,08:00,2,51,51454,2,2,8,3,HOURLIER (RUE LEON),49,
2.023E+11,19,12,2023,20:30,5,75,75118,2,2,2,6,AVENUE DE LA PORTE DE CLIGNANCOURT,48,
2.023E+11,12,9,2023,07:40,1,88,88304,2,1,1,2,281 Av du Mal de Lattre de Tassigny,48,
2.023E+11,29,8,2023,15:35,1,35,35210,1,1,1,7,RN12,48,
2.023E+11,14,11,2023,15:15,1,50,50218,2,6,2,1,VENDEENS (AV DES),48,
2.023E+11,18,12,2023,22:28,5,75,75116,2,7,1,1,AVENUE DE VERSAILLES,48,
2.023E+11,14,11,2023,17:10,1,49,49328,2,1,1,1,ROMANS (RUE DES),47,
2.023E+11,11,9,2023,19:00,1,82,82037,1,1,1,5,A20,44,
2.023E+11,19,12,2023,12:35,1,75,75115,2,1,1,5,RUE DE LA CROIX NIVERT,48,
2.023E+11,13,11,2023,19:15,5,49,49007,2,1,1,3,AYRAULT,47,
2.023E+11,11,9,2023,12:30,1,69,69173,1,1,1,3,Autoroute 89,45,
2.023E+11,14,11,2023,19:00,5,45,45234,2,1,1,6,Avenue de l'Hôpital,47,
2.023E+11,11,9,2023,22:40,3,33,33343,1,1,3,7,A62,44,
2.023E+11,19,12,2023,12:05,1,75,75115,2,3,1,3,RUE LINOIS,48,
2.023E+11,13,11,2023,17:50,2,45,45075,2,1,3,6,D2152 PR 78 + 294,47,
2.023E+11,11,9,2023,17:40,1,11,11398,1,1,8,7,N/A,42,
2.023E+11,18,12,2023,09:00,1,75,75114,2,2,8,6,AVENUE REILLE,48,
2.023E+11,9,11,2023,09:30,1,42,42218,2,2,3,6,Rue des Passementiers,45,
2.023E+11,9,9,2023,12:10,1,29,29233,1,3,1,5,Rue Rene Gasnier de Fresne,47,
2.023E+11,18,12,2023,13:00,1,75,75113,2,5,1,6,RUE BOBILLOT,48,
2.023E+11,31,10,2023,18:30,5,42,42218,2,1,1,3,Boulevard Alfred de Musset,45,
2.023E+11,11,9,2023,09:35,1,77,77183,2,1,1,3,87 Rue de Condé,48,
2.023E+11,19,12,2023,00:20,5,75,75112,2,4,1,6,BOULEVARD DE BERCY,48,
2.023E+11,14,11,2023,18:35,3,41,41018,2,1,6,2,RD 957,47,
2.023E+11,10,9,2023,06:00,2,78,78531,1,9,1,4,A13 PK54 Sens Paris/Province,49,
2.023E+11,14,11,2023,13:15,1,41,41018,2,1,1,1,RIFFAULT (RUE EUGENE),47,
2.023E+11,18,12,2023,17:05,5,94,94046,2,2,8,2,Rue de Gravelle,48,
2.023E+11,9,9,2023,05:55,3,84,84150,1,1,1,6,D976,44,
2.023E+11,19,12,2023,16:00,1,94,94065,1,1,1,6,Rue du Lion,48,
2.023E+11,14,11,2023,13:40,1,41,41018,2,9,8,1,GENTIL (BOULEVARD RENE),47,
2.023E+11,10,9,2023,21:20,3,83,83107,1,1,1,6,D7,43,
2.023E+11,12,9,2023,08:05,1,38,38158,1,1,1,3,avenue des maquis de l'oisans,45,
2.023E+11,11,11,2023,09:50,1,41,41295,1,1,2,1,D951,47,
2.023E+11,14,11,2023,18:31,5,38,38563,1,6,3,6,D1076,45,
2.023E+11,11,9,2023,16:30,1,86,86294,2,2,1,3,Place Francois Albert,46,
2.023E+11,14,11,2023,10:10,1,37,37214,2,1,2,6,RD 37,47,
2.023E+11,19,12,2023,08:50,1,94,94028,2,9,1,3,Route de la Pompadour,48,
2.023E+11,12,9,2023,06:45,5,33,33056,2,1,8,1,Rue Jean Duvert,44,
2.023E+11,11,9,2023,20:30,2,14,14328,2,1,1,6,30 Rue de Verdun,49,
2.023E+11,19,12,2023,22:26,5,94,94077,2,1,2,6,Voie de Seine,48,
2.023E+11,14,11,2023,14:30,1,35,35238,2,5,1,6,PATTON (AVENUE DU GENERAL SIR GEORGES),48,
2.023E+11,11,9,2023,19:50,2,60,60015,2,6,1,7,Rue Roger Salengro,49,
2.023E+11,19,12,2023,19:15,5,94,94017,2,1,3,6,Avenue Maurice Thorez,48,
2.023E+11,14,11,2023,11:20,1,35,35238,2,1,2,6,LOUIS D'OR ( DU),48,
2.023E+11,11,9,2023,16:45,1,80,80393,1,2,1,2,D1017,49,
2.023E+11,19,12,2023,15:25,1,93,93055,2,2,1,6,Avenue Édouard Vaillant / Impasse d’Aubervilliers,48,
2.023E+11,12,9,2023,13:55,1,59,59214,1,2,1,3,D956,50,
2.023E+11,14,11,2023,11:15,1,35,35051,1,1,2,2,LAVIAUX (LIEU-DIT),48,
2.023E+11,9,9,2023,20:20,2,59,59285,2,1,1,1,D955,50,
2.023E+11,19,12,2023,01:30,3,93,93074,2,9,1,7,Rue de Sevran,48,
2.023E+11,13,11,2023,22:00,3,35,35055,1,1,1,6,RD 463,48,
2.023E+11,11,9,2023,13:45,1,59,59034,2,1,1,3,Rue du Croquet,50,
2.023E+11,19,12,2023,13:00,1,93,93005,2,1,1,3,Chemin du Moulin de la Ville,48,
2.023E+11,14,11,2023,12:15,1,35,35115,2,1,2,2,CHESNARDIERE (BD DE LA DU N°2 AU N°34),48,
2.023E+11,11,9,2023,13:50,1,83,83126,1,1,1,2,A50,43,
2.023E+11,19,12,2023,08:45,1,92,92046,2,1,8,6,PIERRE BROSSOLETTE,48,
2.023E+11,14,11,2023,11:40,1,34,34172,2,1,1,3,VANIERES (AVENUE DE),43,
2.023E+11,11,9,2023,15:40,1,33,33065,1,1,1,3,ROUTE NATIONALE 230,44,
2.023E+11,13,11,2023,23:30,5,34,34172,2,1,1,7,MALBOSC (RUE DE),43,
2.023E+11,11,9,2023,19:00,1,94,94003,1,1,1,3,A6A,48,
2.023E+11,19,12,2023,19:50,5,92,92050,2,1,2,3,BOULEVARD DE LA DEFENSE,48,
2.023E+11,14,11,2023,20:05,5,33,33281,2,2,8,3,Avenue de Foncastel,44,
2.023E+11,11,9,2023,18:15,1,91,91235,1,1,1,2,RN 104,48,
2.023E+11,19,12,2023,18:25,5,92,92050,2,1,2,6,ARAGO FRANCOIS AVENUE,48,
2.023E+11,11,9,2023,03:57,3,92,92019,1,1,1,6,RN 385,48,
2.023E+11,14,11,2023,19:02,2,33,33281,2,6,2,3,Avenue de Bourranville,44,
2.023E+11,19,12,2023,18:00,5,92,92044,2,1,2,7,BINEAU (BOULEVARD),48,
2.023E+11,10,9,2023,21:15,5,92,92064,2,1,1,6,A13,48,
2.023E+11,18,12,2023,19:40,5,92,92044,2,1,1,2,CHARLES PASQUA(QUAI) 2 A 30,48,
2.023E+11,14,11,2023,08:22,1,33,33063,2,3,2,3,Cours Victor Hugo,44,
2.023E+11,10,9,2023,18:35,1,78,78545,1,1,1,7,A12 W,48,
2.023E+11,10,9,2023,14:25,1,92,92026,1,1,1,7,A14,48,
2.023E+11,14,11,2023,10:00,1,33,33529,2,1,1,3,MARIOLAN (CH. DE),44,
2.023E+11,19,12,2023,08:45,1,92,92040,2,3,1,3,GALLIENI (BOULEVARD),48,
2.023E+11,10,9,2023,11:10,1,92,92064,1,1,7,3,A13,48,
2.023E+11,19,12,2023,16:50,5,92,92026,2,2,2,2,JULES FERRY ( RUE ),48,
2.023E+11,13,11,2023,22:20,5,29,29019,2,6,1,3,place Albert Premier,48,
2.023E+11,11,9,2023,11:15,1,93,93005,1,1,1,3,AUTOROUTE A3,48,
2.023E+11,13,12,2023,20:20,5,92,92025,2,1,1,6,CHARLES DE GAULLE (BD),48,
2.023E+11,13,11,2023,07:40,5,29,29019,2,8,3,3,rue Dupuy de Lome,48,
2.023E+11,11,9,2023,08:50,1,95,95252,1,1,1,3,A15,48,
2.023E+11,19,12,2023,17:55,5,92,92019,2,2,2,6,DIVISION LECLERC (AVENUE DE LA),48,
2.023E+11,11,9,2023,05:30,3,93,93001,1,1,1,3,AUTOROUTE A86,48,
2.023E+11,4,7,2023,18:45,1,74,74134,1,1,1,1,D902,46,
2.023E+11,19,12,2023,11:40,1,92,92012,2,3,8,3,JEAN JAURES (BOULEVARD) 63/215 - 70/208,48,
2.023E+11,30,6,2023,19:20,1,74,74164,1,1,2,6,N/A,46,
2.023E+11,14,11,2023,13:15,1,26,26198,1,1,1,1,Route de Sauzet,44,
2.023E+11,19,12,2023,09:40,1,92,92012,2,9,8,3,JEAN JAURES (BOULEVARD) 63/215 - 70/208,48,
2.023E+11,28,6,2023,17:54,1,74,74010,1,1,1,7,Route de cuvat,45,
2.023E+11,14,11,2023,10:00,1,25,25462,2,1,2,1,ROCADE G.POMPIDOU (DU 25 A LA FIN),46,
2.023E+11,18,12,2023,16:42,1,92,92007,2,3,1,7,PICHETS (RUE DES),48,
2.023E+11,28,6,2023,12:30,1,74,74264,1,4,1,3,D1205,46,
2.023E+11,14,11,2023,19:20,5,25,25056,2,1,2,1,GRAY ROUTE DE,47,
2.023E+11,27,6,2023,19:15,1,74,74042,2,3,1,6,Quai du bargy_,46,
2.023E+11,18,12,2023,20:50,5,92,92004,2,2,1,3,GAMBETTA (RUE),48,
2.023E+11,14,11,2023,11:45,1,25,25056,2,3,2,3,MONTRAPON AVENUE DE,47,
2.023E+11,27,6,2023,07:10,1,74,74042,2,1,1,3,587 Avenue des glières,46,
2.023E+11,19,12,2023,16:50,5,92,92014,2,1,1,6,GENERAL LECLERC (AV.) (57 A 135 - 50 A 1,48,
2.023E+11,19,12,2023,17:15,3,50,50565,2,1,2,6,19 Grande Rue,48,
2.023E+11,25,6,2023,19:25,1,74,74140,1,4,1,3,Route du Col,46,
2.023E+11,13,11,2023,17:46,5,17,17333,2,2,2,3,JAURES (AVENUE),45,
2.023E+11,24,6,2023,19:30,1,74,74264,2,1,1,6,914,,
2.023E+11,9,11,2023,18:25,3,17,17306,2,9,2,3,HEDDE (AVENUE DANIEL),45,
2.023E+11,16,12,2023,21:30,5,68,68112,2,2,1,3,Route d'Issenheim,47,
2.023E+11,19,6,2023,08:30,1,74,74234,1,3,1,3,D1508,45,
2.023E+11,19,10,2023,07:12,5,30,30032,2,6,1,6,RD PT DES FONTETES,43,
2.023E+11,19,12,2023,17:25,3,95,95134,1,1,2,4,D301,49,
2.023E+11,18,6,2023,17:05,1,74,74094,2,1,1,6,413 Route de montagny,46,
2.023E+11,24,6,2023,17:00,1,74,74212,1,1,1,7,D12,45,
2.023E+11,20,12,2023,16:35,1,31,31575,1,1,2,6,Fourbet,43,
2.023E+11,14,11,2023,20:00,5,13,13215,2,2,1,1,LE CHATELIER,43,
2.023E+11,17,6,2023,14:30,1,74,74188,1,1,1,7,Route du lac,46,
2.023E+11,17,6,2023,11:53,1,74,74136,1,1,1,1,Route de la colombière,45,
2.023E+11,19,12,2023,15:45,1,972,97214,1,3,1,2,chemin bon repos,14,
2.023E+11,12,6,2023,18:18,1,74,74094,2,1,1,6,route des fontaines_,46,
2.023E+11,14,11,2023,18:15,5,13,13210,2,1,1,6,MAURIAC (RUE),43,
2.023E+11,12,6,2023,10:40,1,74,74147,2,9,1,3,Route du bout du lac_,45,
2.023E+11,19,12,2023,15:10,1,972,97210,1,1,1,3,quartier vapeur,14,
2.023E+11,7,6,2023,20:30,2,74,74213,1,1,8,3,N/A,45,
2.023E+11,5,6,2023,15:37,1,74,74043,2,1,1,2,665 Avenue du saleve,46,
2.023E+11,14,12,2023,16:55,3,62,62307,1,1,2,1,D243,50,
2.023E+11,4,6,2023,16:50,1,74,74250,1,1,1,2,autoroute A40,46,
2.023E+11,13,12,2023,19:30,5,62,62261,2,1,2,6,D940,50,
2.023E+11,29,5,2023,18:30,1,74,74238,1,1,1,7,D902,46,
2.023E+11,29,4,2023,16:12,1,10,10081,1,1,1,6,ROCADE EST (RD 610),48,
2.023E+11,19,12,2023,21:50,3,85,85153,1,1,2,6,la Bonnière,46,
2.023E+11,9,9,2023,07:00,1,974,97416,1,1,1,6,RN1,-21,
2.023E+11,9,9,2023,19:35,5,972,97213,1,1,1,5,AUTOROUTE A1,14,
2.023E+11,19,12,2023,17:00,5,67,67194,2,2,2,6,Rue de la Haute Vienne,48,
2.023E+11,9,9,2023,21:30,3,972,97209,1,1,1,6,REDOUTE (ROUTE DE LA),14,
2.023E+11,9,9,2023,17:00,1,972,97209,2,1,1,3,SALVADOR ALLENDE (AVENUE),14,
2.023E+11,10,9,2023,09:15,1,69,69384,2,1,1,2,Cours d'Herbouville,45,
2.023E+11,10,9,2023,16:50,1,2B,2B033,2,1,1,6,TOUTES RUES,42,
2.023E+11,19,12,2023,11:15,1,71,71240,1,1,8,2,RD 980,46,
2.023E+11,10,9,2023,09:45,1,971,97101,1,1,1,7,RN1-  HAUTEUR DE SORTIE LAURICISQUE,16,
2.023E+11,10,9,2023,15:30,1,88,88429,1,1,7,7,Rue du Sous Froid,48,
2.023E+11,20,12,2023,10:10,1,42,42128,1,1,2,3,N7,45,
2.023E+11,8,9,2023,09:50,1,84,84035,1,1,1,3,BANON (ROUTE DE),43,
2.023E+11,19,12,2023,16:25,1,47,47251,1,1,8,7,lieu dit Maillas,44,
2.023E+11,19,12,2023,23:30,3,34,34281,1,1,1,6,D2,43,
2.023E+11,10,9,2023,02:35,3,77,77186,1,1,1,2,RD606. de la rochette à l'obélisque,48,
2.023E+11,9,9,2023,19:50,1,77,77131,2,3,1,3,DAVENE (RUE),48,
2.023E+11,19,12,2023,14:35,1,25,25287,1,3,1,3,D12,47,
2.023E+11,10,9,2023,17:00,1,69,69266,2,4,1,4,Rue du 4 Août 1789,45,
2.023E+11,19,12,2023,13:55,1,25,25021,2,3,1,1,35 Grande Rue,47,
2.023E+11,9,9,2023,18:50,1,63,63300,2,3,1,3,Rue de la Varenne / rue du Creux,45,
2.023E+11,10,9,2023,13:00,1,63,63032,2,9,1,3,MONT-DORE (AVENUE DU),45,
2.023E+11,19,12,2023,15:15,1,35,35142,2,4,1,6,Avenue Victor Hugo,48,
2.023E+11,8,9,2023,16:25,1,61,61006,1,3,1,2,D958,48,
2.023E+11,20,12,2023,07:45,2,84,84041,1,1,1,1,Route de Crillon à Bédoin,44,
2.023E+11,9,9,2023,13:00,1,61,61397,2,1,1,6,Voie Communale,48,
2.023E+11,20,12,2023,17:45,5,72,72262,2,1,2,6,Rue Principale,47,
2.023E+11,9,9,2023,09:00,1,60,60057,2,2,1,3,Rue Jean Minasse,49,
2.023E+11,10,9,2023,18:30,1,59,59507,2,2,1,3,JAURES JEAN AVENUE.,50,
2.023E+11,19,12,2023,17:50,3,14,14468,1,1,2,3,Route des Potiers,49,
2.023E+11,9,9,2023,17:20,1,57,57672,2,1,1,2,ROMAINS (ROUTE DES),49,
2.023E+11,9,9,2023,07:05,1,57,57672,1,1,1,6,ARLON (ROUTE DE),49,
2.023E+11,19,12,2023,17:30,3,14,14610,1,1,2,5,Route de Verson,49,
2.023E+11,9,9,2023,17:30,1,56,56121,2,3,1,3,COSMAO-DUMANOIR ( BD ),47,
2.023E+11,19,12,2023,17:55,3,64,64495,1,3,8,5,d918,43,
2.023E+11,4,9,2023,15:00,1,44,44055,2,1,1,3,26 Boulevard du Docteur René Dubois,47,
2.023E+11,16,12,2023,20:20,5,28,28052,2,1,8,7,5 Rue de Chateauneuf,48,
2.023E+11,5,9,2023,16:45,1,35,35150,2,2,1,3,MOTELLE (BD DE LA),48,
2.023E+11,19,12,2023,11:25,1,17,17053,1,2,1,3,route departemenantle 124,45,
2.023E+11,10,9,2023,23:00,5,33,33281,2,6,1,6,Avenue de la Marne,44,
2.023E+11,19,12,2023,14:35,1,17,17346,1,1,1,7,D137,45,
2.023E+11,10,9,2023,19:45,1,33,33281,2,1,1,4,Avenue François Mitterrand,44,
2.023E+11,1,12,2023,15:55,1,37,37050,2,1,8,6,Rue Philippe Maupas,47,
2.023E+11,20,12,2023,07:30,5,44,44207,1,3,1,3,intersection D24/D26,47,
2.023E+11,18,12,2023,12:30,1,83,83116,1,1,1,2,autoroute A8,43,
2.023E+11,20,12,2023,13:50,1,29,29005,1,1,2,2,Beg Saint Ouarneau,47,
2.023E+11,19,12,2023,19:30,5,95,95039,2,1,2,6,48 GENERAL DE GAULLE (RUE DU),49,
2.023E+11,19,12,2023,11:20,1,34,34145,2,1,1,6,Quai Voltaire,43,
2.023E+11,20,12,2023,13:40,1,73,73179,2,4,1,6,Rue de la tessonnière,45,
2.023E+11,20,12,2023,10:55,1,38,38317,1,1,2,5,N85,45,
2.023E+11,18,12,2023,16:30,1,35,35240,1,1,1,1,RD288,48,
2.023E+11,20,12,2023,11:15,1,60,60612,2,1,1,6,Cours Thore Montmorency,49,
2.023E+11,19,12,2023,13:40,1,60,60115,1,1,8,6,Rue de Crèvecoeur,49,
2.023E+11,20,12,2023,12:45,1,59,59626,2,1,1,1,Route d'orsinval,50,
2.023E+11,18,12,2023,19:15,5,13,13212,1,1,1,4,A507 sens Aubagne- Marseille,43,
2.023E+11,18,12,2023,09:55,1,13,13085,1,1,1,2,A50-Sens Aubagne vers Toulon,43,
2.023E+11,17,12,2023,04:00,3,42,42218,1,1,8,6,N88,45,
2.023E+11,19,12,2023,19:30,5,33,33063,1,1,1,4,ROCADE A 630,44,
2.023E+11,19,12,2023,11:10,1,33,33167,1,1,1,4,ROUTE NATIONALE 230,44,
2.023E+11,19,12,2023,18:38,3,94,94021,1,1,2,4,A6A,48,
2.023E+11,19,12,2023,17:45,3,91,91477,1,1,2,5,AUTOROUTE A10,48,
2.023E+11,19,12,2023,11:35,1,92,92050,1,1,1,6,A14,48,
2.023E+11,19,12,2023,08:23,1,78,78322,1,1,1,7,RN12,48,
2.023E+11,19,12,2023,09:00,1,78,78158,1,1,8,3,A13,48,
2.023E+11,18,12,2023,12:00,1,92,92064,1,1,1,3,A13,48,
2.023E+11,18,12,2023,07:00,3,92,92025,1,1,1,4,A86,48,
2.023E+11,19,12,2023,05:20,3,95,95527,1,1,1,4,A1,49,
2.023E+11,18,12,2023,19:10,3,93,93066,1,1,1,2,AUTOROUTE A86,48,
2.023E+11,19,12,2023,10:00,1,94,94052,1,1,1,7,A86,48,
2.023E+11,18,12,2023,21:00,3,77,77373,1,1,1,2,RN104,48,
2.023E+11,31,7,2023,07:30,1,86,86019,1,1,1,2,N/A,46,
2.023E+11,19,7,2023,21:27,2,88,88253,2,9,1,6,43 Rue du Saut-le-cerf,48,
2.023E+11,17,7,2023,16:55,1,88,88075,2,1,1,2,Rue du Hohneck_,48,
2.023E+11,21,6,2023,13:10,1,88,88484,1,1,1,3,1 Devant la Goule_,48,
2.023E+11,18,6,2023,20:10,1,88,88250,1,4,7,1,Route de Cheniménil,48,
2.023E+11,25,5,2023,15:05,1,88,88516,1,3,1,3,D 229,48,
2.023E+11,24,8,2023,10:35,1,9,9225,2,1,1,2,MIREPOIX ROUTE DE,43,
2.023E+11,19,9,2023,07:50,1,9,9225,2,2,1,3,9° R.C.P. AVENUE DU,43,
2.023E+11,10,9,2023,02:20,5,9,9225,2,1,1,1,MENESTRELS CHEMIN DES,43,
2.023E+11,20,3,2023,09:30,1,14,14435,1,1,1,7,Route de la Boissière,49,
2.023E+11,17,12,2023,20:35,4,974,97416,2,1,1,3,LIGNE PARADIS(ROUTE DE LA),-21,
2.023E+11,18,12,2023,08:00,2,69,69383,2,2,8,3,Avenue Félix Faure,45,
2.023E+11,17,12,2023,04:30,5,972,97209,2,1,2,6,BEAUSEJOUR JAMBETTE (ROUTE),14,
2.023E+11,18,12,2023,11:45,1,69,69389,2,1,1,3,25 Rue Joannès Carret,45,
2.023E+11,18,12,2023,15:45,1,2B,2B033,2,1,1,2,TOUTES RUES,42,
2.023E+11,18,12,2023,08:10,1,2B,2B033,2,9,7,3,CIMETIERE,42,
2.023E+11,17,12,2023,18:50,3,971,97113,1,1,2,1,SECTION LEROUX,16,
2.023E+11,17,12,2023,18:00,3,971,97113,1,1,2,3,RN4 - SECTION RIVIERA,16,
2.023E+11,17,12,2023,17:45,5,971,97113,1,1,2,6,SECTION COCOYER,16,
2.023E+11,16,12,2023,16:45,1,971,97113,1,1,1,3,RN4 - SECTION RIVIERA,16,
2.023E+11,18,12,2023,11:19,1,2A,2A004,2,1,1,6,ALATA ROUTE,41,
2.023E+11,18,12,2023,17:05,5,95,95323,2,1,1,6,D48E,49,
2.023E+11,18,12,2023,08:01,2,91,91570,2,9,8,6,SAINT SAENS (RUE),48,
2.023E+11,18,12,2023,17:30,5,91,91161,2,3,1,6,RUE GAY LUSSAC,48,
2.023E+11,16,12,2023,20:00,5,91,91657,2,2,1,3,RUE PIERRE SEMARD,48,
2.023E+11,14,12,2023,19:05,5,91,91223,2,1,2,2,MAI 1945 (AVENUE DU 8),48,
2.023E+11,18,12,2023,13:04,1,87,87085,1,1,1,7,CHATRADES (rue des),45,
2.023E+11,18,12,2023,20:40,5,84,84080,2,1,1,6,LIBERATION AVENUE DE LA,44,
2.023E+11,17,12,2023,02:00,5,84,84007,2,1,1,6,LYON (route de ),43,
2.023E+11,16,12,2023,13:50,1,80,80021,2,1,1,7,DEJEAN (RUE),49,
2.023E+11,17,12,2023,15:00,1,78,78650,2,2,7,6,MONTESSON (ROUTE DE),48,
2.023E+11,18,12,2023,19:24,5,78,78440,2,1,1,1,MARECHAL FOCH (AVENUE DU),48,
2.023E+11,17,12,2023,17:50,5,76,76351,2,2,1,3,SPORTS,49,
2.023E+11,18,12,2023,14:50,1,74,74012,2,3,5,6,ETREMBIERES (ROUTE D'),46,
2.023E+11,18,12,2023,12:00,1,72,72095,2,9,1,6,VIENNE (RUE DE),48,
2.023E+11,18,12,2023,20:15,5,70,70388,2,3,1,6,RD457,47,
2.023E+11,17,12,2023,11:30,1,69,69290,2,1,1,6,Route d'Heyrieux,45,
2.023E+11,18,12,2023,13:00,1,67,67482,2,4,1,3,DUCS (RUE DES),48,
2.023E+11,18,12,2023,06:30,2,67,67218,2,6,1,3,SEBASTIEN BRANT (RUE),48,
2.023E+11,18,12,2023,08:40,1,64,64445,2,2,2,3,BAREGES DE,43,
2.023E+11,17,12,2023,23:20,5,64,64445,2,2,1,3,LIEGE DE,43,
2.023E+11,19,12,2023,17:30,4,62,62570,1,1,3,5,D50E2,50,
2.023E+11,18,12,2023,23:20,5,62,62498,2,1,1,6,Rue de Carency,50,
2.023E+11,18,12,2023,06:45,5,61,61001,2,2,1,3,VC,48,
2.023E+11,17,12,2023,13:30,1,59,59288,2,1,1,6,RUE DES ALOUETTES,50,
2.023E+11,18,12,2023,09:00,2,59,59291,2,6,5,3,SAINT-PIERRE (PLACE),50,
2.023E+11,14,12,2023,07:45,1,59,59009,2,1,2,2,RUE DE LA VOLONTE,50,
2.023E+11,11,11,2023,08:15,3,59,59043,2,1,3,7,ABBE DEBACK (RUE DE L'),50,
2.023E+11,17,12,2023,14:45,1,54,54395,2,3,1,6,Rue Mazagran,48,
2.023E+11,15,12,2023,19:30,5,49,49007,2,1,1,6,EPINARD ROUTE,47,