Num_Acc,jour,mois,an,hrmn,lum,dep,com,agg,int,atm,col,adr,lat,long
2.023E+11,18,12,2023,07:30,5,44,44184,2,1,1,6,30 Boulevard Albert 1er,47,
2.023E+11,13,12,2023,15:50,1,42,42187,2,1,2,-1,D207,46,
2.023E+11,18,12,2023,07:35,2,37,37195,2,6,1,3,N/A,47,
2.023E+11,18,12,2023,15:10,1,35,35278,1,1,1,6,RN 136,48,
2.023E+11,18,12,2023,05:00,5,34,34172,2,2,1,3,MOULINS (AVENUE DES,43,
2.023E+11,17,12,2023,03:45,5,34,34172,2,4,1,1,MARES (AVENUE HENRI),43,
2.023E+11,15,12,2023,13:55,1,34,34032,2,1,1,1,MOURRUT DOCTEUR (BD),43,
2.023E+11,18,12,2023,14:40,1,33,33063,2,1,5,2,Boulevard du Président Franklin Roosevelt,44,
2.023E+11,18,12,2023,10:35,1,33,33063,2,3,1,3,Rue Borie,44,
2.023E+11,17,12,2023,00:30,5,33,33063,1,1,1,6,RUE RENE MAGNE,44,
2.023E+11,18,12,2023,12:55,1,27,27681,2,1,8,2,MAGNY (ROUTE DE),49,
2.023E+11,13,12,2023,08:20,2,27,27299,2,1,2,3,BRIAND (AVENUE ARISTIDE),49,
2.023E+11,18,12,2023,09:55,1,25,25056,2,6,1,6,CAUSSES RUE DES,47,
2.023E+11,18,12,2023,19:35,5,17,17333,1,6,1,7,EXPRESS (voie),45,
2.023E+11,18,12,2023,19:55,1,16,16166,1,2,1,3,REPUBLIQUE (AVENUE DE LA),45,
2.023E+11,18,12,2023,15:25,1,13,13043,2,1,1,1,ALPES (RUE DES),43,
2.023E+11,29,6,2023,19:40,1,44,44109,2,1,1,3,2 Boulevard Ernest Dalby,47,
2.023E+11,30,6,2023,19:40,1,35,35238,1,1,1,3,CHAMPS ROTIS (DES),48,
2.023E+11,30,6,2023,23:55,5,33,33063,2,3,2,3,Cours de la Somme,44,
2.023E+11,28,6,2023,00:20,5,31,31555,2,2,1,3,RTE D ALBI,43,
2.023E+11,16,6,2023,18:25,1,31,31555,2,1,1,7,BD PIERRE PAUL RIQUET,43,
2.023E+11,29,6,2023,11:25,1,29,29039,2,3,1,2,Rue de Kerose,47,
2.023E+11,30,6,2023,10:30,1,29,29019,2,1,1,4,avenue Maréchal Foch,48,
2.023E+11,28,6,2023,10:30,1,29,29019,2,1,2,3,place de Strasbourg,48,
2.023E+11,30,6,2023,15:45,1,27,27528,2,1,1,6,DE GAULLE (PLACE DU GENERAL),49,
2.023E+11,30,6,2023,16:40,1,27,27229,2,3,1,3,MONOD (RUE JACQUES),49,
2.023E+11,30,6,2023,08:10,1,13,13001,1,1,8,1,ST CANADET (ROUTE) D.13,43,
2.023E+11,30,6,2023,16:35,1,11,11069,2,2,1,6,HUGO VICTOR,43,
2.023E+11,30,6,2023,12:10,1,6,6027,2,2,1,3,VIAL RUE DU CAPITAINE DE FREGATE,43,
2.023E+11,30,6,2023,20:20,1,75,75112,2,1,1,3,PORTE DE VINCENNES,48,
2.023E+11,15,6,2023,22:55,5,75,75113,2,1,1,7,PORTE D IVRY,48,
2.023E+11,30,6,2023,19:35,1,75,75118,2,3,1,6,RUE VAUVENARGUES,48,
2.023E+11,30,6,2023,19:00,1,75,75116,2,1,1,7,ROUTE DU CHAMP D ENTRAINEMENT,48,
2.023E+11,30,6,2023,17:15,1,75,75116,2,1,1,3,AVENUE RAYMOND POINCARE,48,
2.023E+11,29,6,2023,13:20,1,75,75116,2,1,1,3,AVENUE DE LA GRANDE ARMEE,48,
2.023E+11,29,6,2023,19:55,1,75,75117,2,1,1,6,SOUTERRAIN MAILLOT,48,
2.023E+11,23,6,2023,20:45,2,75,75116,2,2,1,6,RUE DE LA POMPE,48,
2.023E+11,30,6,2023,15:11,1,75,75111,2,1,1,3,BOULEVARD VOLTAIRE,48,
2.023E+11,30,6,2023,12:15,1,94,94068,2,1,1,3,Boulevard de Champigny,48,
2.023E+11,30,6,2023,15:55,1,94,94059,2,2,1,3,Route de Combault,48,
2.023E+11,30,6,2023,22:30,5,93,93055,2,3,1,3,Avenue Jean Lolive / Rue Charles Nodier,48,
2.023E+11,30,6,2023,10:15,1,93,93051,2,6,1,3,Route de Neuilly / Boulevard du Mont d'Est,48,
2.023E+11,30,6,2023,18:00,1,93,93031,2,1,1,6,Rue du 8 Mai 1945,48,
2.023E+11,30,6,2023,08:45,1,93,93029,2,3,1,3,Rue Jean Pierre Timbaud / Rue Cuvier,48,
2.023E+11,30,6,2023,15:05,1,93,93071,2,1,1,3,Avenue Salvador Allende,48,
2.023E+11,30,6,2023,18:55,1,92,92078,2,1,1,1,CHARLES DE GAULLE (BD) (4 AU 70),48,
2.023E+11,26,6,2023,18:13,1,92,92049,2,3,1,6,GINOUX AV. HENRI N°1 A 95 ET 2 A 104,48,
2.023E+11,30,6,2023,14:15,1,92,92026,2,1,1,2,ANCRE,48,
2.023E+11,29,6,2023,15:30,1,92,92012,2,1,1,4,ANATOLE FRANCE (BOULEVARD) 1/4BIS,48,
2.023E+11,1,7,2023,13:40,1,2A,2A026,1,1,1,6,départementale 83,41,
2.023E+11,29,6,2023,19:40,1,67,67362,1,1,1,6,D159,48,
2.023E+11,1,7,2023,11:10,1,63,63048,1,1,2,7,D987,45,
2.023E+11,1,7,2023,09:10,1,67,67548,2,6,1,3,D30,48,
2.023E+11,30,6,2023,08:15,1,59,59499,2,1,1,6,Rue Jules Kinoo,50,
2.023E+11,1,7,2023,01:29,3,30,30041,1,1,1,6,,43,
2.023E+11,30,6,2023,13:00,1,21,21485,2,3,1,1,29 Route de Dijon,47,
2.023E+11,30,6,2023,09:30,1,51,51211,1,1,1,1,Dommartin-Dampierre,49,
2.023E+11,29,6,2023,17:29,1,79,79103,1,1,1,7,,46,
2.023E+11,30,6,2023,21:20,1,79,79210,1,1,2,7,,46,
2.023E+11,1,6,2023,14:00,1,2B,2B123,1,1,1,5,ROUTE DE BASTIA,42,
2.023E+11,1,7,2023,01:25,4,71,71263,2,1,1,6,1555 route de montagny,46,
2.023E+11,1,7,2023,16:45,1,71,71095,2,2,3,1,Route Départementale 985,46,
2.023E+11,28,6,2023,05:15,4,71,71202,2,1,1,6,2 Rue du Clos l?Eveque,46,
2.023E+11,30,6,2023,17:50,1,63,63352,1,2,1,3,RD 141 / Chemin,45,
2.023E+11,1,7,2023,00:50,3,49,49200,1,6,2,7,D775,47,
2.023E+11,1,7,2023,10:30,1,42,42092,1,1,2,6,Route des Brossettes,45,
2.023E+11,29,6,2023,19:00,1,41,41235,1,1,1,7,RD357,47,
2.023E+11,29,6,2023,12:27,1,68,68259,1,9,1,7,D21b,47,
2.023E+11,1,7,2023,13:15,1,25,25139,1,1,1,1,D48,47,
2.023E+11,30,6,2023,16:25,1,44,44111,1,3,2,3,Route de Notre-Dame-des-Landes,47,
2.023E+11,30,6,2023,23:20,3,15,15021,1,1,1,6,RD 64,44,
2.023E+11,30,6,2023,18:20,1,5,5176,1,1,1,6,D900B,44,
2.023E+11,6,6,2023,19:00,1,83,83028,2,1,2,7,2807 route départementale 25,43,
2.023E+11,29,6,2023,10:40,1,43,43244,1,1,1,1,Route de Charron,45,
2.023E+11,1,7,2023,09:20,1,43,43230,2,1,1,6,RD251,45,
2.023E+11,28,6,2023,18:45,1,87,87068,1,2,1,3,Carrefour D1 D63,46,
2.023E+11,1,7,2023,10:10,1,30,30210,2,3,1,1,219 Route d'Anduze,43,
2.023E+11,30,6,2023,16:40,1,30,30349,1,1,1,7,D6110,43,
2.023E+11,1,7,2023,02:48,5,63,63164,1,9,1,6,A71,45,
2.023E+11,28,6,2023,09:35,1,42,42276,1,1,1,6,Route de la Croix Trevingt,45,
2.023E+11,29,6,2023,20:05,2,31,31037,1,1,3,2,A61 - pk 275.000,43,
2.023E+11,30,6,2023,18:05,1,13,13086,1,1,1,3,A52 PK 17.000,43,
2.023E+11,30,6,2023,14:15,1,17,17365,1,1,1,7,D910bis,45,
2.023E+11,28,6,2023,03:30,5,987,98712,2,1,1,3,RT2 au niveau de Min Chiu,-17,
2.023E+11,1,7,2023,05:00,2,988,98814,1,1,1,6,Tribu de Waihmeme,-20,
2.023E+11,30,6,2023,18:50,1,34,34075,1,1,1,7,D10E1 PR 003+800,43,
2.023E+11,27,6,2023,13:00,1,34,34240,1,3,1,1,2 rue rené salvador,43,
2.023E+11,1,7,2023,13:00,1,13,13084,1,1,1,7,D67a,43,
2.023E+11,1,7,2023,10:30,1,52,52449,1,1,2,6,D17,47,
2.023E+11,30,6,2023,23:50,3,88,88242,1,1,1,7,D27,48,
2.023E+11,30,6,2023,07:25,1,54,54596,1,1,1,1,D50,48,
2.023E+11,30,6,2023,14:45,1,63,63470,1,1,1,3,RD 986,45,
2.023E+11,30,6,2023,18:30,1,69,69062,1,1,1,6,Route de Grammond ,45,
2.023E+11,27,6,2023,19:00,1,17,17393,1,1,1,3,Rue Malleville,45,
2.023E+11,28,6,2023,04:50,2,33,33366,1,2,1,1,RD 670,44,
2.023E+11,30,6,2023,20:30,1,85,85302,1,1,2,7,la rabotière,46,
2.023E+11,1,7,2023,15:50,1,14,14762,1,1,1,1,L'Oisonnière - Roullours,48,
2.023E+11,30,6,2023,19:45,1,60,60135,1,1,1,1,D44,49,
2.023E+11,1,7,2023,05:45,1,59,59571,2,1,1,6,Rue de la Republique,50,
2.023E+11,30,6,2023,11:15,1,13,13212,1,1,1,2,A507 sens Aubagne- Marseille,43,
2.023E+11,22,6,2023,14:17,1,13,13071,1,1,1,2,A7-Sens Marseille vers Lyon,43,
2.023E+11,28,6,2023,13:50,1,83,83137,1,1,1,3,A50,43,
2.023E+11,30,6,2023,01:30,3,83,83035,1,1,2,6,A50,43,
2.023E+11,29,6,2023,18:00,1,83,83062,1,1,1,6,A57,43,
2.023E+11,28,6,2023,16:50,1,33,33065,1,1,1,3,ROUTE NATIONALE 230,44,
2.023E+11,29,6,2023,16:55,1,62,62907,1,1,1,3,A1,50,
2.023E+11,30,6,2023,20:25,1,94,94038,1,1,1,7,A6A,48,
2.023E+11,30,6,2023,16:40,1,92,92002,1,1,1,2,AUTOROUTE A10,48,
2.023E+11,30,6,2023,15:30,1,91,91689,1,1,1,3,A6,48,
2.023E+11,30,6,2023,11:15,1,91,91161,1,1,1,2,AUTOROUTE A126,48,
2.023E+11,30,6,2023,17:18,1,78,78646,1,1,1,6,RN12,48,
2.023E+11,30,6,2023,16:06,1,92,92050,1,1,1,3,A86,48,
2.023E+11,30,6,2023,12:00,1,92,92036,1,1,1,2,RN 315 ,48,
2.023E+11,30,6,2023,08:30,1,93,93006,1,1,1,3,AUTOROUTE A3,48,
2.023E+11,29,6,2023,16:50,1,988,98818,2,1,1,2,COLLARD (RUE DU DOCTEUR GEORGES),-22,
2.023E+11,29,6,2023,06:45,1,988,98818,2,3,1,3,RUE AUGUSTE BENEBIG/RUE BATAILLE,-22,
2.023E+11,29,6,2023,12:55,1,976,97611,2,1,1,6,passamanty-Vahibé ( route ),-12,
2.023E+11,29,6,2023,08:20,1,974,97416,1,1,1,5,RN1 (ROUTE NATIONALE),-21,
2.023E+11,28,6,2023,16:15,1,974,97416,1,1,1,2,RN02,-21,
2.023E+11,18,6,2023,20:17,4,974,97411,2,3,1,3,BOIS DE NEFLES (ROUTE DE),-20,
2.023E+11,29,6,2023,15:40,1,973,97302,2,3,1,1,NOVAPARC (RESIDENCE) RTE DE RABAN,4,
2.023E+11,29,6,2023,11:45,1,973,97302,2,1,1,3,BADUEL (ROUTE DE),4,
2.023E+11,29,6,2023,13:55,1,69,69387,2,2,1,3,Rue de l'Université,45,
2.023E+11,29,6,2023,14:00,1,69,69386,2,1,1,3,Rue Duquesne,45,
2.023E+11,15,6,2023,13:10,1,69,69386,2,2,1,3,Rue de Créqui,45,
2.023E+11,25,6,2023,19:20,5,972,97213,1,1,1,7,ROUTE NATIONALE 6,14,
2.023E+11,30,6,2023,00:10,5,69,69385,2,1,2,7,Rue des Macchabées,45,
2.023E+11,29,6,2023,15:45,1,69,69149,2,1,1,2,Rue Francisque Jomard,45,
2.023E+11,20,6,2023,06:50,1,971,97113,1,1,1,7,Section Port Blanc,16,
2.023E+11,23,6,2023,08:09,1,971,97113,1,1,2,7,SECTION LEROUX,16,
2.023E+11,29,6,2023,13:40,1,2A,2A004,2,1,1,1,ANGELO LOT SAN ANCIENNE RTE DE SARTENE,41,
2.023E+11,29,6,2023,14:30,1,86,86194,2,1,1,2,D910,46,
2.023E+11,29,6,2023,18:35,1,81,81060,2,1,1,6,ROUCAN ( AV. DU ),44,
2.023E+11,29,6,2023,21:45,2,78,78650,2,2,1,1,MONTESSON (ROUTE DE),48,
2.023E+11,24,6,2023,17:00,1,77,77449,2,1,1,2,BD LA MERIDIENNE,48,
2.023E+11,29,6,2023,15:15,1,77,77442,1,1,1,2,D210,48,
2.023E+11,28,6,2023,20:30,1,76,76351,2,3,1,3,JEAN JAURES (AVENUE),49,
2.023E+11,29,6,2023,22:40,5,71,71040,2,2,1,3,CHARBONNIERE (RUE DE LA),46,
2.023E+11,29,6,2023,09:40,1,69,69264,2,9,1,3,Rue de Belleville,45,
2.023E+11,29,6,2023,18:10,1,64,64348,2,1,2,4,CHARLES DE GAULLE,43,
2.023E+11,29,6,2023,00:55,5,64,64445,2,1,1,2,CAMI SALIE DU,43,
2.023E+11,28,6,2023,22:12,5,63,63113,2,2,1,3,CLOS NOTRE DAME / Diomède,45,
2.023E+11,30,6,2023,00:10,5,59,59368,2,2,1,1,DE GAULLE RUE DU GENERAL,50,
2.023E+11,29,6,2023,07:00,1,59,59360,2,1,1,1,DOUMER PAUL RUE,50,
2.023E+11,28,6,2023,07:40,1,54,54395,2,2,1,6,boulevard de l'insurrection du ghetto de Varsovie,48,
2.023E+11,27,6,2023,19:50,1,51,51454,2,1,1,4,LAMBERT (BOULEVARD VICTOR),49,
2.023E+11,29,6,2023,17:00,1,47,47323,2,2,1,1,ABIDJAN,44,
2.023E+11,29,6,2023,08:25,1,45,45234,2,3,1,3,25 Quai du Roi,47,
2.023E+11,25,6,2023,21:30,1,44,44184,2,2,1,2,116 Rue Jean Gutenberg,47,
2.023E+11,7,5,2023,19:01,1,44,44184,2,5,1,6,1 Rue Michel de Montaigne,47,
2.023E+11,22,6,2023,07:50,1,44,44184,2,1,1,5,2 Boulevard Pierre de Maupertuis,47,
2.023E+11,18,6,2023,09:24,1,42,42170,1,1,1,6,Route du Beaujolais,46,
2.023E+11,29,6,2023,00:48,3,41,41018,2,1,1,2,FOIX (QUAI DU),47,
2.023E+11,28,6,2023,13:30,1,41,41295,2,1,1,7,D951,47,
2.023E+11,29,6,2023,15:50,1,37,37261,2,1,1,6,DELAROCHE (RUE),47,
2.023E+11,28,6,2023,17:15,1,35,35055,1,1,1,2,VOIE DE LA LIBERTE,48,
2.023E+11,29,6,2023,16:00,1,34,34172,2,1,1,6,58 Cours Gambetta,43,
2.023E+11,29,6,2023,10:15,1,34,34172,2,1,1,6,1694 Avenue de la Justice de Castelnau,43,
2.023E+11,29,6,2023,19:00,1,33,33063,2,8,1,1,Quai de Bacalan,44,
2.023E+11,28,6,2023,21:22,2,31,31483,1,1,1,7,ROUTE DE LA SERRE DE CAZAUX,43,
2.023E+11,29,6,2023,19:00,1,29,29232,2,2,1,3,Rue Laennec,47,
2.023E+11,28,6,2023,18:00,1,29,29232,2,1,1,6,Rue de Kergestin,47,
2.023E+11,28,6,2023,11:45,1,29,29039,2,1,1,2,rue de Penanguer,47,
2.023E+11,28,6,2023,19:30,1,29,29019,2,1,1,6,rue Anatole France,48,
2.023E+11,29,6,2023,10:55,1,25,25056,2,1,1,6,BLUM  BOULEVARD LEON (inf 51),47,
2.023E+11,14,6,2023,11:45,1,22,22278,2,1,1,6,71° RI (DU),48,
2.023E+11,28,6,2023,17:20,1,17,17306,2,1,1,2,HEDDE (AVENUE DANIEL),45,
2.023E+11,29,6,2023,19:41,1,17,17300,2,3,1,3,LOMBARD   AVENUE MODERE,46,
2.023E+11,29,6,2023,10:45,1,13,13019,2,9,1,3,CD6,43,
2.023E+11,12,10,2023,16:50,1,37,37233,2,1,1,2,BONNIN (AVENUE JEAN),47,
2.023E+11,29,6,2023,03:55,3,11,11069,1,1,1,6,,43,
2.023E+11,9,10,2023,01:15,4,34,34172,2,1,1,6,CORSE (RUE DE),43,
2.023E+11,28,6,2023,21:56,5,10,10387,2,2,1,3,VICTOR HUGO (RUE),48,
2.023E+11,10,10,2023,13:00,1,34,34003,2,1,1,6,REVEILLE (D5 A E4 ET E12 A F11,43,
2.023E+11,29,6,2023,14:35,1,8,8105,2,1,1,6,106 Avenue Charles de Gaulle,49,
2.023E+11,29,6,2023,14:25,1,7,7281,1,1,1,7,C.D.533,44,
2.023E+11,12,10,2023,08:15,1,33,33063,2,3,1,3,Quai du Maréchal Lyautey,44,
2.023E+11,29,6,2023,13:05,1,6,6088,2,1,1,1,CESSOLE (BD DE) (A PARTIR DU 101-114),43,
2.023E+11,29,6,2023,02:10,5,3,3190,2,1,1,6,Rue de Bourgogne,46,
2.023E+11,11,10,2023,22:10,3,33,33162,2,1,1,2,Avenue du Taillan-Médoc,44,
2.023E+11,29,6,2023,18:25,1,75,75120,2,1,1,2,PORTE DE MONTREUIL,48,
2.023E+11,29,6,2023,15:10,1,75,75112,2,1,1,3,PORT DE BERCY,48,
2.023E+11,12,10,2023,13:59,1,31,31555,2,1,1,6,AV DES MINIMES,43,
2.023E+11,28,6,2023,07:10,1,75,75116,2,1,1,2,ECHANGEUR MAILLOT,48,
2.023E+11,12,10,2023,07:45,2,31,31555,2,1,1,3,AV JEAN CHAUBET,43,
2.023E+11,29,6,2023,12:00,1,75,75120,2,1,8,1,AVENUE GAMBETTA,48,
2.023E+11,10,10,2023,08:20,1,31,31555,2,1,1,3,RTE D ALBI,43,
2.023E+11,29,6,2023,15:15,1,75,75116,2,7,1,6,AVENUE DE VERSAILLES,48,
2.023E+11,29,6,2023,14:45,1,75,75116,2,1,1,3,AVENUE VICTOR HUGO,48,
2.023E+11,8,10,2023,04:25,3,31,31555,1,1,1,6,VA007553 A61,43,
2.023E+11,28,6,2023,09:55,1,75,75115,2,1,1,6,RUE ALPHONSE BERTILLON,48,
2.023E+11,12,10,2023,11:35,1,31,31483,2,1,1,6,PYRENNEES (BOULEVARD DES),43,
2.023E+11,29,6,2023,11:45,1,75,75115,2,1,1,6,BOULEVARD GARIBALDI,48,
2.023E+11,28,6,2023,14:30,1,75,75114,2,1,1,7,AVENUE DU MAINE,48,
2.023E+11,12,10,2023,10:00,1,29,29039,2,1,2,3,2 Rue du Moros,47,
2.023E+11,29,6,2023,18:50,1,75,75113,2,2,1,6,RUE PAU CASALS,48,
2.023E+11,11,10,2023,17:10,1,26,26252,2,1,1,7,DESCARTES RUE,44,
2.023E+11,28,6,2023,23:00,5,75,75111,2,2,1,1,RUE DE CHARONNE,48,
2.023E+11,29,6,2023,20:50,2,75,75110,2,2,1,6,RUE ALBERT THOMAS,48,
2.023E+11,12,10,2023,21:30,5,25,25056,2,2,1,3,CHURCHILL BD WINSTON,47,
2.023E+11,29,6,2023,14:40,1,75,75110,2,3,1,6,RUE DES ECLUSES SAINT MARTIN,48,
2.023E+11,11,10,2023,15:47,1,19,19031,2,2,1,6,Rue Philibert Lalande,45,
2.023E+11,29,6,2023,10:00,1,75,75110,2,3,1,3,BOULEVARD SAINT MARTIN,48,
2.023E+11,29,6,2023,11:10,1,75,75108,2,2,1,3,RUE LA BOETIE,48,
2.023E+11,12,10,2023,16:00,1,17,17415,2,9,1,6,LEMERCIER COURS,45,
2.023E+11,29,6,2023,13:23,1,75,75107,2,5,1,6,QUAI D ORSAY,48,
2.023E+11,29,6,2023,10:30,1,94,94003,2,1,1,3,Avenue Aristide Briand,48,
2.023E+11,27,6,2023,00:50,5,94,94028,2,9,1,6,Allée Parmentier,48,
2.023E+11,12,10,2023,16:45,1,17,17291,1,1,1,2,08 PK RN237 RE MOULIN JUSTICE,46,
2.023E+11,26,6,2023,20:15,1,94,94069,2,1,1,6,Rue du Maréchal Leclerc,48,
2.023E+11,29,6,2023,00:10,5,93,93070,2,1,1,2,Avenue Michelet,48,
2.023E+11,29,6,2023,09:30,1,93,93048,2,9,1,3,Boulevard Aristide Briand,48,
2.023E+11,29,6,2023,05:15,1,93,93007,2,6,1,6,Rue Maxime Gorki,48,
2.023E+11,12,10,2023,17:15,1,14,14118,2,1,1,6,12 Avenue Président Coty,49,
2.023E+11,29,6,2023,10:25,1,92,92075,2,1,1,2,LYCEE (BOULEVARD DU),48,
2.023E+11,28,6,2023,17:30,1,92,92048,2,9,1,2,PAVE DES GARDES (ROUTE DU),48,
2.023E+11,12,10,2023,18:45,2,13,13117,2,3,1,3,GLACIERE ( RUE DE LA ),43,
2.023E+11,29,6,2023,13:24,1,92,92024,2,3,1,3,JEAN JAURES (BD) DE 47 A 109)   (56 A 14,48,
2.023E+11,12,10,2023,17:56,2,13,13106,2,9,1,6,8 MAI 1945 (AVENUE DU),43,
2.023E+11,29,6,2023,10:42,1,92,92024,2,1,1,5,JEAN JAURES (BD) DE (111 A 159),48,
2.023E+11,28,6,2023,14:32,1,92,92012,2,1,1,3,REINE (ROUTE DE LA) 82/FIN - 107TER/FIN,48,
2.023E+11,29,6,2023,19:30,1,92,92014,2,1,1,6,MARECHAL JOFFRE (BD DU) (43 A 97 - 58 A,48,
2.023E+11,12,10,2023,23:28,5,13,13209,2,1,1,1,MICHELET (BOULEVARD),43,
2.023E+11,28,6,2023,17:40,1,17,17045,1,2,1,3,D137,45,
2.023E+11,12,10,2023,22:45,5,13,13211,2,6,1,1,MONTRE (TRAVERSE DE LA),43,
2.023E+11,29,6,2023,10:20,1,43,43185,1,1,1,7,D651,45,
2.023E+11,30,6,2023,15:30,1,974,97405,1,1,1,1,40 Chemin Laguerre,-21,
2.023E+11,12,10,2023,23:00,5,13,13212,2,3,1,3,24 AVRIL 15 (AVENUE DU),43,
2.023E+11,24,6,2023,22:00,5,1,1427,2,1,1,6,Quai de Saone,45,
2.023E+11,12,10,2023,18:07,1,13,13002,2,6,1,6,MOUREN (PLACE),43,
2.023E+11,25,6,2023,05:10,2,1,1194,2,1,1,3,Rue du Marmont,45,
2.023E+11,26,6,2023,12:40,1,14,14027,1,1,1,6,3 Route de Saint-Célerin (Ondefontaine),48,
2.023E+11,12,10,2023,00:50,5,13,13207,2,1,1,1,Corniche John Fitzgérald Kennedy,43,
2.023E+11,12,10,2023,21:00,5,13,13001,2,9,1,6,REPUBLIQUE (BD DE LA),43,
2.023E+11,12,10,2023,19:40,3,13,13001,1,9,1,3,ST CANADET (ROUTE) D.13,43,
2.023E+11,12,10,2023,23:15,5,10,10387,2,1,1,3,FERNAND GIROUX (RUE),48,
2.023E+11,12,10,2023,13:05,1,9,9207,2,1,1,6,PYRENEES (AV DES),42,
2.023E+11,12,10,2023,11:37,1,6,6029,2,1,1,3,BUISSONS ARDENTS,43,
2.023E+11,12,10,2023,08:50,1,6,6027,2,3,1,4,JUIN BOULEVARD MARECHAL,43,
2.023E+11,10,10,2023,14:45,1,6,6027,2,1,1,2,CANNES AVENUE DE (RN7),43,
2.023E+11,8,10,2023,16:45,1,2,2243,1,1,1,2,N/A,49,
2.023E+11,7,10,2023,15:50,1,2,2722,2,1,1,6,66 Rue Saint-martin,49,
2.023E+11,6,10,2023,18:30,1,2,2722,2,1,7,6,N/A,49,
2.023E+11,5,10,2023,14:05,1,2,2722,2,1,1,6,N/A,49,
2.023E+11,12,10,2023,12:05,1,75,75118,2,1,2,7,BOULEVARD PERIPHERIQUE,48,
2.023E+11,11,10,2023,10:30,1,75,75114,2,1,1,2,PORTE D ORLEANS,48,
2.023E+11,10,10,2023,18:30,1,75,75119,2,1,1,2,PORTE DE PANTIN,48,
2.023E+11,12,10,2023,18:45,2,75,75120,2,3,8,6,AVENUE GAMBETTA,48,
2.023E+11,10,10,2023,17:15,1,75,75120,2,4,1,6,RUE DES PYRENEES,48,
2.023E+11,12,10,2023,11:22,1,75,75116,2,2,2,3,AVENUE FERDINAND BUISSON,48,
2.023E+11,12,10,2023,14:45,1,75,75113,2,2,1,3,QUAI PANHARD ET LEVASSOR,48,
2.023E+11,12,10,2023,16:10,1,75,75111,2,3,1,6,RUE DU FAUBOURG SAINT ANTOINE,48,
2.023E+11,11,10,2023,12:55,1,75,75108,2,2,1,3,AVENUE DE MARIGNY,48,
2.023E+11,11,10,2023,23:37,5,75,75101,2,2,1,6,BOULEVARD DE SEBASTOPOL,48,
2.023E+11,11,10,2023,09:50,1,75,75102,2,1,1,6,BOULEVARD POISSONNIERE,48,
2.023E+11,11,10,2023,14:15,1,94,94081,2,1,1,6,Avenue de l'Abbé Roger Derry,48,
2.023E+11,11,10,2023,18:00,1,94,94068,2,1,1,3,117 Quai Winston Churchill,48,
2.023E+11,11,10,2023,22:45,3,94,94068,2,2,1,3,Rue Garnier Pagès,48,
2.023E+11,12,10,2023,09:40,1,94,94076,2,1,1,1,Rue Marcel Grosménil,48,
2.023E+11,12,10,2023,08:45,1,94,94076,2,2,3,6,Avenue de la République,48,
2.023E+11,12,10,2023,19:30,5,94,94076,2,1,1,6,45 Voie Dalou,48,
2.023E+11,11,10,2023,23:00,5,94,94011,2,2,1,2,Avenue Auguste Gross,48,
2.023E+11,11,10,2023,08:47,1,94,94028,2,1,1,6,Avenue François Mitterrand,48,
2.023E+11,12,10,2023,08:20,1,93,93078,2,6,3,6,Avenue du Sausset / Avenue du Sausset,48,
2.023E+11,12,10,2023,15:32,1,93,93070,2,2,1,3,Rue Louis Blanc / Avenue Gabriel Péri,48,
2.023E+11,11,10,2023,09:36,1,93,93066,2,9,1,3,Rue du Fort de la Briche,48,
2.023E+11,12,10,2023,12:10,1,93,93062,2,1,2,3,Allée des Bosquets,48,
2.023E+11,12,10,2023,18:10,2,93,93055,2,3,1,3,Avenue Jean Lolive / Rue Pierre Brossolette,48,
2.023E+11,11,10,2023,15:25,1,93,93051,2,1,1,3,Boulevard du Ru de Nesles,48,
2.023E+11,12,10,2023,00:00,5,93,93049,2,2,1,6,Rue Edgar Quinet / Rue Faidherbe,48,
2.023E+11,12,10,2023,13:00,1,93,93046,2,3,1,3,Avenue de Sully / Allée Dior,48,
2.023E+11,12,10,2023,11:45,1,93,93079,2,3,1,6,Rue Maurice Grandcoing / Ruelle des Roses,48,
2.023E+11,12,10,2023,15:39,1,93,93029,2,3,1,3,Rue Charles Gide / Rue Pierre Médrano,48,
2.023E+11,12,10,2023,09:00,1,93,93029,2,1,2,4,Rue d'Alsace Lorraine,48,
2.023E+11,12,10,2023,21:50,5,93,93027,2,3,1,3,Avenue Henri Barbusse / Rue Paul Verlaine,48,
2.023E+11,12,10,2023,13:35,1,93,93057,2,1,1,3,Allée Monthyon,48,
2.023E+11,12,10,2023,14:35,1,93,93001,2,4,8,3,Rue André Karman / Rue Edouard Poisson,48,
2.023E+11,12,10,2023,01:08,5,93,93001,2,1,1,3,Avenue du Président Roosevelt,48,
2.023E+11,11,10,2023,20:09,5,92,92072,2,1,1,2,GARENNE (RUE DE LA),48,
2.023E+11,10,10,2023,18:45,1,92,92063,2,1,1,2,NATIONAL (BOULEVARD),48,
2.023E+11,12,10,2023,11:50,1,92,92062,2,1,1,2,DE DION BOUTON (QUAI) DU 29 AU 65,48,
2.023E+11,11,10,2023,09:10,1,92,92050,2,6,8,3,NERUDA PABLO RUE,48,
2.023E+11,12,10,2023,09:07,1,92,92048,2,1,3,3,PARIS (RUE DE) N° 12 A 164,48,
2.023E+11,12,10,2023,21:10,5,92,92026,2,9,1,3,STRASBOURG,48,