Num_Acc,jour,mois,an,hrmn,lum,dep,com,agg,int,atm,col,adr,lat,long
2.023E+11,7,8,2023,15:00,1,30,30036,1,1,1,3,RN 113,43,
2.023E+11,18,4,2023,14:54,1,75,75110,2,2,1,4,RUE LA FAYETTE,48,
2.023E+11,18,4,2023,09:15,1,75,75110,2,2,1,3,RUE DU FAUBOURG SAINT MARTIN,48,
2.023E+11,6,8,2023,01:30,3,30,30344,1,2,1,5,Route Nationale 113,43,
2.023E+11,18,4,2023,09:00,1,75,75110,2,3,1,3,RUE D ABBEVILLE,48,
2.023E+11,18,4,2023,11:40,1,75,75109,2,4,1,5,RUE HALEVY,48,
2.023E+11,3,8,2023,15:52,1,1,1451,1,1,1,2,A40 PK167+700,46,
2.023E+11,18,4,2023,00:01,5,75,75107,2,3,1,2,AVENUE DE LA BOURDONNAIS,48,
2.023E+11,6,8,2023,15:00,1,68,68300,1,1,1,6,Sausheim (Embranchement d'autoroute),47,
2.023E+11,17,4,2023,15:40,1,75,75104,2,2,1,6,RUE FRANCOIS MIRON,48,
2.023E+11,6,8,2023,07:20,2,68,68309,1,1,1,2,A35,47,
2.023E+11,17,4,2023,14:40,1,75,75103,2,3,1,3,RUE DU TEMPLE,48,
2.023E+11,17,4,2023,22:15,5,94,94068,2,1,1,6,Avenue de l’Alma,48,
2.023E+11,4,8,2023,13:15,1,31,31004,1,1,1,6,A61 PK 253.900,43,
2.023E+11,18,4,2023,18:25,1,94,94058,2,1,8,3,Avenue du Général de Gaulle,48,
2.023E+11,18,4,2023,12:00,1,94,94076,2,1,1,3,Boulevard Maxime Gorki,48,
2.023E+11,5,8,2023,15:40,1,987,98715,2,9,1,3,Face au marché de FAA'A,-17,
2.023E+11,18,4,2023,07:50,1,94,94043,2,1,1,3,Avenue de Fontainebleau,48,
2.023E+11,6,8,2023,22:00,4,64,64021,1,1,1,6,A 64 PK 114.000 sens toulouse bayonne,43,
2.023E+11,18,4,2023,01:00,5,94,94019,2,2,1,6,Pont de Chennevières,48,
2.023E+11,7,8,2023,09:30,1,13,13007,1,1,1,1,A52 P.K 14.160,43,
2.023E+11,17,4,2023,14:25,1,94,94017,2,1,1,2,Boulevard de Stalingrad,48,
2.023E+11,17,4,2023,21:25,5,93,93078,2,2,1,3,Boulevard Robert Ballanger / Avenue Emile Dambel,48,
2.023E+11,18,4,2023,20:01,1,93,93064,2,3,1,3,Rue Leon Blum / Rue Conrad Adenauer,48,
2.023E+11,4,8,2023,07:58,1,38,38486,2,9,1,2,D6,45,
2.023E+11,18,4,2023,11:25,1,93,93031,2,1,1,1,Boulevard Foch,48,
2.023E+11,17,4,2023,23:00,5,93,93031,2,3,1,1,Avenue Joffre / Rue des Carrières,48,
2.023E+11,6,8,2023,14:45,1,34,34329,1,1,1,2,A9,43,
2.023E+11,18,4,2023,21:45,5,93,93007,2,2,8,2,Avenue Hoche / Avenue Ambroise Croizat,48,
2.023E+11,18,4,2023,16:25,1,93,93001,2,1,1,6,Pont de Stains,48,
2.023E+11,18,4,2023,19:15,1,92,92046,2,3,2,3,PIERRE BROSSOLETTE (AVENUE),48,
2.023E+11,18,4,2023,08:50,1,92,92072,2,1,1,6,GRANDE RUE,48,
2.023E+11,18,4,2023,09:10,1,92,92050,2,5,1,2,RENAN ERNEST RUE,48,
2.023E+11,5,8,2023,15:30,1,13,13103,1,1,1,2,A7,43,
2.023E+11,18,4,2023,18:40,1,92,92020,2,1,1,6,DEFORGES RUE ETIENNE N° PAIRS,48,
2.023E+11,18,4,2023,16:00,1,92,92040,2,1,1,7,GAMBETTA (BOULEVARD),48,
2.023E+11,4,8,2023,18:25,3,987,98740,1,1,1,1,Atoll de TIKEHAU,-15,
2.023E+11,16,1,2023,06:00,5,91,91174,2,1,2,6,RUE DE PARIS,48,
2.023E+11,17,4,2023,22:45,5,92,92040,2,3,1,3,GOUVERNEUR GAL EBOUE DU 02 AU 64,48,
2.023E+11,15,1,2023,14:20,1,91,91521,2,1,1,6,BONTE (RUE),48,
2.023E+11,6,8,2023,13:00,1,988,98822,1,1,1,6,Ometteux (Tribu),-21,
2.023E+11,18,4,2023,09:25,1,92,92026,2,3,1,3,VERDUN (DE 62 A FIN),48,
2.023E+11,11,1,2023,16:10,1,91,91174,2,1,1,3,BD JEAN JAURES,48,
2.023E+11,4,8,2023,19:20,3,988,98803,1,1,1,6,RT1 - NESSSADIOU,-21,
2.023E+11,5,8,2023,09:50,1,974,97403,2,1,1,7,270 Rue Jean Lauret,-21,
2.023E+11,18,4,2023,18:45,1,92,92060,2,6,1,3,CHARLES DE GAULLE (PLACE),48,
2.023E+11,11,1,2023,15:05,1,91,91521,2,1,1,4,ROUTE DE MENNECY ,48,
2.023E+11,10,1,2023,08:10,5,91,91174,2,1,1,6,RUE DE LA POUDRERIE,48,
2.023E+11,18,4,2023,14:30,1,92,92012,2,2,1,7,MEUDON (RUE DE) - COTE IMPAIR,48,
2.023E+11,4,8,2023,11:20,1,973,97303,1,1,1,5,N1 - Trou Poissons,5,
2.023E+11,19,4,2023,05:00,3,83,83058,1,1,1,6,Route de Salernes,43,
2.023E+11,4,1,2023,07:50,5,91,91228,2,1,2,6,AV DE L ORME A MARTIN,48,
2.023E+11,7,8,2023,07:00,1,973,97304,1,4,1,3,PK41,5,
2.023E+11,18,1,2023,14:13,1,84,84087,1,6,1,1,VENISSAT-NORD (CHEMIN DE),44,
2.023E+11,18,4,2023,18:40,1,41,41157,1,2,1,3,D20/D144,47,
2.023E+11,25,1,2023,09:00,2,76,76231,1,1,8,7,Rue du Thuit Anger,49,
2.023E+11,18,4,2023,17:40,1,11,11203,2,1,1,6,1a Avenue Georges Clémenceau,43,
2.023E+11,5,8,2023,16:30,1,971,97118,2,1,1,3,Daubin,16,
2.023E+11,24,1,2023,07:25,2,76,76540,2,2,1,3,Rue d'Ornay,49,
2.023E+11,19,4,2023,13:50,1,84,84091,2,3,1,3,2167 Avenue de Provence,44,
2.023E+11,24,1,2023,15:45,1,76,76351,2,3,1,1,BELLOT,49,
2.023E+11,19,4,2023,08:30,1,30,30076,2,1,1,6,Rue de Bagnols,44,
2.023E+11,6,8,2023,02:45,3,971,97114,1,1,1,1,N1,16,
2.023E+11,18,4,2023,17:00,1,56,56243,2,1,1,6,route de l'hippodrome,47,
2.023E+11,24,1,2023,09:00,1,71,71486,2,2,1,3,WALDECK ROCHET (AVENUE),46,
2.023E+11,19,4,2023,16:00,1,82,82025,1,2,1,3,4195 Route de Montbartier,43,
2.023E+11,3,8,2023,15:05,1,972,97228,2,1,1,1,route nationale 1 belle étoile,14,
2.023E+11,25,1,2023,08:55,1,67,67482,2,3,8,3,SOLEURE (RUE DE),48,
2.023E+11,19,4,2023,15:40,1,63,63139,1,1,1,1,ROUTE DÉPARTEMENTALE 906,45,
2.023E+11,6,8,2023,08:10,1,44,44020,1,1,1,6,N/A,47,
2.023E+11,18,4,2023,14:40,1,63,63296,1,9,1,3,Route départementale 10,45,
2.023E+11,24,1,2023,23:09,5,67,67482,2,1,1,6,KELLERMANN (QUAI),48,
2.023E+11,19,4,2023,09:25,1,61,61063,1,1,1,7,D924,48,
2.023E+11,2,8,2023,18:00,1,33,33214,2,3,1,1,Avenue du Cantabria,45,
2.023E+11,24,1,2023,17:00,5,67,67482,2,1,1,4,LOUIS PASTEUR (QUAI),48,
2.023E+11,19,4,2023,10:10,1,61,61240,1,3,1,4,D958,48,
2.023E+11,4,8,2023,08:15,1,37,37118,1,2,9,1,D16,47,
2.023E+11,18,4,2023,23:52,3,49,49125,2,6,1,6,Boulevard du docteur lionet,47,
2.023E+11,22,1,2023,00:30,5,67,67204,1,1,4,6,FONTAINE (RUE DE LA),48,
2.023E+11,4,8,2023,20:40,2,77,77486,1,1,1,6,D2a,48,
2.023E+11,19,4,2023,10:25,1,12,12107,1,1,1,6,Route de Rodez,44,
2.023E+11,24,1,2023,18:08,2,66,66136,2,3,1,3,,42,
2.023E+11,4,8,2023,11:50,1,95,95348,1,1,1,2,D14,49,
2.023E+11,25,1,2023,08:30,1,62,62907,1,9,1,1,D917,50,
2.023E+11,13,4,2023,17:33,1,68,68059,1,1,1,5,D83,47,
2.023E+11,5,8,2023,03:10,3,91,91661,1,1,1,1,Avenue de la Plesse,48,
2.023E+11,20,1,2023,16:10,1,59,59527,2,1,1,6,LECLERC RUE DU GENERAL,50,
2.023E+11,7,8,2023,09:55,1,91,91038,1,1,1,7,Route de Villeneuve,48,
2.023E+11,25,1,2023,08:15,1,59,59350,2,1,1,3,FAUBOURG D'ARRAS RUE,50,
2.023E+11,18,4,2023,22:41,3,68,68078,1,1,1,1,D83,48,
2.023E+11,24,1,2023,13:40,1,55,55545,2,1,1,3,MISS SIBLEY,49,
2.023E+11,15,4,2023,20:15,2,35,35306,1,2,1,6,d76,48,
2.023E+11,10,4,2023,22:10,3,29,29281,1,1,1,6,Kerveguen,47,
2.023E+11,5,8,2023,09:25,1,2B,2B193,1,1,1,1,francardo T20,42,
2.023E+11,25,1,2023,10:49,1,49,49267,2,3,1,3,TAILLANDERIE,47,
2.023E+11,18,4,2023,19:30,1,29,29031,1,1,1,2,Route de Lorient,47,
2.023E+11,24,1,2023,18:45,5,49,49007,2,1,1,2,GAULLE BOULEVARD CHARLES DE,47,
2.023E+11,7,8,2023,14:45,1,2B,2B199,1,1,1,2,route territoriale 30,42,
2.023E+11,24,1,2023,17:20,2,49,49007,2,1,1,2,FOCH BOULEVARD,47,
2.023E+11,7,8,2023,09:40,1,2B,2B314,1,1,1,7,PSITE DE SALECCIA - CASTA,42,
2.023E+11,19,4,2023,08:30,1,31,31160,1,1,1,3,Route de Toulouse,43,
2.023E+11,24,1,2023,04:45,4,49,49015,2,1,1,6,219 Avenue Pierre Mendès-France,47,
2.023E+11,6,8,2023,06:00,2,2B,2B188,1,1,1,7,Pont de Torreno,42,
2.023E+11,19,4,2023,06:20,2,2,2810,2,1,1,6,1 Rue Lavoisier,49,
2.023E+11,25,1,2023,07:55,2,45,45284,1,1,2,4,D2060 PR 90 + 325,47,
2.023E+11,6,8,2023,10:45,1,34,34213,1,3,1,3,Avenue de Sète,43,
2.023E+11,18,4,2023,17:20,1,1,1050,2,3,1,2,Route de Saint Jean,46,
2.023E+11,24,1,2023,19:15,5,44,44184,2,5,1,3,47 Boulevard du Moulin de La Butte,47,
2.023E+11,5,8,2023,19:20,1,34,34063,1,1,1,1,D13e5,43,
2.023E+11,25,1,2023,03:50,3,44,44162,1,1,1,6,Rue de la Syonnière,47,
2.023E+11,19,4,2023,11:10,1,70,70292,2,6,1,3,Avenue Victor Hugo,47,
2.023E+11,4,8,2023,10:00,1,34,34145,2,4,1,3,Avenue de Mauguio,43,
2.023E+11,25,1,2023,18:10,1,41,41018,2,1,1,2,VENDOME (AVENUE DE),47,
2.023E+11,19,4,2023,14:50,1,5,5045,1,1,1,3,RN 94,44,
2.023E+11,4,8,2023,02:00,3,84,84147,1,9,1,7,D973,43,
2.023E+11,25,1,2023,18:45,5,37,37122,2,3,1,3,MARTYRS (RUE DES),47,
2.023E+11,29,7,2023,16:30,1,83,83027,1,1,1,7,D66,43,
2.023E+11,18,4,2023,14:20,1,64,64405,1,1,1,1,RD 943,43,
2.023E+11,25,1,2023,05:55,5,37,37261,2,2,1,7,RABELAIS (PLACE),47,
2.023E+11,18,4,2023,15:15,1,18,18165,1,1,1,1,N/A,47,
2.023E+11,25,1,2023,13:50,1,35,35278,1,3,1,2,RD 29,48,
2.023E+11,5,8,2023,16:00,1,83,83127,1,1,1,1,Route de Marseille,43,
2.023E+11,18,4,2023,12:15,1,16,16194,1,2,1,3,D88,45,
2.023E+11,24,1,2023,08:20,1,34,34003,2,1,1,2,19 Avenue du 8 Mai 1945,43,
2.023E+11,18,4,2023,17:30,1,37,37179,2,4,1,3,D77,47,
2.023E+11,25,1,2023,13:55,1,33,33162,2,6,1,3,Avenue de Saint-Medard,44,
2.023E+11,3,8,2023,10:30,1,83,83115,1,1,1,3,Av du Croiseur Leger le Malin,43,
2.023E+11,18,4,2023,17:00,1,30,30161,1,1,1,2,N/A,44,
2.023E+11,25,1,2023,21:50,5,31,31555,2,1,2,1,CHE DE LESTANG,43,
2.023E+11,3,8,2023,15:30,1,83,83068,1,3,1,3,Route du Littoral,43,
2.023E+11,23,1,2023,17:30,2,29,29019,1,1,1,2,D112,48,
2.023E+11,18,4,2023,20:50,2,88,88488,1,2,1,3,D165,48,
2.023E+11,25,1,2023,19:10,5,22,22113,2,6,1,6,RESISTANCE (AVENUE DE LA),48,
2.023E+11,4,8,2023,13:40,1,83,83107,1,1,1,1,Route Nd7,43,
2.023E+11,18,4,2023,17:05,1,62,62836,1,1,1,2,A26,50,
2.023E+11,24,1,2023,08:25,2,18,18255,1,6,1,2,,47,
2.023E+11,3,8,2023,18:10,1,6,6157,2,1,7,1,Route de Saint-Jeannet,43,
2.023E+11,19,4,2023,06:45,1,976,97605,2,1,2,1,D16 CHICONI route du collège,-12,
2.023E+11,5,8,2023,14:55,1,13,13042,1,1,1,6,rd2,43,
2.023E+11,25,1,2023,18:15,5,14,14220,2,2,1,3,128-130 Avenue de la République,49,
2.023E+11,19,4,2023,07:40,1,60,60533,1,1,1,2,A1,49,
2.023E+11,25,1,2023,18:25,5,14,14137,1,3,1,3,D9,49,
2.023E+11,17,4,2023,20:15,3,987,98714,2,1,1,6,RT 101 Quai de Fare Piti - District de NUNUE,-16,
2.023E+11,5,8,2023,18:25,1,13,13097,1,1,6,1,D24,43,
2.023E+11,24,1,2023,21:00,3,10,10357,1,1,1,2,N/A,48,
2.023E+11,7,8,2023,15:00,1,13,13096,1,1,1,1,D38,43,
2.023E+11,8,3,2023,08:45,1,29,29232,2,2,2,3,Rue du Frugy,47,
2.023E+11,24,1,2023,15:25,1,10,10387,2,6,1,3,ROBERT GALLEY (RUE),48,
2.023E+11,17,4,2023,12:36,1,988,98821,2,1,2,7,N'dé (Tribu),-22,
2.023E+11,1,8,2023,19:10,1,13,13059,1,6,7,6,RD96,43,
2.023E+11,24,1,2023,20:00,5,6,6088,2,1,1,6,VERANY (BD J.B.),43,
2.023E+11,7,3,2023,21:45,5,29,29019,2,2,3,3,rue Traverse,48,
2.023E+11,18,4,2023,16:15,1,66,66164,2,6,1,3,N/A,42,
2.023E+11,24,1,2023,19:10,1,974,97411,1,1,3,6,LITTORAL (ROUTE 2 DU),-20,
2.023E+11,6,3,2023,15:40,1,29,29019,2,2,1,3,rue Fautras,48,
2.023E+11,18,4,2023,17:20,1,83,83101,1,3,1,1,Route des Plages,43,
2.023E+11,23,1,2023,16:55,1,974,97411,2,1,2,2,VICTOIRE (AVENUE DE LA),-20,
2.023E+11,4,8,2023,18:15,1,71,71382,1,8,1,3,champ cornu,46,
2.023E+11,24,1,2023,11:20,1,69,69388,2,1,1,6,Boulevard des Etats-Unis,45,
2.023E+11,16,3,2023,15:15,1,83,83138,2,1,1,2,Route Departementale 562,43,
2.023E+11,4,8,2023,23:10,3,10,10030,1,1,3,6,D610,48,
2.023E+11,24,1,2023,07:43,2,69,69388,2,1,1,1,133 Rue Marius Berliet,45,
2.023E+11,17,4,2023,22:00,3,13,13035,1,1,1,7,D569,43,
2.023E+11,4,3,2023,16:50,1,26,26198,2,9,1,3,Avenue John Fitzgerald Kennedy,44,
2.023E+11,6,8,2023,18:15,1,68,68329,2,1,2,6,11 Route de la Schlucht,48,
2.023E+11,24,1,2023,09:45,1,69,69389,2,1,8,6,177 Avenue Sidoine Apollinaire,45,
2.023E+11,19,4,2023,00:30,3,71,71481,1,2,1,7,Rue des Fougères,46,
2.023E+11,5,8,2023,16:15,1,67,67010,1,1,1,3,D 425,48,
2.023E+11,24,1,2023,07:35,5,69,69389,2,1,1,6,22 Avenue Joannès Masset,45,
2.023E+11,23,5,2023,16:35,1,73,73008,2,6,1,3,MASSONNAT CHEMIN DES,45,
2.023E+11,8,3,2023,22:41,5,17,17300,2,3,8,3,NORMANDIN   RUE EMILE,46,
2.023E+11,6,8,2023,06:50,2,67,67080,1,1,2,6,RD 93,48,
2.023E+11,18,4,2023,18:30,1,57,57211,2,2,1,2,Rue de la Fontaine Chaudron,49,
2.023E+11,24,1,2023,07:25,5,69,69034,2,1,1,6,120 Rue Pasteur,45,
2.023E+11,23,5,2023,17:00,1,69,69029,2,1,1,3,Route de Genas,45,
2.023E+11,23,1,2023,16:00,1,971,97113,1,1,1,6,Morne Salines,16,
2.023E+11,6,8,2023,01:15,3,55,55324,1,1,3,7,D643,49,
2.023E+11,19,4,2023,16:00,1,73,73179,2,6,1,3,Rue de l'Erier,45,
2.023E+11,15,1,2023,13:00,1,971,97113,1,1,1,7,GRAND BAIE ( RN4),16,
2.023E+11,3,5,2023,17:10,1,69,69091,2,1,1,2,Route Neuve,45,
2.023E+11,7,8,2023,15:22,1,57,57724,1,6,1,3,N52,49,
2.023E+11,15,1,2023,17:00,1,971,97113,1,1,1,4,GRAND BAIE ( RN4),16,
2.023E+11,8,3,2023,13:30,1,14,14437,1,1,2,5,N814,49,
2.023E+11,18,4,2023,10:10,1,1,1345,1,1,1,3,D1075,45,
2.023E+11,24,5,2023,21:18,2,66,66136,2,3,1,5,,42,
2.023E+11,24,1,2023,13:20,1,2A,2A004,2,3,2,3,BIANCAMARIA COLONEL ET CAPITAINE AVE,41,
2.023E+11,8,3,2023,12:20,1,13,13117,1,1,1,3,,43,
2.023E+11,18,4,2023,17:35,1,69,69127,1,9,1,3,Avenue Bourgelat,45,
2.023E+11,4,8,2023,16:20,1,3,3040,1,3,1,5,D2009,46,
2.023E+11,24,1,2023,09:15,1,2A,2A004,2,9,1,3,CAMPI LOUIS BD,41,
2.023E+11,19,4,2023,08:00,1,64,64135,1,1,1,6,Route de Dax,43,
2.023E+11,8,3,2023,19:00,2,13,13210,2,1,1,2,PAUL CLAUDEL (BOULEVARD),43,
2.023E+11,24,5,2023,08:11,1,66,66136,2,3,1,5,,42,
2.023E+11,24,1,2023,08:23,1,2A,2A004,2,1,1,6,VAZZIO CITE EDF,41,
2.023E+11,4,8,2023,15:40,1,63,63263,1,1,1,1,D68,45,
2.023E+11,26,5,2023,16:40,1,64,64348,1,1,1,2,SANTONA DE,43,
2.023E+11,19,4,2023,15:35,1,14,14733,1,1,1,2,4 Vaussieux,49,
2.023E+11,7,3,2023,15:55,1,11,11069,2,1,2,3,8 Avenue du Souvenir Francais,43,
2.023E+11,29,7,2023,23:00,3,42,42132,1,1,1,7,Route du Bourg,45,
2.023E+11,24,1,2023,07:10,5,91,91027,2,1,1,2,VC QUAI DE L'INDUSTRIE,48,
2.023E+11,26,5,2023,09:40,1,64,64445,2,6,1,3,BACHAGA BOUALAN,43,
2.023E+11,8,3,2023,13:55,1,6,6088,2,1,1,6,GIACOBI (AV.),43,
2.023E+11,6,8,2023,12:30,1,7,7119,1,1,1,7,D16,44,
2.023E+11,16,4,2023,17:55,1,27,27447,1,2,1,3,D830 ,48,
2.023E+11,4,8,2023,17:20,1,1,1342,1,1,1,6,D2a,45,
2.023E+11,26,5,2023,15:00,1,59,59279,2,1,1,6,PERI (RUE GABRIEL),50,
2.023E+11,24,1,2023,07:35,2,85,85191,2,6,1,3,PALISSY ROND-POINT BERNARD,46,
2.023E+11,9,4,2023,20:30,2,60,60612,1,9,1,7,N324,49,
2.023E+11,6,8,2023,09:45,1,1,1185,2,1,2,6,route départementale 8,45,
2.023E+11,7,3,2023,21:15,5,75,75120,2,1,2,7,ECHANGEUR BAGNOLET,48,
2.023E+11,26,5,2023,20:40,1,59,59512,2,3,1,3,Boulevard du Général de Gaulle,50,
2.023E+11,19,4,2023,12:20,1,59,59091,1,6,1,7,113 Route Nationale,50,
2.023E+11,7,3,2023,02:52,5,75,75112,2,1,1,6,QUAI DE BERCY,48,
2.023E+11,4,5,2023,21:10,5,59,59360,2,1,1,6,CALMETTE RUE DU DOCTEUR,50,
2.023E+11,24,1,2023,08:30,2,83,83137,2,1,3,2,HERRIOT (AVE EDOUARD),43,
2.023E+11,6,8,2023,07:00,2,81,81038,1,1,1,6,A68,43,
2.023E+11,13,4,2023,12:13,1,13,13213,2,1,1,2,A507 sens Aubagne- Marseille,43,
2.023E+11,5,8,2023,22:10,3,81,81165,1,1,1,6,Route de Bonnan,44,
2.023E+11,25,5,2023,07:50,1,57,57672,2,1,1,6,CHATEAU JEANNOT (RUE) ,49,
2.023E+11,23,1,2023,14:15,1,83,83090,1,1,1,5,CANNIERS (CHEMIN DES),43,
2.023E+11,6,3,2023,18:30,2,75,75106,2,3,1,3,RUE D ASSAS,48,
2.023E+11,17,4,2023,17:20,1,33,33192,1,1,1,4,ROCADE A 630,44,
2.023E+11,4,8,2023,21:30,2,46,46102,2,3,1,3,Avenue du Marechal Joffre,44,
2.023E+11,24,1,2023,19:00,5,81,81004,2,4,1,3,PARTISANS (ESPL DES),43,
2.023E+11,26,5,2023,15:15,1,54,54395,2,1,1,3,Rue Marcel Brot,48,
2.023E+11,8,3,2023,19:05,5,75,75120,2,2,8,6,BOULEVARD DE BELLEVILLE,48,
2.023E+11,22,1,2023,16:45,1,80,80131,1,1,1,6,Rue Jean Leroy,49,
2.023E+11,4,8,2023,20:50,1,79,79049,2,2,1,3,N/A,46,
2.023E+11,18,4,2023,13:58,1,94,94034,1,1,1,4,D86,48,
2.023E+11,8,3,2023,17:25,1,75,75120,2,1,3,1,RUE D AVRON,48,
2.023E+11,26,5,2023,13:00,1,54,54547,2,3,1,3,Avenue Jeanne d'Arc,48,
2.023E+11,24,1,2023,18:20,3,79,79003,1,1,1,2,N/A,46,
2.023E+11,18,4,2023,16:30,1,95,95277,1,1,1,7,A3,48,
2.023E+11,24,1,2023,13:14,1,77,77495,2,1,8,6,POUILLY (RUE DE),48,
2.023E+11,6,8,2023,14:39,1,17,17064,1,2,1,4,D14,45,
2.023E+11,26,5,2023,08:50,1,54,54184,1,1,1,6,RD 674,48,
2.023E+11,24,1,2023,18:05,5,77,77058,2,1,1,6,ANDRE MALRAUX (AVENUE),48,
2.023E+11,26,5,2023,15:00,1,51,51454,2,6,1,7,avenue de l'Europe,49,
2.023E+11,6,8,2023,02:10,5,17,17225,2,2,1,7,Avenue de la Palmyre,45,
2.023E+11,24,1,2023,03:10,3,77,77221,1,1,1,6,D217B,48,
2.023E+11,8,3,2023,16:10,1,75,75120,2,5,2,3,AVENUE GAMBETTA,48,
2.023E+11,22,6,2023,23:38,4,16,16078,2,1,1,6,Rue des Plantiers,45,
2.023E+11,26,5,2023,11:50,1,51,51454,2,6,1,3,Place des combattants d'AFN,49,
2.023E+11,18,4,2023,11:10,1,95,95277,1,1,1,2,A1,48,
2.023E+11,24,1,2023,06:30,5,76,76540,2,3,1,3,Boulevard du Midi,49,
2.023E+11,8,3,2023,14:45,1,75,75120,2,3,2,1,RUE MARTIN GARAT,48,
2.023E+11,22,1,2023,22:00,5,76,76351,2,1,1,6,JULES DURAND (BD),49,
2.023E+11,26,5,2023,08:30,1,49,49099,2,2,1,3,CALINS (AVENUE DES),47,
2.023E+11,17,4,2023,16:30,1,93,93005,1,1,1,4,AUTOROUTE A3,48,
2.023E+11,3,8,2023,23:30,3,86,86274,1,2,3,3,D347,47,
2.023E+11,22,1,2023,02:30,5,76,76552,2,6,1,6,EDITH CAVELL,49,
2.023E+11,25,5,2023,08:49,1,49,49246,1,1,1,2,A87N,47,
2.023E+11,8,3,2023,12:20,1,75,75118,2,3,2,3,RUE DES ROSES,48,
2.023E+11,3,8,2023,15:35,1,47,47157,2,1,1,6,Avenue Jean Jaures,44,
2.023E+11,24,1,2023,18:50,5,74,74118,2,1,1,6,DEPORTES (ROUTE DES ),46,
2.023E+11,16,4,2023,19:40,1,95,95527,1,1,1,5,A3,48,
2.023E+11,27,5,2023,00:50,5,43,43157,2,2,1,3,Avenue Marechal Foch,45,
2.023E+11,24,1,2023,12:40,1,74,74010,2,1,1,6,ROMAINS (PLACE DES),45,
2.023E+11,16,4,2023,16:55,1,93,93005,1,1,1,2,AUTOROUTE A3,48,
2.023E+11,7,3,2023,23:35,5,75,75118,2,3,2,6,9 RUE ORDENER,48,
2.023E+11,6,8,2023,12:10,1,33,33554,2,3,1,3,Avenue des Tabernottes,44,
2.023E+11,26,5,2023,18:25,1,38,38158,1,1,1,2,RN87,45,
2.023E+11,23,1,2023,16:20,1,72,72181,1,2,1,4,LEFAUCHEUX PIERRE (BD),47,
2.023E+11,4,8,2023,22:10,5,33,33056,2,4,1,3,Rue des Gravières,44,
2.023E+11,26,5,2023,09:05,1,37,37261,2,7,1,3,CHURCHILL (BOULEVARD WINSTON),47,
2.023E+11,8,3,2023,20:40,5,75,75117,2,2,3,3,BOULEVARD BERTHIER,48,
2.023E+11,18,4,2023,18:30,1,94,94028,1,1,1,5,A86,48,
2.023E+11,7,8,2023,19:45,1,33,33284,2,1,1,6,7 Avenue de la République,44,
2.023E+11,23,1,2023,13:20,1,71,71040,2,3,1,2,DE LATTRE DE TASSIGNY (BLD DU MARECHAL),46,
2.023E+11,26,5,2023,10:10,1,35,35238,2,6,1,6,CANADA (AVENUE DU),48,
2.023E+11,8,3,2023,19:15,5,75,75117,2,3,2,3,AVENUE NIEL,48,
2.023E+11,18,4,2023,13:30,1,77,77495,1,1,1,2,A105,48,
2.023E+11,27,5,2023,00:15,5,34,34108,2,1,1,6,29 Avenue des Jardiniers,43,
2.023E+11,6,8,2023,10:12,1,85,85163,2,2,1,3,Rue du puits neuf,47,
2.023E+11,24,1,2023,16:15,1,70,70388,2,2,8,6,HACQUARD (RUE MARCEL),47,
2.023E+11,8,3,2023,11:05,1,75,75117,2,1,1,3,RUE DE COURCELLES,48,
2.023E+11,6,8,2023,17:45,1,85,85214,1,1,1,6,RD 109,46,
2.023E+11,26,5,2023,09:10,1,34,34301,2,1,1,2,26 Promenade Jean-Baptiste Marty,43,
2.023E+11,24,1,2023,14:20,1,69,69092,1,1,1,1,Avenue Alfred Gap,46,
2.023E+11,23,1,2023,16:30,1,69,69264,2,1,1,6,32 Boulevard Etienne Bernand,45,
2.023E+11,4,8,2023,15:30,1,85,85016,1,1,1,3,le plantis,46,
2.023E+11,8,3,2023,09:20,1,75,75117,2,2,2,2,PLACE GENERAL CATROUX,48,
2.023E+11,24,5,2023,22:35,5,34,34172,2,1,1,1,1107 Avenue de Toulouse,43,
2.023E+11,17,4,2023,06:30,2,77,77175,1,1,1,4,RN104,48,
2.023E+11,23,1,2023,16:40,1,69,69290,2,1,8,6,17 Rue Anatole France,45,
2.023E+11,7,8,2023,15:50,1,85,85300,1,1,1,6,RD4,46,
2.023E+11,17,4,2023,14:35,1,974,97416,2,1,1,7,COLARDEAU (CHEMIN FERNAND),-21,
2.023E+11,8,3,2023,13:15,1,75,75116,2,4,1,6,RUE DE CHAILLOT,48,
2.023E+11,26,5,2023,19:10,1,33,33063,2,1,1,2,Rue Duffour Dubergier,44,
2.023E+11,7,8,2023,00:40,3,44,44159,1,1,1,7,Rue du four à pain,47,
2.023E+11,24,1,2023,08:30,1,67,67482,2,8,8,3,JEAN JAURES (AVENUE),48,
2.023E+11,17,4,2023,15:10,1,974,97411,2,1,1,3,MONTAGNE (ROUTE DE LA),-20,
2.023E+11,7,3,2023,08:50,1,75,75116,2,2,1,3,AVENUE THEOPHILE GAUTIER,48,
2.023E+11,26,5,2023,10:10,1,33,33281,2,3,7,3,Avenue Léon Blum,44,
2.023E+11,3,8,2023,17:00,1,50,50294,2,3,1,3,2 Le Haut de Tabarin,49,
2.023E+11,24,1,2023,17:05,1,64,64545,2,3,8,3,Rue Paul Gélos,43,
2.023E+11,6,8,2023,15:40,1,50,50616,2,1,1,3,2 Le Grand Neufbourg,48,
2.023E+11,8,3,2023,21:22,5,75,75115,2,2,3,6,ROND POINT DU PONT MIRABEAU,48,