Num_Acc,jour,mois,an,hrmn,lum,dep,com,agg,int,atm,col,adr,lat,long
2.023E+11,26,5,2023,09:40,1,33,33069,2,3,1,3,Avenue d'Eysines,44,
2.023E+11,17,4,2023,21:50,5,974,97407,2,4,1,3,STRASBOURG(BOULEVARD),-20,
2.023E+11,24,1,2023,17:10,1,64,64445,2,1,8,4,boulevard de la Paix,43,
2.023E+11,8,3,2023,17:50,1,75,75115,2,1,3,6,QUAI ANDRE CITROEN,48,
2.023E+11,4,8,2023,16:15,1,14,14658,1,3,1,3,Route de la Dolère,48,
2.023E+11,25,5,2023,08:40,1,33,33192,2,1,1,3,Avenue Favard,44,
2.023E+11,23,1,2023,13:50,1,64,64102,2,1,8,3,Cours Comte de Cabarrus,43,
2.023E+11,6,8,2023,06:25,2,56,56178,2,9,1,6,Rue Henri Dunant,48,
2.023E+11,23,1,2023,18:39,2,63,63113,2,1,1,1,DELILLE (PLACE),45,
2.023E+11,8,3,2023,15:35,1,75,75115,2,2,3,1,PONT DE GRENELLE,48,
2.023E+11,25,5,2023,22:41,5,31,31555,2,1,1,1,RUE MARIE CLAIRE DE CATELLAN,43,
2.023E+11,5,8,2023,19:25,1,56,56069,2,1,1,3,Route de Port Melite,47,
2.023E+11,21,1,2023,04:15,3,57,57672,2,1,4,6,MONDORFF (ROUTE DE),49,
2.023E+11,8,3,2023,09:00,1,75,75115,2,1,2,7,13 Boulevard de Grenelle,48,
2.023E+11,24,1,2023,10:40,1,56,56121,2,1,1,6,VILLARET DE JOYEUSE (RUE),47,
2.023E+11,5,8,2023,02:20,3,29,29181,1,1,2,1,Trévianou,48,
2.023E+11,24,1,2023,00:36,3,56,56121,2,1,1,6,6 Rue Monistrol,47,
2.023E+11,7,3,2023,16:35,1,75,75114,2,3,1,6,49 AVENUE DU MAINE,48,
2.023E+11,6,8,2023,01:00,3,22,22176,1,1,1,6,La Mare,48,
2.023E+11,26,5,2023,19:10,1,29,29232,2,1,1,5,Rue Paul Borrossi,47,
2.023E+11,8,3,2023,16:30,1,75,75108,2,1,2,3,AVENUE GEORGE V,48,
2.023E+11,3,8,2023,16:30,1,35,35178,1,1,2,3,La Bouzille,48,
2.023E+11,23,1,2023,19:25,5,56,56107,1,1,1,4,Quélisoy les Bruyères,47,
2.023E+11,26,5,2023,20:55,1,28,28404,1,1,1,6,BERTIN (RUE JEAN),48,
2.023E+11,5,8,2023,17:12,1,35,35334,2,1,1,1,76 Rue Nationale,48,
2.023E+11,23,1,2023,15:00,1,54,54395,2,1,1,6,Boulevard Lobau,48,
2.023E+11,8,3,2023,20:05,5,75,75103,2,2,1,3,RUE DE TURBIGO,48,
2.023E+11,26,5,2023,21:05,1,28,28404,2,1,1,6,CHAPPEY (AVE MARC),48,
2.023E+11,14,1,2023,22:00,5,44,44109,2,9,2,6,13 Rue Gaëtan Rondeau,47,
2.023E+11,26,5,2023,07:35,1,27,27681,2,1,1,7,IVRY (ROUTE D'),49,
2.023E+11,4,8,2023,10:30,1,76,76658,2,1,1,6,Route du Chêne,49,
2.023E+11,22,1,2023,05:20,3,40,40192,2,1,1,7,CANENX (AV DE) R.D. 53,43,
2.023E+11,8,3,2023,10:20,1,75,75102,2,2,5,4,BOULEVARD DES ITALIENS,48,
2.023E+11,3,8,2023,20:20,1,76,76647,1,1,1,7,21 Avenue Maréchal de Lattre de Tassigny,49,
2.023E+11,26,5,2023,11:30,1,27,27299,2,1,1,3,BRIAND (AVENUE ARISTIDE),49,
2.023E+11,13,11,2023,18:00,5,13,13004,2,1,1,3,AV STALINGRAD,43,
2.023E+11,24,1,2023,11:20,1,37,37261,2,2,1,6,TANNEURS (RUE DES),47,
2.023E+11,7,3,2023,18:50,5,75,75104,2,3,1,6,6 QUAI DE GESVRES,48,
2.023E+11,24,5,2023,11:30,1,27,27229,2,9,1,2,CONCHES (ROUTE DE),49,
2.023E+11,4,8,2023,12:30,1,2,2309,1,1,1,5,N/A,49,
2.023E+11,24,1,2023,16:30,1,34,34172,2,1,1,6,545 Avenue du Pont Trinquat,43,
2.023E+11,14,11,2023,18:40,5,6,6088,2,1,1,1,Boulevard René Cassin,43,
2.023E+11,4,8,2023,04:19,3,59,59267,1,1,1,7,départementale 89,50,
2.023E+11,8,3,2023,14:00,1,94,94081,2,3,2,3,Rue Auber / Rue Gournay,48,
2.023E+11,26,5,2023,08:55,1,25,25056,2,6,1,2,VESOUL RUE DE (sup 52),47,
2.023E+11,24,1,2023,00:10,5,33,33063,2,3,1,3,Cours d'Albret,44,
2.023E+11,4,8,2023,18:05,1,13,13005,1,1,1,2,A50-Sens Marseille vers Aubagne,43,
2.023E+11,13,11,2023,08:25,1,6,6088,2,2,7,3,VERANY (BD J.B.),43,
2.023E+11,26,5,2023,17:20,1,22,22278,2,6,1,7,ABERYSWITH (ROND POINT),48,
2.023E+11,8,3,2023,18:52,5,94,94071,2,4,2,3,Rue du Moulin à Vent,48,
2.023E+11,4,8,2023,17:25,1,13,13056,1,1,6,2,A55-Sens Martigues vers Marseille,43,
2.023E+11,23,1,2023,17:00,2,33,33550,2,3,1,3,Rue Saint Bris,44,
2.023E+11,13,11,2023,07:45,1,6,6088,2,9,1,6,STE MARGUERITE (AV.) A PARTIR DU 62-63),43,
2.023E+11,8,3,2023,13:35,1,94,94075,2,3,2,7,Av du Mal de Lattre de Tassigny,48,
2.023E+11,26,5,2023,05:50,1,17,17415,2,1,1,3,GAMBETTA 2 A 72 ET 5 A 87 AVENUE,45,
2.023E+11,4,8,2023,00:57,3,13,13005,1,1,1,6,A50-Sens Marseille vers Aubagne,43,
2.023E+11,24,1,2023,15:20,1,31,31555,2,1,1,1,BD DE LA MEDITERRANEE,43,
2.023E+11,12,11,2023,23:07,5,6,6088,2,1,1,1,BISCHOFFSHEIM (BD),43,
2.023E+11,8,3,2023,09:55,1,94,94071,2,1,2,6,Rue de la Fosse Rouge,48,
2.023E+11,3,8,2023,01:06,3,13,13005,1,1,1,2,A501-Sens Pont de l'Etoile vers Aubagne,43,
2.023E+11,26,5,2023,16:15,1,17,17299,2,1,1,1,MILLE PATTES BOULEVARD DES,45,
2.023E+11,24,1,2023,09:14,1,31,31555,1,1,1,3,29 PURPAN  (PERIPH OUEST A620),43,
2.023E+11,4,8,2023,11:10,1,83,83144,1,1,1,2,A57,43,
2.023E+11,26,5,2023,10:00,1,15,15014,2,1,1,2,DAUZIER (BOULEVARD LOUIS),44,
2.023E+11,14,11,2023,17:29,3,4,4112,1,1,1,3,BOUTEILLE(CHEMIN DE),43,
2.023E+11,24,1,2023,13:15,1,29,29232,1,1,1,2,Rond-Point de Kerustum,47,
2.023E+11,2,8,2023,06:35,1,13,13028,1,1,1,6,A50,43,
2.023E+11,8,3,2023,12:37,1,93,93073,1,2,1,3,Rue des Terres Noires / Rue du Sonnet,49,
2.023E+11,26,5,2023,07:20,1,13,13103,1,9,1,2,ROUTE D'ARLES-RN 113,43,
2.023E+11,14,11,2023,17:35,5,75,75114,2,1,1,3,PORTE DE VANVES,48,
2.023E+11,6,8,2023,05:45,2,69,69199,1,1,1,6,Autoroute 7,45,
2.023E+11,23,1,2023,15:15,1,29,29019,2,3,7,2,rue Monjaret de Kerjegu,48,
2.023E+11,26,5,2023,10:40,1,13,13214,2,1,1,2,DANIELLE CASANOVA PROLONGE (BD),43,
2.023E+11,29,7,2023,22:30,3,69,69189,1,1,1,3,Autoroute 7,45,
2.023E+11,7,3,2023,22:30,5,92,92036,2,2,2,3,BONGARDE (RUE),48,
2.023E+11,24,1,2023,18:20,3,27,27375,2,1,1,2,TABARLY (VOIE ERIC),49,
2.023E+11,13,11,2023,17:35,5,75,75117,2,1,1,5,BD PERIPHERIQUE INTERIEUR,48,
2.023E+11,8,3,2023,11:30,1,92,92073,2,1,1,6,JAURES (AVENUE JEAN),48,
2.023E+11,3,8,2023,19:44,1,42,42044,1,1,1,2,RN88,45,
2.023E+11,25,5,2023,17:22,1,11,11069,2,3,2,2,,43,
2.023E+11,24,1,2023,16:25,1,27,27234,1,1,8,2,RN 154,49,
2.023E+11,13,11,2023,16:10,1,75,75116,2,1,2,6,BD PERIPHERIQUE EXTERIEUR,48,
2.023E+11,2,8,2023,11:25,1,67,67218,1,1,2,2,M35,48,
2.023E+11,8,3,2023,16:20,1,92,92051,2,6,2,3,BINEAU (BOULEVARD,,
2.023E+11,24,5,2023,14:45,1,11,11069,2,1,1,2,5 Square Gambetta,43,
2.023E+11,23,1,2023,17:20,1,22,22187,1,1,1,4,RN12,48,
2.023E+11,13,11,2023,13:00,1,75,75113,2,1,2,2,BD PERIPHERIQUE EXTERIEUR,48,
2.023E+11,5,8,2023,14:05,1,33,33003,1,1,1,3,AUTOROUTE A 10,44,
2.023E+11,8,3,2023,20:44,5,92,92050,2,4,2,3,REPUBLIQUE AVENUE DE LA,48,
2.023E+11,17,1,2023,08:02,2,18,18033,2,2,2,3,60 Boulevard du Marechal Foch,47,
2.023E+11,26,5,2023,09:54,1,10,10387,2,2,7,6,Rue Etienne Pedron,48,
2.023E+11,14,11,2023,20:30,3,75,75105,2,2,1,3,BOULEVARD DE L HOPITAL,48,
2.023E+11,8,3,2023,10:24,1,92,92035,2,3,1,2,Général de Gaulle  ( avenue du ),48,
2.023E+11,24,1,2023,12:30,1,13,13206,2,1,1,3,NOTRE DAME (BOULEVARD),43,
2.023E+11,14,11,2023,12:05,1,75,75119,2,1,2,6,AVENUE DE FLANDRE,48,
2.023E+11,26,5,2023,07:29,1,10,10362,2,3,1,1,Avenue du General Leclerc,48,
2.023E+11,8,3,2023,08:55,1,92,92024,2,1,2,7,HENRI BARBUSSE (RUE) DE (1 A 73)   (2 A,48,
2.023E+11,2,8,2023,12:50,1,33,33487,1,1,2,4,AUTOROUTE A 10,44,
2.023E+11,24,1,2023,05:10,5,13,13214,2,1,1,3,BUREL (BOULEVARD),43,
2.023E+11,14,11,2023,17:15,5,75,75116,2,3,2,2,ALLEE DE LA REINE MARGUERITE,48,
2.023E+11,23,5,2023,18:35,1,7,7102,2,6,1,1,Jean MOULIN (Rue),44,
2.023E+11,8,3,2023,07:50,1,92,92060,2,1,2,2,GALILEE (AVENUE),48,
2.023E+11,2,8,2023,15:05,1,59,59462,1,1,1,2,AUTOROUTE A1,50,
2.023E+11,23,1,2023,18:10,5,13,13005,2,1,1,1,Route de Marseille,43,
2.023E+11,13,11,2023,08:50,1,75,75114,2,2,1,3,BOULEVARD ARAGO,48,
2.023E+11,26,5,2023,01:30,5,75,75120,2,1,1,4,PORTE DE BAGNOLET,48,
2.023E+11,8,3,2023,18:20,2,92,92012,2,5,3,1,ALPHONSE LE GALLO (QUAI) 1/34,48,
2.023E+11,6,8,2023,15:00,1,91,91689,1,1,1,4,AUTOROUTE A6B,48,
2.023E+11,23,1,2023,07:45,2,13,13004,2,1,1,6,AV STALINGRAD,43,
2.023E+11,26,5,2023,18:48,1,75,75105,2,3,1,6,BOULEVARD SAINT MARCEL,48,
2.023E+11,7,3,2023,14:30,1,92,92004,2,1,8,6,MARNE   ( AVENUE DE LA ),48,
2.023E+11,14,11,2023,16:13,1,75,75113,2,7,2,3,PLACE D ITALIE,48,
2.023E+11,24,1,2023,07:45,1,7,7281,2,6,1,2,GROSS-UMSTADT (AVENUE DE),44,
2.023E+11,6,8,2023,12:00,1,91,91136,1,1,1,4,AUTOROUTE A10,48,
2.023E+11,14,11,2023,00:20,5,75,75107,2,1,1,6,AVENUE CHARLES FLOQUET,48,
2.023E+11,4,3,2023,05:25,3,37,37030,1,1,1,7,La Pitronnière,47,
2.023E+11,26,5,2023,18:05,1,75,75120,2,2,1,6,AVENUE GAMBETTA,48,
2.023E+11,25,1,2023,07:20,5,75,75120,2,1,1,2,PORTE DE BAGNOLET,48,
2.023E+11,13,11,2023,20:15,5,75,75112,2,3,1,6,RUE DU FAUBOURG SAINT ANTOINE,48,
2.023E+11,24,1,2023,20:35,5,75,75112,2,1,1,6,BOULEVARD PERIPHERIQUE INTERIEUR NORD  ,48,
2.023E+11,26,5,2023,19:00,1,75,75119,2,3,1,6,RUE PETIT,48,
2.023E+11,7,3,2023,11:20,1,6,6161,1,1,1,4,Route du Bord de Mer,43,
2.023E+11,5,8,2023,20:50,1,91,91687,1,1,1,5,AUTOROUTE A6,48,
2.023E+11,5,8,2023,18:15,1,91,91521,1,1,1,7,AUTOROUTE A6,48,
2.023E+11,24,1,2023,08:50,1,75,75115,2,1,1,1,QUAI D ISSY LES MOULINEAUX,48,
2.023E+11,14,11,2023,14:15,1,75,75111,2,2,2,3,BOULEVARD VOLTAIRE,48,
2.023E+11,8,3,2023,17:45,1,974,97412,2,1,1,3,Rue Raphaël Babet,-21,
2.023E+11,4,8,2023,18:45,1,94,94038,1,1,1,4,A6A,48,
2.023E+11,9,3,2023,07:50,2,63,63358,1,1,1,6,D122,46,
2.023E+11,23,1,2023,21:59,5,75,75107,2,2,1,3,QUAI ANATOLE FRANCE,48,
2.023E+11,26,5,2023,08:30,1,75,75116,2,7,1,3,PLACE DU MARECHAL DE LATTRE DE TASSIGNY,48,
2.023E+11,14,11,2023,10:43,1,75,75111,2,3,2,3,AVENUE DE LA REPUBLIQUE,48,
2.023E+11,26,5,2023,10:30,1,75,75114,2,1,1,6,RUE DIDOT,48,
2.023E+11,4,8,2023,12:25,1,91,91617,1,9,1,2,RN6 PROVINCE / RN104 INT,48,
2.023E+11,8,3,2023,14:40,1,28,28048,2,1,3,6,Route Nationale la Bourdiniere,48,
2.023E+11,22,1,2023,19:40,5,75,75118,2,1,1,4,BOULEVARD PERIPHERIQUE EXTERIEUR NORD  ,48,
2.023E+11,14,11,2023,10:40,1,75,75111,2,2,2,6,RUE SAINT MAUR,48,
2.023E+11,25,5,2023,13:05,1,75,75114,2,3,1,6,RUE LIANCOURT,48,
2.023E+11,24,1,2023,22:20,5,75,75105,2,3,1,6,RUE LACEPEDE,48,
2.023E+11,8,3,2023,13:25,1,67,67283,1,1,2,1,D1004,48,
2.023E+11,4,8,2023,13:50,1,91,91553,1,1,2,4,RN 104,48,
2.023E+11,14,11,2023,13:08,1,75,75107,2,1,2,2,PLACE JOFFRE,48,
2.023E+11,7,3,2023,07:20,1,62,62156,1,1,2,7,la grande place du haut buisson,50,
2.023E+11,26,5,2023,18:45,1,75,75113,2,3,1,3,AVENUE D ITALIE,48,
2.023E+11,4,8,2023,10:25,1,91,91086,1,1,1,2,RN 104,48,
2.023E+11,24,1,2023,16:00,1,75,75116,2,2,1,3,ROUTE DE LA MUETTE A NEUILLY,48,
2.023E+11,4,8,2023,02:23,3,91,91617,1,1,1,6,RN6 PROVINCE / RN 104 EXT,48,
2.023E+11,26,5,2023,17:15,1,75,75112,2,1,1,2,ROUTE DAUPHINE,48,
2.023E+11,13,11,2023,23:15,5,75,75107,2,3,1,3,RUE DE SEVRES,48,
2.023E+11,6,3,2023,08:00,1,62,62775,2,1,1,1,Rue d’Eclemy,50,
2.023E+11,3,8,2023,20:00,1,91,91377,1,1,1,3,AUTOROUTE A10,48,
2.023E+11,6,8,2023,06:26,1,78,78117,1,1,1,6,RN12,48,
2.023E+11,25,1,2023,09:10,1,75,75115,2,2,1,3,RUE DE LA CROIX NIVERT,48,
2.023E+11,26,5,2023,13:25,1,75,75112,2,3,1,2,ESPLANADE SAINT LOUIS,48,
2.023E+11,4,8,2023,12:55,1,78,78321,1,1,1,2,RN12 INT,48,
2.023E+11,14,11,2023,23:35,5,75,75107,2,3,1,2,AVENUE RAPP,48,
2.023E+11,9,3,2023,09:40,1,37,37229,1,1,1,2,A10 PK173+800,47,
2.023E+11,25,1,2023,14:07,1,75,75113,2,2,1,5,BOULEVARD KELLERMANN,48,
2.023E+11,26,5,2023,17:10,1,75,75109,2,2,1,3,RUE DES MATHURINS,48,
2.023E+11,25,1,2023,12:05,1,75,75113,2,1,1,6,RUE DE LA PROVIDENCE,48,
2.023E+11,14,11,2023,18:50,5,75,75102,2,2,1,3,BOULEVARD DE SEBASTOPOL,48,
2.023E+11,7,3,2023,17:45,1,83,83097,1,1,2,1,Chemin Départemental 6,43,
2.023E+11,3,8,2023,17:30,1,78,78043,1,1,2,5,A12 W,48,
2.023E+11,24,1,2023,15:48,1,75,75113,2,2,1,6,QUAI D AUSTERLITZ,48,
2.023E+11,6,8,2023,06:40,1,93,93066,1,1,1,7,AUTOROUTE A1,48,
2.023E+11,8,3,2023,17:00,1,91,91225,1,1,2,2,Route Nationale 6,48,
2.023E+11,13,11,2023,20:45,5,94,94073,2,1,1,2,Boulevard de Stalingrad,48,
2.023E+11,24,5,2023,23:10,5,75,75108,2,2,1,3,RUE D ANJOU,48,
2.023E+11,25,1,2023,16:15,2,75,75112,2,3,1,6,AVENUE DAUMESNIL,48,
2.023E+11,7,3,2023,19:00,4,19,19178,1,2,1,1,D 920 LIEU DIT LES POUGES PK 36 + 990,45,
2.023E+11,14,11,2023,08:26,1,94,94044,2,1,2,2,24 Avenue Gabriel Péri,48,
2.023E+11,26,5,2023,19:30,1,94,94052,2,1,1,6,Boulevard Albert 1er,48,
2.023E+11,5,8,2023,17:15,1,95,95154,1,1,2,6,A1,49,
2.023E+11,24,1,2023,13:15,1,75,75112,2,2,1,3,AVENUE LEDRU ROLLIN,48,
2.023E+11,14,11,2023,14:00,1,94,94052,2,9,9,1,Boulevard de Strasbourg,48,
2.023E+11,7,3,2023,22:30,3,56,56240,1,1,3,7,Kerblanquet,47,
2.023E+11,4,8,2023,22:00,3,95,95582,1,1,8,6,A15,48,
2.023E+11,26,5,2023,16:00,1,94,94076,2,2,1,7,Avenue de la Division Leclerc,48,
2.023E+11,24,1,2023,07:05,2,75,75112,2,2,1,6,RUE CHALIGNY,48,
2.023E+11,4,8,2023,17:40,1,93,93005,1,1,2,3,AUTOROUTE A1,48,
2.023E+11,13,11,2023,22:00,5,94,94069,1,1,2,2,A4,48,
2.023E+11,9,3,2023,09:45,1,2B,2B319,1,1,1,2,10 Penticchie,42,
2.023E+11,25,1,2023,15:30,1,75,75110,2,1,1,6,BOULEVARD DE MAGENTA,48,
2.023E+11,4,8,2023,09:45,1,93,93039,1,1,1,2,AUTOROUTE A86,48,
2.023E+11,6,3,2023,18:41,1,32,32440,2,9,1,7,RD 180,43,
2.023E+11,26,5,2023,14:40,1,94,94038,2,9,1,6,97 Avenue du Général de Gaulle,48,
2.023E+11,24,1,2023,22:20,5,75,75110,2,2,1,7,BOULEVARD DE MAGENTA,48,
2.023E+11,14,11,2023,15:59,1,93,93050,2,2,2,6,Avenue du General de Gaulle / Rue Marx Dormoy,48,
2.023E+11,2,8,2023,19:00,1,93,93006,1,1,2,3,AUTOROUTE A3,48,
2.023E+11,25,5,2023,19:20,1,94,94028,2,1,1,6,Avenue de la Pompadour,48,
2.023E+11,3,3,2023,17:00,1,89,89063,1,1,1,1,D3,47,
2.023E+11,25,1,2023,18:08,5,75,75109,2,1,1,1,RUE DE LA CHAUSSEE D ANTIN,48,
2.023E+11,12,2,2023,17:12,1,61,61153,1,1,1,6,Voie Communale,48,
2.023E+11,14,11,2023,06:25,5,93,93048,2,2,1,3,Boulevard Théophile Sueur / Rue de la Cote du Nord,48,
2.023E+11,6,8,2023,06:00,2,93,93051,1,1,1,2,A4,48,
2.023E+11,25,1,2023,12:25,1,94,94041,2,1,8,6,Rue Louise Aglaé Crette,48,
2.023E+11,26,5,2023,16:44,1,93,93066,2,2,1,2,Rue du Bec à Loué / Av I et Frederic Joliot Curie,48,
2.023E+11,14,11,2023,17:00,5,93,93029,2,2,8,3,Avenue Jean Jaurès / Avenue Henri Barbusse,48,
2.023E+11,25,1,2023,17:15,2,94,94080,2,2,1,3,Cours Marigny / Rue d'Idalie,48,
2.023E+11,25,5,2023,22:00,5,93,93066,2,4,1,1,Boulevard de la Commune de Paris / Rue de Strasbourg,48,
2.023E+11,8,3,2023,16:34,1,12,12200,2,2,1,6,Route de Millau - D907,44,
2.023E+11,13,11,2023,08:30,1,93,93027,2,1,2,2,Avenue Jean Mermoz,48,
2.023E+11,9,3,2023,15:00,1,12,12090,1,1,1,7,D598,44,
2.023E+11,25,1,2023,08:35,1,94,94080,2,2,1,3,Avenue de Paris / Avenue du Château,48,
2.023E+11,26,5,2023,17:00,1,93,93055,2,3,1,3,Avenue Jean Lolive / Route de Noisy,48,
2.023E+11,25,1,2023,05:35,5,94,94052,2,2,2,7,Rue du Maréchal Vaillant,48,
2.023E+11,14,11,2023,18:08,5,93,93029,2,1,2,3,Rue de Stalingrad,48,
2.023E+11,9,3,2023,11:20,1,46,46083,1,3,1,2,Pech sagoulet,45,
2.023E+11,26,5,2023,10:45,1,93,93055,2,1,1,1,Rue Kléber,48,
2.023E+11,14,11,2023,17:00,2,93,93007,2,1,2,6,Avenue de la République,48,
2.023E+11,25,1,2023,00:20,5,94,94041,2,2,1,3,Rue Jean le Galleu / Rue Michelet,48,
2.023E+11,7,3,2023,20:40,5,46,46038,2,1,1,6,162 boulevard des Tilleuls,44,
2.023E+11,26,5,2023,09:20,1,93,93006,2,5,1,1,Rue François Mitterrand / Avenue Pasteur,48,
2.023E+11,24,1,2023,13:50,1,94,94076,2,1,1,6,Avenue du général de Gaulle,48,
2.023E+11,14,11,2023,08:50,1,93,93005,2,1,2,2,Rue Jean Charcot,48,
2.023E+11,9,3,2023,12:15,1,47,47252,1,2,1,3,RD911,44,
2.023E+11,26,5,2023,16:33,1,93,93079,2,1,1,3,Route de Saint-leu,48,
2.023E+11,24,1,2023,18:40,5,94,94018,2,3,1,6,Rue des Bordeaux / Rue Jean Pigeon,48,
2.023E+11,14,11,2023,18:10,5,93,93001,2,1,2,3,Avenue Victor Hugo,48,
2.023E+11,23,2,2023,16:50,1,86,86032,1,1,2,2,D3,46,
2.023E+11,25,1,2023,09:12,1,93,93072,2,1,2,3,12 Rue du Président Harding,48,
2.023E+11,14,11,2023,12:30,1,92,92078,2,1,2,6,NOBEL (AVENUE),48,
2.023E+11,23,5,2023,01:00,5,92,92078,2,3,1,3,VERDUN (AVENUE) (IMPAIRS 1 A 25),48,
2.023E+11,7,3,2023,19:20,5,35,35062,1,1,2,1,La Templerie,48,
2.023E+11,26,5,2023,13:25,1,92,92022,1,1,1,7,PAVE DE MEUDON (RUE DU),48,
2.023E+11,25,1,2023,08:30,1,93,93077,2,2,1,3,Rue Marc Vieville / Rue Jean Jaurès,48,
2.023E+11,14,11,2023,12:25,1,92,92073,2,9,1,1,BAS ROGERS (RUE DES),48,
2.023E+11,9,3,2023,19:45,3,29,29196,1,1,6,6,Lieu Dit Kerherhal,48,
2.023E+11,26,5,2023,15:20,1,92,92050,2,1,1,6,JOLIOT CURIE F. ET IRENE AVENUE  N°PAIRS,48,
2.023E+11,14,11,2023,18:30,5,92,92063,2,1,2,6,SAUVAGE (PLACE NICOLAS),48,
2.023E+11,24,1,2023,22:35,5,93,93046,2,2,1,7,Avenue Jules Guesde / Avenue Aristide Briand,48,
2.023E+11,14,11,2023,13:40,1,92,92020,2,1,2,6,PARIS AVENUE DE N°84 A FIN,48,
2.023E+11,26,5,2023,14:30,1,92,92050,2,1,1,2,REPUBLIQUE AVENUE DE LA,48,
2.023E+11,8,3,2023,16:54,1,29,29165,2,3,3,6,rue des équipages,47,
2.023E+11,24,1,2023,20:45,5,93,93006,2,9,1,3,Avenue de la République,48,
2.023E+11,24,1,2023,16:50,1,93,93032,2,1,1,6,10 Rue Henri Maillard,48,
2.023E+11,13,11,2023,20:24,5,92,92036,2,3,1,3,BAS (RUE DES) (78   +),48,
2.023E+11,13,5,2023,17:30,1,92,92050,2,2,1,3,VAILLANT COUTURIER PAUL RUE,48,
2.023E+11,8,3,2023,21:10,3,3,3176,1,1,1,7,Pont Charroux,46,
2.023E+11,25,1,2023,17:00,1,93,93010,2,1,1,6,Avenue Galliéni,48,
2.023E+11,26,5,2023,15:55,1,92,92049,2,1,1,6,JAURES AVENUE JEAN N°53 A FIN,48,
2.023E+11,9,3,2023,10:50,1,58,58092,1,1,1,3,Viard,47,
2.023E+11,13,11,2023,14:30,1,92,92036,2,1,3,3,GRESILLONS (AVENUE DES) (141/215),48,
2.023E+11,24,1,2023,16:10,1,93,93057,2,2,1,6,Allee du 14 Juillet / Boulevard de Paris,48,
2.023E+11,26,5,2023,10:13,1,92,92035,2,1,1,2,République ( boulevard de la ),48,
2.023E+11,14,11,2023,09:45,1,92,92007,2,1,2,3,RAVERA (AVENUE HENRI) N° 111 A 217 ET 10,48,
2.023E+11,6,3,2023,22:50,5,54,54076,2,9,1,1,14 Rue du Maréchal Leclerc,48,
2.023E+11,25,1,2023,07:20,5,93,93001,2,1,2,6,Rue Heurtault,48,
2.023E+11,26,5,2023,12:15,1,92,92007,2,9,1,3,VAILLANT-COUTURIER (AVENU PAUL),48,
2.023E+11,14,11,2023,09:45,1,92,92014,2,1,2,6,GENERAL LECLERC (AV.) (57 A 135 - 50 A 1,48,
2.023E+11,5,3,2023,09:10,1,6,6079,2,6,1,3,85 Allee Louis Bleriot,43,
2.023E+11,23,1,2023,12:30,1,92,92078,2,6,1,3,CHARLES DE GAULLE (BD)(72 AU 308),48,
2.023E+11,26,5,2023,10:30,1,92,92002,2,1,1,6,DIVISION LECLERC (1 A 29 -2 A 34),48,
2.023E+11,8,11,2023,11:35,1,35,35120,2,1,8,3,46 Rue de Dinan,48,
2.023E+11,7,3,2023,18:55,3,50,50551,1,1,3,1,Route de Bricquebec,49,
2.023E+11,25,1,2023,19:30,5,92,92026,2,3,1,2,COLOMBES,48,
2.023E+11,23,1,2023,15:05,1,92,92025,2,1,8,6,CHARLES DE GAULLE (BD),48,
2.023E+11,27,5,2023,20:30,1,39,39097,2,3,1,3,Rue de Saint Exupéry (magasin NOZ),46,
2.023E+11,15,11,2023,11:40,1,86,86007,1,2,7,3,Route de Bel Air,46,
2.023E+11,25,1,2023,03:20,3,95,95487,1,1,1,6,D301,49,
2.023E+11,7,3,2023,16:20,2,45,45193,1,1,1,1,D13 PR 5 + 980,47,
2.023E+11,27,5,2023,08:00,1,6,6149,1,1,1,7,Boulevard Georges Buono,43,
2.023E+11,23,1,2023,12:10,1,974,97412,2,6,2,6,Rue Hippolyte Foucque,-21,
2.023E+11,13,11,2023,15:15,1,33,33191,2,2,2,3,D1089,45,
2.023E+11,26,5,2023,17:15,1,43,43040,2,1,3,3,128 Avenue d'Auvergne,45,
2.023E+11,6,3,2023,14:15,1,64,64256,2,1,1,5,Urcuray,43,
2.023E+11,23,1,2023,19:00,3,974,97412,2,6,3,3,N1002,-21,
2.023E+11,26,5,2023,14:50,1,68,68089,1,1,1,7,Tour,47,
2.023E+11,15,11,2023,15:24,1,17,17133,1,1,1,7,Route de la Montée Rouge,45,
2.023E+11,27,5,2023,12:10,1,31,31022,2,1,1,6,Chemin de Lespinasse,43,
2.023E+11,7,3,2023,15:45,1,16,16287,1,1,8,1,44 Route de Pondeville,45,
2.023E+11,26,1,2023,08:25,2,77,77304,1,1,5,1,D215,48,
2.023E+11,15,11,2023,17:00,1,974,97405,2,1,1,6,Rue Maxime Payet,-21,
2.023E+11,25,1,2023,17:45,2,27,27130,1,1,1,6,A28,49,
2.023E+11,14,11,2023,21:25,3,83,83004,1,1,1,6,Route Departementale 555,43,
2.023E+11,26,1,2023,10:15,1,51,51237,2,1,1,6,place des droits de l'homme,48,
2.023E+11,26,5,2023,17:50,1,67,67367,1,1,1,1,D1404,48,
2.023E+11,8,3,2023,15:50,1,53,53147,2,6,1,3,RN12,48,
2.023E+11,14,11,2023,20:30,3,41,41256,1,1,1,7,A71,47,
2.023E+11,26,1,2023,12:30,1,89,89419,1,1,8,5,,47,
2.023E+11,9,3,2023,06:40,2,4,4084,1,1,5,6,D907,43,