Num_Acc,jour,mois,an,hrmn,lum,dep,com,agg,int,atm,col,adr,lat,long
2.023E+11,26,5,2023,21:45,5,971,97132,2,1,1,3,route de grande anse,15,
2.023E+11,14,11,2023,16:10,2,83,83036,2,9,1,3,680 Avenue de Saint-raphaël,43,
2.023E+11,18,1,2023,07:30,2,63,63003,1,1,4,1,ROUTE DEPARTEMENTALE 906,45,
2.023E+11,7,3,2023,17:20,1,85,85146,1,1,1,5,pk 4 D1763,46,
2.023E+11,10,5,2023,16:45,1,974,97413,2,1,1,3,Rue du Musee,-21,
2.023E+11,15,11,2023,07:30,2,48,48156,1,1,5,6,A75,44,
2.023E+11,20,1,2023,16:30,1,76,76638,1,1,1,1,RD 1314,49,
2.023E+11,24,1,2023,11:35,1,41,41211,2,1,1,1,111 Rue du Général de Gaulle,47,
2.023E+11,8,3,2023,06:20,3,27,27493,1,2,2,3,RD20,49,
2.023E+11,22,9,2023,12:05,1,22,22020,2,2,1,3,Rue du Souvenir Francais,48,
2.023E+11,7,5,2023,01:13,3,34,34194,1,1,1,4,A75 PK 305+342,43,
2.023E+11,18,1,2023,20:05,3,44,44178,1,1,2,1,,47,
2.023E+11,9,3,2023,07:10,2,28,28387,1,1,2,6,D30.2,48,
2.023E+11,15,11,2023,18:50,3,30,30060,1,3,1,3,D135,43,
2.023E+11,25,1,2023,18:15,5,35,35297,2,1,1,4,Rue Louison Bobet,48,
2.023E+11,27,5,2023,16:00,1,30,30256,1,1,1,3,,44,
2.023E+11,22,2,2023,16:15,1,87,87078,1,3,2,6,Le Chene Pignier,45,
2.023E+11,26,1,2023,15:40,1,58,58273,1,1,8,1,PR 008+550 RD 978,46,
2.023E+11,22,5,2023,18:05,1,59,59149,1,1,1,6,D15,50,
2.023E+11,15,11,2023,08:50,1,57,57556,2,3,1,6,Rue de Strasbourg,49,
2.023E+11,19,1,2023,20:30,3,14,14055,1,1,2,6,D675,49,
2.023E+11,22,5,2023,14:15,1,56,56036,1,3,1,3,Rue du Maneguen,47,
2.023E+11,23,1,2023,22:15,3,64,64216,1,1,9,1,ROUTE DE TARBES,43,
2.023E+11,8,3,2023,10:15,1,78,78620,1,9,2,1,ROUTE DE VERSAILLES RD 6,48,
2.023E+11,14,11,2023,14:15,1,51,51115,2,1,2,5,6 Route Nationale,49,
2.023E+11,21,1,2023,10:30,1,53,53216,2,7,1,6,place de l'église,48,
2.023E+11,27,5,2023,10:15,1,56,56260,2,3,1,3,15 Avenue du Président Edouard Herriot,47,
2.023E+11,22,1,2023,15:20,1,17,17003,1,1,1,1,D939,46,
2.023E+11,8,3,2023,12:30,1,987,98715,2,3,1,3,route de ceinture RT1 face à l'OPT,-17,
2.023E+11,27,5,2023,07:50,1,82,82155,1,4,1,6,D75,44,
2.023E+11,13,11,2023,16:50,2,80,80620,2,1,2,6,27 Place du Commandant Louis Daudre,49,
2.023E+11,9,3,2023,08:00,1,24,24055,1,1,1,6,route jaufré rudel,45,
2.023E+11,25,1,2023,18:50,5,37,37273,1,6,1,2,,47,
2.023E+11,27,5,2023,15:30,1,11,11209,1,1,1,1,route départementale 118,42,
2.023E+11,15,11,2023,07:50,1,82,82134,1,1,5,1,D115,44,
2.023E+11,20,1,2023,12:30,1,978,97801,2,1,1,1,Route nationale 7 - Avant l'intersection Hameau de Rambaud - La Savane,18,
2.023E+11,27,5,2023,00:06,3,46,46228,2,2,1,6,D14,44,
2.023E+11,15,11,2023,13:45,1,65,65456,2,1,1,6,D36,43,
2.023E+11,26,1,2023,07:40,3,42,42279,2,1,5,6,Boulevard de la Libération,45,
2.023E+11,8,3,2023,11:55,1,55,55166,1,1,2,6,Autoroute A4 PK 252+300,49,
2.023E+11,26,1,2023,10:05,1,988,98817,2,3,1,3,RPS2/Rue Porte Dore,-22,
2.023E+11,8,3,2023,13:20,1,987,98712,2,1,1,7,PK 5 RT2,-17,
2.023E+11,27,5,2023,12:14,1,68,68098,2,1,1,1,D7b,47,
2.023E+11,14,11,2023,11:55,1,49,49331,2,9,2,7,7 Rue du 8 Mai 1945 (Segré),47,
2.023E+11,26,1,2023,13:00,1,973,97311,2,1,1,6,Rue Joseph Symphorien,5,
2.023E+11,9,3,2023,07:10,2,69,69007,1,1,9,3,Route Départementale 386,45,
2.023E+11,26,5,2023,19:56,1,39,39101,1,1,1,7,,47,
2.023E+11,14,11,2023,15:40,1,86,86082,2,1,2,7,D158,46,
2.023E+11,23,1,2023,05:15,3,978,97801,1,1,2,5,rue de terre basse,18,
2.023E+11,8,3,2023,10:35,1,69,69235,2,1,8,6,81 Impasse du Rond Point,45,
2.023E+11,15,11,2023,06:10,3,25,25466,1,1,2,2,Départementale 233 - PK 0+500,47,
2.023E+11,8,3,2023,17:28,1,974,97401,1,1,1,3,N1a,-21,
2.023E+11,25,1,2023,13:50,1,83,83047,2,3,1,3,1433 Avenue Jean Monnet,43,
2.023E+11,15,11,2023,08:00,1,35,35095,2,6,2,3,Les Rolandières,48,
2.023E+11,26,5,2023,10:13,1,3,3267,1,3,1,3,D46,46,
2.023E+11,9,3,2023,07:30,2,33,33085,1,1,1,3,Route des 2 Ponts,44,
2.023E+11,20,1,2023,12:50,1,4,4245,2,3,1,3,Avenue des Farigoules,43,
2.023E+11,11,11,2023,14:20,1,29,29266,2,1,1,7,D118,48,
2.023E+11,26,5,2023,20:45,2,1,1069,1,1,1,1,Certines,46,
2.023E+11,4,3,2023,19:00,3,77,77196,1,1,1,2,N3,48,
2.023E+11,15,11,2023,12:00,1,31,31033,2,1,1,6,Avenue d'Hermannsburg,43,
2.023E+11,26,1,2023,15:00,1,13,13048,1,1,1,1,D561,43,
2.023E+11,6,3,2023,18:00,1,34,34344,2,1,1,7,19 Allee des Palombes,43,
2.023E+11,26,5,2023,18:10,1,1,1010,1,1,1,2,D120,45,
2.023E+11,24,1,2023,14:00,1,21,21292,2,1,1,3,Impasse de la Norges,47,
2.023E+11,26,5,2023,20:00,1,58,58295,1,1,1,6,D553,47,
2.023E+11,19,1,2023,18:00,3,42,42265,1,1,1,6,Route des Grands Pres,45,
2.023E+11,8,2,2023,15:40,1,34,34344,2,2,1,3,Allée de la Grande Pyramide,43,
2.023E+11,13,11,2023,04:20,3,2,2540,1,1,2,1,N/A,49,
2.023E+11,27,5,2023,17:00,1,66,66048,1,1,1,7,D914,42,
2.023E+11,26,1,2023,14:30,1,64,64139,1,1,8,7,630 Chemin de Bruges,43,
2.023E+11,9,11,2023,18:57,3,3,3214,1,1,2,7,D1,46,
2.023E+11,26,5,2023,18:15,1,72,72169,1,1,1,7,La Grande molière,47,
2.023E+11,9,3,2023,07:45,1,83,83112,2,3,1,2,Avenue de Tauroentum,43,
2.023E+11,25,1,2023,09:15,1,40,40019,2,1,8,7,Route des Lacs,44,
2.023E+11,8,3,2023,23:10,3,83,83064,1,1,1,7,D554,43,
2.023E+11,26,1,2023,08:05,5,14,14488,2,1,2,3,5 Place General de Gaulle,49,
2.023E+11,15,11,2023,15:40,1,1,1203,1,1,1,5,1256 Route de Thoissey,46,
2.023E+11,8,3,2023,10:00,1,71,71297,2,1,2,6,5 Rue des Ponts,46,
2.023E+11,23,1,2023,10:55,1,27,27123,1,3,1,3,RN13 intersection RD534,49,
2.023E+11,14,11,2023,19:20,5,26,26165,2,1,2,6,62 Avenue leon aubin,44,
2.023E+11,27,5,2023,05:00,5,60,60471,2,1,1,6,Rue du Faubourg d'Amiens,49,
2.023E+11,26,1,2023,12:10,1,60,60619,1,1,2,7,nationale 2,49,
2.023E+11,13,11,2023,19:00,3,72,72056,1,1,1,6,Les Essarts,48,
2.023E+11,27,5,2023,11:10,1,64,64436,2,1,1,6,D 918,,
2.023E+11,4,3,2023,19:15,5,57,57683,2,4,1,2,Feux de circulation,49,
2.023E+11,26,1,2023,08:25,1,59,59051,2,1,2,6,rue des casernes,50,
2.023E+11,26,5,2023,20:25,2,73,73010,1,1,1,7,D991B Route de la Chambotte,45,
2.023E+11,15,11,2023,17:09,2,6,6138,2,1,1,3,7 Avenue de Lérins,43,
2.023E+11,6,3,2023,12:34,1,79,79049,2,1,1,6,14 Boulevard Alexandre Premier,46,
2.023E+11,26,5,2023,13:35,1,10,10184,1,1,1,7,Rue Principale,48,
2.023E+11,25,1,2023,18:10,3,94,94038,1,1,1,3,A6B,48,
2.023E+11,26,2,2023,11:45,1,33,33207,2,1,1,6,Rue de la Lande,44,
2.023E+11,26,5,2023,17:57,1,10,10345,1,1,1,7,Grande Rue,48,
2.023E+11,14,11,2023,19:00,2,60,60511,1,1,1,5,D934,49,
2.023E+11,8,3,2023,08:20,1,13,13071,1,1,1,2,A7-Sens Marseille vers Lyon,43,
2.023E+11,25,1,2023,14:15,1,94,94003,1,1,1,5,A6B,48,
2.023E+11,15,11,2023,18:05,5,64,64233,2,1,1,1,Cote Lefranc,43,
2.023E+11,24,5,2023,15:00,1,10,10232,2,1,1,3,Rue de l?Eglise,48,
2.023E+11,4,3,2023,04:15,3,67,67482,1,1,1,2,M35,48,
2.023E+11,25,1,2023,03:50,5,91,91377,2,1,1,6,RD 188,48,
2.023E+11,27,5,2023,17:18,1,36,36018,2,1,1,6,Quai Aubépin,46,
2.023E+11,14,11,2023,10:30,1,64,64191,1,1,1,7,Route de Montaut,43,
2.023E+11,6,3,2023,06:30,2,59,59515,1,1,1,7,AUTOROUTE A2,50,
2.023E+11,26,5,2023,20:10,1,40,40134,2,1,1,6,Rue de Gouveia,44,
2.023E+11,24,1,2023,22:35,3,78,78291,1,1,1,2,A13,48,
2.023E+11,14,11,2023,07:50,1,21,21154,2,5,1,6,Chemin de la Fontaine des Ducs,47,
2.023E+11,26,5,2023,14:10,1,30,30133,2,1,1,7,Avenue Jean Lasserre,43,
2.023E+11,8,3,2023,19:20,3,94,94034,1,1,2,2,A6B,48,
2.023E+11,8,3,2023,17:35,1,94,94016,1,1,3,7,A6B,48,
2.023E+11,24,1,2023,08:40,1,78,78090,1,1,1,5,A13,48,
2.023E+11,14,11,2023,16:30,1,40,40031,1,1,1,4,pk 64 D824,43,
2.023E+11,8,3,2023,12:50,1,91,91286,1,1,2,2,AUTOROUTE A6,48,
2.023E+11,24,1,2023,10:00,1,92,92047,1,1,1,3,A13,48,
2.023E+11,23,5,2023,20:10,1,67,67415,1,1,1,6,D198,48,
2.023E+11,13,11,2023,07:45,2,85,85034,1,3,2,3,RD 948 la Borelière,46,
2.023E+11,25,1,2023,13:00,1,94,94073,1,1,2,2,A86,48,
2.023E+11,26,5,2023,22:10,3,13,13113,1,1,1,2,A51,43,
2.023E+11,24,1,2023,21:50,3,94,94073,1,1,1,7,A86,48,
2.023E+11,8,3,2023,12:45,1,92,92019,1,1,2,4,RN 385 Extèrieure,48,
2.023E+11,27,10,2023,20:06,3,27,27565,1,2,2,3,Route de Mare Tasse,48,
2.023E+11,27,5,2023,15:20,1,34,34255,1,6,1,2,RD986,43,
2.023E+11,7,3,2023,23:40,3,94,94017,1,1,2,7,A4,48,
2.023E+11,27,5,2023,00:30,5,971,97103,2,6,1,6,boulevard mahatma Gandhi,16,
2.023E+11,15,11,2023,13:20,1,28,28135,1,1,1,1,D122,48,
2.023E+11,23,1,2023,14:50,1,75,75112,2,4,1,6,PORTE DE BERCY,48,
2.023E+11,6,3,2023,09:00,1,974,97407,2,9,2,3,SAINT PAUL(RUE),-20,
2.023E+11,27,5,2023,04:30,3,69,69077,1,1,1,2,Autoroute 6,46,
2.023E+11,14,10,2023,00:05,3,87,87154,2,1,2,7,Chemin du Re Picard,45,
2.023E+11,24,1,2023,19:00,5,75,75120,2,3,1,6,RUE DES REGLISES,48,
2.023E+11,7,3,2023,13:25,1,973,97302,2,1,1,2,BADUEL (ROUTE DE),4,
2.023E+11,15,11,2023,10:50,1,30,30146,1,1,1,7,D6110,43,
2.023E+11,27,5,2023,20:20,2,60,60482,2,4,1,3,Route Manon,49,
2.023E+11,24,1,2023,19:30,5,75,75117,2,2,1,3,RUE PONCELET,48,
2.023E+11,27,5,2023,04:45,3,95,95213,1,1,1,6,D22,49,
2.023E+11,15,11,2023,20:15,3,48,48156,1,1,5,6,D52,44,
2.023E+11,6,3,2023,08:20,1,973,97302,2,1,1,3,MADELEINE (ROUTE DE LA),4,
2.023E+11,24,1,2023,18:30,5,75,75117,2,2,1,3,BOULEVARD BERTHIER,48,
2.023E+11,15,11,2023,03:50,3,8,8164,1,1,2,6,voie communale de Bagot,49,
2.023E+11,27,5,2023,10:50,1,91,91041,1,1,1,1,D19,48,
2.023E+11,7,3,2023,07:20,1,972,97213,1,1,1,5,AUTOROUTE A1,14,
2.023E+11,24,1,2023,18:25,2,75,75116,2,7,1,6,RUE DE LA TOUR,48,
2.023E+11,26,5,2023,15:26,1,78,78601,1,1,1,1,D936,48,
2.023E+11,13,11,2023,13:00,1,34,34116,2,1,1,1,317 Rue de la Valsiere,43,
2.023E+11,6,3,2023,16:45,1,971,97113,1,1,1,1,Section Port Blanc,16,
2.023E+11,23,1,2023,15:50,1,75,75116,2,7,1,6,AVENUE RAYMOND POINCARE,48,
2.023E+11,14,11,2023,07:00,2,69,69027,2,1,1,6,23 Rue Paul Bovier-Lapierre,45,
2.023E+11,27,5,2023,20:03,1,2B,2B042,1,1,1,2,T11,42,
2.023E+11,7,3,2023,08:59,1,2A,2A004,2,3,1,3,MEZZAVIA ROUTE DE,41,
2.023E+11,24,1,2023,18:45,5,75,75115,2,3,1,3,BOULEVARD LEFEBVRE,48,
2.023E+11,14,11,2023,14:55,1,971,97116,2,3,1,3,Rue Victor Schoelcher,16,
2.023E+11,27,5,2023,01:30,3,11,11337,1,1,1,6,D111,43,
2.023E+11,7,3,2023,22:36,3,95,95427,2,3,2,6,D928,48,
2.023E+11,24,1,2023,10:40,1,75,75115,2,2,8,2,RUE DE VAUGIRARD,48,
2.023E+11,26,5,2023,19:00,1,68,68117,2,9,1,2,Rue du Muhlele,48,
2.023E+11,14,11,2023,16:15,1,78,78597,1,1,1,1,D928,48,
2.023E+11,7,3,2023,17:45,1,95,95428,2,4,8,6,Avenue de la Division Leclerc,48,
2.023E+11,24,1,2023,07:42,2,75,75114,2,5,1,6,RUE DE GERGOVIE,48,
2.023E+11,23,5,2023,13:30,1,67,67368,1,1,1,7,PR 4 sur RD214,48,
2.023E+11,14,11,2023,20:00,3,30,30128,1,1,1,7,Chemin d?Estagel,43,
2.023E+11,24,1,2023,14:20,1,75,75111,2,1,1,3,BOULEVARD VOLTAIRE,48,
2.023E+11,7,3,2023,19:38,5,91,91552,1,1,2,2,RTE NATIONALE 20,48,
2.023E+11,24,1,2023,19:30,5,75,75110,2,1,1,3,RUE LOUIS BLANC,48,
2.023E+11,17,10,2023,07:00,2,34,34022,1,1,1,6,Route de Nimes,43,
2.023E+11,7,3,2023,17:25,1,91,91514,1,1,1,2,CD 33,48,
2.023E+11,27,5,2023,10:09,1,81,81099,1,1,1,1,Chemin Toulze,43,
2.023E+11,24,1,2023,17:25,5,75,75110,2,3,1,6,BOULEVARD DE BONNE NOUVELLE,48,
2.023E+11,7,3,2023,20:25,5,91,91589,2,1,2,6,RUE DES PRES SAINT MARTIN,48,
2.023E+11,26,5,2023,17:20,1,65,65192,1,1,1,7,Route de Gavarnie,42,
2.023E+11,15,11,2023,12:44,1,83,83104,1,1,7,2,D3,43,
2.023E+11,24,1,2023,14:10,1,75,75110,2,2,8,7,RUE DU FAUBOURG DU TEMPLE,48,
2.023E+11,7,3,2023,16:30,1,90,90032,2,9,1,3,VEZELOIS (RUE DE),47,
2.023E+11,26,5,2023,23:20,3,17,17483,1,1,1,6,PR 103 +749,46,
2.023E+11,24,1,2023,09:21,1,75,75108,2,2,1,6,AVENUE DE WAGRAM,48,
2.023E+11,14,11,2023,18:03,5,13,13015,2,3,1,3,549 Avenue de la Croix d?Or,43,
2.023E+11,27,5,2023,04:40,3,29,29247,1,6,1,6,Route de Concarneau,47,
2.023E+11,6,3,2023,20:00,3,83,83050,1,1,1,1,SCAMARONI(AVENUE FRED),43,
2.023E+11,14,11,2023,22:20,3,25,25170,1,1,2,6,D438,47,
2.023E+11,27,5,2023,15:05,1,22,22162,2,1,1,2,Rue de Poulgoic,48,
2.023E+11,15,11,2023,18:15,4,38,38087,2,1,1,6,Avenue Francois Mitterrand,45,
2.023E+11,6,3,2023,17:15,1,78,78586,2,2,1,2,FRESNAY,48,
2.023E+11,7,11,2023,08:15,1,38,38565,2,1,1,6,Avenue Henri Chapays,45,
2.023E+11,26,5,2023,14:15,1,2,2221,1,1,1,1,N/A,49,
2.023E+11,14,11,2023,16:15,1,69,69059,2,1,3,6,151 route de Marcilly,45,
2.023E+11,7,3,2023,19:50,5,76,76497,2,2,2,2,Rue Aristide Briand,49,
2.023E+11,26,5,2023,13:00,1,69,69382,1,1,1,4,Route de Métropole 7,45,
2.023E+11,15,11,2023,12:30,1,81,81099,2,1,1,3,71 Avenue Maréchal Foch,43,
2.023E+11,24,5,2023,09:00,1,33,33318,1,1,1,3,ROCADE A 630,44,
2.023E+11,6,3,2023,16:00,1,76,76165,2,3,1,3,Rue de la République,49,
2.023E+11,15,11,2023,08:15,1,81,81117,1,1,1,5,D964 - P.R 42+000,43,
2.023E+11,7,3,2023,09:35,1,76,76351,2,1,1,3,MAC ORLAN,49,
2.023E+11,26,5,2023,18:30,1,94,94034,1,1,1,2,A86,48,
2.023E+11,26,5,2023,12:00,1,92,92002,1,1,1,3,AUTOROUTE A10,48,
2.023E+11,7,3,2023,19:24,5,72,72181,2,1,1,6,GENESLAY FELIX (AV) N° PAIRS 2 A 144,47,
2.023E+11,26,5,2023,00:45,3,91,91570,1,1,1,7,RN 104,48,
2.023E+11,15,11,2023,12:45,1,57,57323,1,1,3,1,D14a,49,
2.023E+11,4,3,2023,12:47,1,72,72003,2,3,1,3,GOUNOD CHARLES (RUE),47,
2.023E+11,25,5,2023,20:55,1,78,78124,1,1,1,2,A14,48,
2.023E+11,13,11,2023,17:00,1,13,13005,1,1,1,3,A50-Sens Aubagne vers Marseille,43,
2.023E+11,25,5,2023,09:00,5,92,92062,1,1,1,3,A14,48,
2.023E+11,7,3,2023,14:50,1,69,69264,2,1,1,3,Avenue Saint-Exupery,45,
2.023E+11,5,11,2023,12:25,1,69,69271,1,1,8,2,Route Départementale 302,45,
2.023E+11,6,3,2023,16:15,1,69,69264,2,9,1,6,66 Rue de la Maladiere,45,
2.023E+11,25,5,2023,11:05,1,92,92036,1,1,1,3,RN315 Y,48,
2.023E+11,9,11,2023,14:10,1,69,69271,1,1,2,7,Route Départementale 302,45,
2.023E+11,6,3,2023,15:04,1,66,66136,2,1,1,7,,42,
2.023E+11,25,5,2023,19:50,1,95,95018,1,1,1,5,A15,48,
2.023E+11,14,11,2023,17:21,4,33,33075,1,1,2,5,ROCADE A 630,44,
2.023E+11,25,5,2023,17:00,1,93,93027,1,1,1,5,AUTOROUTE A1,48,
2.023E+11,3,3,2023,13:50,1,63,63113,2,5,1,4,Av Italie / rue Grande Bretagne,45,
2.023E+11,14,11,2023,14:15,1,94,94034,1,1,2,3,A86,48,
2.023E+11,25,5,2023,17:15,1,93,93066,1,1,1,5,AUTOROUTE A86,48,
2.023E+11,6,3,2023,14:40,1,62,62757,2,1,1,1,D928,50,
2.023E+11,25,5,2023,13:45,1,92,92036,1,1,1,3,AUTOROUTE A15,48,
2.023E+11,14,11,2023,11:55,1,94,94043,1,1,1,4,A6B,48,
2.023E+11,6,3,2023,15:00,1,62,62617,2,1,1,3,D937,50,
2.023E+11,14,11,2023,09:50,1,91,91645,1,1,1,2,N385,48,
2.023E+11,25,5,2023,08:10,1,95,95500,1,1,1,4,A15,49,
2.023E+11,7,3,2023,08:10,1,59,59163,2,1,2,2,HEM (RUE D'),50,
2.023E+11,14,11,2023,08:20,1,91,91553,1,1,1,3,RN 104,48,
2.023E+11,7,3,2023,12:10,1,59,59350,2,1,2,6,BAPAUME RUE DE,50,
2.023E+11,24,5,2023,09:30,1,92,92036,1,1,1,2,AUTOROUTE A15,48,
2.023E+11,14,11,2023,08:40,1,91,91689,1,1,1,2,AUTOROUTE A6B,48,
2.023E+11,6,3,2023,09:45,1,59,59328,2,1,1,2,HIPPODROME AV DE L N°246 AU 410,50,
2.023E+11,26,5,2023,08:05,1,94,94018,1,1,1,6,A4,48,
2.023E+11,25,5,2023,21:50,4,75,75112,1,1,1,6,A4,48,
2.023E+11,14,11,2023,06:33,3,91,91377,1,1,1,3,AUTOROUTE A10,48,
2.023E+11,5,3,2023,18:20,1,56,56121,2,6,1,2,MANIO ( ECHANGEUR ET RD POINT DU ),47,
2.023E+11,25,5,2023,16:38,1,68,68224,2,1,1,6,PRINTEMPS (RUE DU),47,
2.023E+11,14,11,2023,05:35,5,78,78043,1,1,1,6,A12 W,48,
2.023E+11,5,3,2023,05:45,3,56,56036,1,1,1,6,N/A,47,
2.023E+11,13,11,2023,15:50,1,78,78297,1,1,8,6,RN12,48,
2.023E+11,25,5,2023,16:45,1,62,62413,2,2,1,6,Rue de Stalingrad,50,
2.023E+11,7,3,2023,06:59,2,51,51454,2,2,1,3,avenue du Général De Gaulle,49,
2.023E+11,14,11,2023,12:30,1,92,92036,1,1,2,6,AUTOROUTE A15,48,
2.023E+11,14,11,2023,17:10,2,92,92036,1,1,1,7,AUTOROUTE A86,48,
2.023E+11,7,3,2023,07:00,5,50,50129,2,1,3,5,VOSGES (RUE DES),49,
2.023E+11,14,11,2023,08:25,1,93,93066,1,1,1,6,AUTOROUTE A1,48,
2.023E+11,5,3,2023,20:40,5,50,50129,2,5,1,3,NAPOLEON (PLACE),49,
2.023E+11,13,11,2023,23:00,3,92,92036,1,9,1,2,AUTOROUTE A15,48,
2.023E+11,25,5,2023,11:35,1,976,97611,2,1,1,1,kaweni-Centrale EDM (rue de la ),-12,
2.023E+11,2,3,2023,09:00,1,49,49328,2,3,1,6,REPUBLIQUE (PLACE DE LA),47,
2.023E+11,14,11,2023,12:20,1,94,94017,1,1,1,4,A4,48,
2.023E+11,7,3,2023,18:00,1,44,44109,2,3,1,3,30 Boulevard des Anglais,47,
2.023E+11,24,5,2023,09:10,1,974,97411,2,1,1,4,MALARTIC (RUE),-20,
2.023E+11,14,11,2023,08:50,1,94,94022,1,1,1,2,A86,48,
2.023E+11,25,5,2023,08:18,1,973,97302,2,1,1,3,COLOMB (CHRISTOPHE),4,
2.023E+11,20,3,2023,07:36,1,60,60559,1,1,1,5,route nationale 31,49,
2.023E+11,25,5,2023,20:30,1,69,69388,2,1,1,6,Avenue Jean Mermoz,45,
2.023E+11,7,3,2023,14:30,1,38,38169,2,2,8,3,VERCORS (AVENUE DU)   (1 A 52),45,
2.023E+11,31,8,2023,00:25,5,62,62160,2,3,1,6,Rue Beaurepaire,50,
2.023E+11,6,3,2023,15:15,1,37,37261,2,9,1,7,D76 - Route de St Avertin,47,
2.023E+11,25,5,2023,19:00,1,69,69383,2,1,1,3,Rue Docteur Bouchut,45,
2.023E+11,5,3,2023,03:00,5,34,34032,2,6,1,7,BRANDT WILLY (RD POINT),43,
2.023E+11,21,1,2023,11:00,1,83,83023,2,9,1,6,Centre Commercial E. Leclerc (Supermarché),43,
2.023E+11,25,5,2023,17:20,1,69,69387,2,2,1,3,Avenue Leclerc,45,
2.023E+11,7,3,2023,17:00,1,33,33063,2,1,8,6,Rue Esprit-Des-Lois,44,
2.023E+11,7,3,2023,14:31,1,33,33039,1,1,2,5,A631,44,
2.023E+11,13,11,2023,07:30,1,974,97411,2,3,1,7,TOPAZES(ALLEE DES),-20,
2.023E+11,25,5,2023,09:10,1,69,69388,2,2,1,3,Rue Challemel Lacour,45,
2.023E+11,25,5,2023,13:15,1,972,97213,1,1,1,7,ROUTE DEPARTEMENTALE 14,14,
2.023E+11,13,11,2023,19:58,5,973,97302,2,1,1,3,FLAMBOYANTS (RUE DES),4,
2.023E+11,5,3,2023,18:40,1,33,33249,2,2,1,3,Voie Ctre Cial Quatre Pavillons,44,
2.023E+11,25,5,2023,15:45,1,972,97209,2,1,1,6,REPUBLIQUE (RUE DE LA ),14,
2.023E+11,6,3,2023,16:15,1,29,29019,2,1,1,3,boulevard de l'Europe,48,
2.023E+11,13,11,2023,16:12,1,973,97302,2,1,1,2,14 ET 22 JUIN 1962,4,
2.023E+11,25,5,2023,22:20,1,69,69381,2,1,1,3,Tunnel de la Croix Rousse,45,
2.023E+11,7,3,2023,13:10,1,28,28134,2,1,1,2,MARCEAU (AVENUE DU GENERAL),48,
2.023E+11,25,5,2023,10:30,1,2B,2B033,2,1,1,2,11 - RT,42,
2.023E+11,13,11,2023,18:15,5,69,69383,2,2,1,3,Rue de la Caille,45,
2.023E+11,7,3,2023,17:30,1,27,27681,2,2,2,3,CHAMBRAY (ROUTE DE),49,
2.023E+11,24,5,2023,15:50,1,971,97101,2,3,1,1,PETIT PEROU,16,
2.023E+11,10,9,2023,02:50,5,25,25056,2,2,1,6,FLEMING BOULEVARD,47,
2.023E+11,13,11,2023,07:40,2,69,69388,2,2,2,3,Avenue Jean Jaurès,45,
2.023E+11,10,9,2023,02:16,4,14,14715,2,1,1,6,126 Boulevard Fernand Moureaux,49,
2.023E+11,7,3,2023,14:53,1,25,25056,2,1,1,6,avenue de la paix,47,
2.023E+11,13,11,2023,07:54,1,971,97113,1,1,1,3,Chemin de la BOUAYE,16,
2.023E+11,25,2,2023,05:40,3,30,30032,1,1,1,7,FOURQUES ROUTE DE,43,
2.023E+11,10,9,2023,14:00,1,13,13210,2,2,1,3,PAUL CLAUDEL (BOULEVARD),43,
2.023E+11,12,11,2023,21:15,5,971,97101,2,9,1,3,BAIMBRIDGE (ROUTE DE),16,
2.023E+11,7,3,2023,17:30,5,13,13206,2,1,1,1,BAILLE (BOULEVARD),43,
2.023E+11,10,9,2023,03:20,3,13,13098,1,1,1,7,D.5,43,
2.023E+11,25,5,2023,08:20,1,91,91434,2,1,1,2,GRIBELETTE (BOULEVARD DE LA),48,
2.023E+11,7,3,2023,22:30,5,13,13047,2,1,2,3,BEL AIR CHEMIN,43,
2.023E+11,25,5,2023,09:24,1,87,87075,2,1,1,6,JAURES (RUE JEAN),45,
2.023E+11,13,11,2023,18:00,5,2A,2A004,2,1,1,2,NAPOLEON COURS AVANT BEVERINI,41,
2.023E+11,11,9,2023,00:44,5,6,6088,2,2,1,3,GAMBETTA (JUSQU'AU N° 62-73),43,
2.023E+11,25,5,2023,07:50,1,87,87085,2,2,1,3,DUMAS (AVENUE GEORGES),45,
2.023E+11,7,3,2023,19:00,5,6,6088,2,2,1,3,CIMIEZ (BD) A PARTIR DU 16-17,43,
2.023E+11,13,11,2023,16:35,1,95,95277,2,9,3,6,D370,48,
2.023E+11,24,5,2023,13:15,1,82,82121,2,1,1,1,TOULOUSE (AVENUE DE),43,
2.023E+11,10,9,2023,06:27,2,6,6088,2,3,1,3,CORNICHE FLEURIE (AV. DE LA),43,
2.023E+11,6,3,2023,20:45,3,3,3321,1,1,1,3,RN7,46,
2.023E+11,12,11,2023,10:57,1,87,87085,2,1,2,3,BELLAC (RUE DE),45,
2.023E+11,24,5,2023,17:20,1,81,81065,2,2,1,3,MITTERRAND (AV. FRANCOIS),43,
2.023E+11,10,9,2023,09:07,2,5,5061,2,1,1,1,ST JEAN ( ROUTE DE ),44,
2.023E+11,1,2,2023,10:00,1,11,11262,2,3,1,6,Avenue Pierre de Coubertin,43,
2.023E+11,24,5,2023,18:30,1,79,79329,2,1,1,7,,46,
2.023E+11,4,1,2023,20:55,5,69,69266,2,1,1,6,Rue Léon Blum,45,
2.023E+11,9,9,2023,17:35,1,4,4070,1,1,1,7,chaffaut ( route du ),44,