Num_Acc,jour,mois,an,hrmn,lum,dep,com,agg,int,atm,col,adr,lat,long
2.023E+11,25,5,2023,19:15,1,78,78481,2,9,1,3,SARTROUVILLE (ROUTE DE),48,
2.023E+11,9,9,2023,14:18,1,4,4070,2,9,1,6,NOEL (AV. DU COL.),44,
2.023E+11,6,3,2023,08:40,1,973,97302,2,1,8,2,ZEPHIR (ROCADE),4,
2.023E+11,21,5,2023,11:45,1,77,77133,2,1,1,6,SALINS (ROUTE DE),48,
2.023E+11,11,11,2023,21:15,5,84,84007,2,1,1,7,MARSEILLE (Route de ),43,
2.023E+11,4,3,2023,04:05,5,973,97302,2,1,1,3,MANDELA  (BOULEVARD),4,
2.023E+11,25,5,2023,18:50,1,77,77243,2,1,1,6,MAL DE LATTRE DE TASSIGNY (AVENUE DU),48,
2.023E+11,10,9,2023,13:15,1,75,75114,2,1,1,4,BD PERIPHERIQUE INTERIEUR,48,
2.023E+11,6,3,2023,18:00,1,69,69388,2,1,1,6,Rue de Montagny,45,
2.023E+11,24,5,2023,18:40,1,77,77243,2,9,1,3,CHARPENTIER (BOULEVARD),48,
2.023E+11,6,3,2023,09:40,1,972,97213,1,9,1,6,ROUTE DEPARTEMENTALE 14,14,
2.023E+11,25,5,2023,23:20,3,77,77070,1,1,1,7,D 37,48,
2.023E+11,10,9,2023,01:20,5,75,75118,2,1,1,2,BD PERIPHERIQUE EXTERIEUR,48,
2.023E+11,10,11,2023,15:45,2,84,84007,2,2,1,3,F.BEC  (Avenue),43,
2.023E+11,5,3,2023,23:13,5,972,97213,1,1,2,6,ROUTE NATIONALE 5,14,
2.023E+11,25,5,2023,07:55,1,76,76707,1,1,1,1,Rue de Miromesnil,49,
2.023E+11,10,11,2023,14:10,1,30,30011,1,1,1,5,R.N. 100,43,
2.023E+11,10,2,2023,12:00,1,971,97101,1,1,3,4,Secteur Pont de la Gabarre,16,
2.023E+11,25,5,2023,08:00,2,76,76114,2,2,1,3,MARTYRS DE LA RESISTANCE (RUE DES),49,
2.023E+11,9,9,2023,19:10,1,75,75117,2,1,1,5,BD PERIPHERIQUE INTERIEUR,48,
2.023E+11,24,5,2023,13:50,1,71,71306,1,1,1,6,,46,
2.023E+11,6,3,2023,06:35,1,971,97101,1,1,1,3,DESRAVINIERES,16,
2.023E+11,10,11,2023,14:00,1,84,84007,2,1,1,3,C.De GAULLE (Rocade),43,
2.023E+11,9,9,2023,13:28,1,75,75117,2,1,1,6,PLACE DE VERDUN,48,
2.023E+11,19,5,2023,21:30,2,71,71270,2,2,1,3,Rue de Lyon/rue de l'Europe,46,
2.023E+11,8,11,2023,19:50,5,80,80021,2,1,2,6,DELIVRANCE (RUE DE LA),49,
2.023E+11,6,3,2023,04:40,5,971,97120,2,9,1,7,FAIDHERBE (BOULEVARD),16,
2.023E+11,24,5,2023,12:20,1,69,69264,2,1,1,6,Rue Nationale,45,
2.023E+11,9,9,2023,12:00,1,75,75105,2,3,1,2,BOULEVARD SAINT GERMAIN,48,
2.023E+11,24,5,2023,17:55,1,69,69259,2,1,1,6,Boulevard du Docteur Coblod,45,
2.023E+11,13,11,2023,23:45,5,78,78005,2,2,1,6,RAVEL (RUE MAURICE),48,
2.023E+11,10,9,2023,18:45,1,75,75118,2,3,1,6,AVENUE DE CLICHY,48,
2.023E+11,5,3,2023,21:00,5,971,97101,1,9,1,2,HIBISCUS,16,
2.023E+11,25,5,2023,16:10,1,67,67482,2,3,1,3,COLMAR (AVENUE DE),48,
2.023E+11,4,3,2023,12:35,1,971,97113,2,1,1,6,BAS DU FORT,16,
2.023E+11,10,9,2023,18:45,1,75,75117,2,3,1,2,AVENUE DE CLICHY,48,
2.023E+11,24,5,2023,20:20,1,67,67482,2,3,1,6,CHAMP DE MANOEUVRE (RUE DU),48,
2.023E+11,9,9,2023,07:25,1,75,75117,2,2,1,3,AVENUE DES TERNES,48,
2.023E+11,24,5,2023,14:10,1,67,67482,2,3,1,3,ENGELBREIT (RUE DE L ),48,
2.023E+11,13,11,2023,18:25,5,77,77288,1,9,2,1,D 605,48,
2.023E+11,13,11,2023,11:30,1,76,76681,2,7,1,6,Place Voltaire,49,
2.023E+11,24,5,2023,17:05,1,64,64102,2,3,1,3,JEAN JAURES (BOULEVARD),43,
2.023E+11,10,9,2023,12:40,1,75,75114,2,3,1,7,BOULEVARD BRUNE,48,
2.023E+11,6,3,2023,08:30,2,91,91687,2,1,1,2,GABRIEL PERI (AVENUE),48,
2.023E+11,10,9,2023,15:10,1,75,75113,2,1,1,6,RUE DU MOULIN DE LA POINTE,48,
2.023E+11,11,11,2023,18:45,5,76,76351,2,1,1,2,JULES DURAND (BD),49,
2.023E+11,4,3,2023,22:30,3,91,91228,2,1,1,6,RUE DE MONTESPAN,48,
2.023E+11,9,9,2023,09:49,1,75,75110,2,4,1,2,RUE LA FAYETTE,48,
2.023E+11,4,3,2023,19:35,2,91,91433,1,9,8,2,R.D. 20,48,
2.023E+11,24,5,2023,14:30,1,64,64024,2,1,1,1,LAROCHEFOUCAULD (AVENUE DE),43,
2.023E+11,11,11,2023,05:20,5,76,76351,2,1,3,6,AUGUSTE BLANQUI,49,
2.023E+11,7,2,2023,11:40,1,89,89387,2,1,1,3,DROITS DE L'HOMME (ROND POINT),48,
2.023E+11,10,9,2023,19:10,1,75,75107,2,3,1,7,AVENUE DE TOURVILLE,48,
2.023E+11,3,3,2023,15:24,1,87,87085,2,2,1,3,MAS-BOUYOL  (CITE ET BOULEVARD DU),45,
2.023E+11,24,5,2023,09:20,1,64,64024,2,1,1,6,RANSAN (RUE PIERRE),43,
2.023E+11,10,9,2023,11:05,1,75,75107,2,3,1,2,AVENUE DE LA BOURDONNAIS,48,
2.023E+11,12,11,2023,18:25,2,71,71306,2,3,2,3,SEMARD (RUE DE),46,
2.023E+11,25,5,2023,20:10,1,59,59360,2,1,1,1,PARE AMBROISE RUE,50,
2.023E+11,6,3,2023,22:50,5,78,78172,2,6,1,3,HAUTIL (RUE DE L'),49,
2.023E+11,9,9,2023,23:40,5,75,75101,2,3,1,1,RUE DE RIVOLI,48,
2.023E+11,24,11,2023,19:50,3,70,70388,1,9,1,2,RD13,47,
2.023E+11,25,5,2023,16:30,1,59,59609,1,1,1,3,SECLIN RUE DE,50,
2.023E+11,2,3,2023,15:30,1,73,73008,2,1,1,2,D991 RUSSIE BOULEVARD DE,45,
2.023E+11,13,11,2023,18:50,5,69,69282,2,9,2,3,Rue Antoine Becquerel,45,
2.023E+11,6,3,2023,09:30,1,69,69266,2,2,1,6,82 Rue du 8 Mai 1945,45,
2.023E+11,10,9,2023,19:31,1,94,94054,2,2,1,3,Allée Louis Bréguet,48,
2.023E+11,13,11,2023,17:10,5,69,69256,2,1,8,6,Rue de la République,45,
2.023E+11,6,3,2023,09:40,1,69,69259,2,2,1,1,Route de Corbas,45,
2.023E+11,10,9,2023,14:47,1,94,94018,2,1,1,6,Rue Guerin,48,
2.023E+11,11,11,2023,11:15,1,69,69290,2,1,1,6,Route de Grenoble,45,
2.023E+11,5,3,2023,13:10,1,69,69029,2,3,1,6,Avenue François Mitterrand,45,
2.023E+11,9,9,2023,22:10,5,94,94004,2,1,1,3,Avenue Charles de Gaulle,48,
2.023E+11,6,3,2023,13:50,1,64,64445,2,3,1,1,GASTON LACOSTE,43,
2.023E+11,13,11,2023,15:45,1,64,64445,2,2,1,3,ALSACE LORRAINE D',43,
2.023E+11,10,9,2023,12:00,1,93,93051,2,1,1,6,Route de Villiers,48,
2.023E+11,6,3,2023,04:00,5,59,59346,2,1,1,6,TOURNAI BOULEVARD DE,50,
2.023E+11,10,9,2023,17:00,1,93,93050,2,2,1,3,Rue Villebois Mareuil / Rue Jules Lamant et Ses Fils,48,
2.023E+11,12,11,2023,23:00,5,64,64024,2,6,1,6,BARRE (PROMENADE DE LA),43,
2.023E+11,9,9,2023,22:30,5,93,93057,2,9,1,7,Allée Berthie Albrecht,48,
2.023E+11,6,3,2023,20:23,5,56,56260,2,3,1,6,Avenue de la Marne,47,
2.023E+11,10,9,2023,16:15,1,93,93007,2,1,1,2,Rue Galilée,48,
2.023E+11,12,11,2023,21:30,5,64,64024,2,1,1,2,BAB (BOULEVARD DU),43,
2.023E+11,10,9,2023,16:35,1,93,93007,2,1,1,2,Avenue Albert Einstein,48,
2.023E+11,12,11,2023,12:20,1,64,64102,2,1,8,2,BAB (Boulevard),43,
2.023E+11,10,9,2023,11:02,1,92,92064,2,3,1,3,REPUBLIQUE,48,
2.023E+11,10,9,2023,09:30,1,92,92012,2,1,1,7,ALPHONSE LE GALLO (QUAI) 35/FIN,48,
2.023E+11,10,9,2023,04:40,3,60,60484,1,1,1,6,Rue de Villepoix,49,
2.023E+11,11,9,2023,07:40,2,50,50590,1,1,1,7,D41,48,
2.023E+11,13,11,2023,09:00,1,63,63113,2,1,1,2,rue Anatole France,45,
2.023E+11,11,9,2023,11:58,1,54,54296,1,1,7,6,RD674 ,48,
2.023E+11,8,9,2023,22:00,5,62,62053,2,1,1,6,D92,50,
2.023E+11,9,9,2023,14:40,1,43,43074,1,1,1,7,D14,45,
2.023E+11,13,11,2023,08:10,1,63,63032,2,1,1,3,MONT-DORE (AVENUE DU),45,
2.023E+11,9,9,2023,21:45,5,35,35318,2,1,1,6,22 Rue de Tourdelin,48,
2.023E+11,13,11,2023,19:00,5,59,59616,2,2,1,6,RENE BETH (RUE),50,
2.023E+11,9,9,2023,21:30,3,35,35265,1,1,1,2,D137,48,
2.023E+11,11,9,2023,09:00,1,63,63473,1,2,1,3,D404,45,
2.023E+11,13,11,2023,08:05,2,59,59599,2,3,8,6,GRAMME (CHAUSSEE),50,
2.023E+11,10,9,2023,17:20,1,21,21214,1,1,1,4,autoroute a6,47,
2.023E+11,13,11,2023,05:45,5,59,59122,2,7,2,3,BRIAND (PLACE ARISTIDE),50,
2.023E+11,11,9,2023,12:50,1,974,97410,2,9,1,3,Route Nationale 2,-21,
2.023E+11,11,11,2023,11:35,1,57,57757,2,1,1,6,Nations (Avenue),49,
2.023E+11,11,9,2023,08:10,1,6,6126,1,1,1,1,M6202,43,
2.023E+11,13,11,2023,05:30,5,57,57463,2,1,3,6,LAVOIR (RUE DU ),49,
2.023E+11,10,9,2023,17:24,1,65,65447,2,1,1,7,route départementale 817,43,
2.023E+11,13,11,2023,12:40,1,56,56098,2,1,8,2,NERUDA (AVENUE  PABLO ),47,
2.023E+11,5,9,2023,16:00,1,23,23077,1,1,1,3,D85,45,
2.023E+11,10,9,2023,10:00,1,21,21081,1,1,1,6,D16,47,
2.023E+11,10,11,2023,18:25,5,56,56083,2,1,2,6,PASTEUR ( AVENUE ),47,
2.023E+11,10,6,2023,16:15,1,30,30047,1,1,1,1,D6113,43,
2.023E+11,12,11,2023,03:35,5,50,50129,2,1,2,7,ATLANTIQUE (BOULEVARD DE L'),49,
2.023E+11,10,9,2023,16:50,1,56,56190,1,2,1,3,Le Crano,47,
2.023E+11,11,11,2023,15:40,1,49,49099,2,1,1,7,ETOILE (RUE DE L'),47,
2.023E+11,10,9,2023,05:45,3,56,56248,2,1,1,5,35 bis Rue Kerlann Borne,47,
2.023E+11,14,8,2023,12:00,1,74,74104,1,2,1,2,RD 1508,45,
2.023E+11,11,11,2023,01:41,5,49,49007,2,1,1,3,VOIE DES BERGES,47,
2.023E+11,11,9,2023,14:20,1,76,76636,1,1,2,3,Route de Duclair,49,
2.023E+11,10,9,2023,16:10,1,80,80649,1,1,1,7,D32,50,
2.023E+11,10,9,2023,07:58,1,82,82125,2,1,1,6,Avenue de Montauban,43,
2.023E+11,13,11,2023,16:00,1,45,45302,2,1,2,4,1385 Rue Nationale 20,47,
2.023E+11,18,12,2023,19:40,2,13,13209,2,1,1,6,LUMINY (AVENUE DE),43,
2.023E+11,13,11,2023,18:50,5,45,45208,2,9,3,6,31 Rue du Faubourg de la Chaussee,47,
2.023E+11,11,9,2023,08:40,1,71,71061,1,2,1,2,RD 971,46,
2.023E+11,18,12,2023,19:00,4,13,13213,2,1,1,7,ROSE (AVENUE DE LA),43,
2.023E+11,13,11,2023,07:50,2,43,43157,2,9,8,7,Place du Breuil,45,
2.023E+11,2,9,2023,17:20,1,71,71263,2,1,1,6,Avenue du Docteur Jean Vial,46,
2.023E+11,18,12,2023,17:50,1,13,13214,2,1,1,6,GIBBES (CHEMIN DE),43,
2.023E+11,10,9,2023,12:15,1,63,63319,1,1,7,6,RD 966 lieu-dit Rabiller-bas,45,
2.023E+11,10,9,2023,01:30,3,63,63273,2,1,1,7,17 Route de Billom,45,
2.023E+11,13,11,2023,18:25,5,38,38185,2,7,2,2,MARTYRS (RUE DES),45,
2.023E+11,18,12,2023,10:05,1,13,13202,2,9,1,2,CARGO RHIN FIDELI (RUE),43,
2.023E+11,10,9,2023,12:45,1,61,61480,1,1,1,6,D26,48,
2.023E+11,18,12,2023,09:40,1,13,13207,2,1,1,1,Corniche John Fitzgérald Kennedy,43,
2.023E+11,13,11,2023,17:35,1,37,37122,1,1,3,4,RD 37,47,
2.023E+11,18,12,2023,15:50,1,6,6069,1,1,1,3,CROISSET (AVENUE FR. DE),43,
2.023E+11,10,9,2023,15:57,1,55,55363,1,1,1,1,D903,49,
2.023E+11,10,9,2023,20:30,2,49,49125,2,1,1,6,76 Route de montreuil,47,
2.023E+11,13,11,2023,17:40,5,37,37208,2,4,3,3,ORMEAU (RUE DE L'),47,
2.023E+11,18,12,2023,09:00,1,6,6069,1,1,7,2,PLAN (ROUTE DU) -D304-,43,
2.023E+11,13,11,2023,14:10,1,37,37261,2,1,2,6,GANCE (BOULEVARD ABEL),47,
2.023E+11,10,9,2023,17:57,1,42,42334,1,1,1,3,Route de Balbigny,45,
2.023E+11,18,12,2023,09:50,1,3,3321,2,1,1,6,rue des cladets,46,
2.023E+11,13,11,2023,07:55,2,37,37261,2,1,2,6,SAVONNIERES (ROUTE DE),47,
2.023E+11,10,9,2023,17:30,1,42,42142,1,1,1,1,Route de Leignecq,45,
2.023E+11,18,12,2023,08:50,2,75,75113,2,1,1,3,PORTE D ITALIE,48,
2.023E+11,11,9,2023,07:40,1,46,46028,1,1,1,6,rd 803,44,
2.023E+11,13,11,2023,14:00,1,35,35238,2,6,1,3,FORCES FRANCAISES DE L'ONU (ROND POINT),48,
2.023E+11,17,12,2023,18:30,5,75,75116,2,4,1,6,ROUTE DE LA MUETTE A NEUILLY,48,
2.023E+11,13,11,2023,23:50,5,33,33063,2,1,2,6,Quai des Chartrons,44,
2.023E+11,9,9,2023,16:27,1,46,46317,1,2,1,3,Intresection D60 et D14,44,
2.023E+11,13,11,2023,20:15,5,33,33063,2,8,2,6,CRS DE L'ARGONNE,44,
2.023E+11,16,12,2023,20:22,5,75,75105,2,2,1,3,RUE DU CARDINAL LEMOINE,48,
2.023E+11,10,9,2023,18:45,1,47,47320,1,2,7,3,route de Lussac,44,
2.023E+11,13,11,2023,08:46,2,31,31555,2,1,1,6,AV DE LESPINET,43,
2.023E+11,10,9,2023,17:45,1,22,22194,1,1,1,7,D42,48,
2.023E+11,18,12,2023,17:17,5,75,75118,2,3,1,6,RUE DE LA CHAPELLE,48,
2.023E+11,13,11,2023,08:10,1,31,31555,2,1,1,1,RUE VESTREPAIN,43,
2.023E+11,18,12,2023,15:40,1,75,75116,2,1,8,6,RUE JEAN DE LA FONTAINE,48,
2.023E+11,9,9,2023,18:00,1,22,22062,1,1,1,3,La Touche Couesbot,48,
2.023E+11,10,9,2023,21:18,2,39,39008,1,1,1,7,N/A,47,
2.023E+11,13,11,2023,11:20,1,31,31483,2,1,1,3,FOURNIER (PLACE ),43,
2.023E+11,18,12,2023,18:11,5,75,75113,2,3,1,1,QUAI FRANCOIS MAURIAC,48,
2.023E+11,9,9,2023,17:25,1,35,35069,2,1,1,6,Univer (Zone tertiaire),48,
2.023E+11,10,11,2023,07:19,1,30,30189,1,3,1,3,SOUS FONT DAME (CHEMIN OU IMPASSE),43,
2.023E+11,9,9,2023,09:20,1,35,35227,1,1,1,6,La Ricandais,48,
2.023E+11,18,12,2023,08:50,1,75,75111,2,3,2,2,RUE DE LA ROQUETTE,48,
2.023E+11,10,9,2023,18:30,1,29,29020,1,1,7,6,Route de Langolen,48,
2.023E+11,13,11,2023,21:10,5,27,27229,2,6,1,6,QUATORZE JUILLET (BOULEVARD),49,
2.023E+11,18,12,2023,19:15,5,75,75101,2,2,1,7,BOULEVARD DE SEBASTOPOL,48,
2.023E+11,8,9,2023,17:30,1,31,31100,1,1,1,1,16 Chemin de Lasserre,43,
2.023E+11,13,11,2023,18:30,5,25,25056,2,1,2,4,BLUM  BOULEVARD LEON (inf 51),47,
2.023E+11,18,12,2023,09:05,1,94,94081,2,3,1,3,Quai Jules Guesde,48,
2.023E+11,13,11,2023,17:50,3,22,22278,2,3,1,6,LE FLEM (PAUL),48,
2.023E+11,18,12,2023,20:35,5,94,94052,2,1,8,3,2bis Boulevard de Strasbourg,48,
2.023E+11,8,9,2023,18:10,1,3,3126,2,4,1,5,D131,46,
2.023E+11,13,11,2023,12:50,1,17,17415,1,9,2,6,Route Nationale 150,45,
2.023E+11,18,12,2023,23:00,5,94,94041,2,1,1,6,Rue Louis Bertrand,48,
2.023E+11,9,9,2023,13:20,1,1,1319,1,2,1,3,D27,46,
2.023E+11,13,11,2023,07:15,1,13,13005,2,9,1,3,NATIONALE 8 DE PARIS A TOULON (ROUTE),43,
2.023E+11,17,12,2023,01:00,5,94,94073,2,9,1,2,Boulevard de Stalingrad,48,
2.023E+11,10,9,2023,18:50,1,58,58244,1,1,7,3,La Croix de Chaligny,47,
2.023E+11,12,11,2023,23:05,5,10,10387,2,6,8,1,ROBERT GALLEY (RUE),48,
2.023E+11,18,12,2023,10:55,1,93,93066,2,1,8,2,Avenue de Stalingrad,48,
2.023E+11,10,9,2023,16:40,1,14,14494,1,2,1,3,Route Départementale 27,49,
2.023E+11,18,12,2023,15:26,1,93,93029,2,1,8,6,Avenue Marceau,48,
2.023E+11,11,11,2023,19:27,5,75,75120,2,1,1,4,PORTE DES LILAS,48,
2.023E+11,17,12,2023,18:45,5,92,92050,2,1,1,3,PICASSO PABLO AVENUE,48,
2.023E+11,10,9,2023,14:30,1,50,50509,1,1,1,3,D913,49,
2.023E+11,12,11,2023,19:07,5,75,75116,2,1,1,7,AVENUE DE VERSAILLES,48,
2.023E+11,18,12,2023,16:35,2,92,92049,2,1,8,7,VERDIER AVENUE N°25 A 79,48,
2.023E+11,10,9,2023,18:50,1,64,64005,1,1,1,1,Route Départementale 229,43,
2.023E+11,13,11,2023,17:50,5,75,75119,2,2,2,6,RUE ANDRE DANJON,48,
2.023E+11,17,12,2023,14:55,1,92,92044,2,1,1,3,ANA.FRANCE(RUE)77A139 ET 74A124,48,
2.023E+11,11,9,2023,17:15,1,64,64464,1,3,1,3,30 Route de Sévignacq,43,
2.023E+11,13,11,2023,07:50,1,75,75117,2,7,2,3,PLACE DU MARECHAL JUIN,48,
2.023E+11,18,12,2023,09:45,1,92,92002,2,2,1,6,DIVISION LECLERC (1 A 29 -2 A 34),48,
2.023E+11,10,9,2023,09:45,1,43,43141,2,2,1,3,Route de la Tour,45,
2.023E+11,9,9,2023,21:00,3,43,43131,1,1,9,6,D4,45,
2.023E+11,13,11,2023,15:25,1,75,75116,2,3,8,3,AVENUE VICTOR HUGO,48,
2.023E+11,14,12,2023,19:30,3,47,47124,1,1,1,1,Lacavaillere Nord,44,
2.023E+11,9,9,2023,23:20,3,16,16085,1,3,1,7,RUE DU LOGIS,45,
2.023E+11,13,11,2023,07:50,1,75,75113,2,3,2,7,BOULEVARD MASSENA,48,
2.023E+11,18,12,2023,18:35,3,47,47015,1,1,5,7,D130,44,
2.023E+11,13,11,2023,17:55,5,75,75113,2,1,2,2,AVENUE D ITALIE,48,
2.023E+11,8,9,2023,10:50,1,7,7010,2,1,1,6,Avenue de l'Europe,45,
2.023E+11,12,11,2023,04:00,5,75,75114,2,3,2,6,AVENUE RENE COTY,48,
2.023E+11,18,12,2023,16:30,2,11,11366,1,1,1,1,CD5,43,
2.023E+11,19,12,2023,10:55,1,59,59653,2,1,2,6,Rue Voltaire,50,
2.023E+11,11,9,2023,17:50,1,21,21582,1,1,7,1,Rue des Sources,46,
2.023E+11,19,12,2023,06:50,3,19,19021,1,1,1,6,D21,45,
2.023E+11,10,9,2023,16:05,1,21,21492,1,3,1,3,D973,47,
2.023E+11,13,11,2023,09:15,1,75,75112,2,2,8,6,QUAI DE LA RAPEE,48,
2.023E+11,10,9,2023,18:20,1,85,85172,1,1,1,2,RD 205,46,
2.023E+11,10,9,2023,19:34,1,85,85254,1,1,1,7,6 la haute passière,46,
2.023E+11,10,9,2023,08:05,1,85,85031,2,1,1,6,2bis Rue des venelles,46,
2.023E+11,18,12,2023,18:25,3,79,79195,1,1,1,4,N/A,46,
2.023E+11,11,9,2023,12:35,1,27,27056,1,3,2,3,D40,49,
2.023E+11,13,12,2023,15:40,1,82,82119,1,1,2,6,D820,44,
2.023E+11,10,9,2023,21:45,3,27,27608,1,1,1,7,D131,49,
2.023E+11,22,8,2023,01:20,3,87,87118,1,1,1,7,Route RD 128,45,
2.023E+11,24,11,2023,16:45,1,33,33140,2,1,1,6,26 Boulevard Victor Hugo,44,
2.023E+11,10,9,2023,12:30,1,37,37277,1,1,1,6,D12,47,
2.023E+11,9,9,2023,17:45,1,30,30341,2,1,1,6,498 Boulevard Jean Moulin,43,
2.023E+11,10,9,2023,11:20,1,48,48192,1,1,1,6,D56,44,
2.023E+11,10,9,2023,16:20,1,8,8457,2,1,7,6,N/A,49,
2.023E+11,10,9,2023,16:20,1,88,88408,1,1,1,1,7 Rue de Saulx,47,
2.023E+11,19,12,2023,05:00,3,11,11024,1,1,1,1,D 6009,43,
2.023E+11,18,8,2023,19:20,5,987,98734,2,3,1,3,PK 39+300 - C/MONT - Quartier CARRIERE,-17,
2.023E+11,9,9,2023,19:45,3,988,98805,1,1,1,6,Col de Tonghoue,-22,
2.023E+11,18,12,2023,08:02,1,63,63430,2,1,1,6,30 Avenue des Etats Unis,45,
2.023E+11,10,9,2023,16:55,1,18,18157,1,1,1,7,N/A,47,
2.023E+11,26,11,2023,21:00,3,63,63423,1,1,1,6,Lieu Dit Maisonneuve,45,
2.023E+11,10,9,2023,22:45,5,973,97309,2,2,1,6,Avenue Cyprien Gildon,4,
2.023E+11,10,9,2023,19:01,3,973,97309,1,1,1,1,Route Departementale 23,4,
2.023E+11,18,12,2023,22:33,3,49,49060,1,1,1,6,D162,47,
2.023E+11,11,9,2023,09:50,1,1,1200,2,2,1,3,intersection RD1084,,
2.023E+11,18,12,2023,22:20,3,12,12215,1,1,1,6,D840,44,
2.023E+11,22,8,2023,18:45,1,34,34032,1,1,1,4,A9 PK 168+800,43,
2.023E+11,9,9,2023,11:35,1,69,69043,2,1,1,6,6 Bd Pierre Philippe Reydellet,45,
2.023E+11,18,12,2023,10:45,1,47,47174,1,1,1,6,D930,44,
2.023E+11,10,9,2023,18:10,1,38,38053,1,1,1,2,A43 Pk 34+600 direction LYON,45,
2.023E+11,19,12,2023,07:10,3,68,68305,1,1,1,6,D463,47,
2.023E+11,19,12,2023,17:35,5,39,39491,2,3,1,6,1 Rue du Jura,46,
2.023E+11,11,9,2023,08:40,1,69,69013,1,1,1,4,Autoroute 6,45,
2.023E+11,18,12,2023,16:40,1,44,44084,2,1,1,7,Rue du Rocher,47,
2.023E+11,9,9,2023,19:00,2,69,69080,1,1,1,7,Route des Haies,45,
2.023E+11,10,9,2023,16:40,1,91,91249,1,1,1,7,A10 - PK 011+200 - PARIS / PROVINCE,48,
2.023E+11,16,12,2023,16:15,1,29,29105,2,6,1,7,Espace commercial du Vern,48,
2.023E+11,11,9,2023,06:45,1,988,98803,1,1,1,7,RT1,-21,
2.023E+11,8,9,2023,07:10,1,971,97125,1,1,1,6,ROUTE POINTE DES CHATEAU,16,
2.023E+11,10,9,2023,20:15,2,45,45210,1,1,1,6,D93 PR 17 + 650,47,
2.023E+11,19,12,2023,17:30,3,2,2042,1,1,3,2,N/A,49,
2.023E+11,8,9,2023,19:40,1,45,45212,2,3,1,6,2 Rue de la Cave,47,
2.023E+11,11,9,2023,17:15,1,77,77144,1,3,1,2,D216 intersection D231,48,
2.023E+11,18,12,2023,15:30,1,3,3062,1,2,1,3,D42,46,
2.023E+11,9,9,2023,09:30,1,48,48004,1,1,1,1,Maison blanche,44,
2.023E+11,18,12,2023,15:50,1,70,70413,1,1,1,2,Route d'Auxelles,47,
2.023E+11,10,9,2023,08:30,1,84,84053,1,3,1,1,Chemin du Temple,44,
2.023E+11,7,9,2023,14:30,1,84,84004,2,1,1,3,Avenue-majoral-jouve,44,
2.023E+11,19,12,2023,00:40,4,14,14057,1,1,1,6,Route de Caen,49,
2.023E+11,10,9,2023,09:35,1,84,84103,1,1,1,7,route de banon,43,
2.023E+11,10,9,2023,14:25,1,6,6154,1,1,1,3,1615 Route Departementale 2211,43,
2.023E+11,9,9,2023,11:20,1,6,6055,1,1,1,3,rm15,43,
2.023E+11,18,12,2023,20:15,3,50,50215,1,1,1,1,Route du Village Quintaine,49,
2.023E+11,10,9,2023,16:20,1,5,5052,1,1,1,2,Route de la Gare,44,
2.023E+11,18,12,2023,18:20,2,50,50400,1,1,1,6,9 Rue de la Salette,49,
2.023E+11,11,9,2023,14:11,1,13,13081,1,1,1,1,D21,43,
2.023E+11,9,9,2023,12:45,1,13,13053,1,1,1,1,DRN7,43,
2.023E+11,18,12,2023,13:50,1,60,60465,1,1,2,1,d1001,49,
2.023E+11,11,9,2023,08:55,1,13,13035,1,1,1,7,Route de Miramas,43,
2.023E+11,18,12,2023,07:00,2,64,64083,1,1,1,6,D936,43,
2.023E+11,10,9,2023,03:30,3,21,21564,1,3,1,3,D996,47,
2.023E+11,11,9,2023,07:50,1,68,68348,2,1,1,6,31 Route d'Aspach,47,
2.023E+11,19,12,2023,13:15,1,21,21061,1,1,1,6,D901,47,
2.023E+11,18,12,2023,18:00,2,24,24586,1,1,1,3,2720 Route de l'Avenir,45,
2.023E+11,9,9,2023,17:30,1,68,68368,1,4,1,3,Route de Gunsbach,48,
2.023E+11,19,12,2023,08:35,1,4,4049,2,3,1,1,17 route de manosque,44,
2.023E+11,8,9,2023,10:25,1,54,54173,1,1,1,2,Route de Drouville,48,
2.023E+11,10,9,2023,17:00,1,57,57665,1,1,1,7,D31c,49,
2.023E+11,18,12,2023,16:00,1,87,87187,1,3,1,3,Route de Périgueux,45,
2.023E+11,11,9,2023,08:00,1,73,73292,1,1,1,7,D129,45,
2.023E+11,5,9,2023,11:00,1,73,73303,2,6,1,3,D1508 Route d' Annecy,45,
2.023E+11,19,12,2023,18:05,3,30,30269,1,1,1,1,D907,44,
2.023E+11,9,9,2023,09:20,1,73,73243,1,1,7,3,D912,45,
2.023E+11,10,9,2023,12:45,1,26,26290,1,1,1,6,D76,44,
2.023E+11,9,12,2023,17:30,3,52,52017,1,1,3,6,D6,47,
2.023E+11,10,9,2023,10:30,1,7,7136,2,1,1,2,3333 route des cevennes,44,
2.023E+11,19,12,2023,08:10,1,77,77306,1,1,1,6,A5 PK 1+500 PEAGE LES EPRUNES,48,
2.023E+11,18,12,2023,09:15,1,17,17074,2,1,5,7,Route de Montendre,45,
2.023E+11,9,9,2023,15:15,1,69,69176,1,4,1,3,Route de Mornant,45,
2.023E+11,9,9,2023,20:15,1,19,19146,2,1,1,6,rue des bruyeres,45,