Num_Acc,jour,mois,an,hrmn,lum,dep,com,agg,int,atm,col,adr,lat,long
2.023E+11,29,6,2023,01:30,5,6,6088,2,2,1,3,BUFFA (RUE DE LA),43,
2.023E+11,28,6,2023,15:45,1,6,6029,2,1,1,7,PICAUD (AVENUE DU DOCTEUR),43,
2.023E+11,23,6,2023,16:45,1,5,5061,1,1,1,6,RN85,44,
2.023E+11,23,6,2023,13:15,1,5,5061,1,1,1,7,RN 85,44,
2.023E+11,21,6,2023,12:45,1,2,2691,2,3,1,3,5 Boulevard Jean Bouin,49,
2.023E+11,27,6,2023,17:00,1,75,75116,2,1,1,5,PORTE MAILLOT,48,
2.023E+11,28,6,2023,17:20,1,75,75106,2,1,1,3,PLACE EDMOND ROSTAND,48,
2.023E+11,28,6,2023,14:00,1,75,75116,2,3,1,3,RUE DE LA POMPE,48,
2.023E+11,28,6,2023,15:50,1,75,75115,2,3,1,6,RUE DE VOUILLE,48,
2.023E+11,28,6,2023,17:45,1,75,75111,2,2,1,3,RUE DE LA FONTAINE AU ROI,48,
2.023E+11,28,6,2023,18:00,1,75,75108,2,3,1,6,RUE DE ROME,48,
2.023E+11,28,6,2023,19:45,1,94,94011,2,1,1,3,Avenue Jean Monnet,48,
2.023E+11,26,6,2023,22:20,5,94,94043,2,1,1,3,Avenue de Fontainebleau,48,
2.023E+11,28,6,2023,12:40,1,94,94034,2,2,1,3,Avenue Edouard Herriot,48,
2.023E+11,27,6,2023,19:30,1,94,94017,2,1,1,3,Avenue Roger Salengro,48,
2.023E+11,28,6,2023,19:15,1,93,93071,2,2,1,6,Chemin de Savigny / Avenue Lumiere,48,
2.023E+11,28,6,2023,16:00,1,93,93066,2,3,1,5,Rue Danielle Casanova / Rue du Progrès,48,
2.023E+11,27,6,2023,18:20,1,93,93061,2,3,1,6,Rue André Joineau / Rue Danton,48,
2.023E+11,16,6,2023,10:49,1,93,93063,2,2,1,1,Avenue Gaston Roussel / Rue du Docteur Parat,48,
2.023E+11,28,6,2023,15:00,1,93,93005,2,1,1,3,Boulevard Marc Chagall,48,
2.023E+11,28,6,2023,11:38,1,92,92046,2,9,1,6,TOUR (RUE DE LA),48,
2.023E+11,27,6,2023,12:32,1,92,92077,2,1,1,6,MARNES (RUE DE),48,
2.023E+11,15,6,2023,08:20,1,92,92051,2,9,1,3,MADRID (AVENUE DE),48,
2.023E+11,14,6,2023,20:30,1,92,92051,2,1,7,7,ROULE (AVENUE DU,,
2.023E+11,28,6,2023,03:40,3,92,92050,2,1,1,6,PASTEUR RUE,48,
2.023E+11,28,6,2023,07:24,1,92,92049,2,2,1,3,PERI RUE GABRIEL AUTRES N°,48,
2.023E+11,27,6,2023,22:35,5,92,92020,2,1,1,2,PARIS AVENUE DE N° IMPAIRS,48,
2.023E+11,28,6,2023,19:30,1,92,92040,2,2,1,3,VICTOR CRESSON (AVENUE) DU 02 AU 40,48,
2.023E+11,28,6,2023,16:50,1,92,92040,2,2,1,2,DIDEROT,48,
2.023E+11,28,6,2023,07:45,1,92,92036,2,8,1,6,LUCIEN LANTERNIER (AVENUE) (1/17),48,
2.023E+11,23,6,2023,19:44,1,92,92036,2,2,1,6,LOUIS CALMEL (RUE) (1),48,
2.023E+11,28,6,2023,16:30,1,92,92035,2,1,1,3,National ( boulevard ),48,
2.023E+11,28,6,2023,09:20,1,92,92026,2,6,1,3,EUROPE ( ROND POINT DE L' ),48,
2.023E+11,28,6,2023,20:25,1,92,92024,2,1,1,6,VICTOR MERIC (RUE),48,
2.023E+11,28,6,2023,11:10,1,92,92024,2,2,1,2,CLICHY (QUAI DE) DE (104 A 202),48,
2.023E+11,27,6,2023,19:16,1,92,92024,2,2,1,6,GENERAL LECLERC (BD DU) (9 A 59)   (4 A,48,
2.023E+11,15,6,2023,19:00,1,92,92004,2,2,1,3,MAURICE LAISNEY,48,
2.023E+11,27,6,2023,11:45,1,92,92004,2,3,1,3,ARGENTEUIL AV D',48,
2.023E+11,29,6,2023,17:10,1,60,60531,1,1,1,6,D36,49,
2.023E+11,28,6,2023,15:17,1,35,35108,1,1,1,6,RD 173 PK 25+400,47,
2.023E+11,28,6,2023,16:15,1,50,50565,1,1,1,1,Mizouard,48,
2.023E+11,29,6,2023,14:35,1,83,83072,1,1,1,7,D562,43,
2.023E+11,29,6,2023,15:00,1,71,71317,1,1,1,1,D985,46,
2.023E+11,5,5,2023,18:05,1,44,44047,1,1,1,2,,47,
2.023E+11,28,6,2023,20:30,2,12,12084,1,1,1,6,Autoroute A 75 PK 222+600,44,
2.023E+11,29,6,2023,17:45,1,30,30315,1,1,1,2,RN 100,43,
2.023E+11,28,6,2023,06:27,1,44,44192,1,3,1,3,,47,
2.023E+11,28,6,2023,14:15,1,59,59039,1,1,1,5,D643,50,
2.023E+11,29,6,2023,10:55,1,77,77068,1,1,1,2,D62,48,
2.023E+11,24,6,2023,15:20,1,2A,2A139,2,1,1,7,rt 10,41,
2.023E+11,29,6,2023,04:20,4,80,80086,2,1,1,6,27 Rue Martin,50,
2.023E+11,28,6,2023,01:15,3,71,71093,1,1,1,6,1366 Route de Pierre,46,
2.023E+11,24,6,2023,16:25,1,71,71401,2,3,1,3,30 Le Bourg,46,
2.023E+11,28,6,2023,22:40,3,47,47173,1,1,1,6,route de Miramont,44,
2.023E+11,29,6,2023,13:40,1,34,34150,1,3,1,3,RD51,43,
2.023E+11,28,6,2023,17:58,1,35,35207,1,1,1,1,D92,48,
2.023E+11,27,6,2023,11:00,1,38,38126,2,1,1,1,Avenue du Grésivaudan,45,
2.023E+11,26,6,2023,08:40,1,38,38431,1,1,1,1,Chemin de Pré Barau,45,
2.023E+11,28,6,2023,23:00,3,1,1229,1,3,1,6,Route d'Etrez,46,
2.023E+11,29,6,2023,11:45,1,60,60588,2,2,1,3,D119,49,
2.023E+11,29,6,2023,11:15,1,10,10126,1,3,1,3,Lieu Maison Neuve,48,
2.023E+11,28,6,2023,17:45,1,40,40217,2,1,1,5,Route de Pontenx,44,
2.023E+11,2,6,2023,16:15,1,40,40217,2,3,1,3,Rue du moulies,44,
2.023E+11,28,6,2023,18:30,1,4,4163,1,1,1,6,RD 950,44,
2.023E+11,26,6,2023,10:35,1,31,31424,2,6,1,6,Boulevard Victor Hugo,43,
2.023E+11,29,6,2023,00:40,3,34,34337,1,1,1,1,RM185,43,
2.023E+11,28,6,2023,08:00,1,44,44028,1,1,1,3,,47,
2.023E+11,28,6,2023,14:25,1,57,57693,1,9,1,5,Autoroute A315,49,
2.023E+11,26,6,2023,19:10,1,51,51147,1,1,1,7,A4,49,
2.023E+11,29,6,2023,13:00,1,78,78009,1,1,1,2,A10 - PK 032+450 - en direction de Paris,48,
2.023E+11,27,6,2023,11:20,1,987,98733,2,1,1,1,RT1 Pk 22+800,-17,
2.023E+11,27,6,2023,19:50,1,45,45142,1,1,1,5,D2060 PR 76 + 238,47,
2.023E+11,28,6,2023,19:08,1,77,77005,1,1,1,7,départemental 105 A,48,
2.023E+11,28,6,2023,15:55,1,91,91661,2,6,1,2,D118,48,
2.023E+11,28,6,2023,18:30,1,34,34054,1,1,1,2,D12e3,43,
2.023E+11,29,6,2023,16:20,1,83,83138,1,1,1,1,D562,43,
2.023E+11,29,6,2023,09:15,1,21,21292,2,6,1,3,D905,47,
2.023E+11,29,6,2023,16:33,1,68,68063,2,3,1,6,Rue de Schweighouse,47,
2.023E+11,29,6,2023,12:50,1,63,63284,1,3,1,3,D2 route de malintrat /VC,45,
2.023E+11,27,5,2023,00:50,3,81,81093,1,1,1,4, A68,43,
2.023E+11,29,6,2023,10:00,1,46,46272,1,4,1,3,D2,44,
2.023E+11,18,6,2023,08:20,1,33,33284,2,1,1,2,79 Avenue de la Libération,44,
2.023E+11,27,6,2023,12:00,1,50,50139,1,1,1,7,D551,49,
2.023E+11,27,6,2023,18:25,1,22,22076,1,1,1,1,D43 - Le Rocher,48,
2.023E+11,11,10,2023,14:30,1,23,23096,2,2,1,3,GUILLAUMIN (BOULEVARD),46,
2.023E+11,11,10,2023,19:25,1,17,17291,2,1,1,4,MARE  RUE DU FIEF DE LA,46,
2.023E+11,11,10,2023,19:10,1,17,17300,2,6,1,3,CARNOT   AVENUE,46,
2.023E+11,11,10,2023,23:20,5,13,13211,2,1,1,7,POMME (BOULEVARD DE LA ),43,
2.023E+11,8,10,2023,23:25,3,13,13214,2,1,1,1,Louis VILLECROZE (Bld),43,
2.023E+11,11,10,2023,20:00,2,11,11262,1,1,1,5,N/A,43,
2.023E+11,11,10,2023,08:38,1,75,75115,2,1,1,6,PORTE DE SEVRES,48,
2.023E+11,10,10,2023,18:20,1,75,75116,2,1,1,3,PORTE MAILLOT,48,
2.023E+11,10,10,2023,23:35,5,75,75102,2,2,1,3,BOULEVARD DE SEBASTOPOL,48,
2.023E+11,10,10,2023,11:30,1,75,75112,2,1,1,3,BOULEVARD DE LA GUYANE,48,
2.023E+11,11,10,2023,17:40,1,75,75118,2,3,1,3,BOULEVARD BARBES,48,
2.023E+11,11,10,2023,10:52,1,75,75119,2,2,1,3,RUE D AUBERVILLIERS,48,
2.023E+11,11,10,2023,16:05,1,75,75117,2,2,1,1,BOULEVARD BERTHIER,48,
2.023E+11,11,10,2023,20:05,3,75,75116,2,1,1,6,AVENUE DE LA PORTE D AUTEUIL,48,
2.023E+11,11,10,2023,16:30,1,75,75115,2,3,1,3,RUE DE VOUILLE,48,
2.023E+11,11,10,2023,14:30,1,75,75115,2,2,1,6,RUE LECOURBE,48,
2.023E+11,11,10,2023,08:10,1,75,75115,2,2,1,6,RUE DE LA CONVENTION,48,
2.023E+11,11,10,2023,18:00,1,75,75112,2,3,1,2,ROUTE ROYALE DE BEAUTE,48,
2.023E+11,11,10,2023,07:23,2,75,75112,2,2,1,6,AVENUE DE NOGENT,48,
2.023E+11,10,10,2023,13:20,1,75,75112,2,1,1,6,RUE DE CHARENTON,48,
2.023E+11,11,10,2023,20:00,5,75,75110,2,2,1,6,RUE DU FAUBOURG SAINT DENIS,48,
2.023E+11,11,10,2023,16:35,1,75,75109,2,3,1,3,RUE DES MARTYRS,48,
2.023E+11,11,10,2023,09:35,1,75,75109,2,3,1,2,RUE DE LONDRES,48,
2.023E+11,11,10,2023,17:40,1,75,75108,2,4,1,6,BOULEVARD HAUSSMANN,48,
2.023E+11,11,10,2023,17:27,1,75,75107,2,2,1,6,RUE SAINT DOMINIQUE,48,
2.023E+11,10,10,2023,12:30,1,75,75114,2,1,1,6,RUE BRUNE,48,
2.023E+11,10,10,2023,12:40,1,75,75107,2,2,1,7,BOULEVARD DES INVALIDES,48,
2.023E+11,11,10,2023,13:45,1,75,75104,2,3,1,7,RUE DE RIVOLI,48,
2.023E+11,10,10,2023,18:52,2,75,75102,2,3,1,2,BOULEVARD DE BONNE NOUVELLE,48,
2.023E+11,10,10,2023,14:00,1,75,75103,2,3,1,3,RUE DE TURBIGO,48,
2.023E+11,10,10,2023,08:23,1,94,94081,2,1,1,6,94 Rue de Choisy,48,
2.023E+11,10,10,2023,08:00,2,94,94043,2,3,1,3,Avenue Charles Gide,48,
2.023E+11,11,10,2023,16:10,1,94,94065,1,1,1,2,Avenue de Fontainebleau,48,
2.023E+11,11,10,2023,03:15,5,94,94065,2,1,1,6,Avenue des Trois Marchés Min,48,
2.023E+11,11,10,2023,11:10,1,94,94055,2,1,1,6,Avenue de Pince Vent,48,
2.023E+11,11,10,2023,19:28,2,94,94071,2,1,1,3,Avenue de Bonneuil,48,
2.023E+11,10,10,2023,19:20,5,93,93032,2,2,1,3,Avenue Vaillant Couturier / Rue de la Mare,48,
2.023E+11,11,10,2023,18:45,1,93,93027,2,6,1,3,Avenue Jean Mermoz / Rue Georges Politzer,48,
2.023E+11,11,10,2023,17:54,1,92,92076,2,1,1,6,REPUBLIQUE,48,
2.023E+11,11,10,2023,10:35,1,92,92064,2,1,1,6,ALFRED BELMONTET,48,
2.023E+11,11,10,2023,15:35,1,92,92040,2,1,1,6,RESISTANCE (PLACE DE LA),48,
2.023E+11,11,10,2023,09:05,1,92,92040,2,3,1,3,VERDUN (AVENUE DE) DU 115 AU 149,48,
2.023E+11,17,10,2023,18:15,1,92,92036,2,3,1,3,CAMELINAT (BOULEVARD) (2 AU 66),48,
2.023E+11,10,10,2023,09:15,1,92,92024,2,1,1,3,GENERAL LECLERC (BD DU) (9 A 59)   (4 A,48,
2.023E+11,11,10,2023,07:40,1,92,92019,1,1,1,3,LECLERC DIVISION (AVENUE),48,
2.023E+11,12,10,2023,16:10,1,63,63425,1,4,1,3,croisement D96 et D74,45,
2.023E+11,12,10,2023,11:50,1,47,47324,2,1,1,6,place du 19 mars 1962,44,
2.023E+11,11,10,2023,19:30,2,8,8320,1,1,1,6,RD985,49,
2.023E+11,11,10,2023,15:10,1,17,17262,1,2,1,3,intersection D728/D125,45,
2.023E+11,7,10,2023,18:52,1,22,22048,1,1,1,5,la Pénezais,48,
2.023E+11,8,10,2023,17:43,1,41,41167,2,1,1,3,Avenue du Géneral de Gaulle,47,
2.023E+11,11,10,2023,08:12,1,83,83086,1,1,1,4,DN7 PK78,43,
2.023E+11,9,10,2023,15:15,1,86,86165,1,6,1,3,3 Route de Bourg-archambault,46,
2.023E+11,11,10,2023,17:30,2,971,97109,1,4,1,3,Boulevard Amedee Valeau,15,
2.023E+11,12,10,2023,18:15,1,72,72155,1,1,1,1,D139 BIS,47,
2.023E+11,11,10,2023,17:15,1,85,85215,1,2,1,3,RD37,46,
2.023E+11,11,10,2023,17:30,1,50,50546,1,1,7,1,R du Stade a Bossard,49,
2.023E+11,11,10,2023,14:30,1,41,41265,2,2,1,7,4 Rue du Bourg Neuf,47,
2.023E+11,12,10,2023,06:50,2,34,34270,1,1,1,1,M132e2,43,
2.023E+11,11,10,2023,20:45,3,51,51009,2,1,1,6,Route de Soyer,48,
2.023E+11,12,10,2023,09:46,1,2B,2B354,1,8,1,6,T20,42,
2.023E+11,12,10,2023,09:25,1,81,81182,1,1,1,6,RD63,43,
2.023E+11,12,10,2023,07:20,3,49,49170,1,1,1,2,D770,47,
2.023E+11,12,10,2023,17:02,1,35,35095,2,6,1,3,28 Rue de Rennes,48,
2.023E+11,12,10,2023,08:00,2,35,35319,2,2,1,3,Avenue de la Vallée,48,
2.023E+11,11,10,2023,18:15,1,29,29235,2,2,1,3,rue d'Oradour Sur Glane,48,
2.023E+11,2,10,2023,09:00,1,31,31255,2,1,1,1,D26,43,
2.023E+11,12,10,2023,10:00,1,15,15130,1,1,1,2,D990,45,
2.023E+11,8,10,2023,16:15,1,58,58079,2,1,1,6,Rue du Faubourg de Bethléem,47,
2.023E+11,9,10,2023,17:15,1,66,66107,2,1,1,6,N/A,42,
2.023E+11,11,10,2023,18:20,1,54,54275,1,1,1,7,Rue de la Gare,48,
2.023E+11,10,10,2023,21:30,5,14,14119,2,2,1,1,1 Rue du Lucet,49,
2.023E+11,11,10,2023,15:45,1,14,14229,2,6,1,7,2 Faubourg des Couperees,49,
2.023E+11,11,10,2023,21:00,3,60,60471,1,1,1,1,Rd 1032,49,
2.023E+11,11,10,2023,17:00,1,53,53140,1,1,1,2,PK 48+250 rn162,48,
2.023E+11,11,10,2023,08:03,2,85,85127,1,1,5,3,RD21,46,
2.023E+11,11,10,2023,18:40,1,37,37104,1,1,1,1,route de saint branchs,47,
2.023E+11,11,10,2023,06:20,5,8,8490,2,2,1,3,Rue de la Forteresse,49,
2.023E+11,12,10,2023,12:45,1,24,24225,1,1,1,1,Avenue de Bergerac,44,
2.023E+11,11,10,2023,07:15,1,987,98738,1,1,1,6,PK 14.8 RT 1,-17,
2.023E+11,12,10,2023,06:50,1,973,97309,2,6,1,3,Giratoire Adelaide Tablon,4,
2.023E+11,12,10,2023,12:50,1,62,62355,1,1,8,6,A1,50,
2.023E+11,11,10,2023,19:15,5,34,34134,2,3,1,1,M5,43,
2.023E+11,11,10,2023,22:45,3,91,91666,1,1,1,1,Rue d'orsay,48,
2.023E+11,12,10,2023,20:00,3,30,30330,1,1,1,7,N/A,44,
2.023E+11,11,10,2023,10:15,1,13,13015,2,3,1,3,Avenue des noyers,43,
2.023E+11,11,10,2023,17:00,1,68,68111,2,1,1,3,Rue des Forgerons,48,
2.023E+11,5,10,2023,16:45,1,38,38236,1,1,1,6,1025 Chemin de Beljoyer,45,
2.023E+11,11,10,2023,00:15,3,69,69032,1,1,1,1,Route de Lyon,45,
2.023E+11,11,10,2023,10:00,1,17,17219,2,3,1,1,Rue du Moulin des Coquards,45,
2.023E+11,12,10,2023,07:50,2,14,14630,1,6,8,3,Route de Caen,49,
2.023E+11,10,10,2023,08:56,2,56,56242,1,1,7,5,Bistoquet,48,
2.023E+11,12,10,2023,10:34,1,22,22093,2,2,1,3,24 Rue du Moulin à Vent,48,
2.023E+11,11,10,2023,17:29,1,35,35031,1,1,1,1,Les Forges,48,
2.023E+11,12,10,2023,07:55,2,59,59126,2,1,2,6,Rue de Cambrai,50,
2.023E+11,11,10,2023,23:35,3,59,59416,1,1,1,7,30 Rue du Bas Schoubrouck,50,
2.023E+11,11,10,2023,16:30,1,59,59034,1,6,1,3,D549,50,
2.023E+11,11,10,2023,19:55,1,33,33249,1,1,1,3,ROCADE A 630,44,
2.023E+11,11,10,2023,17:05,1,33,33039,1,1,1,3,ROCADE A 630,44,
2.023E+11,8,10,2023,18:20,1,59,59359,1,1,1,7,AUTOROUTE A16,50,
2.023E+11,11,10,2023,19:15,3,91,91434,1,1,1,2,AUTOROUTE A6,48,
2.023E+11,11,10,2023,18:35,2,91,91692,1,1,1,4,RN 118,48,
2.023E+11,11,10,2023,18:30,2,92,92002,1,1,1,3,N385,48,
2.023E+11,11,10,2023,17:00,1,91,91136,1,1,1,3,AUTOROUTE A10,48,
2.023E+11,11,10,2023,08:14,1,91,91589,1,1,1,3,AUTOROUTE A6,48,
2.023E+11,11,10,2023,10:00,1,93,93007,1,1,1,5,AUTOROUTE A1,48,
2.023E+11,11,10,2023,17:30,1,94,94028,1,1,1,2,A86,48,
2.023E+11,11,10,2023,09:30,1,94,94022,1,1,1,2,A86,48,
2.023E+11,11,10,2023,09:20,1,93,93051,1,1,1,3,A4,48,
2.023E+11,11,10,2023,08:10,1,94,94073,1,1,1,3,A86,48,
2.023E+11,9,6,2023,19:15,1,32,32013,2,3,1,3,PIERRE DE MONTESQUIOU (AVENUE),43,
2.023E+11,30,7,2023,18:05,1,62,62609,1,1,8,5,A26,50,
2.023E+11,18,6,2023,15:15,1,13,13048,1,1,1,1,D561,43,
2.023E+11,10,10,2023,13:15,1,974,97411,2,1,1,3,BRASSENS (AVENUE GEORGES),-20,
2.023E+11,10,10,2023,12:30,1,974,97411,2,1,1,3,KARTING (DU),-20,
2.023E+11,8,10,2023,19:30,5,974,97411,2,6,1,2,MACE (ROUTE GABRIEL),-20,
2.023E+11,8,10,2023,06:50,1,974,97411,2,1,1,1,MONTAGNE (ROUTE DE LA),-20,
2.023E+11,9,10,2023,17:10,1,973,97302,2,1,1,5,MONTABO (ROUTE DE) 2,4,
2.023E+11,10,10,2023,02:50,1,973,97309,2,1,1,6,TROUBIRAN (CHEMIN DE),4,
2.023E+11,9,10,2023,13:25,1,973,97302,2,3,1,2,BOULEVARD DES CITES,4,
2.023E+11,6,10,2023,19:05,3,973,97302,2,1,1,7,TIGRE (ROUTE DU),4,
2.023E+11,6,10,2023,20:00,4,973,97302,2,2,1,3,MONTABO (ROUTE DE) 3,4,
2.023E+11,9,10,2023,07:50,1,973,97302,2,3,1,3,MONTABO (ROUTE DE) 1,4,
2.023E+11,7,10,2023,04:25,5,973,97302,2,1,1,7,ROUTE NATIONALE 1,4,
2.023E+11,9,10,2023,14:15,1,69,69386,2,1,1,3,Quai Charles de Gaulle,45,
2.023E+11,19,9,2023,17:45,1,972,97213,2,1,1,6,ACAJOU PROLONGEE,14,
2.023E+11,9,10,2023,13:00,1,69,69384,2,2,1,3,Rue de Cuire,45,
2.023E+11,9,10,2023,02:00,5,971,97101,2,9,3,6,EDOUARD BOTINO (AVENUE),16,
2.023E+11,9,10,2023,08:20,1,95,95019,2,1,1,6,COUTURIER PAUL VAILLANT (AVENUE),48,
2.023E+11,9,10,2023,15:40,1,95,95428,2,4,1,1,GALLERANDS (RUE DES),48,
2.023E+11,10,10,2023,17:30,1,91,91215,2,6,1,6,AV DU HUIT MAI 1945,48,
2.023E+11,10,10,2023,08:20,1,91,91114,2,9,1,3,AV DE LA FORET,48,
2.023E+11,10,10,2023,12:15,1,91,91201,2,2,1,3,BD HENRI BARBUSSE,48,
2.023E+11,7,10,2023,09:15,1,88,88209,2,2,1,3,MOSELLE (RUE DE LA),48,
2.023E+11,5,10,2023,18:16,1,87,87085,1,1,1,7,ANTONY (RUE  ET CHEMIN D'),45,
2.023E+11,5,10,2023,10:56,1,87,87085,2,3,1,3,FEYTIAT (RUE DE),45,
2.023E+11,6,10,2023,08:11,1,87,87085,2,1,1,3,BUISSON (RUE FERDINAND),45,
2.023E+11,5,10,2023,17:30,1,87,87085,1,1,1,6,SOLIGNAC (RUE DE),45,
2.023E+11,6,10,2023,09:20,1,85,85194,2,1,7,2,STERNES (RUE DES),46,
2.023E+11,6,10,2023,11:55,1,85,85194,2,9,1,3,42 Avenue charles de gaulle,46,
2.023E+11,9,10,2023,15:10,1,83,83129,2,3,1,3,RAYNAUD (AVENUE JOSEPH),43,
2.023E+11,7,10,2023,09:10,1,83,83129,2,3,7,6,CANTARELLE (BOUCLE DE LA),43,
2.023E+11,7,10,2023,10:55,1,83,83009,2,1,1,3,BEAUSSET (ROUTE DU),43,
2.023E+11,9,10,2023,00:00,3,81,81065,2,1,1,6,BRUNIQUEL (RD 4 - AV MARTHE),43,
2.023E+11,5,10,2023,21:00,5,80,80160,2,1,1,6,LATAPIE (RUE),49,
2.023E+11,5,10,2023,19:40,2,80,80489,2,1,1,1,CAMON (RUE DE ),49,
2.023E+11,4,10,2023,00:50,5,80,80021,2,1,1,6,GENERAL LECLERC (RUE DU ),49,
2.023E+11,9,10,2023,20:20,4,77,77379,1,9,1,6,Route Départementale 619,48,
2.023E+11,10,10,2023,07:19,3,77,77335,1,3,1,3,RN3 (ROUTE NATIONALE),48,
2.023E+11,9,10,2023,09:05,1,77,77438,2,2,1,3,GENERAL LECLERC  (AVENUE DU),48,
2.023E+11,9,10,2023,18:00,1,76,76447,2,6,1,6,avenue nordhon,49,
2.023E+11,9,10,2023,08:00,1,76,76351,2,3,1,3,HOTEL DE VILLE (PLACE DE),49,
2.023E+11,8,10,2023,03:20,3,76,76341,1,1,1,1,RD 6382,49,
2.023E+11,10,10,2023,20:40,3,73,73029,1,4,1,3,D5 / N201,45,
2.023E+11,8,10,2023,18:30,1,72,72181,2,1,1,7,LEFAUCHEUX PIERRE (BD),47,
2.023E+11,7,10,2023,04:15,3,72,72181,2,1,1,6,DEMORIEUX PT DE FER AU PT DE CHEM DE FER,48,
2.023E+11,8,10,2023,15:15,1,72,72181,2,9,1,2,CHATEAUBRIAND (COURS),48,
2.023E+11,8,10,2023,14:10,1,72,72181,2,1,1,3,RHIN ET DANUBE (AV) N° PAIRS 194 A 338,48,
2.023E+11,9,10,2023,09:55,1,71,71153,2,1,1,6,MARECHAL LECLERC (RUE),46,
2.023E+11,10,10,2023,16:45,1,69,69259,2,1,1,3,Avenue Marcel Houel,45,
2.023E+11,10,10,2023,08:10,1,69,69290,2,1,1,4,32 Route de Lyon,45,
2.023E+11,9,10,2023,20:10,5,69,69271,2,1,1,7,Boulevard de l'Europe,45,
2.023E+11,9,10,2023,12:45,1,69,69259,2,1,1,4,51 Avenue Jules Guesde,45,
2.023E+11,9,10,2023,06:00,5,69,69276,2,6,1,1,Route Départementale 312                                     ,45,
2.023E+11,9,10,2023,22:30,5,68,68066,2,2,1,3,ALSACE (RUE D'),48,
2.023E+11,9,10,2023,12:25,1,67,67218,2,1,1,1,MOULIN (RUE DU),48,
2.023E+11,9,10,2023,12:00,1,66,66136,2,3,1,6,N/A,42,
2.023E+11,5,10,2023,16:45,1,66,66136,2,1,1,4,N/A,42,
2.023E+11,5,10,2023,17:50,1,66,66136,2,3,1,6,N/A,42,
2.023E+11,9,10,2023,15:25,1,64,64545,2,6,1,3,CAPITAINE PELLOT (RUE DU),43,
2.023E+11,9,10,2023,17:25,1,64,64445,2,1,1,6,CARNOT,43,
2.023E+11,9,10,2023,13:10,1,64,64445,2,3,1,3,LEON BLUM,43,
2.023E+11,10,10,2023,01:25,3,63,63300,1,6,1,6,RD2009,,
2.023E+11,9,10,2023,19:25,5,59,59205,2,3,1,3,AV JULES GUESDE,50,
2.023E+11,9,10,2023,10:20,1,59,59512,2,1,1,6,DE GAULLE  (BOULEVARD DU GENERAL),50,
2.023E+11,9,10,2023,11:55,1,59,59276,2,1,1,3,CROIZAT (BOULEVARD AMBROISE),50,
2.023E+11,7,10,2023,19:55,5,59,59276,2,1,1,6,EGALITE (RUE DE L'),50,
2.023E+11,6,10,2023,17:10,1,57,57631,2,1,1,7,PARC (RUE DU) C3-C4,49,
2.023E+11,9,10,2023,11:40,1,56,56260,2,6,1,3,Boulevard du Colonel Remy,47,
2.023E+11,9,10,2023,09:35,1,56,56121,2,1,7,6,192 Rue de Belgique,47,
2.023E+11,9,10,2023,18:50,1,53,53130,2,3,1,7,EINSTEIN ( RUE ALBERT ),48,
2.023E+11,9,10,2023,18:34,1,45,45234,2,1,1,3,1 Boulevard de Québec ,47,
2.023E+11,9,10,2023,11:35,1,45,45284,2,1,1,6,100 Rue de Charbonnière,47,
2.023E+11,8,10,2023,19:05,1,44,44184,2,6,7,6,75 Boulevard du Docteur René Laënnec,47,
2.023E+11,9,10,2023,18:10,1,43,43046,2,1,1,6,Avenue de Roderie,45,
2.023E+11,9,10,2023,17:35,1,38,38523,2,2,1,3,RAVAT (RUE J.),45,
2.023E+11,9,10,2023,10:00,1,38,38151,2,1,1,3,GRUGLIASCO (AVENUE DE ),45,
2.023E+11,5,10,2023,17:00,1,38,38053,1,1,1,2,CHAMBERY (RTE DE ),45,
2.023E+11,6,8,2023,01:50,3,94,94017,1,9,2,6,A4,48,
2.023E+11,6,8,2023,00:20,3,94,94069,1,1,1,2,A4,48,
2.023E+11,4,8,2023,17:20,1,94,94046,1,1,1,2,A86,48,
2.023E+11,3,8,2023,16:40,1,94,94033,1,1,3,4,A86,48,
2.023E+11,2,8,2023,08:30,1,94,94015,1,1,3,2,A4,48,
2.023E+11,1,8,2023,23:56,5,94,94073,1,1,2,2,A86,48,
2.023E+11,14,3,2023,19:55,3,974,97409,1,1,1,6,BRAS DES CHEVRETTES (chemin),-20,
2.023E+11,10,3,2023,13:15,1,974,97409,2,1,3,6,RN2 SENS STE SUZANNE ST BENOIT,-20,
2.023E+11,24,1,2023,13:30,1,974,97409,1,1,2,6,RN2 DIRECTION ST BENT SORTIE PETIT BAZAR,-20,
2.023E+11,2,8,2023,09:50,1,58,58194,2,3,8,6,HENRI BOUQUILLARD,46,
2.023E+11,1,6,2023,18:00,2,973,97302,2,1,1,7,BADUEL (ROUTE DE),4,
2.023E+11,2,4,2023,23:45,3,5,5061,1,1,1,7,RD 14,44,
2.023E+11,2,8,2023,22:30,5,974,97411,2,1,1,6,JAURES (BOULEVARD JEAN),-20,
2.023E+11,1,8,2023,18:20,5,974,97411,2,1,1,1,BANCOUL (CHEMIN),-20,
2.023E+11,2,8,2023,13:25,1,972,97213,2,1,1,2,VIEUX CHEMIN CALIFORNIE (RUE DU),14,
2.023E+11,1,8,2023,22:30,5,972,97213,1,6,1,2,ROUTE NATIONALE 1,14,
2.023E+11,1,8,2023,13:00,1,971,97107,2,1,1,1,MARQUIS DE BOUILLET ( RUE DU),16,