Num_Acc,jour,mois,an,hrmn,lum,dep,com,agg,int,atm,col,adr,lat,long
2.023E+11,25,5,2023,22:10,5,75,75119,2,3,1,3,RUE DE L INSPECTEUR ALLES,48,
2.023E+11,6,3,2023,10:45,1,972,97214,2,1,1,6,Crochemort N1,14,
2.023E+11,16,4,2023,10:35,1,35,35238,2,1,1,3,SUEDE (DE),48,
2.023E+11,21,1,2023,19:00,3,33,33030,1,1,1,1,D1113,44,
2.023E+11,25,5,2023,17:20,1,75,75120,2,7,1,2,PLACE DU MAQUIS DU VERCORS,48,
2.023E+11,19,1,2023,13:30,1,17,17310,1,1,3,7,Route de Pons,45,
2.023E+11,15,4,2023,10:55,1,35,35115,2,1,1,6,ROUSSEAU (RUE JEAN-JACQUES),48,
2.023E+11,25,5,2023,19:20,1,75,75118,2,1,1,3,BOULEVARD DE CLICHY,48,
2.023E+11,5,3,2023,18:45,3,972,97217,1,1,1,4,Pointe Borgnèse (Informations),14,
2.023E+11,23,1,2023,16:50,1,46,46137,1,1,1,7,D653 PK 114+500,44,
2.023E+11,4,3,2023,21:10,5,35,35125,2,1,1,3,Rue de la Garenne,47,
2.023E+11,25,5,2023,08:00,1,75,75117,2,3,1,3,BOULEVARD MALESHERBES,48,
2.023E+11,25,5,2023,15:00,1,75,75116,2,1,1,3,RUE DE LA POMPE,48,
2.023E+11,7,3,2023,23:00,5,974,97414,2,1,1,7,Rue Gonneau,-21,
2.023E+11,7,3,2023,08:30,1,22,22239,1,9,1,6,D64,48,
2.023E+11,18,1,2023,07:50,2,86,86261,1,3,1,1,Route de Saint Julien l'Ars,46,
2.023E+11,25,5,2023,10:05,1,75,75115,2,3,1,3,BOULEVARD DE VAUGIRARD,48,
2.023E+11,16,4,2023,11:00,1,22,22215,1,1,1,5,PONT NOIR (RUE DU),48,
2.023E+11,7,3,2023,18:30,5,62,62181,2,1,2,6,D8,50,
2.023E+11,21,1,2023,19:45,5,67,67302,1,6,1,3,D421,48,
2.023E+11,25,5,2023,22:10,5,75,75113,2,2,1,3,BOULEVARD ARAGO,48,
2.023E+11,23,1,2023,11:30,1,38,38342,2,1,1,6,Chemin de Martine,44,
2.023E+11,3,4,2023,16:40,1,19,19272,2,9,1,6,Dr Ramon (Rue),45,
2.023E+11,7,3,2023,20:25,3,51,51282,1,1,1,1,D27,49,
2.023E+11,25,5,2023,19:25,1,75,75112,2,1,1,6,BOULEVARD DE BERCY,48,
2.023E+11,19,1,2023,15:20,1,62,62869,1,1,1,1,D60,50,
2.023E+11,22,1,2023,16:45,1,56,56229,1,1,1,7,1 rue Noblet,47,
2.023E+11,17,4,2023,00:55,5,13,13208,2,1,1,5,PRADO (AVENUE DU),43,
2.023E+11,6,3,2023,09:20,1,51,51380,2,2,1,3,Avenue de l’Empereur,48,
2.023E+11,25,5,2023,18:30,1,75,75112,2,4,1,3,QUAI DE BERCY,48,
2.023E+11,24,1,2023,20:40,5,74,74225,2,1,1,2,7 avenue des alpes,45,
2.023E+11,16,4,2023,17:30,1,13,13208,2,9,1,4,POMPIDOU (PROMENADE),43,
2.023E+11,25,5,2023,10:37,1,75,75112,2,1,1,3,BOULEVARD SOULT,48,
2.023E+11,4,3,2023,10:00,1,56,56020,1,1,1,6,N/A,47,
2.023E+11,24,1,2023,07:15,5,77,77341,1,2,8,3,D411 / D49,48,
2.023E+11,7,3,2023,06:00,3,79,79008,1,1,1,7,,46,
2.023E+11,25,5,2023,11:36,1,75,75108,2,7,1,3,PLACE DE LA CONCORDE,48,
2.023E+11,15,4,2023,22:25,5,13,13203,2,7,1,3,DOCTEUR LÉON PERRIN (RUE),43,
2.023E+11,23,1,2023,14:35,1,65,65007,1,1,1,4,D935,43,
2.023E+11,25,5,2023,09:15,1,75,75117,2,1,1,3,AVENUE DES TERNES,48,
2.023E+11,17,1,2023,18:40,5,61,61168,2,1,4,6,D908,48,
2.023E+11,6,3,2023,23:00,3,79,79298,1,1,1,5,,46,
2.023E+11,25,5,2023,08:45,1,75,75103,2,7,1,6,PLACE DE LA REPUBLIQUE,48,
2.023E+11,14,4,2023,23:20,5,13,13063,2,1,8,1,MOULIN CHEMIN DU,43,
2.023E+11,6,3,2023,20:20,5,2B,2B050,2,1,1,7,Route de santore,42,
2.023E+11,23,1,2023,17:30,2,47,47069,1,4,1,1,Sous Carcas,44,
2.023E+11,24,5,2023,20:34,2,75,75104,2,3,1,6,RUE SAINT ANTOINE,48,
2.023E+11,16,4,2023,19:55,1,8,8105,2,1,1,6,18 Quai Jean Charcot,49,
2.023E+11,24,1,2023,13:15,1,39,39500,2,1,1,6,1 Rue de la République,46,
2.023E+11,22,1,2023,11:05,1,38,38324,1,1,4,7,Route de Champier,45,
2.023E+11,7,3,2023,14:11,1,82,82087,1,2,2,3,Route de Vazerac,44,
2.023E+11,25,5,2023,15:15,1,94,94046,2,2,1,3,71 Avenue Georges Clémenceau,48,
2.023E+11,16,4,2023,14:30,1,3,3185,2,1,1,6,Avenue de la Republique,46,
2.023E+11,23,1,2023,17:20,2,70,70120,1,1,8,6,pk 32 D4,47,
2.023E+11,25,5,2023,19:00,1,94,94065,2,1,1,6,7 Rue Baltard,48,
2.023E+11,15,4,2023,18:15,1,75,75120,2,1,1,2,PORTE DE BAGNOLET,48,
2.023E+11,16,1,2023,05:50,3,66,66150,1,1,1,7,,42,
2.023E+11,6,3,2023,14:20,1,33,33314,1,1,1,5,route d'artigues,45,
2.023E+11,25,5,2023,14:05,1,94,94073,2,3,1,3,Avenue de Fontainebleau / Rue des Alouettes,48,
2.023E+11,17,1,2023,11:50,1,6,6059,1,1,1,1,tunnel du cap estel,43,
2.023E+11,15,4,2023,17:00,1,75,75118,2,1,1,5,PORTE DE CLIGNANCOURT,48,
2.023E+11,25,5,2023,11:50,1,94,94065,2,6,1,2,Avenue Charles Lindbergh / Rue des Halliers,48,
2.023E+11,7,3,2023,13:15,1,89,89466,1,3,1,2,Route départementale 81,48,
2.023E+11,19,1,2023,15:30,1,50,50273,1,3,3,6,Route de Carentan,49,
2.023E+11,14,4,2023,13:40,1,75,75112,2,1,2,3,PORTE DOREE,48,
2.023E+11,23,1,2023,17:30,2,7,7214,1,1,8,3,Départementale 21,44,
2.023E+11,25,5,2023,04:05,5,94,94077,2,1,1,6,59 Avenue Paul Painlevé,48,
2.023E+11,7,3,2023,16:50,1,61,61168,1,1,1,1,D20 PR11+480,48,
2.023E+11,17,1,2023,07:40,5,27,27467,2,6,1,6,Rue du Président Georges Pompidou,49,
2.023E+11,25,5,2023,08:00,1,93,93059,2,1,1,6,Avenue Elisée Reclus,48,
2.023E+11,13,4,2023,23:45,5,75,75120,2,3,1,6,RUE DE BAGNOLET,48,
2.023E+11,2,3,2023,07:50,2,61,61298,1,1,1,3,D958,48,
2.023E+11,23,1,2023,20:50,3,31,31395,1,1,1,2,A64,43,
2.023E+11,25,5,2023,12:50,1,93,93064,2,1,1,3,Rue de la Côte des Chênes,48,
2.023E+11,24,1,2023,06:10,3,6,6149,1,1,1,6,A8 PK204.050 en chaussée SUD,43,
2.023E+11,16,4,2023,18:30,1,75,75120,2,2,1,1,RUE SAINT FARGEAU,48,
2.023E+11,25,5,2023,01:25,5,93,93055,2,1,1,3,Avenue Jean Jaurès,48,
2.023E+11,7,3,2023,07:50,1,12,12068,2,4,1,3,baraque de combrouze,44,
2.023E+11,18,1,2023,08:39,1,38,38064,1,1,2,5,A43,45,
2.023E+11,16,4,2023,13:02,1,75,75119,2,1,1,7,BOULEVARD DE LA VILLETTE,48,
2.023E+11,6,3,2023,18:20,1,34,34326,1,1,1,6,D907,43,
2.023E+11,25,5,2023,16:55,1,93,93050,2,2,1,6,Place de la Résistance,48,
2.023E+11,23,1,2023,13:30,1,29,29233,2,1,1,6,Rue Pasteur,47,
2.023E+11,16,4,2023,02:15,5,75,75117,2,3,1,6,AVENUE DE SAINT OUEN,48,
2.023E+11,5,3,2023,16:50,1,39,39404,1,1,1,6,,46,
2.023E+11,23,1,2023,21:45,3,2B,2B355,1,1,1,6,RT20,42,
2.023E+11,25,5,2023,08:15,1,93,93050,2,3,1,6,Boulevard du Marechal Foch / Avenue Michel Debré,48,
2.023E+11,23,1,2023,17:45,5,5,5052,2,1,3,6,Route de la Gare,44,
2.023E+11,7,3,2023,07:00,1,25,25304,2,1,1,7,38 Rue du Commandant Rolland,47,
2.023E+11,16,4,2023,15:15,1,75,75113,2,3,1,6,RUE DE L ESPERANCE,48,
2.023E+11,25,5,2023,09:25,1,93,93031,2,3,1,3,Avenue du 18 Juin 1940 / Rue du Port,48,
2.023E+11,24,1,2023,12:45,1,71,71275,1,1,1,1,D982,46,
2.023E+11,16,4,2023,13:20,1,75,75111,2,3,1,2,AVENUE PARMENTIER,48,
2.023E+11,18,1,2023,18:25,5,67,67300,2,1,2,6,Route Industrielle de la Hardt,48,
2.023E+11,7,3,2023,22:00,3,3,3080,1,1,1,7,Route de Serbannes,46,
2.023E+11,24,5,2023,16:30,1,93,93008,2,1,1,4,Avenue Paul Vaillant - Couturier,48,
2.023E+11,24,1,2023,08:40,1,67,67438,1,1,1,7,D426,48,
2.023E+11,24,1,2023,10:00,1,74,74243,2,1,1,6,Rue du général pacthod,46,
2.023E+11,25,5,2023,19:05,1,93,93001,2,1,1,6,4 Rue Chapon,48,
2.023E+11,16,4,2023,20:45,4,94,94041,2,2,1,1,35 Boulevard de Brandebourg,48,
2.023E+11,18,2,2023,22:00,5,58,58095,2,1,1,7,Chemin du Port des Vignots,46,
2.023E+11,16,1,2023,10:00,1,73,73211,1,1,4,6,D925,45,
2.023E+11,24,5,2023,23:40,3,92,92078,2,3,1,6,HENRY BARBUSSE (RUE)(IMPAIRS),48,
2.023E+11,7,3,2023,11:15,1,6,6151,1,1,1,6,M2565,43,
2.023E+11,23,1,2023,08:30,1,17,17476,1,1,8,5,D19,45,
2.023E+11,15,4,2023,23:20,5,93,93071,2,3,1,1,Avenue Henri Barbusse / Rue de la Campagne,48,
2.023E+11,6,3,2023,18:50,2,50,50419,1,1,8,6,Rue du Puits (Hérenguerville),48,
2.023E+11,21,1,2023,01:45,3,29,29042,1,1,1,6,route de Treyer,48,
2.023E+11,25,5,2023,12:10,1,92,92064,2,1,1,6,DIX-HUI JUIN,48,
2.023E+11,16,4,2023,14:56,1,93,93070,2,2,1,2,Rue Charles Schmidt / Avenue Gabriel Péri,48,
2.023E+11,7,3,2023,12:45,1,85,85084,1,2,1,3,RD60,46,
2.023E+11,24,1,2023,18:00,2,60,60360,1,1,1,1,Avenue Louis Aragon,49,
2.023E+11,23,1,2023,05:30,3,94,94034,1,1,1,6,A86,48,
2.023E+11,25,5,2023,09:30,1,92,92044,2,2,1,3,BAUDIN (RUE)85 + ET 86+,48,
2.023E+11,16,4,2023,11:00,1,93,93070,2,3,1,3,Rue Charles Schmidt / Rue Mathieu,48,
2.023E+11,6,3,2023,19:20,3,27,27100,1,1,1,4,Route de Beuzeville,49,
2.023E+11,25,5,2023,09:45,1,92,92044,2,2,1,6,PDT WILSON(RUE)107A131 ET 110A130,48,
2.023E+11,21,1,2023,20:00,5,93,93006,1,1,1,2,AUTOROUTE A3,48,
2.023E+11,21,1,2023,13:40,1,93,93078,1,1,8,2,AUTOROUTE A104,48,
2.023E+11,7,3,2023,18:00,1,28,28386,1,1,1,1,D939,48,
2.023E+11,25,5,2023,10:33,1,92,92040,2,4,1,6,VICTOR HUGO (ROND-POINT),48,
2.023E+11,16,4,2023,15:30,1,93,93066,2,1,1,2,Avenue du Président Wilson,48,
2.023E+11,25,5,2023,09:40,1,92,92036,2,1,1,6,LENINE (AVENUE),48,
2.023E+11,21,2,2023,19:30,3,19,19176,1,1,1,6,A89,45,
2.023E+11,13,11,2023,15:41,1,75,75110,2,4,2,6,BOULEVARD DE MAGENTA,48,
2.023E+11,23,1,2023,18:40,3,94,94074,1,1,1,4,N406,48,
2.023E+11,24,5,2023,18:18,1,92,92025,2,1,1,6,AUDRA (AV),48,
2.023E+11,24,2,2023,19:20,3,72,72031,1,1,1,6,autoroute A 11 pk 145+400,48,
2.023E+11,16,4,2023,15:15,1,93,93064,2,1,1,6,Rue du 4e Zouave,48,
2.023E+11,13,11,2023,17:25,5,94,94052,2,1,2,2,Boulevard de Strasbourg,48,
2.023E+11,25,5,2023,16:30,1,92,92024,2,1,1,3,HUIT MAI 1945 (RUE DU),48,
2.023E+11,7,3,2023,10:40,1,6,6004,1,1,1,2,Autoroute A8 - Chaussée Sud,43,
2.023E+11,16,4,2023,17:20,1,93,93049,2,2,1,3,Avenue Georges Clémenceau / Rue Félix Faure,48,
2.023E+11,12,11,2023,18:55,5,94,94073,2,9,2,3,Avenue de Versailles,48,
2.023E+11,25,5,2023,13:30,1,92,92024,2,2,1,3,MARTRE DE (4 A 54),48,
2.023E+11,1,3,2023,08:40,1,6,6088,1,1,1,4,A8,,
2.023E+11,13,11,2023,12:10,1,94,94069,2,1,2,2,Avenue Saint Maurice du Valais,48,
2.023E+11,16,4,2023,01:00,5,93,93032,2,1,1,7,Rue Hippolyte Pina,48,
2.023E+11,25,5,2023,09:00,1,92,92024,2,9,1,7,JEAN JAURES (BD) DE 47 A 109)   (56 A 14,48,
2.023E+11,7,3,2023,23:10,3,51,51480,1,1,2,2,A4,49,
2.023E+11,16,4,2023,04:15,5,92,92073,2,1,1,3,SELLIER (BOULEVARD HENRI),48,
2.023E+11,25,5,2023,18:35,1,92,92004,2,1,1,2,VOLTAIRE ( BD ),48,
2.023E+11,13,11,2023,20:45,5,93,93071,2,1,1,3,Avenue John Fitzgerald Kennedy,48,
2.023E+11,25,5,2023,20:45,1,80,80095,1,1,1,7,D114,50,
2.023E+11,16,4,2023,11:00,1,92,92064,2,1,1,6,MARCEL DASSAULT,48,
2.023E+11,13,11,2023,18:45,5,93,93010,2,1,2,2,Avenue Galliéni,48,
2.023E+11,8,3,2023,13:30,1,988,98827,1,3,1,3,Chemin privé/RT1,-21,
2.023E+11,26,5,2023,07:21,1,51,51647,1,3,1,3,D982,48,
2.023E+11,13,11,2023,01:23,5,93,93057,2,2,2,3,Avenue Aristide Briand / Allée des Archers,48,
2.023E+11,26,5,2023,13:00,1,973,97362,2,1,1,6,Rue du Gran Man Awinsai,3,
2.023E+11,7,3,2023,12:00,1,988,98826,1,1,1,7,Lieu dit Barabach - RPN1,-20,
2.023E+11,16,4,2023,18:40,3,974,97415,1,1,1,4,N1,-20,
2.023E+11,24,5,2023,12:25,1,49,49092,1,1,1,2,D160,47,
2.023E+11,13,11,2023,20:35,5,93,93005,2,5,8,3,Rue de la Division Leclerc / Rue Turgot,48,
2.023E+11,13,11,2023,08:40,1,93,93001,2,1,2,6,Rue Charron,48,
2.023E+11,26,5,2023,11:00,1,44,44041,1,1,1,1,,47,
2.023E+11,6,3,2023,17:30,1,66,66164,1,1,1,2,,42,
2.023E+11,13,11,2023,09:15,1,92,92078,2,1,2,3,BONGARDE (RUE),48,
2.023E+11,25,5,2023,19:30,1,28,28061,1,1,1,1,D955,48,
2.023E+11,6,3,2023,10:20,1,83,83066,1,1,1,2,Route de Vinon,43,
2.023E+11,13,11,2023,19:56,5,92,92072,2,1,2,7,GRANDE RUE,48,
2.023E+11,13,11,2023,07:35,2,92,92050,2,3,2,6,FONTANOT PLACE DES TROIS,48,
2.023E+11,24,5,2023,11:10,1,63,63399,1,1,1,6,Lieu Dit Chez Lanna,45,
2.023E+11,14,2,2023,09:21,1,73,73050,1,1,1,1,D1504 - Route du tunnel,45,
2.023E+11,13,11,2023,20:20,5,92,92040,2,2,2,6,VAUDETARD,48,
2.023E+11,24,5,2023,18:55,1,59,59653,1,3,1,1,M145b,50,
2.023E+11,13,11,2023,08:00,2,92,92040,2,1,2,7,VICTOR HUGO,48,
2.023E+11,21,5,2023,19:45,3,974,97413,1,1,1,7,283 Route Hubert Delisle,-21,
2.023E+11,3,3,2023,07:30,2,72,72154,2,1,1,3,Avenue Rhin-et-Danube,47,
2.023E+11,13,11,2023,11:05,1,92,92036,2,1,2,6,JEAN GRANDEL (PLACE),48,
2.023E+11,6,3,2023,13:45,1,27,27287,1,1,1,7,D830,48,
2.023E+11,24,5,2023,14:15,1,34,34123,1,1,1,2,N109,43,
2.023E+11,13,11,2023,15:40,1,92,92012,2,1,2,1,CHATEAU (RUE DU) 1/125 - 2/136,48,
2.023E+11,16,5,2023,20:00,1,62,62234,1,1,1,6,D340,50,
2.023E+11,25,5,2023,23:55,3,62,62068,1,1,1,7,D919,50,
2.023E+11,7,3,2023,18:07,1,13,13202,1,1,2,3,A55-Sens Martigues vers Marseille,43,
2.023E+11,12,11,2023,21:45,5,92,92002,2,1,2,2,RAYMON ARON (AVENUE),48,
2.023E+11,24,5,2023,18:20,1,56,56126,1,1,1,3,Pont de Kerroc,47,
2.023E+11,13,11,2023,20:20,5,62,62447,2,3,3,6,D928,50,
2.023E+11,6,3,2023,20:25,5,69,69259,1,1,1,5,Boulevard Périphérique Laurent Bonnevay,45,
2.023E+11,25,5,2023,17:00,1,56,56164,1,3,1,3,Belma,47,
2.023E+11,13,11,2023,07:30,2,84,84037,1,1,1,1,pk 4 D17,44,
2.023E+11,26,5,2023,16:30,1,65,65031,1,1,1,1, Route de Lannemezan,42,
2.023E+11,5,3,2023,05:00,3,59,59530,1,1,2,5,AUTOROUTE A2,50,
2.023E+11,13,11,2023,17:35,3,1,1075,1,1,2,1,Chemin de Briandas,46,
2.023E+11,7,3,2023,09:35,1,94,94003,1,1,1,2,A6A,48,
2.023E+11,13,11,2023,12:13,1,37,37008,1,1,2,6,autoroute A85,47,
2.023E+11,26,5,2023,08:06,1,71,71484,1,2,1,3,D178,46,
2.023E+11,13,11,2023,00:00,3,62,62784,1,1,2,6,D23E1,50,
2.023E+11,7,3,2023,01:50,4,92,92050,1,1,1,2,A86,48,
2.023E+11,26,5,2023,13:00,1,71,71392,2,3,7,2,Carrefour D981/Place salle des fetes,46,
2.023E+11,14,11,2023,15:29,1,34,34077,1,1,1,1,Avenue du Martinet,43,
2.023E+11,23,5,2023,15:00,1,71,71543,2,1,1,3,D215,46,
2.023E+11,6,3,2023,07:10,2,78,78490,1,1,1,4,RN12 INT,48,
2.023E+11,6,3,2023,08:05,1,92,92063,1,1,1,7,A86 DUPLEX,48,
2.023E+11,26,5,2023,18:30,1,89,89232,1,1,1,2,,47,
2.023E+11,13,11,2023,12:15,1,51,51211,1,3,2,4,D3,49,
2.023E+11,7,3,2023,17:00,1,94,94069,1,1,1,2,A4,48,
2.023E+11,3,3,2023,15:30,1,75,75115,2,2,1,6,RUE OLIVIER DE SERRES,48,
2.023E+11,26,5,2023,11:15,1,12,12133,2,1,1,6,6 Route de la Fontal,44,
2.023E+11,14,11,2023,07:20,3,59,59159,1,1,8,5,D300,50,
2.023E+11,5,3,2023,19:10,5,75,75105,2,3,1,7,BOULEVARD SAINT MICHEL,48,
2.023E+11,24,5,2023,11:30,1,42,42230,2,9,1,6,50 Rue Pasteur,45,
2.023E+11,14,11,2023,11:50,1,79,79322,1,1,2,7,N/A,46,
2.023E+11,6,3,2023,09:30,1,75,75120,2,2,1,7,RUE DURIS,48,
2.023E+11,25,5,2023,06:35,1,42,42289,2,2,7,3,Route de Régny,45,
2.023E+11,14,11,2023,07:30,2,82,82189,2,1,5,6,14 Rue de Moissac,44,
2.023E+11,6,3,2023,10:08,1,75,75119,2,1,1,3,BOULEVARD DE LA VILLETTE,48,
2.023E+11,23,5,2023,17:30,1,46,46185,1,1,1,2,Lieu Dit le Treil,44,
2.023E+11,6,3,2023,08:55,1,75,75119,2,2,1,3,RUE D AUBERVILLIERS,48,
2.023E+11,25,5,2023,09:20,1,34,34219,2,1,1,6,D908,43,
2.023E+11,13,11,2023,17:50,3,11,11220,1,1,1,6,D57,43,
2.023E+11,6,3,2023,19:20,5,75,75115,2,3,1,2,RUE LECOURBE,48,
2.023E+11,22,5,2023,18:00,1,22,22085,1,1,1,6,ar poul,48,
2.023E+11,14,11,2023,08:00,2,89,89382,2,1,2,7,Route de Brienon,47,
2.023E+11,5,3,2023,12:30,1,75,75115,2,3,1,2,RUE DE VAUGIRARD,48,
2.023E+11,20,5,2023,16:35,1,22,22221,1,1,1,3,D74,48,
2.023E+11,14,11,2023,09:25,1,86,86148,1,2,3,3,D741,46,
2.023E+11,6,3,2023,18:00,2,75,75111,2,2,1,3,BOULEVARD DE BELLEVILLE,48,
2.023E+11,25,5,2023,16:52,1,2,2341,1,1,1,1,,49,
2.023E+11,13,11,2023,17:25,2,34,34150,2,1,1,6,Promenade de la Belle Scribote,43,
2.023E+11,6,3,2023,15:40,1,75,75111,2,2,8,2,RUE DE CHARONNE,48,
2.023E+11,26,5,2023,17:20,1,70,70228,2,3,1,1,Rue des Glacis,47,
2.023E+11,8,11,2023,07:18,1,34,34130,1,2,1,5,Intersection D909 / D136,43,
2.023E+11,26,5,2023,16:15,1,66,66167,1,1,1,1,,42,
2.023E+11,6,3,2023,09:05,1,75,75109,2,2,1,3,RUE DROUOT,48,
2.023E+11,26,5,2023,04:45,3,66,66053,1,1,1,7,,42,
2.023E+11,30,10,2023,13:50,1,25,25564,1,1,2,3,D12,47,
2.023E+11,26,5,2023,15:00,1,14,14086,1,1,1,2,6 Route de Pont-l'Evêque,49,
2.023E+11,5,3,2023,15:20,1,75,75104,2,2,1,1,RUE SAINT ANTOINE,48,
2.023E+11,26,5,2023,01:45,3,14,14143,1,1,1,6,D71,49,
2.023E+11,26,5,2023,13:45,1,60,60444,1,9,1,6,D150,49,
2.023E+11,6,3,2023,16:05,1,94,94067,2,1,8,6,Avenue du Général de Gaulle,48,
2.023E+11,14,11,2023,11:55,1,38,38347,1,1,1,1,D20,45,
2.023E+11,22,5,2023,13:32,1,45,45182,1,1,1,2,D15 PR 20 + 200,47,
2.023E+11,6,3,2023,18:15,1,93,93048,2,3,1,3,Rue de Vincennes / Rue des Meuniers,48,
2.023E+11,13,11,2023,15:10,1,45,45272,1,1,3,2,D2020,47,
2.023E+11,6,3,2023,17:20,1,93,93048,2,1,1,6,125 Rue de Paris,48,
2.023E+11,26,5,2023,17:47,1,64,64152,1,3,1,1,Route de Pau,43,
2.023E+11,12,11,2023,19:15,3,27,27103,2,6,2,3,Rue du Docteur Duvrac,49,
2.023E+11,6,3,2023,13:45,1,93,93014,2,1,1,2,8 Avenue de Sévigné,48,
2.023E+11,24,5,2023,18:40,1,53,53036,1,4,1,3,le coin,47,
2.023E+11,24,5,2023,02:00,3,53,53141,1,1,1,7,D57 PK23G+100,48,
2.023E+11,13,11,2023,20:00,5,37,37211,2,1,2,1,31 Grand Rue,47,
2.023E+11,6,3,2023,13:50,1,93,93047,2,1,1,4,Rue Henri Barbusse,48,
2.023E+11,14,11,2023,14:10,1,68,68375,2,1,3,7,44 Rue Pasteur,47,
2.023E+11,26,5,2023,12:15,1,27,27426,1,3,1,1,D10,49,
2.023E+11,5,3,2023,13:00,1,93,93001,2,1,1,6,Avenue de la République,48,
2.023E+11,25,5,2023,18:07,1,28,28206,1,3,1,3,D134.1,48,
2.023E+11,5,3,2023,10:30,1,92,92050,2,1,1,3,SARTROUVILLE RUE DE,48,
2.023E+11,14,11,2023,15:00,1,31,31107,1,1,1,4,autoroute A64,43,
2.023E+11,26,5,2023,13:30,1,87,87205,1,3,1,3,le boudaud,45,
2.023E+11,6,3,2023,10:30,1,33,33162,1,1,1,5,ROCADE A 630,44,
2.023E+11,14,11,2023,15:26,1,31,31107,1,1,1,4,235+550,43,
2.023E+11,24,5,2023,20:05,1,78,78571,1,1,1,1,chemin départemental 74,48,
2.023E+11,6,3,2023,15:50,1,92,92060,1,1,1,2,RN 385 Extèrieure,48,
2.023E+11,26,5,2023,19:35,1,6,6079,1,1,1,6,A8 PK 158+500,43,
2.023E+11,13,11,2023,12:20,1,3,3193,1,1,2,3,A 71- PK 282+200,46,
2.023E+11,6,3,2023,08:56,1,94,94003,1,1,1,3,A6A,48,
2.023E+11,26,5,2023,07:00,1,6,6149,1,1,1,2,A8 Pk 202.600 chaussée sud,43,
2.023E+11,12,11,2023,08:55,1,1,1228,1,1,2,6,Echangeur A40-A404 (Embranchement d'autoroute),46,
2.023E+11,25,5,2023,18:45,1,51,51571,1,1,1,2,A4 pk 153.800,49,
2.023E+11,13,11,2023,18:15,3,78,78571,1,1,8,3,307,48,
2.023E+11,6,3,2023,08:35,1,91,91589,1,1,1,4,AUTOROUTE A6,48,
2.023E+11,6,3,2023,06:30,3,91,91521,1,1,1,6,AUTOROUTE A6 ,48,
2.023E+11,26,5,2023,16:05,1,69,69072,2,1,1,1,Chemin des Hirondelles,45,
2.023E+11,13,11,2023,21:14,3,90,90097,1,1,3,5,Autoroute A36,47,
2.023E+11,13,11,2023,20:35,5,68,68118,1,1,2,6,Route Départementale 201,47,
2.023E+11,6,3,2023,18:40,5,93,93048,1,1,1,3,AUTOROUTE A86,48,
2.023E+11,25,5,2023,21:40,5,988,98817,2,3,2,1,RPS1 à hauteur Zone artisanale de la Coulée/Rue Gaëtan BRINI,-22,
2.023E+11,6,3,2023,17:00,1,95,95212,1,1,1,2,A1,49,
2.023E+11,25,5,2023,08:40,1,972,97228,1,1,1,3,RN 1 - ANCIENNE TANNERIE,14,
2.023E+11,13,11,2023,18:10,2,13,13025,1,1,1,1,quartier les REYS,43,
2.023E+11,5,3,2023,11:05,1,95,95306,1,1,1,6, A15,49,
2.023E+11,26,5,2023,05:30,2,18,18207,1,1,1,1,,47,
2.023E+11,4,3,2023,21:10,3,93,93027,1,1,1,6,AUTOROUTE A86,48,
2.023E+11,26,5,2023,08:30,1,78,78380,2,3,1,6,10 Rue d?Orléans,48,
2.023E+11,14,11,2023,13:15,1,78,78655,1,1,2,3,D906,48,
2.023E+11,5,3,2023,04:50,3,93,93005,1,1,1,2,AUTOROUTE A3,48,
2.023E+11,25,5,2023,02:00,3,83,83107,2,1,1,3,Route de la Bouverie,43,
2.023E+11,6,3,2023,09:55,1,94,94028,1,1,1,5,A86,48,
2.023E+11,13,11,2023,15:05,1,34,34199,1,2,1,3,Chemin de Castres,43,
2.023E+11,26,5,2023,16:15,1,21,21371,1,1,1,1,D31,47,
2.023E+11,10,11,2023,06:50,3,83,83112,1,1,2,6,route de bandol,43,
2.023E+11,25,5,2023,15:50,1,67,67188,1,1,1,7,Route Nationale,48,
2.023E+11,6,3,2023,08:20,1,94,94017,1,1,1,5,A4,48,
2.023E+11,26,5,2023,18:54,1,54,54437,1,1,1,6,D115B,48,
2.023E+11,6,3,2023,07:20,5,94,94052,1,1,1,2,A86 ,48,
2.023E+11,25,5,2023,14:00,1,38,38374,1,3,1,3,D522,45,
2.023E+11,13,11,2023,18:15,3,89,89037,1,1,3,4,A6 pk 132+100,47,
2.023E+11,6,3,2023,07:00,2,93,93051,1,1,1,4,A4,48,
2.023E+11,13,5,2023,15:40,1,38,38035,1,2,1,2,520 Route de Vienne,45,
2.023E+11,13,11,2023,17:45,5,67,67544,2,1,2,6,Allee des Peupliers,49,
2.023E+11,2,3,2023,21:00,5,973,97302,2,1,1,3,MANGO (ROUTE),4,
2.023E+11,23,5,2023,17:35,1,26,26196,1,1,1,1,Route de Lorient,44,
2.023E+11,12,11,2023,02:00,5,42,42056,2,3,2,6,Route Departementale 1086,45,
2.023E+11,5,3,2023,05:09,5,69,69387,2,2,1,3,Avenue Berthelot,45,
2.023E+11,26,5,2023,12:10,1,7,7042,1,1,7,5,D86,44,