Num_Acc,jour,mois,an,hrmn,lum,dep,com,agg,int,atm,col,adr,lat,long
2.023E+11,10,10,2023,08:10,1,75,75112,2,1,1,3,AVENUE DAUMESNIL,48,
2.023E+11,10,10,2023,21:05,5,75,75111,2,1,1,3,RUE OBERKAMPF,48,
2.023E+11,10,10,2023,19:10,2,75,75109,2,2,1,3,BOULEVARD DE ROCHECHOUART,48,
2.023E+11,10,10,2023,16:05,1,75,75108,2,1,1,6,BOULEVARD MALESHERBES,48,
2.023E+11,10,10,2023,09:50,1,75,75108,2,7,1,1,Place de l'Alma,48,
2.023E+11,9,10,2023,17:45,1,75,75107,2,3,1,2,AVENUE DE BRETEUIL,48,
2.023E+11,10,10,2023,14:20,1,75,75104,2,2,1,5,BOULEVARD HENRI IV,48,
2.023E+11,10,10,2023,14:30,1,75,75101,2,2,1,6,RUE DE RIVOLI,48,
2.023E+11,10,10,2023,13:35,1,75,75101,2,3,1,3,RUE DE LA GRANDE TRUANDERIE,48,
2.023E+11,10,10,2023,09:30,1,75,75103,2,2,1,6,RUE DE TURBIGO,48,
2.023E+11,9,10,2023,23:00,5,94,94081,2,1,1,3,Avenue Paul Vaillant Couturier,48,
2.023E+11,10,10,2023,16:35,1,94,94078,2,9,1,3,Avenue Winston Churchill,48,
2.023E+11,10,10,2023,18:20,1,94,94028,1,1,1,2,Avenue du Maréchal Foch,48,
2.023E+11,10,10,2023,11:30,1,94,94068,2,1,1,6,40bis Rue du Four,48,
2.023E+11,10,10,2023,08:06,1,94,94054,2,2,1,3,Av des Martyrs de Chateaubriant,48,
2.023E+11,10,10,2023,20:50,5,94,94018,2,6,1,6,Quai des Carrieres,48,
2.023E+11,10,10,2023,19:35,5,94,94071,2,3,1,6,rue Delacroix,48,
2.023E+11,10,10,2023,17:40,1,93,93078,2,1,1,6,Avenue du Sausset,48,
2.023E+11,10,10,2023,14:00,1,93,93073,2,1,1,4,Avenue du Valquiou,48,
2.023E+11,10,10,2023,00:05,5,93,93007,2,3,1,6,Rue Jean-Pierre Timbaud / Allée des Dahlias,48,
2.023E+11,9,10,2023,21:20,5,93,93071,2,3,1,3,Rue du Pont Blanc / Rue Gabriel Péri,48,
2.023E+11,10,10,2023,13:40,1,93,93051,2,2,1,3,Boulevard du Ru de Nesles / Rue des Aerostiers,48,
2.023E+11,10,10,2023,21:30,3,93,93008,2,6,1,3,Avenue Paul Vaillant - Couturier / Avenue Pierre Sémard,48,
2.023E+11,10,10,2023,18:22,1,92,92078,1,1,1,1,CHARLES DE GAULLE (BD) (71 AU 153),48,
2.023E+11,9,10,2023,20:30,5,92,92072,2,9,1,7,GRANDE RUE,48,
2.023E+11,10,10,2023,16:15,1,92,92064,2,1,1,6,DOCTEUR DESFOSSEZ,48,
2.023E+11,4,10,2023,09:18,1,92,92063,2,1,7,6,DIX-HUIT JUIN 1940 (AVENUE DU) EST,48,
2.023E+11,10,10,2023,13:30,1,92,92051,2,1,1,3,BOURDON (BOULEVARD),48,
2.023E+11,10,10,2023,17:58,1,92,92049,2,1,1,6,PERIER RUE N°35 A 88 ET 26B A 90,48,
2.023E+11,9,10,2023,13:08,1,92,92036,2,3,1,5,GENERAL DE GAULLE (AVENUE) (PAIRS),48,
2.023E+11,10,10,2023,08:00,1,92,92024,2,1,1,2,HENRI BARBUSSE (RUE) DE (73 A 139),48,
2.023E+11,10,10,2023,17:12,1,92,92019,2,3,1,3,DIVISION LECLERC (AVENUE DE LA),48,
2.023E+11,10,10,2023,16:33,1,92,92007,2,1,1,2,MONTROUGE (AVENUE DE),48,
2.023E+11,10,10,2023,11:48,1,17,17094,2,6,1,3,boulevard aristide briand,46,
2.023E+11,6,10,2023,22:55,3,36,36097,2,1,1,3,Route de Vatan,47,
2.023E+11,10,10,2023,13:30,1,76,76392,2,2,7,6,Rue du Maréchal Leclerc,49,
2.023E+11,9,10,2023,23:00,3,21,21614,1,1,1,6,a31,47,
2.023E+11,10,10,2023,08:50,1,84,84149,2,1,1,3,D977,44,
2.023E+11,8,10,2023,18:30,1,1,1398,1,1,1,6,Le Grand Étang,46,
2.023E+11,3,10,2023,13:00,1,71,71336,2,1,1,1,19 Route de Louhans,46,
2.023E+11,10,10,2023,23:30,5,30,30312,2,1,1,7,Chemin de la Gare,44,
2.023E+11,11,10,2023,10:20,1,62,62230,1,1,1,6,D127,50,
2.023E+11,11,10,2023,13:47,1,19,19094,1,4,1,1,Route de Pompadour,45,
2.023E+11,10,10,2023,18:00,1,2B,2B346,2,1,1,1,Arena,42,
2.023E+11,11,10,2023,14:55,1,19,19274,1,1,1,6,A-89,45,
2.023E+11,10,8,2023,18:16,1,82,82010,1,2,1,3,Route du château d'eau,44,
2.023E+11,11,10,2023,17:00,1,89,89267,2,1,1,6,Place du Prieuré,47,
2.023E+11,6,10,2023,16:15,1,63,63122,1,1,1,7,D 26,45,
2.023E+11,9,10,2023,16:20,1,22,22079,1,1,1,6,Le Péray,48,
2.023E+11,11,10,2023,11:50,1,35,35187,1,4,1,1,La Ville Neveu,48,
2.023E+11,11,10,2023,12:15,1,2,2284,1,1,1,6,rd 460 erloy,49,
2.023E+11,11,10,2023,11:30,2,15,15261,1,1,1,3,RD 922,45,
2.023E+11,11,10,2023,03:30,3,54,54295,1,1,1,7,D643,49,
2.023E+11,8,10,2023,16:30,1,6,6073,1,1,7,7,M97,44,
2.023E+11,10,10,2023,14:50,1,14,14410,1,1,1,7,Avenue de Paris,49,
2.023E+11,10,9,2023,11:40,1,14,14739,1,1,1,6,Route de Sainte-Croix,49,
2.023E+11,10,10,2023,07:15,2,64,64448,1,1,1,1,route de bayonne,43,
2.023E+11,10,10,2023,17:45,1,7,7011,1,1,1,7,Le Pont de l?Huile,44,
2.023E+11,8,10,2023,16:50,1,24,24141,1,1,1,6,D106,,
2.023E+11,10,10,2023,16:24,1,4,4088,2,9,1,6,Avenue Saint Promasse,43,
2.023E+11,10,10,2023,16:45,1,85,85213,1,3,1,7,la merlerie,46,
2.023E+11,10,10,2023,16:53,1,17,17483,1,2,7,1,D137,46,
2.023E+11,10,10,2023,17:10,1,37,37130,1,2,1,3,Bel Air,47,
2.023E+11,11,10,2023,09:00,1,31,31120,1,1,1,1,D24 PR09+100,43,
2.023E+11,10,10,2023,08:40,1,69,69244,2,2,1,3,34 Avenue Victor Hugo,45,
2.023E+11,10,10,2023,05:45,1,987,98715,2,1,1,2,RT1 Face au magasin U EXPRESS FAA'A,-17,
2.023E+11,11,10,2023,08:50,1,77,77020,1,1,1,6,N4,48,
2.023E+11,10,10,2023,11:00,1,971,97117,1,1,1,3,section PAVE D 101,16,
2.023E+11,10,10,2023,16:40,1,45,45242,1,1,1,7,D617 PR 1 + 505,47,
2.023E+11,10,10,2023,03:30,4,77,77521,2,1,1,1,12 Rue de Paris,48,
2.023E+11,11,10,2023,07:10,2,83,83035,2,1,8,7,avenue des cigalles,43,
2.023E+11,11,10,2023,15:50,1,83,83065,2,1,1,1,3037 Route du Littoral,43,
2.023E+11,11,10,2023,08:03,1,13,13101,2,1,1,6,Avenue Alonso Flores,43,
2.023E+11,10,10,2023,11:00,1,73,73050,1,1,1,6,D1504,45,
2.023E+11,10,10,2023,17:35,1,73,73249,1,1,1,6,D1006 - n°1417,45,
2.023E+11,11,10,2023,10:00,1,42,42296,1,2,1,3,Route der Lyon,45,
2.023E+11,8,10,2023,18:30,2,38,38276,2,1,1,3,2294 Route Nationale 1085,45,
2.023E+11,10,10,2023,07:30,1,26,26380,1,1,1,3,Route Rn 7,45,
2.023E+11,10,10,2023,17:10,1,26,26313,2,1,7,6,95 Avenue de Provence,44,
2.023E+11,10,10,2023,10:43,1,17,17400,2,2,1,3,1 Route de Beillant,45,
2.023E+11,10,10,2023,23:10,5,86,86062,2,1,1,1,Route de Paris,46,
2.023E+11,10,10,2023,20:00,3,49,49332,1,1,1,3,D63,47,
2.023E+11,4,10,2023,17:00,1,44,44026,1,1,1,3,N/A,47,
2.023E+11,8,10,2023,18:30,1,22,22118,1,4,7,3,D795,48,
2.023E+11,10,10,2023,21:15,3,60,60671,1,1,1,6,D136,49,
2.023E+11,10,10,2023,19:39,3,59,59558,1,1,1,6,D114,50,
2.023E+11,10,10,2023,16:40,1,13,13214,1,1,1,3,A7-Sens Lyon vers Marseille,43,
2.023E+11,9,10,2023,17:11,1,13,13212,1,1,1,2,A507 sens Marseille - Aubagne,43,
2.023E+11,9,10,2023,13:50,1,1,1249,1,1,1,3,A42   6.290 A 8.310,45,
2.023E+11,7,10,2023,01:30,3,57,57039,1,1,1,6,Autoroute A31,49,
2.023E+11,10,10,2023,19:45,5,94,94065,1,1,1,5,N186,48,
2.023E+11,10,10,2023,18:00,1,91,91136,1,1,1,2,CD 591,48,
2.023E+11,10,10,2023,15:20,1,94,94038,1,1,1,2,A6A,48,
2.023E+11,10,10,2023,12:40,1,91,91689,1,1,1,2,AUTOROUTE A6,48,
2.023E+11,10,10,2023,10:10,1,91,91659,1,1,1,2,AUTOROUTE A6,48,
2.023E+11,10,10,2023,09:05,1,92,92002,1,1,1,3,AUTOROUTE A86,48,
2.023E+11,10,10,2023,07:45,2,94,94038,1,1,1,4,A6A,48,
2.023E+11,10,10,2023,09:30,1,91,91434,1,1,1,3,AUTOROUTE A6,48,
2.023E+11,10,10,2023,09:30,1,91,91377,2,1,1,7,RN20,48,
2.023E+11,9,10,2023,20:45,3,91,91434,1,1,1,2,AUTOROUTE A6,48,
2.023E+11,10,10,2023,18:45,2,92,92036,1,1,1,2,A86,48,
2.023E+11,10,10,2023,17:58,1,78,78402,1,1,1,2,A13,48,
2.023E+11,9,10,2023,13:00,1,78,78672,1,1,1,2,A13,48,
2.023E+11,9,10,2023,07:50,1,92,92047,1,1,1,3,A13,48,
2.023E+11,9,10,2023,07:47,1,92,92060,1,1,1,3,RN385,48,
2.023E+11,9,10,2023,03:04,3,92,92025,1,9,1,5,A86,48,
2.023E+11,10,10,2023,18:30,1,95,95555,1,1,1,5,D170,48,
2.023E+11,21,9,2023,15:00,1,95,95018,1,1,2,6,DESERTS (RUE DES),48,
2.023E+11,10,10,2023,08:50,1,95,95582,1,1,1,2,D170,48,
2.023E+11,10,10,2023,06:50,3,93,93064,1,1,1,3,AUTOROUTE A86,48,
2.023E+11,10,10,2023,17:14,1,77,77373,1,1,1,6,RN104,48,
2.023E+11,3,7,2023,22:36,5,19,19031,2,1,1,6,33 avenue Ribot,45,
2.023E+11,7,5,2023,08:25,1,28,28023,1,1,2,6,D32,48,
2.023E+11,30,5,2023,18:40,1,13,13215,1,1,8,2,A7-Sens Lyon vers Marseille,43,
2.023E+11,8,10,2023,03:15,3,75,75116,2,1,1,6,PORT DEBILLY,48,
2.023E+11,9,10,2023,17:45,1,75,75115,2,3,1,7,RUE DE LOURMEL,48,
2.023E+11,9,10,2023,07:10,2,75,75114,2,2,1,6,BOULEVARD JOURDAN,48,
2.023E+11,9,10,2023,19:10,2,75,75111,2,3,1,6,RUE DE LA ROQUETTE,48,
2.023E+11,9,10,2023,18:00,1,75,75110,2,2,1,2,RUE LA FAYETTE,48,
2.023E+11,9,10,2023,00:40,5,75,75110,2,1,1,3,QUAI DE JEMMAPES,48,
2.023E+11,8,10,2023,22:15,5,75,75109,2,5,1,3,RUE DE LIEGE,48,
2.023E+11,9,10,2023,01:09,3,75,75107,2,1,1,3,AVENUE DE LOWENDAL,48,
2.023E+11,8,10,2023,18:55,2,94,94081,2,1,1,7,Avenue Rabelais,48,
2.023E+11,9,10,2023,17:05,1,94,94015,2,1,1,7,Boulevard Pasteur,48,
2.023E+11,9,10,2023,18:00,1,94,94076,2,9,1,6,58 Avenue de Stalingrad,48,
2.023E+11,9,10,2023,21:40,5,94,94041,2,9,1,3,Avenue Georges Gosnat,48,
2.023E+11,9,10,2023,19:20,5,94,94034,2,1,1,2,Avenue de Stalingrad,48,
2.023E+11,9,10,2023,18:00,1,94,94073,1,1,1,3,Avenue du Luxembourg,48,
2.023E+11,9,10,2023,19:00,2,94,94033,2,1,1,6,Place Moreau-david,48,
2.023E+11,9,10,2023,05:52,1,94,94073,2,8,1,6,Av du Pdt Franklin Roosevelt,48,
2.023E+11,9,10,2023,12:10,1,93,93070,2,5,1,3,Boulevard Jean Jaurès / Rue du Docteur Bauer,48,
2.023E+11,9,10,2023,09:20,1,93,93048,2,2,1,3,Boulevard Aristide Briand / Boulevard de la Boissière,48,
2.023E+11,9,10,2023,19:45,5,93,93079,2,1,1,6,Avenue de la Division Leclerc,48,
2.023E+11,9,10,2023,10:45,1,93,93031,2,5,1,3,Avenue de Lattre de Tassigny / Avenue Salvador Allende,48,
2.023E+11,9,10,2023,09:30,1,93,93031,2,9,1,3,Avenue de Lattre de Tassigny,48,
2.023E+11,9,10,2023,07:30,2,93,93031,2,3,1,3,Rue d'Ormesson / Rue des Econdeaux,48,
2.023E+11,8,10,2023,23:20,5,93,93001,2,3,1,3,Avenue de la République / Rue Guyard Delalain,48,
2.023E+11,9,10,2023,21:55,5,92,92073,2,1,1,2,SELLIER (BOULEVARD HENRI),48,
2.023E+11,8,10,2023,12:45,1,92,92064,2,1,1,7,DOCTEUR NICOLI,48,
2.023E+11,8,10,2023,04:45,5,92,92051,2,1,1,2,BINEAU (BOULEVARD,,
2.023E+11,8,10,2023,18:35,1,92,92036,2,9,1,6,RESISTANCE (RUE DE LA),48,
2.023E+11,9,10,2023,12:07,1,92,92025,2,3,1,3,CHARLES DE GAULLE (BD),48,
2.023E+11,9,10,2023,18:40,2,92,92024,1,2,1,3,CLICHY (QUAI DE) DE (8 A 60),48,
2.023E+11,9,10,2023,16:22,1,92,92019,2,1,1,6,CLEMENT JEAN BAPTISTE (RUE),48,
2.023E+11,10,10,2023,15:38,1,60,60229,1,2,1,3,RD 522,49,
2.023E+11,10,10,2023,14:40,1,24,24550,1,1,1,6,route de lavaux,45,
2.023E+11,9,10,2023,18:40,2,60,60201,1,1,7,6,Rue de la Mazurelle,49,
2.023E+11,9,10,2023,14:53,1,1,1427,2,6,1,6,rue batlie,45,
2.023E+11,10,10,2023,05:25,3,68,68253,1,1,1,6,D52,47,
2.023E+11,9,10,2023,19:45,2,83,83019,1,3,1,3,D559,43,
2.023E+11,1,8,2023,15:00,1,2A,2A006,1,1,1,1,D81,41,
2.023E+11,28,7,2023,18:50,1,82,82079,1,2,1,3,N/A,43,
2.023E+11,30,7,2023,07:15,1,49,49003,1,1,1,2,d761,47,
2.023E+11,1,8,2023,14:45,1,12,12069,1,1,1,2,RD 999,43,
2.023E+11,2,8,2023,16:57,1,12,12215,1,1,1,1,D840,44,
2.023E+11,2,8,2023,03:00,3,42,42287,1,1,1,7,Route de la Combe,45,
2.023E+11,1,8,2023,12:30,1,34,34187,2,9,1,6,Route de St Pons,43,
2.023E+11,2,8,2023,08:15,1,3,3220,1,1,1,6,23 Route de Linard,46,
2.023E+11,2,8,2023,13:30,1,3,3093,1,1,1,1,D907,46,
2.023E+11,22,1,2023,04:40,3,77,77514,1,1,1,2,A104,48,
2.023E+11,24,7,2023,02:45,3,26,26005,1,1,1,1,Route de Montelimar,44,
2.023E+11,21,1,2023,14:20,1,973,97302,2,1,1,3,MONTABO (ROUTE DE) 3,4,
2.023E+11,31,7,2023,11:40,1,6,6108,2,1,1,1,Avenue de la Republique,43,
2.023E+11,21,1,2023,11:34,1,973,97302,2,1,1,3,MONTABO (ROUTE DE) 2,4,
2.023E+11,27,7,2023,17:00,1,45,45329,1,2,1,3,Route de Melleroy,47,
2.023E+11,19,1,2023,13:40,1,973,97302,2,6,1,7,BADUEL (ROND POINT DE),4,
2.023E+11,1,8,2023,14:50,1,43,43165,1,1,1,7,39 Route d’Yssingeaux,45,
2.023E+11,19,1,2023,12:45,1,973,97302,1,1,1,2,ROUTE NATIONALE 1,4,
2.023E+11,2,8,2023,16:25,1,36,36188,1,1,6,6,La Motte Blanche,47,
2.023E+11,2,8,2023,01:25,3,40,40046,2,6,1,7,226 avenue de la liberation,44,
2.023E+11,18,1,2023,12:30,1,973,97302,2,2,1,3,FELIX EBOUE(ROCADE),4,
2.023E+11,18,1,2023,08:35,1,973,97302,2,1,1,6,RABAN (ROUTE DE),4,
2.023E+11,1,8,2023,18:15,1,24,24499,1,9,1,1,Route de Vergt,44,
2.023E+11,1,8,2023,14:45,1,27,27044,1,1,2,7,D51,48,
2.023E+11,21,1,2023,14:57,1,69,69387,2,2,1,3,35 Rue Jules Brunard,45,
2.023E+11,30,7,2023,14:00,1,973,97309,1,1,1,1,La Matourienne,4,
2.023E+11,21,1,2023,15:00,1,69,69388,2,3,1,6,Route de Vienne,45,
2.023E+11,2,8,2023,08:18,1,39,39030,1,1,8,1,N/A,47,
2.023E+11,21,1,2023,06:00,5,69,69388,2,1,4,6,Avenue Rockefeller,45,
2.023E+11,30,7,2023,06:20,1,987,98738,1,1,1,6,OUTUMAORO,-17,
2.023E+11,20,1,2023,17:11,2,69,69383,2,5,1,6,Avenue Maréchal de Saxe,45,
2.023E+11,21,1,2023,04:57,5,972,97213,1,1,1,6,AUTOROUTE A1,14,
2.023E+11,30,7,2023,06:10,1,64,64290,1,1,1,3,A 64 pk 87.100,43,
2.023E+11,21,1,2023,20:30,5,69,69389,2,1,1,2,Tunnel Routier de Fourvière,45,
2.023E+11,1,8,2023,17:15,1,38,38173,1,1,1,6,D1091,45,
2.023E+11,21,1,2023,10:30,1,2B,2B033,2,1,8,2,AV DE LA LIBERATION,42,
2.023E+11,28,7,2023,12:15,1,63,63272,1,1,1,6,A75,45,
2.023E+11,1,8,2023,09:55,1,34,34095,1,1,1,6,A9 aire de service de Montpellier-Fabrègues,43,
2.023E+11,20,1,2023,19:15,4,971,97113,1,1,1,2,BAS DU FORT,16,
2.023E+11,1,8,2023,22:20,3,13,13058,1,1,1,1,RD5,43,
2.023E+11,2,8,2023,15:20,1,24,24486,1,1,2,1,route nationale 21,45,
2.023E+11,28,7,2023,15:16,1,68,68118,2,1,1,1,Rue des Noyers,47,
2.023E+11,21,1,2023,11:32,1,88,88160,2,2,1,6,HUGO (AV. VICTOR-),48,
2.023E+11,2,8,2023,14:09,1,38,38029,1,1,1,2,A43,45,
2.023E+11,2,8,2023,08:24,1,34,34202,1,2,1,2,M5,43,
2.023E+11,21,1,2023,06:10,5,78,78350,2,1,1,1,VERSAILLES (ROUTE DE),48,
2.023E+11,2,8,2023,18:00,3,988,98811,1,1,1,1,RPN2,-21,
2.023E+11,20,1,2023,21:20,5,78,78498,2,2,1,3,CASTILLE AV BLANCHE DE,48,
2.023E+11,26,7,2023,00:19,3,44,44020,1,1,1,2,Route de Bouaye,47,
2.023E+11,21,1,2023,20:00,5,76,76319,2,9,1,3,Avenue de Caen,49,
2.023E+11,2,8,2023,10:12,1,37,37072,2,1,2,3,9 Avenue Saint Lazare,47,
2.023E+11,2,8,2023,08:20,1,91,91405,2,6,2,7,Avenue de Ganay,48,
2.023E+11,21,1,2023,17:09,2,76,76231,1,1,1,4,Rue du Neubourg,49,
2.023E+11,22,1,2023,01:40,5,71,71306,2,2,1,3,ALOUETTES (AVENUE DES),46,
2.023E+11,1,8,2023,17:50,1,34,34299,2,3,1,3,Rue Leo Lagrange,43,
2.023E+11,2,8,2023,13:42,1,5,5118,1,1,1,7,D948,44,
2.023E+11,21,1,2023,09:00,1,69,69264,2,1,2,3,Rue de Verdun,45,
2.023E+11,20,1,2023,18:05,5,62,62457,2,1,2,6,Route de Bruay,50,
2.023E+11,15,5,2023,07:00,1,13,13073,1,3,1,7,d8,43,
2.023E+11,21,1,2023,10:15,1,59,59350,2,2,9,3,LAMY AUGUSTE RUE,50,
2.023E+11,2,8,2023,10:45,1,13,13004,1,1,1,1,D570,43,
2.023E+11,21,1,2023,16:30,1,56,56162,2,6,1,3,Chemin de Lorient au passage Saint-Maurice,47,
2.023E+11,31,7,2023,06:30,1,67,67160,1,1,8,7,D927,48,
2.023E+11,21,1,2023,11:25,1,56,56162,2,6,7,6,1 Rue Mozart,47,
2.023E+11,1,8,2023,18:45,1,88,88196,2,1,1,3,36 Boulevard de la Jamagne,48,
2.023E+11,21,1,2023,15:50,1,51,51454,2,6,1,6,rue Francis Garnier,49,
2.023E+11,1,8,2023,14:42,1,88,88028,1,1,8,7,D11b,48,
2.023E+11,21,1,2023,08:20,1,51,51454,2,6,8,6,rond-point de la Défense,49,
2.023E+11,30,7,2023,01:30,4,63,63263,2,1,1,6,route de  Limoges / route de Ternant,45,
2.023E+11,21,1,2023,01:10,3,49,49099,1,6,8,6,ATLANTIQUE (AVENUE DE L'),47,
2.023E+11,1,8,2023,19:57,1,73,73013,1,1,8,6,D110 Route de l'Opinel,45,
2.023E+11,1,8,2023,11:25,1,38,38148,1,1,1,1,D16,45,
2.023E+11,21,1,2023,13:55,1,49,49007,2,1,1,3,Boulevard Charles Barangé,47,
2.023E+11,21,1,2023,08:00,5,47,47001,2,1,1,6,CARNOT (BD DU PRESIDENT),44,
2.023E+11,1,8,2023,17:30,1,7,7071,1,4,1,3,D16,44,
2.023E+11,20,1,2023,17:00,1,47,47001,2,1,1,6,SCALIGER (BOULEVARD),44,
2.023E+11,1,8,2023,20:25,1,50,50041,1,1,2,6,D901,49,
2.023E+11,20,1,2023,16:48,1,47,47032,2,1,1,2,REPUBLIQUE(RUE DE LA),44,
2.023E+11,28,7,2023,12:20,1,14,14047,2,1,1,6,7 Rue Alain Chartier,49,
2.023E+11,21,1,2023,15:50,1,37,37122,2,3,1,6,VERDUN (RUE DE),47,
2.023E+11,29,7,2023,11:20,1,22,22210,2,1,1,6,Rue du Port Pors Even,48,
2.023E+11,20,1,2023,16:14,1,35,35051,2,2,1,3,MOUCON (LIEU-DIT LE PETIT),48,
2.023E+11,30,7,2023,02:16,3,22,22210,1,1,1,6,D789,48,
2.023E+11,21,1,2023,01:10,4,35,35115,2,1,1,6,FAUCHEUX (BD JACQUES),48,
2.023E+11,31,7,2023,07:25,1,83,83090,1,1,1,6,A50,43,
2.023E+11,21,1,2023,06:40,5,33,33063,2,2,5,3,Quai de Bacalan,44,
2.023E+11,20,1,2023,17:45,1,29,29051,2,1,1,7,Rue de la Papeterie,48,
2.023E+11,1,8,2023,16:30,1,33,33063,1,1,1,3,ROCADE A 630,44,
2.023E+11,21,1,2023,22:20,5,29,29019,2,6,1,1,boulevard de l'Europe,48,
2.023E+11,21,1,2023,12:34,1,29,29019,2,1,1,2,avenue Georges Pompidou,48,
2.023E+11,1,8,2023,16:10,1,33,33192,1,1,1,3,AUTOROUTE A 63,44,
2.023E+11,21,1,2023,06:55,5,29,29019,2,2,1,3,rue Robespierre,48,
2.023E+11,19,7,2023,06:30,2,33,33281,1,1,1,2,ROCADE A 630,44,
2.023E+11,31,7,2023,22:35,5,92,92072,1,1,3,6,N118,48,
2.023E+11,16,1,2023,16:26,1,22,22360,2,6,1,3,FONTENELLE (RUE DE LA),48,
2.023E+11,31,7,2023,03:05,5,92,92025,1,1,1,6,A86,48,
2.023E+11,20,1,2023,08:30,1,18,18205,2,3,8,1,261 Rue André Charles Boullé,47,
2.023E+11,1,8,2023,18:10,1,93,93078,1,1,8,6,AUTOROUTE A104,48,
2.023E+11,1,8,2023,09:40,1,93,93066,1,1,1,6,AUTOROUTE A1,48,
2.023E+11,21,1,2023,23:00,5,13,13201,2,3,1,3,LONGCHAMP (BOULEVARD)   1 A 21,43,
2.023E+11,21,1,2023,18:50,5,13,13209,2,1,1,7,MORGIOU (chemin de ),43,
2.023E+11,1,8,2023,04:50,3,95,95572,1,1,2,2,A15,49,
2.023E+11,20,1,2023,14:30,1,13,13213,2,9,1,3,CHATEAU GOMBERT CHEMIN,43,
2.023E+11,20,1,2023,17:00,2,13,13047,2,1,6,6,RAYMOND FILIPPI AVENUE,43,
2.023E+11,1,8,2023,02:00,3,93,93064,1,1,3,5,AUTOROUTE A3,48,
2.023E+11,17,1,2023,07:30,2,13,13028,2,1,1,2,FONTSAINTE (AVENUE DE),43,
2.023E+11,31,7,2023,17:30,1,95,95582,1,1,2,6,D170,48,
2.023E+11,31,7,2023,13:20,1,92,92036,1,1,2,6,AUTOROUTE A15,48,
2.023E+11,21,1,2023,04:50,3,13,13001,1,1,1,7,PASCALIS PIERRE (CH),43,
2.023E+11,21,1,2023,09:00,1,6,6069,2,1,1,6,MISTRAL (AVENUE ET PLACE FREDERIC),43,
2.023E+11,31,7,2023,09:00,1,93,93078,1,1,1,4,AUTOROUTE A104,48,
2.023E+11,22,1,2023,16:55,1,75,75104,2,3,1,2,RUE GEOFFROY L ASNIER,48,
2.023E+11,31,7,2023,04:50,3,95,95277,1,1,1,6,A3,48,
2.023E+11,21,1,2023,15:40,1,75,75114,2,1,1,1,RUE ALAIN,48,
2.023E+11,31,7,2023,18:56,1,94,94073,1,1,3,3,A86,48,
2.023E+11,20,1,2023,23:00,5,75,75119,2,4,2,6,BOULEVARD PERIPHERIQUE EXTERIEUR NORD  ,48,
2.023E+11,25,4,2023,20:10,1,74,74010,2,9,1,2,GAMBETTA,45,
2.023E+11,22,1,2023,15:10,1,75,75119,2,7,1,6,BOULEVARD DE LA COMMANDERIE,48,
2.023E+11,24,4,2023,16:45,1,74,74010,2,1,1,6,PLAINE (AVENUE DE LA),45,
2.023E+11,22,1,2023,09:08,1,75,75119,2,1,1,6,RUE DES CHAUFOURNIERS,48,
2.023E+11,30,5,2023,07:28,1,74,74298,2,1,1,1,TANINGES (ROUTE DE ),46,
2.023E+11,22,1,2023,03:17,5,75,75112,2,2,1,3,RUE DE PICPUS,48,
2.023E+11,5,5,2023,23:15,5,74,74010,2,2,1,6,Parc des sport (Avenue du),45,
2.023E+11,22,1,2023,12:30,1,93,93070,2,1,1,1,Avenue du Capitaine Glarner,48,
2.023E+11,22,1,2023,10:45,1,93,93051,2,1,8,1,Route de Neuilly,48,
2.023E+11,4,5,2023,18:00,1,74,74010,1,1,1,5,ROCADE (BOULEVARD DE LA),45,
2.023E+11,22,1,2023,20:00,5,92,92012,2,1,1,2,GENERAL LECLERC (AVENUE DU) 1/33 - 2/58,48,
2.023E+11,4,5,2023,14:00,1,74,74010,2,2,1,3,SOMMEILLER,45,
2.023E+11,21,1,2023,13:50,1,92,92012,2,1,1,3,AGUESSEAU (RUE D') 91/FIN - 84/FIN,48,
2.023E+11,21,1,2023,10:20,1,9,9261,2,6,8,6,Boulevard du Général de Gaulle,42,
2.023E+11,21,1,2023,15:00,1,91,91648,1,1,1,1,D26,48,
2.023E+11,18,1,2023,13:30,1,95,95205,2,1,1,6,60 MARECHAL LECLERC (RUE DU),49,
2.023E+11,31,7,2023,10:55,1,974,97416,2,1,1,3,LORION (RUE LUC),-21,
2.023E+11,31,7,2023,11:30,1,972,97213,1,1,1,2,ROUTE DEPARTEMENTALE 3,14,
2.023E+11,21,1,2023,15:00,1,22,22206,1,1,1,5,pen christ,48,
2.023E+11,30,7,2023,00:50,5,972,97213,1,1,1,5,ROUTE NATIONALE 5,14,
2.023E+11,21,1,2023,11:20,1,57,57437,1,1,1,1,D654,49,
2.023E+11,29,7,2023,10:30,1,972,97209,1,1,1,6,RAVINE VILAINE (CHEMIN DEPARTEMENTAL DE),14,
2.023E+11,22,1,2023,05:50,3,81,81059,1,1,1,6,D84,43,
2.023E+11,30,7,2023,22:00,5,971,97120,2,9,2,6,NELSON MANDELA,16,
2.023E+11,16,1,2023,17:55,1,972,97221,1,1,1,6,N5,14,
2.023E+11,18,1,2023,13:45,1,67,67253,1,1,1,6,D220,48,