Num_Acc,jour,mois,an,hrmn,lum,dep,com,agg,int,atm,col,adr,lat,long
2.023E+11,12,5,2023,22:00,3,88,88114,1,1,1,1,D429,48,
2.023E+11,16,4,2023,18:20,1,94,94034,2,1,1,4,A86,48,
2.023E+11,16,4,2023,18:12,1,91,91086,1,1,1,4,RN 104,48,
2.023E+11,16,4,2023,15:50,1,94,94034,1,1,1,2,A86,48,
2.023E+11,15,4,2023,20:45,3,92,92019,1,1,1,3,RN385,48,
2.023E+11,16,4,2023,21:05,5,94,94017,1,1,1,2,A86,48,
2.023E+11,16,4,2023,00:40,3,77,77495,1,1,1,3,A5b,48,
2.023E+11,14,4,2023,08:30,1,93,93051,1,1,1,5,A4,48,
2.023E+11,14,4,2023,07:35,1,94,94017,1,1,1,2,A4,48,
2.023E+11,14,4,2023,17:40,1,972,97209,2,1,1,6,PAUL NARDAL (AVENUE),14,
2.023E+11,15,4,2023,10:00,1,972,97209,1,1,1,2,RD 41 (ROCADE),14,
2.023E+11,14,4,2023,08:50,1,972,97209,2,1,1,6,PROFESSEUR RAYMOND GARCIN (RUE DU),14,
2.023E+11,14,4,2023,22:50,5,2B,2B033,2,1,1,6,TOUTES RUES,42,
2.023E+11,22,5,2023,23:45,4,31,31555,2,1,1,5,VA007598 LESPINET A620 Sortie 20,43,
2.023E+11,15,4,2023,06:30,2,971,97101,1,1,1,2,GRAND CAMP(SECTION),16,
2.023E+11,15,4,2023,05:30,5,2A,2A004,2,1,8,1,COLONNA D'ORNANO COLONEL AV.,41,
2.023E+11,24,5,2023,19:21,1,29,29232,1,1,1,2,RN 165,47,
2.023E+11,14,4,2023,22:37,3,91,91339,1,1,2,6,RTE NATIONALE 20,48,
2.023E+11,22,5,2023,16:40,1,14,14118,2,1,1,3,916p Cours Montalivet,49,
2.023E+11,21,3,2023,19:10,2,86,86066,2,2,1,3,Avenue de Velbert,46,
2.023E+11,24,5,2023,02:35,3,13,13019,1,1,1,5,D60 A,43,
2.023E+11,14,4,2023,16:00,1,83,83144,1,1,1,5,SAINTE CLAIRE (AVENUE),43,
2.023E+11,11,4,2023,13:45,1,83,83126,2,1,1,6,BLUM (RUE LEON),43,
2.023E+11,24,5,2023,21:50,5,13,13214,2,4,1,5,GIBBES (CHEMIN DE),43,
2.023E+11,15,4,2023,08:52,1,78,78490,2,6,3,3,SAINT GERMAIN (AVENUE DE),48,
2.023E+11,24,5,2023,15:40,1,13,13202,2,1,1,1,CAMILLE PELLETAN (AVENUE),43,
2.023E+11,14,4,2023,19:45,2,78,78498,2,1,2,6,SCHWEITZER RUE DU DOCTEUR,48,
2.023E+11,24,5,2023,11:15,1,13,13209,2,1,1,1,REDON (BOULEVARD DU),43,
2.023E+11,14,4,2023,21:30,5,72,72181,2,1,1,4,JAURES JEAN (AV) N° IMP 35 A 179,47,
2.023E+11,14,4,2023,18:25,1,72,72095,2,3,1,4,SAINT NICOLAS (BD),48,
2.023E+11,24,5,2023,08:20,1,13,13005,1,3,1,3,PALUDS (AVENUE DES),43,
2.023E+11,14,4,2023,19:05,1,72,72181,2,1,1,3,JACOBINS (PL DES),48,
2.023E+11,5,4,2023,07:05,1,11,11262,2,1,1,6,50 Avenue du General Leclerc,43,
2.023E+11,14,4,2023,13:25,1,72,72181,1,1,2,1,TOURS (RTE) LIGNE DROITE DES HUNAUDIERES,47,
2.023E+11,15,4,2023,11:20,1,71,71486,2,1,2,6,WALDECK ROCHET (AVENUE),46,
2.023E+11,24,5,2023,11:00,1,7,7281,2,2,1,6,MALET (RUE FERNINAND),44,
2.023E+11,15,4,2023,03:50,5,69,69264,2,6,2,6,Boulevard Burdeau,45,
2.023E+11,24,5,2023,18:15,1,6,6069,1,3,1,3,SAINT JOSEPH (CHEMIN ET PLACE),43,
2.023E+11,15,4,2023,15:20,1,69,69264,2,1,1,6,747 Route de Frans,45,
2.023E+11,5,3,2023,15:00,1,51,51250,2,3,8,4,N31,49,
2.023E+11,24,5,2023,19:10,1,75,75120,2,1,1,2,PORTE DE BAGNOLET,48,
2.023E+11,15,4,2023,23:53,5,64,64102,2,1,1,6,AQUITAINE (AVENUE DE L'),43,
2.023E+11,5,3,2023,16:23,1,9,9130,1,1,1,7,route forrestière,42,
2.023E+11,24,5,2023,16:42,1,75,75116,2,1,1,3,BOULEVARD PERIPHERIQUE,48,
2.023E+11,15,4,2023,17:36,1,62,62250,1,1,1,1,D39,50,
2.023E+11,4,3,2023,19:50,2,44,44159,1,1,1,1,,47,
2.023E+11,23,5,2023,10:20,1,75,75116,2,1,1,7,BD PERIPHERIQUE INTERIEUR,48,
2.023E+11,23,5,2023,06:00,2,75,75114,2,1,1,7,BD PERIPHERIQUE INTERIEUR,48,
2.023E+11,6,4,2023,15:50,1,62,62628,2,3,1,2,Rue de Courtaigne,50,
2.023E+11,4,3,2023,12:05,1,13,13070,1,1,1,2,A50-Sens Aubagne vers Marseille,43,
2.023E+11,24,5,2023,10:00,1,75,75117,2,1,1,2,BD PERIPHERIQUE EXTERIEUR OUEST,48,
2.023E+11,15,4,2023,21:15,1,59,59599,2,3,1,3,FOREST (CHAUSSEE FERNAND),50,
2.023E+11,4,3,2023,10:55,1,13,13211,1,1,1,2,A50-Sens Aubagne vers Marseille,43,
2.023E+11,24,5,2023,19:45,1,75,75108,2,1,1,6,AVENUE DE WAGRAM,48,
2.023E+11,15,4,2023,16:35,1,54,54197,2,1,1,2,SAINT-EXUPERY (RUE ANTOINE DE),48,
2.023E+11,4,3,2023,08:30,1,13,13026,1,1,1,2,A55-Sens Marseille vers Martigues,43,
2.023E+11,24,5,2023,20:10,1,75,75115,2,2,1,6,AVENUE DE LA MOTTE PICQUET,48,
2.023E+11,19,2,2023,01:35,3,13,13210,1,1,1,2,S10CD-Sens Aubagne vers Marseille,43,
2.023E+11,14,4,2023,17:49,1,54,54184,1,1,1,4,route de l'Amezule,48,
2.023E+11,24,5,2023,07:00,1,75,75114,2,2,1,3,RUE DE GERGOVIE,48,
2.023E+11,24,5,2023,19:50,1,75,75113,2,1,1,6,QUAI D AUSTERLITZ,48,
2.023E+11,5,3,2023,13:30,1,69,69199,1,1,1,5,Route Départementale 383,45,
2.023E+11,14,4,2023,18:00,1,51,51454,2,2,1,6,avenue du Général Bonaparte,49,
2.023E+11,4,3,2023,13:10,1,69,69266,1,1,1,3,Route Départementale 383 ,45,
2.023E+11,24,5,2023,08:10,1,75,75112,2,2,1,3,QUAI DE LA RAPEE,48,
2.023E+11,15,4,2023,21:40,3,51,51431,1,2,1,3,D951,49,
2.023E+11,12,11,2023,21:00,3,4,4157,1,1,1,7,Route de Moustiers - D56 PK17,,
2.023E+11,24,5,2023,23:10,5,75,75111,2,1,1,3,BOULEVARD DE BELLEVILLE,48,
2.023E+11,5,3,2023,03:20,4,33,33192,1,1,1,2,ROCADE A 630,44,
2.023E+11,15,4,2023,14:30,1,49,49007,2,2,1,3,MAINE,47,
2.023E+11,9,11,2023,09:50,1,85,85227,1,1,8,6,D745,46,
2.023E+11,5,3,2023,17:00,1,91,91339,1,1,1,7,RN 104,48,
2.023E+11,24,5,2023,19:45,1,75,75110,2,1,1,7,BOULEVARD DE MAGENTA,48,
2.023E+11,5,3,2023,08:20,1,91,91086,1,1,1,6,RN 104,48,
2.023E+11,15,4,2023,13:20,1,45,45308,1,1,2,2,90 Route de Saint-Jean de Braye,47,
2.023E+11,13,11,2023,17:20,1,27,27243,1,1,1,2,Route d'Honfleur,49,
2.023E+11,24,5,2023,09:50,1,75,75109,2,3,1,6,RUE DU HAVRE,48,
2.023E+11,4,3,2023,22:05,3,91,91174,1,1,1,4,RN 104,48,
2.023E+11,13,11,2023,06:40,5,27,27622,2,1,2,6,Route de Beaumont,49,
2.023E+11,14,4,2023,17:15,1,45,45234,2,1,1,3,18bis Rue des Montées,47,
2.023E+11,23,5,2023,18:40,1,75,75108,2,5,1,3,AVENUE DES CHAMPS ELYSEES,48,
2.023E+11,12,11,2023,19:50,3,28,28319,1,1,2,6,D2020,48,
2.023E+11,4,3,2023,05:40,5,86,86194,2,2,1,6,Avenue du 11 Novembre,46,
2.023E+11,3,3,2023,18:26,1,72,72181,2,6,1,6,rue Martial VIVET,48,
2.023E+11,13,11,2023,07:50,1,17,17211,1,2,1,7,D150 et rue de la montagne PK 8+500,46,
2.023E+11,24,5,2023,17:15,1,75,75102,2,2,1,3,BOULEVARD DES CAPUCINES,48,
2.023E+11,10,4,2023,15:00,1,34,34301,2,3,1,3,59 Boulevard Camille Blanc,43,
2.023E+11,10,11,2023,19:05,3,17,17113,2,9,2,7,Route du Bourg,45,
2.023E+11,3,3,2023,12:20,1,69,69290,1,5,1,3,100 Route de Lyon,45,
2.023E+11,23,5,2023,11:50,1,94,94052,2,1,1,6,Avenue de Joinville,48,
2.023E+11,15,4,2023,12:30,1,33,33529,2,1,1,3,rue Lagrua,44,
2.023E+11,12,11,2023,11:55,1,30,30004,2,7,1,6,5 Place Emile Jamais,43,
2.023E+11,3,3,2023,18:52,1,64,64024,2,1,1,3,BAB (BOULEVARD DU),43,
2.023E+11,24,5,2023,15:22,1,94,94003,2,1,1,7,Avenue Aristide Briand,48,
2.023E+11,14,4,2023,17:20,1,30,30007,2,3,2,3,Avenue des Maladreries,44,
2.023E+11,11,11,2023,18:30,3,67,67388,1,1,2,1,D1062,48,
2.023E+11,3,3,2023,15:50,1,54,54357,2,4,8,6,QUINZE SEPTEMBRE 1944 (RUE DU),48,
2.023E+11,23,5,2023,13:15,1,94,94037,2,3,1,3,Avenue Paul Vaillant-couturier,48,
2.023E+11,4,3,2023,15:55,1,973,97302,2,1,1,3,MADELEINE (ROUTE DE LA),4,
2.023E+11,14,4,2023,18:30,1,30,30243,2,3,2,4,N/A,44,
2.023E+11,24,5,2023,16:40,1,94,94070,2,1,1,2,Route de Paris,48,
2.023E+11,3,3,2023,19:50,4,973,97302,1,9,1,3,GIRATOIRE MARINGOUINS,4,
2.023E+11,13,11,2023,08:15,2,31,31351,2,1,7,6,4 Chemin des Panedautes,43,
2.023E+11,15,4,2023,19:00,1,25,25388,2,4,2,2,GRAND -CHARMONT (ROUTE DE),47,
2.023E+11,4,3,2023,16:00,1,69,69388,2,1,1,6,Boulevard des Etats-Unis,45,
2.023E+11,24,5,2023,16:15,1,93,93078,2,9,1,3,Avenue des Nations,48,
2.023E+11,13,11,2023,06:50,3,82,82085,1,1,1,2,A62 - PK 183+450,43,
2.023E+11,15,4,2023,19:18,1,25,25056,1,1,1,6,route de gray,47,
2.023E+11,3,3,2023,07:00,1,972,97209,1,1,1,2,RD 41 (ROCADE),14,
2.023E+11,12,11,2023,18:25,3,44,44026,1,9,2,6,N/A,47,
2.023E+11,4,3,2023,00:25,3,971,97101,2,1,1,2,ROUTE DES ABYMES,16,
2.023E+11,23,5,2023,18:50,1,93,93073,2,2,1,3,Rue Louis Eschard / Rue de la Raperie,48,
2.023E+11,14,4,2023,19:58,1,17,17306,2,1,1,3,REPUBLIQUE (DE LA) (BD),45,
2.023E+11,4,3,2023,05:00,5,91,91114,2,1,1,7,RUE TALMA,48,
2.023E+11,15,4,2023,18:55,1,17,17300,2,1,1,3,MARILLAC   QUAI,46,
2.023E+11,8,11,2023,08:08,1,6,6085,1,1,1,5,A8,,
2.023E+11,24,5,2023,11:51,1,93,93066,2,1,1,3,Rue Charles Michels,48,
2.023E+11,2,4,2023,03:20,4,15,15014,2,1,2,6,Rue des Malaudes,44,
2.023E+11,4,3,2023,14:55,1,71,71306,2,1,1,3,PAGEOT (RUE DE LA PLACE ),46,
2.023E+11,10,11,2023,08:20,1,86,86297,1,1,1,2,A10,46,
2.023E+11,4,3,2023,10:15,1,64,64102,2,1,1,3,CAMOUSEIGT (ALLEE DE),43,
2.023E+11,24,5,2023,17:27,1,93,93051,2,6,1,3,Rue du Docteur Vaillant / Rue Camille Flammarion,48,
2.023E+11,15,4,2023,20:15,2,13,13001,2,2,1,2,BRIAND ARISTIDE (BD),43,
2.023E+11,11,11,2023,08:30,1,73,73104,1,1,1,6,A 43,45,
2.023E+11,3,3,2023,16:30,1,62,62587,2,3,1,3,D46,50,
2.023E+11,15,4,2023,13:00,1,9,9122,2,9,2,2,VILLOTE (ALLEES DE),42,
2.023E+11,14,5,2023,17:30,1,93,93048,2,3,1,3,Avenue Paul Signac / Boulevard Aristide Briand,48,
2.023E+11,13,11,2023,08:45,1,988,98808,1,1,1,7,RPN3,-21,
2.023E+11,3,3,2023,12:00,1,62,62270,1,1,1,5,D301,50,
2.023E+11,15,4,2023,09:10,1,6,6088,2,4,1,3,ST LAMBERT A PARTIR DU N° 131),43,
2.023E+11,13,11,2023,07:30,5,29,29005,2,1,3,6,Rue Jean-Marie Carer,47,
2.023E+11,24,5,2023,15:50,1,93,93046,2,3,1,3,Avenue Aristide Briand / Boulevard Gutenberg,48,
2.023E+11,3,3,2023,17:55,2,60,60057,2,9,2,6,Boulevard du Général de Gaulle,49,
2.023E+11,15,4,2023,06:50,2,6,6029,2,1,1,6,CROISETTE (BOULEVARD DE),43,
2.023E+11,9,11,2023,00:45,4,77,77257,2,1,2,1,D17,49,
2.023E+11,15,4,2023,21:00,5,6,6027,2,9,8,2,PLAGE BOULEVARD DE LA,43,
2.023E+11,4,3,2023,18:30,2,42,42187,2,2,1,3,Boulevard Jean-Baptiste Clément,46,
2.023E+11,28,5,2023,17:20,1,93,93032,2,2,1,3,Avenue de l'Abbaye / Avenue Guynemer,48,
2.023E+11,15,4,2023,10:30,1,75,75113,2,1,2,2,QUAI D IVRY,48,
2.023E+11,13,11,2023,18:47,5,78,78090,1,4,1,1,D44,48,
2.023E+11,23,5,2023,19:40,1,93,93032,2,1,1,6,Avenue Jean Jaurès,48,
2.023E+11,4,3,2023,19:45,1,37,37261,2,1,1,4,SANITAS (PONT DU),47,
2.023E+11,13,11,2023,15:00,1,84,84141,2,1,1,1,Rue de la Groseillere,43,
2.023E+11,13,4,2023,08:50,1,75,75118,2,1,1,5,PORTE DE CLIGNANCOURT,48,
2.023E+11,24,5,2023,17:30,1,93,93001,2,1,1,3,Rue Henri Manigart,48,
2.023E+11,11,11,2023,01:20,3,6,6048,2,1,1,6,D2204,43,
2.023E+11,4,3,2023,19:00,2,37,37122,2,3,1,6,VERDUN (RUE DE),47,
2.023E+11,12,11,2023,14:45,1,88,88344,1,1,3,7,D71,48,
2.023E+11,15,4,2023,18:05,1,75,75116,2,1,1,2,BOULEVARD PERIPHERIQUE INTERIEUR OUEST,48,
2.023E+11,24,5,2023,12:50,1,93,93001,2,1,1,5,Boulevard Félix Faure,48,
2.023E+11,4,3,2023,23:40,5,33,33063,2,2,1,3,Avenue d'Ares,44,
2.023E+11,13,11,2023,07:45,2,57,57206,2,1,3,6,53 Avenue Jeanne d'Arc,49,
2.023E+11,15,4,2023,14:15,1,75,75120,2,3,1,6,RUE DE BAGNOLET,48,
2.023E+11,12,11,2023,21:45,3,57,57160,1,1,3,6,D23a,49,
2.023E+11,4,3,2023,18:52,2,33,33063,2,2,1,3,Rue Bellus Mareilhac,44,
2.023E+11,23,5,2023,17:27,1,93,93001,2,9,1,3,Avenue du Président Roosevelt,48,
2.023E+11,14,4,2023,03:00,5,75,75117,2,2,1,3,AVENUE DE WAGRAM,48,
2.023E+11,3,3,2023,05:30,5,33,33119,2,1,1,1,Rue Frédéric Joliot-Curie,44,
2.023E+11,12,11,2023,15:40,1,1,1262,1,2,2,2,Route de Tramoyes,45,
2.023E+11,24,5,2023,16:10,1,92,92064,1,1,1,7,PARC SAINT CLOUD,48,
2.023E+11,4,3,2023,16:05,1,31,31555,2,1,1,3,CHE DE FENOUILLET,43,
2.023E+11,10,11,2023,22:34,3,1,1211,1,1,2,6,D22,46,
2.023E+11,14,4,2023,23:30,5,75,75116,2,2,1,1,ALLEE DE LONGCHAMP,48,
2.023E+11,24,5,2023,01:30,5,92,92051,2,1,1,6,GENERAL CORDONNIER (RUE DU),48,
2.023E+11,4,3,2023,05:10,3,29,29232,1,1,1,6,Pont de Poulguinan,47,
2.023E+11,15,4,2023,16:00,1,75,75112,2,1,1,2,QUAI DE LA RAPEE,48,
2.023E+11,4,3,2023,14:33,1,29,29019,2,1,1,2,rue Commandant Somme-Py,48,
2.023E+11,24,5,2023,09:40,1,92,92040,2,2,1,4,GALLIENI (BOULEVARD),48,
2.023E+11,6,11,2023,13:44,1,33,33184,1,2,3,3,les forgettes,45,
2.023E+11,15,4,2023,19:38,1,75,75110,2,2,1,3,RUE DU FAUBOURG SAINT MARTIN,48,
2.023E+11,15,4,2023,23:30,5,75,75107,2,1,1,7,QUAI D ORSAY,48,
2.023E+11,24,5,2023,12:00,1,92,92025,2,2,1,6,CHARLES DE GAULLE (BD),48,
2.023E+11,4,3,2023,18:15,1,18,18279,2,2,1,3,9 Rue Blanche Baron,47,
2.023E+11,12,11,2023,18:35,5,33,33449,1,1,1,1,D1215,44,
2.023E+11,12,4,2023,06:30,2,75,75101,2,3,2,6,RUE DE VALOIS,48,
2.023E+11,23,5,2023,22:40,5,92,92071,2,1,1,6,DESGRANGES (BOULEVARD DES),48,
2.023E+11,4,3,2023,20:45,3,18,18033,1,1,8,2,Avenue d'Issoudun,47,
2.023E+11,12,11,2023,18:30,3,22,22081,2,9,2,3,Rue Morin,48,
2.023E+11,14,4,2023,12:50,1,94,94076,2,1,2,6,Boulevard Maxime Gorki,48,
2.023E+11,4,3,2023,10:15,1,13,13075,2,1,1,6,GENERAL DE GAULLE (MAIL),43,
2.023E+11,24,5,2023,12:20,1,92,92012,2,1,1,6,JEAN BAPTISTE CLEMENT (AVENUE) 49/FIN -,48,
2.023E+11,13,11,2023,15:45,1,27,27279,2,2,2,6,Avenue du General de Gaulle,49,
2.023E+11,15,4,2023,09:30,1,94,94002,2,2,2,3,Rue de Dijon / Rue de Grenoble,48,
2.023E+11,24,5,2023,15:48,1,92,92004,2,1,1,6,COLOMBES ( RUE DE 31 A ),48,
2.023E+11,3,3,2023,15:15,1,13,13212,2,1,1,2,JEAN RAMEAU (RUE),43,
2.023E+11,13,11,2023,12:45,1,59,59174,1,1,3,1,D27,50,
2.023E+11,24,5,2023,15:20,1,92,92004,2,1,1,3,FAIDHERBE ( AVENUE ),48,
2.023E+11,15,4,2023,12:30,1,93,93073,2,6,1,1,Place Pierre Curie / Rue de Reims,48,
2.023E+11,4,3,2023,18:38,2,13,13005,2,1,1,3,VERDUN (AVENUE DE),43,
2.023E+11,12,11,2023,19:50,3,13,13055,1,1,1,2,A50-Sens Marseille vers Aubagne,43,
2.023E+11,4,3,2023,23:25,5,10,10387,2,1,1,1,CARNOT (RUE),48,
2.023E+11,14,4,2023,22:16,5,93,93063,2,1,2,1,Boulevard Roger Salengro,48,
2.023E+11,24,5,2023,11:15,1,92,92004,2,1,1,3,VOLTAIRE ( BD 16 A FIN ),48,
2.023E+11,10,11,2023,19:00,3,13,13211,1,1,1,4,A50-Sens Marseille vers Aubagne,43,
2.023E+11,4,3,2023,14:55,1,10,10387,2,2,1,3,EDOUARD HERRIOT (RUE),48,
2.023E+11,25,5,2023,15:15,1,76,76281,1,1,1,3,D110,49,
2.023E+11,14,4,2023,22:54,5,92,92063,2,2,1,1,HOPITAL STELL (BOULEVARD DE L'),48,
2.023E+11,4,3,2023,14:11,1,10,10387,2,3,1,6,REPUBLIQUE (RUE DE LA ),48,
2.023E+11,6,11,2023,16:40,1,42,42218,1,1,1,3,N88,45,
2.023E+11,4,3,2023,04:40,5,9,9225,2,9,1,6,RIJOLE AVENUE DE LA,43,
2.023E+11,15,4,2023,11:15,1,92,92050,2,1,2,1,VAILLANT COUTURIER PAUL RUE,48,
2.023E+11,25,5,2023,16:35,1,80,80151,1,1,1,1,D929,49,
2.023E+11,2,3,2023,20:30,5,72,72181,2,4,1,6,AUVRAY (RUE) N° PAIRS,48,
2.023E+11,15,4,2023,12:18,1,92,92062,2,1,8,6,DEFENSE (ROND POINT DE LA),48,
2.023E+11,27,2,2023,16:20,1,29,29019,2,1,1,6,rue Joachim du Bellay,48,
2.023E+11,12,11,2023,18:45,3,33,33448,1,1,2,2,AUTOROUTE A 62,44,
2.023E+11,8,2,2023,10:45,1,13,13056,2,1,1,6,BOUIN RUE JEAN,43,
2.023E+11,15,4,2023,09:29,1,92,92024,2,6,2,1,REPUBLIQUE (PLACE DE LA),48,
2.023E+11,12,11,2023,18:10,4,33,33167,1,1,2,3,ROUTE NATIONALE 230,44,
2.023E+11,23,5,2023,11:30,1,67,67507,2,9,1,6,3 Rue de Breitenau,48,
2.023E+11,27,2,2023,19:10,5,13,13047,2,6,2,6,RADOLFZELL AVENUE DE,43,
2.023E+11,12,11,2023,20:40,3,91,91549,1,1,2,6,RN 104,48,
2.023E+11,15,4,2023,05:50,5,92,92004,2,3,2,3,VOLTAIRE ( BD ),48,
2.023E+11,25,5,2023,11:10,1,972,97210,1,1,1,6,N6,14,
2.023E+11,12,11,2023,13:41,1,91,91617,1,1,2,3,RN 104,48,
2.023E+11,26,2,2023,23:15,5,75,75111,2,3,1,6,AVENUE PARMENTIER,48,
2.023E+11,16,4,2023,10:40,1,33,33453,1,3,1,3,Saint Laurent,44,
2.023E+11,1,3,2023,16:58,1,93,93057,2,1,1,1,Chemin des Postes,48,
2.023E+11,12,11,2023,06:45,3,91,91235,1,1,2,5,RN 104,48,
2.023E+11,24,4,2023,17:00,1,52,52147,1,1,1,2,A31 PK 108+000,47,
2.023E+11,26,2,2023,11:23,1,92,92025,2,1,1,6,MENELOTTE 2A 50 (AV),48,
2.023E+11,12,11,2023,12:45,1,78,78466,1,1,2,2,A13,48,
2.023E+11,14,5,2023,18:25,1,1,1143,1,1,2,1,Chemin du Munet,46,
2.023E+11,15,4,2023,19:50,2,972,97216,2,3,1,3,intersection RN1/D15,14,
2.023E+11,2,3,2023,11:30,1,92,92012,2,1,1,6,POINT DU JOUR (QUAI DU),48,
2.023E+11,12,11,2023,17:00,3,95,95678,1,1,2,6,N104,49,
2.023E+11,25,5,2023,16:15,1,25,25067,1,1,1,6,A36 PK 072.000 SENS BESANÇON/MULHOUSE,47,
2.023E+11,12,11,2023,16:00,1,93,93005,1,1,3,6,AUTOROUTE A1,48,
2.023E+11,4,3,2023,10:15,1,988,98818,2,3,2,4,RUE JACQUES IEKAWE/RUE EDOUARD DALMAYRAC,-22,
2.023E+11,25,5,2023,01:00,3,59,59173,1,1,1,6,M945,50,
2.023E+11,14,4,2023,21:20,3,34,34123,1,1,1,7,N109,43,
2.023E+11,3,3,2023,13:55,1,974,97411,2,1,1,7,TOPAZES(ALLEE DES),-20,
2.023E+11,12,11,2023,13:50,1,93,93006,1,1,3,2,AUTOROUTE A3,48,
2.023E+11,16,4,2023,03:15,3,38,38113,1,1,1,7,Départementale 526,44,
2.023E+11,4,3,2023,00:45,5,974,97409,2,9,1,6,PENTE SASSY (chemin de la),-20,
2.023E+11,12,11,2023,15:50,1,95,95572,1,1,3,6,A15,49,
2.023E+11,24,5,2023,14:40,1,72,72058,1,2,1,4,D304,47,
2.023E+11,12,11,2023,15:00,1,93,93078,1,1,3,6,AUTOROUTE A104,48,
2.023E+11,14,4,2023,21:35,4,34,34095,1,1,1,2,RM613 PR 41+550,43,
2.023E+11,3,3,2023,12:10,1,973,97302,2,1,1,2,LALLOUETTE(RUE),4,
2.023E+11,25,5,2023,08:54,1,85,85109,1,4,1,1,la Garlopière,46,
2.023E+11,12,11,2023,13:30,1,95,95252,1,1,3,6,A15,48,
2.023E+11,4,3,2023,01:14,5,69,69386,2,2,1,1,Cours Lafayette,45,
2.023E+11,16,4,2023,15:10,1,56,56173,1,2,1,3,646 Kercadoret Pennaut,47,
2.023E+11,25,5,2023,13:15,1,67,67194,2,6,1,6,4 Rue de Drusenheim,48,
2.023E+11,12,11,2023,10:40,1,95,95018,1,1,2,6,A15,48,
2.023E+11,3,3,2023,13:05,1,972,97209,2,1,1,3,MARNE (BOULEVARD DE LA),14,
2.023E+11,16,4,2023,08:30,1,65,65435,1,1,1,6,D920,42,
2.023E+11,15,4,2023,01:30,5,11,11206,2,1,3,6,N/A,43,
2.023E+11,2,3,2023,17:50,1,69,69389,2,2,1,6,Rue du Bourbonnais,45,
2.023E+11,11,11,2023,23:20,3,93,93013,1,1,1,3,AUTOROUTE A1,48,
2.023E+11,23,5,2023,09:00,1,24,24309,1,1,1,7,A 89 Pk 97.500,45,
2.023E+11,3,3,2023,16:30,1,95,95427,2,1,8,6,Rue Maurice Berteaux,48,
2.023E+11,11,11,2023,11:30,1,92,92036,1,1,1,2,AUTOROUTE A15,48,
2.023E+11,24,5,2023,19:00,1,44,44009,1,1,1,2,,47,
2.023E+11,15,4,2023,19:20,1,22,22079,1,1,1,7,Les Bourrieux,48,
2.023E+11,3,3,2023,20:06,5,91,91425,2,3,1,6,RTE D ORLEANS RN 20,48,
2.023E+11,22,5,2023,17:30,1,51,51266,2,1,1,6,Rue d?Avenay,49,
2.023E+11,11,11,2023,17:30,2,77,77053,1,1,2,3,RN104,48,
2.023E+11,3,3,2023,22:05,3,91,91432,2,1,1,7,RD 118,48,
2.023E+11,15,4,2023,18:25,1,44,44126,1,2,1,3,84 Route de la Prée,47,
2.023E+11,3,3,2023,22:00,5,91,91286,2,1,1,3,1ERE ARMEE (AVENUE),48,
2.023E+11,25,5,2023,08:40,1,56,56075,1,3,1,1,La Meaudaie,47,
2.023E+11,17,7,2023,11:49,1,13,13053,2,2,1,2,D23e,43,
2.023E+11,16,4,2023,02:49,3,38,38263,1,1,1,6,655 Grand Chemin Royal,45,
2.023E+11,24,5,2023,18:50,1,79,79063,1,1,1,7,,47,
2.023E+11,1,3,2023,14:00,1,87,87085,2,1,1,4,BAC (RUE THEODORE),45,
2.023E+11,16,4,2023,04:30,3,38,38104,1,1,8,6,RD592,45,
2.023E+11,30,7,2023,01:00,5,13,13096,2,1,1,1,D38b,43,
2.023E+11,15,4,2023,22:45,3,1,1457,1,4,8,6,Route de Chaveyriat,46,
2.023E+11,19,6,2023,23:55,5,71,71270,2,1,1,7,LAGUICHE (RUE PHILIBERT),46,
2.023E+11,24,5,2023,08:00,1,82,82144,1,2,1,3,d959,44,
2.023E+11,3,3,2023,16:30,1,77,77132,2,1,1,7,AV ROBERT SCHUMAN,48,
2.023E+11,22,6,2023,11:15,1,62,62160,2,2,1,6,Rue Nationale,50,
2.023E+11,27,3,2023,15:35,1,72,72191,1,3,1,6,Hameau de Sainte Croix,47,
2.023E+11,3,3,2023,07:50,1,76,76351,2,6,1,6,FRISSARD (QUAI),49,
2.023E+11,15,4,2023,10:15,1,72,72320,1,6,1,3,D197,48,
2.023E+11,30,5,2023,12:10,1,91,91228,2,9,1,3,RUE DE LA MARE NEUVE,48,
2.023E+11,24,5,2023,21:55,2,63,63420,1,2,1,3,RD2089 / RD104,45,
2.023E+11,2,3,2023,15:25,1,76,76351,2,1,1,1,ALBERT 1ER,49,
2.023E+11,14,4,2023,15:45,1,7,7090,2,3,1,1,Grand rue,44,
2.023E+11,10,11,2023,16:40,1,976,97611,2,1,1,6,Rue de la plage hamaha,-12,
2.023E+11,25,5,2023,18:40,1,76,76638,1,2,1,3,D1314,50,
2.023E+11,15,4,2023,20:45,2,40,40044,1,1,1,3,D817,43,
2.023E+11,3,3,2023,21:35,3,71,71105,1,3,1,5,BALME (CHEMIN DE),46,
2.023E+11,11,11,2023,11:55,1,974,97416,1,1,1,6,RN1(BRETELLE ACCES),-21,
2.023E+11,16,4,2023,06:50,1,85,85051,1,1,1,6,RD137,46,
2.023E+11,25,5,2023,15:58,1,12,12088,1,1,1,7,Lieu Dit Longueroque,44,
2.023E+11,2,3,2023,16:20,1,71,71076,2,1,1,6,MESSAGERIES (QUAI DES ),46,
2.023E+11,24,5,2023,18:55,1,68,68202,2,1,1,7,Rue des Bonnes-gens,47,