Num_Acc,jour,mois,an,hrmn,lum,dep,com,agg,int,atm,col,adr,lat,long
2.023E+11,9,11,2023,13:45,1,59,59350,2,1,8,6,FAUBOURG DES POSTES RUE,50,
2.023E+11,5,3,2023,14:30,1,36,36058,1,1,1,7,D951,46,
2.023E+11,22,5,2023,22:20,4,25,25388,2,2,1,3,GAUGUIN (RUE PAUL),47,
2.023E+11,3,3,2023,20:10,2,85,85102,1,1,1,3,49 Route de Palluau,46,
2.023E+11,11,11,2023,09:50,1,56,56162,2,1,1,6,EGLISE (PLACE DE L'),47,
2.023E+11,20,5,2023,00:15,3,24,24053,1,1,1,1,RESISTANCE (AVENUE),45,
2.023E+11,5,3,2023,12:50,1,30,30184,1,1,1,6,,43,
2.023E+11,22,5,2023,13:38,1,15,15014,2,1,3,6,TRONQUIERES (AVENUE DE),44,
2.023E+11,9,11,2023,08:20,1,56,56083,2,6,8,3,PARCO ( R-P DU ),47,
2.023E+11,4,3,2023,16:10,1,987,98738,1,3,1,3,RT1 Pk 16 face en chemin d'accès à la résidence Te maruata,-17,
2.023E+11,8,11,2023,14:20,1,56,56121,2,1,1,6,MENDES FRANCE ( BD PIERRE ),47,
2.023E+11,5,3,2023,13:00,1,6,6152,1,1,1,7,4174 Route du Parc,43,
2.023E+11,23,5,2023,15:10,1,13,13206,2,2,1,5,ROME (RUE DE),43,
2.023E+11,27,2,2023,22:00,3,66,66195,1,1,6,6,N116,42,
2.023E+11,10,11,2023,19:00,5,54,54167,2,1,3,4,Avenue du Marechal Foch,48,
2.023E+11,4,3,2023,20:50,3,58,58238,1,1,1,7,Route de Chaluzy,47,
2.023E+11,23,5,2023,12:00,1,11,11069,2,1,1,3,87 Rue de la Liberte,43,
2.023E+11,8,11,2023,08:30,2,54,54547,2,1,1,6,Avenue du Général Leclerc,48,
2.023E+11,23,5,2023,15:40,1,6,6088,2,1,1,6,FABRON (AV. DE) (A PARTIR DU N° 79),43,
2.023E+11,5,3,2023,03:15,4,34,34095,1,1,1,2,A9 ,43,
2.023E+11,11,11,2023,10:35,1,54,54321,1,1,1,1,Rue Ernest Hemingway,49,
2.023E+11,23,5,2023,06:45,1,6,6027,2,1,1,6,PLAGE BOULEVARD DE LA,43,
2.023E+11,5,3,2023,07:20,2,11,11262,1,1,1,2,A9,43,
2.023E+11,23,5,2023,19:30,1,3,3101,1,1,1,6,RN 145,46,
2.023E+11,9,11,2023,16:26,2,54,54254,1,3,2,3,D196,49,
2.023E+11,5,3,2023,06:45,3,51,51242,1,1,1,3,A26,48,
2.023E+11,23,5,2023,18:40,1,2,2408,2,3,1,3,98 Avenue Pierre Mendès-France,49,
2.023E+11,25,2,2023,12:30,1,987,98714,1,1,1,1,Anau  - Montée du CET,-16,
2.023E+11,11,11,2023,15:00,1,51,51454,2,2,8,3,CHAILLOT (RUE),49,
2.023E+11,4,3,2023,16:13,1,974,97412,2,1,1,2,62 Rue Raphaël Babet,-21,
2.023E+11,23,5,2023,15:00,1,75,75120,2,3,1,3,RUE DE BAGNOLET,48,
2.023E+11,9,11,2023,08:30,1,51,51573,2,1,2,2,GRANDE RUE,49,
2.023E+11,4,3,2023,14:30,1,978,97801,2,1,1,3,R CHARLES TONDU,18,
2.023E+11,23,5,2023,10:15,1,75,75120,2,3,1,2,RUE LEVERT,48,
2.023E+11,9,11,2023,07:40,2,51,51454,2,2,2,1,PAIX (BOULEVARD DE LA),49,
2.023E+11,4,3,2023,18:35,2,91,91038,2,9,1,3,84 Chemin du Guette-lièvre,48,
2.023E+11,11,11,2023,02:02,5,50,50502,2,1,1,6,TORIGNI,49,
2.023E+11,23,5,2023,06:40,1,75,75120,2,9,1,2,BOULEVARD DAVOUT,48,
2.023E+11,5,3,2023,12:40,1,66,66138,2,4,1,1,11 Boulevard National,42,
2.023E+11,8,11,2023,12:15,1,50,50129,2,1,2,3,POINCARE (AVENUE HENRI),49,
2.023E+11,23,5,2023,06:50,1,75,75120,2,3,2,6,BOULEVARD DAVOUT,48,
2.023E+11,4,3,2023,18:20,1,73,73015,2,1,1,6,Route des chalets,45,
2.023E+11,9,11,2023,04:10,5,50,50129,2,1,1,2,LEMONNIER (AVENUE AMIRAL),49,
2.023E+11,23,5,2023,20:06,1,75,75117,2,2,1,6,RUE LEGENDRE,48,
2.023E+11,4,3,2023,22:00,4,7,7059,1,1,1,1,Rd 86,44,
2.023E+11,11,11,2023,19:13,5,49,49353,2,2,1,2,JEAN JAURES RUE,47,
2.023E+11,5,3,2023,04:50,4,69,69177,1,6,9,6,Route de Sain Bel,45,
2.023E+11,23,5,2023,10:30,1,75,75117,2,4,1,3,AVENUE DE WAGRAM,48,
2.023E+11,5,3,2023,03:40,3,33,33539,1,1,1,6,N89,44,
2.023E+11,23,5,2023,12:45,1,75,75116,2,2,8,6,AVENUE MOZART,48,
2.023E+11,11,11,2023,15:50,1,49,49007,2,2,1,1,DAVIERS BOULEVARD,47,
2.023E+11,26,2,2023,18:15,1,33,33474,1,1,1,6,Rue de Lescourejolles,44,
2.023E+11,11,11,2023,01:55,4,49,49007,2,1,1,2,GARDOT,47,
2.023E+11,23,5,2023,19:40,1,75,75107,2,1,1,6,QUAI BRANLY,48,
2.023E+11,5,3,2023,16:15,1,33,33233,1,1,1,6,Piste DFCI n29,45,
2.023E+11,9,11,2023,04:43,4,49,49007,2,1,2,3,INDUSTRIE BOULEVARD,47,
2.023E+11,14,12,2023,19:40,5,76,76481,1,6,1,2,RD 940,49,
2.023E+11,23,5,2023,09:30,1,94,94042,2,1,1,7,Avenue des Canadiens,48,
2.023E+11,4,3,2023,13:10,1,22,22035,1,2,1,1,Le Perroquet Vert,48,
2.023E+11,8,11,2023,18:15,5,49,49007,2,1,2,5,FAURE QUAI,47,
2.023E+11,14,12,2023,19:30,5,76,76351,2,1,2,6,JEAN MAUREL (RUE),49,
2.023E+11,23,5,2023,17:10,1,94,94003,2,9,1,6,Avenue Laplace,48,
2.023E+11,5,3,2023,03:40,5,62,62443,1,1,1,6,D301,50,
2.023E+11,14,12,2023,17:35,5,76,76351,2,1,2,6,PIERRE FARCIS,49,
2.023E+11,8,11,2023,12:15,1,49,49007,2,2,8,2,SAINT JACQUES,47,
2.023E+11,23,5,2023,20:45,1,94,94041,2,3,1,6,Avenue Georges Gosnat /  Rue Marat,48,
2.023E+11,15,12,2023,07:05,3,73,73011,1,1,1,2,N90,45,
2.023E+11,11,11,2023,05:45,5,45,45075,2,1,1,3,D2152 PR 65 + 190,47,
2.023E+11,3,3,2023,02:45,3,83,83126,1,1,1,7,A50,43,
2.023E+11,23,5,2023,08:33,1,94,94065,2,1,1,6,Avenue de la Gare,48,
2.023E+11,14,12,2023,18:10,1,71,71306,2,1,1,7,64 Avenue Maréchal Leclerc,46,
2.023E+11,9,11,2023,08:25,1,45,45234,2,1,1,6,48 Rue des Montées,47,
2.023E+11,14,12,2023,16:50,1,71,71306,2,1,1,6,parking de la mairie,46,
2.023E+11,23,5,2023,18:01,1,94,94022,2,3,1,3,Avenue de la Folie / Rue Bernard Palissy,48,
2.023E+11,8,11,2023,15:30,1,45,45232,2,1,1,7,D2020 PR 35 + 345,47,
2.023E+11,11,11,2023,19:20,5,44,44109,2,6,2,3,Place Victor Mangin,47,
2.023E+11,15,12,2023,18:30,5,69,69282,1,3,1,4,Rue de la République,45,
2.023E+11,22,5,2023,11:45,1,94,94018,2,3,1,3,84 Rue de Paris,48,
2.023E+11,9,11,2023,20:20,5,44,44162,2,1,2,6,Boulevard Salvador Allende,47,
2.023E+11,15,12,2023,11:35,1,69,69290,2,2,1,2,Boulevard de la Porte des Alpes,45,
2.023E+11,23,5,2023,13:00,1,93,93064,2,2,1,2,Rue de Rosny / Boulevard Théophile Sueur,48,
2.023E+11,28,10,2023,19:45,2,40,40279,1,1,1,5,CD 129 - ROUTE DE MONT DE MARSAN,43,
2.023E+11,15,12,2023,21:39,5,67,67482,2,3,1,3,ABBE LEMIRE (RUE DE L ),48,
2.023E+11,23,5,2023,09:05,1,93,93048,2,1,8,3,Rue Franklin,48,
2.023E+11,9,11,2023,21:25,5,37,37261,2,2,2,2,EUROPE (AVENUE DE L'),47,
2.023E+11,15,12,2023,07:00,5,67,67482,2,4,1,3,BORDEAUX (PLACE DE),48,
2.023E+11,23,5,2023,12:00,1,93,93046,2,1,1,3,Av du Consul General Nordling,48,
2.023E+11,9,11,2023,18:00,5,37,37261,2,2,8,3,VAILLANT (RUE EDOUARD),47,
2.023E+11,15,12,2023,14:15,1,67,67180,2,9,8,6,WISSEMBOURG (AV. DE),48,
2.023E+11,23,5,2023,10:40,1,93,93005,2,1,1,1,Av I et Frederic Joliot Curie,48,
2.023E+11,9,11,2023,16:00,1,37,37261,2,3,8,3,GRAMMONT (AVENUE DE),47,
2.023E+11,15,12,2023,16:30,1,66,66136,2,1,1,6,Av Georges et Claude CAUSTIER,42,
2.023E+11,22,5,2023,15:05,1,92,92072,2,9,1,2,TROYON (RUE),48,
2.023E+11,16,12,2023,01:40,5,64,64140,2,2,1,6,DUVERT (RUE RENE),43,
2.023E+11,9,11,2023,12:35,1,37,37208,2,4,8,2,POMPIDOU (AVENUE GEORGES),47,
2.023E+11,22,5,2023,01:20,5,92,92072,2,3,1,3,GRANDE RUE,48,
2.023E+11,15,12,2023,19:00,5,63,63113,2,2,2,3,KESSLER (RUE),45,
2.023E+11,9,11,2023,09:22,1,37,37122,2,3,8,3,CHINON (BOULEVARD DE),47,
2.023E+11,23,5,2023,08:55,1,92,92063,2,1,1,1,RICHELIEU (BOULEVARD),48,
2.023E+11,9,11,2023,07:55,1,37,37195,2,6,8,3,MOULIN (RUE JEAN),47,
2.023E+11,15,12,2023,17:40,3,62,62842,1,9,1,4,RN47,50,
2.023E+11,23,5,2023,18:20,1,92,92044,2,3,1,3,GEO.POMPIDOU(AVE) 21+ ET 22+,48,
2.023E+11,9,11,2023,07:35,2,37,37261,2,6,8,3,SAINT-SAUVEUR (ROND POINT),47,
2.023E+11,12,12,2023,16:00,1,62,62624,1,9,1,6,Avenue de la République,50,
2.023E+11,8,11,2023,18:33,3,37,37122,1,1,8,6,RD 37,47,
2.023E+11,10,11,2023,01:15,5,60,60057,2,1,1,6,Rue du Pont d'Arcole,49,
2.023E+11,8,11,2023,12:38,1,36,36044,2,1,1,6,Boulevard des Marins,46,
2.023E+11,15,12,2023,16:40,1,59,59152,2,1,8,2,HURLUPIN (RUE D'),50,
2.023E+11,23,5,2023,08:10,1,92,92044,2,1,1,2,CHARLES PASQUA (QUAI) 58 A90,48,
2.023E+11,9,11,2023,15:00,1,35,35238,1,1,1,4,N136,48,
2.023E+11,15,12,2023,23:10,5,59,59299,2,2,1,1,CLEMENCEAU (BOULEVARD),50,
2.023E+11,14,12,2023,15:35,1,57,57672,2,1,1,6,REPUBLIQUE (PLACE DE LA),49,
2.023E+11,23,5,2023,15:25,1,92,92040,2,1,1,7,MAURICE MALLET,48,
2.023E+11,9,11,2023,09:55,1,35,35238,2,2,1,3,PATTON (AVENUE DU GENERAL SIR GEORGES),48,
2.023E+11,14,12,2023,19:10,5,57,57631,2,1,1,6,MONTAGNE (RUE DE LA),49,
2.023E+11,23,5,2023,11:10,1,92,92025,2,1,1,1,GABRIEL PERI (RUE),48,
2.023E+11,11,11,2023,06:20,3,34,34129,1,1,1,2,PALAVAS D986 (ROUTE DE),43,
2.023E+11,14,12,2023,19:46,5,49,49007,2,1,2,6,BIRGE BOULEVARD,47,
2.023E+11,8,11,2023,01:15,5,33,33063,2,1,1,2,Quai de la Souys,44,
2.023E+11,14,12,2023,08:00,5,49,49007,2,1,1,7,DAILLIERE,47,
2.023E+11,10,11,2023,23:16,4,31,31555,1,1,1,1,VA007333 LA FAOURETTE A620 Sortie 26,43,
2.023E+11,14,12,2023,15:00,1,49,49015,2,1,8,1,MEIGNANNE ROUTE DE LA,47,
2.023E+11,8,11,2023,08:47,1,31,31555,2,1,1,3,ALL DE BARCELONE,43,
2.023E+11,9,11,2023,22:00,3,31,31483,1,1,1,6,ROUTE DE LA SERRE DE CAZAUX,43,
2.023E+11,15,12,2023,23:40,5,47,47001,2,2,1,3,SCALIGER (BOULEVARD),44,
2.023E+11,22,5,2023,21:46,5,92,92012,2,1,1,7,GEORGES GORSE (QUAI),48,
2.023E+11,9,11,2023,17:00,1,31,31483,2,1,1,2,FRANCOIS MITTERAND ( AVENUE),43,
2.023E+11,15,12,2023,09:00,1,45,45234,2,3,8,6,1 Rue du Commandant Arago,47,
2.023E+11,23,5,2023,08:55,1,92,92009,2,1,1,6,GENERAL LECLERC ( RUE DU ),48,
2.023E+11,9,11,2023,17:22,3,29,29232,1,1,3,7,Rd 365 - Avenue du Morbihan,47,
2.023E+11,14,12,2023,17:20,5,37,37261,2,1,2,6,DE GAULLE (AVENUE DU GENERAL),47,
2.023E+11,23,5,2023,15:20,1,60,60122,1,1,1,7,D107,49,
2.023E+11,9,11,2023,15:24,1,29,29039,2,1,2,6,Rue Amiral Courbet,47,
2.023E+11,15,12,2023,18:30,3,35,35238,1,1,1,2,RN136,48,
2.023E+11,8,11,2023,07:20,5,29,29019,2,6,2,3,rue Emile Rousse,48,
2.023E+11,14,12,2023,07:45,5,35,35238,2,6,1,3,VILLEBOIS MAREUIL (BD),48,
2.023E+11,18,5,2023,16:50,1,47,47091,1,1,1,7,Rocade d?Estillac,44,
2.023E+11,9,11,2023,08:10,1,28,28134,2,2,1,3,BICHE (RUE DE LA),48,
2.023E+11,15,12,2023,05:02,3,35,35278,2,1,2,3,RN136,48,
2.023E+11,9,11,2023,16:35,1,27,27701,2,1,1,6,PARC (CH. DU) FALAISES A LACS,49,
2.023E+11,23,5,2023,13:30,1,34,34148,1,1,1,1,Chemin de Tabarka,43,
2.023E+11,13,12,2023,18:20,5,35,35150,2,6,8,3,La Pilais,48,
2.023E+11,9,11,2023,19:35,5,26,26362,2,1,2,6,Avenue Victor Hugo,44,
2.023E+11,23,5,2023,16:15,1,86,86096,1,1,1,1,D20,46,
2.023E+11,14,12,2023,19:10,5,34,34003,2,6,1,3,MONACO (F16 A G15,43,
2.023E+11,8,11,2023,21:07,3,26,26058,1,1,1,7,Route Nationale 7,44,
2.023E+11,15,12,2023,07:15,2,31,31149,2,1,2,6,ALLENDE (AVENUE SALVADOR),43,
2.023E+11,11,11,2023,21:35,3,25,25056,2,1,2,6,RN 1057 (ROUTE DE GRAY-CH.EPITAPHE),47,
2.023E+11,14,12,2023,17:55,5,31,31555,2,1,1,3,AV DE LARDENNE,43,
2.023E+11,9,11,2023,19:50,5,22,22278,2,3,2,2,ROSTAND (EDMOND),48,
2.023E+11,24,5,2023,14:26,1,11,11148,1,9,1,3,A61,43,
2.023E+11,10,11,2023,16:25,1,17,17415,2,1,2,2,COTE DE BEAUTE RUE DE LA,45,
2.023E+11,15,12,2023,13:30,1,30,30028,2,1,1,1,ROBERT GOURDON (AVENUE),44,
2.023E+11,9,11,2023,18:50,3,17,17415,2,6,2,3,BERTHELOT RUE MARCELIN,45,
2.023E+11,14,12,2023,12:12,1,29,29019,2,6,2,3,rue du Valy-Hir,48,
2.023E+11,24,5,2023,11:10,1,84,84069,1,1,1,3,Route de Veaux,44,
2.023E+11,9,11,2023,22:53,5,17,17300,2,1,2,2,NOUE   RUE DE LA,46,
2.023E+11,14,12,2023,09:00,1,29,29019,2,3,2,1,boulevard Montaigne,48,
2.023E+11,9,11,2023,13:10,1,15,15014,2,1,2,2,6 Rue du Président Delzons,44,
2.023E+11,14,12,2023,23:50,5,28,28220,1,1,2,2,ROUTE NATIONALE 123,48,
2.023E+11,9,11,2023,09:40,1,14,14557,1,1,1,7,D27A,49,
2.023E+11,15,12,2023,17:50,5,25,25462,2,4,1,6,GRENIER DOCTEUR,46,
2.023E+11,9,11,2023,18:30,5,14,14118,2,2,3,1,2 Rue de Malon,49,
2.023E+11,15,12,2023,12:25,1,23,23096,1,1,8,3,940 (ROUTE DEPARTEMENTALE),46,
2.023E+11,12,12,2023,17:45,5,21,21231,2,1,1,6,FRANKLIN D.ROOSEVELT (AVENUE),47,
2.023E+11,10,11,2023,08:50,1,13,13117,2,4,2,6,STADIUM (CD9),43,
2.023E+11,14,12,2023,08:10,1,19,19031,2,3,1,3,CHAUMEIL (RUE PIERRE),45,
2.023E+11,7,12,2023,19:23,5,14,14566,2,1,3,6,14 Rue Martin Luther King,49,
2.023E+11,15,12,2023,17:30,3,14,14437,1,1,1,3,N814,49,
2.023E+11,14,12,2023,07:20,5,14,14118,2,1,1,6,31 Boulevard Georges Pompidou,49,
2.023E+11,27,6,2023,15:30,1,33,33550,1,1,1,2,ROCADE A 630,44,
2.023E+11,15,12,2023,22:15,5,13,13206,2,2,1,2,DOCTEUR ESCAT (RUE),43,
2.023E+11,27,6,2023,07:35,1,33,33397,1,1,1,3,AUTOROUTE A 10,44,
2.023E+11,15,12,2023,15:15,1,13,13205,2,2,1,3,BAILLE (BOULEVARD),43,
2.023E+11,27,6,2023,09:00,1,59,59566,1,1,1,6,AUTOROUTE A25,50,
2.023E+11,27,6,2023,15:07,1,91,91659,1,1,1,6,AUTOROUTE A6,48,
2.023E+11,15,12,2023,06:50,5,13,13215,2,1,1,2,SAINT ANTOINE (CHEMIN DE),43,
2.023E+11,27,6,2023,09:50,1,91,91689,1,1,1,2,AUTOROUTE A6B,48,
2.023E+11,1,12,2023,05:00,5,13,13205,2,2,1,1,CHAVE (BOULEVARD),43,
2.023E+11,27,6,2023,08:25,1,94,94034,1,1,1,3,A6A,48,
2.023E+11,15,12,2023,18:23,3,11,11069,1,1,2,6,N/A,43,
2.023E+11,7,9,2023,17:09,1,17,17415,2,1,1,2,Cours National,45,
2.023E+11,27,6,2023,19:00,1,78,78646,1,1,1,5,RN12,48,
2.023E+11,8,9,2023,15:30,1,17,17306,2,1,7,3,REPUBLIQUE (DE LA) (BD),45,
2.023E+11,27,6,2023,10:17,1,92,92025,1,1,1,3,A86,48,
2.023E+11,15,12,2023,18:00,5,75,75113,2,1,1,2,BD PERIPHERIQUE EXTERIEUR QUAI D IVRY,48,
2.023E+11,8,9,2023,19:20,1,17,17300,2,2,1,3,LECLERC   AVENUE DU GENERAL,46,
2.023E+11,27,6,2023,08:28,1,92,92036,1,1,1,3,A86,48,
2.023E+11,8,9,2023,14:58,1,17,17300,2,1,1,6,COGNEHORS   BOULEVARD DE (1-95)),46,
2.023E+11,24,6,2023,07:15,1,95,95151,1,1,1,6,N104,49,
2.023E+11,8,9,2023,00:25,5,15,15014,2,1,1,6,40 Rue de l'Egalite,44,
2.023E+11,27,6,2023,07:50,1,94,94033,1,1,1,3,A86,48,
2.023E+11,15,12,2023,03:57,5,75,75104,2,7,1,3,QUAI DE GESVRES,48,
2.023E+11,18,6,2023,17:55,1,77,77294,1,1,1,6,RN104,48,
2.023E+11,9,9,2023,01:10,4,14,14327,2,3,1,6,10 Rue Alexander Fleming,49,
2.023E+11,13,12,2023,13:15,1,75,75106,2,1,2,3,RUE VAVIN,48,
2.023E+11,17,6,2023,20:05,1,94,94065,1,1,1,2,N186B,48,
2.023E+11,9,9,2023,23:30,3,13,13071,2,1,1,2,JOYEUX ( AVENUE DES ),43,
2.023E+11,17,6,2023,17:15,1,94,94033,1,1,1,2,A86,48,
2.023E+11,15,12,2023,17:10,5,75,75115,2,1,1,6,RUE CAMBRONNE,48,
2.023E+11,29,3,2023,08:45,1,74,74058,2,1,8,6,D22,46,
2.023E+11,9,9,2023,22:30,5,13,13215,2,3,1,3,LE CHATELIER,43,
2.023E+11,10,3,2023,08:24,1,74,74264,2,2,8,6,2 Rue de miosinges,46,
2.023E+11,8,9,2023,17:30,1,13,13208,2,1,1,6,SABLIER (BOULEVARD DU),43,
2.023E+11,13,12,2023,09:45,1,75,75115,2,2,1,3,RUE GINOUX,48,
2.023E+11,7,2,2023,05:00,3,74,74154,2,3,1,3,"D252 ""les Bossons""",46,
2.023E+11,8,9,2023,12:00,1,13,13213,2,9,1,3,METRO (BOULEVARD DU),43,
2.023E+11,8,4,2023,05:40,4,74,74229,1,1,1,7,D903,46,
2.023E+11,15,12,2023,08:55,1,75,75114,2,2,8,2,RUE DE LA LEGION ETRANGERE,48,
2.023E+11,8,9,2023,20:50,5,10,10387,2,1,1,4,ANATOLE FRANCE (RUE),48,
2.023E+11,8,4,2023,00:30,3,74,74256,1,1,1,7,Rte de crève coeur,45,
2.023E+11,7,9,2023,12:30,1,10,10081,2,1,7,7,JULES FERRY (RUE),48,
2.023E+11,13,3,2023,16:30,1,43,43130,1,1,1,7,route de la chèze,45,
2.023E+11,17,6,2023,22:40,5,57,57463,2,1,1,6,FOURNIRUE (EN ),49,
2.023E+11,15,12,2023,12:05,1,75,75111,2,3,1,2,RUE DE CHARONNE,48,
2.023E+11,6,9,2023,12:30,1,6,6104,2,1,1,4,SCHUMANN (PROMENADE ROBERT),43,
2.023E+11,27,6,2023,00:30,5,974,97416,2,6,1,6,AUGUSTIN ARCHAMBAUD(RUE),-21,
2.023E+11,15,12,2023,12:54,1,75,75103,2,1,1,1,RUE DE TURENNE,48,
2.023E+11,4,9,2023,14:05,1,6,6069,2,1,1,2,CHENES (CHEMIN DES),43,
2.023E+11,22,6,2023,17:00,1,974,97416,1,1,2,3,STEPHANE (CHEMIN),-21,
2.023E+11,15,12,2023,13:30,1,75,75108,2,1,1,3,BOULEVARD MALESHERBES,48,
2.023E+11,26,6,2023,12:15,1,973,97302,2,1,1,3,MONTABO (ROUTE DE) 1,4,
2.023E+11,8,9,2023,21:10,5,6,6027,2,1,1,3,GAUDE AVENUE DE LA,43,
2.023E+11,15,12,2023,13:10,1,75,75108,2,1,1,7,AVENUE DES CHAMPS ELYSEES,48,
2.023E+11,16,6,2023,16:25,1,973,97302,2,1,1,3,TROUBIRAN (CHEMIN DE),4,
2.023E+11,5,9,2023,12:47,1,3,3185,2,1,1,6,Avenue Jules Guesde,46,
2.023E+11,15,12,2023,15:25,1,75,75107,2,2,1,1,AVENUE DU MARECHAL GALLIENI,48,
2.023E+11,26,6,2023,08:25,1,973,97302,2,3,1,3,MONTABO (ROUTE DE) 1,4,
2.023E+11,15,12,2023,07:51,2,75,75107,2,3,1,1,QUAI BRANLY,48,
2.023E+11,7,9,2023,16:20,1,75,75113,2,1,1,3,PORTE D ITALIE,48,
2.023E+11,25,6,2023,22:46,4,973,97302,2,1,2,1,MADELEINE (ROUTE DE LA),4,
2.023E+11,6,9,2023,16:10,1,75,75118,2,1,1,7,PORTE DE LA CHAPELLE,48,
2.023E+11,26,6,2023,11:00,1,972,97209,2,1,1,3,CHATEAUBOEUF (ROUTE DE),14,
2.023E+11,15,12,2023,08:40,1,75,75104,2,3,1,2,BOULEVARD BOURDON,48,
2.023E+11,8,9,2023,06:32,5,75,75113,2,1,1,6,QUAI D AUSTERLITZ,48,
2.023E+11,26,6,2023,18:15,1,69,69202,2,3,1,3,122 Rue Commandant Charcot,45,
2.023E+11,15,12,2023,08:25,2,94,94011,2,9,8,6,Rue des Varennes,48,
2.023E+11,8,9,2023,09:22,1,75,75106,2,2,1,3,RUE DE RENNES,48,
2.023E+11,26,6,2023,15:39,1,69,69384,2,1,1,3,Quai Joseph Gillet,45,
2.023E+11,15,12,2023,16:30,1,93,93048,2,1,1,6,Boulevard Théophile Sueur,48,
2.023E+11,7,9,2023,23:30,5,75,75106,2,2,1,3,RUE DE RENNES,48,
2.023E+11,15,12,2023,18:50,5,93,93045,2,3,8,1,Avenue du Maréchal Juin / Rue Romain Rolland,48,
2.023E+11,26,6,2023,13:30,1,971,97113,1,6,1,2,RN4-ROND POINT SAINT FELIX,16,
2.023E+11,7,9,2023,12:15,1,75,75106,2,3,1,6,BOULEVARD SAINT MICHEL,48,
2.023E+11,14,12,2023,17:01,5,93,93047,2,5,2,3,Avenue Jean Jaurés / Avenue Gabriel Péri,48,
2.023E+11,26,6,2023,09:45,1,95,95476,2,6,1,3,JULES CESAR (CHAUSSEE),49,
2.023E+11,8,9,2023,17:10,1,75,75120,2,4,1,7,AVENUE GAMBETTA,48,
2.023E+11,15,12,2023,18:47,5,93,93008,2,2,2,6,Rue Rene Camier / Rue de Lorraine,48,
2.023E+11,25,6,2023,18:25,1,95,95510,1,1,1,4,N14,49,
2.023E+11,14,12,2023,08:40,1,93,93007,2,5,2,3,Avenue Paul Vaillant Couturier / Rue Eugène Varlin,48,
2.023E+11,8,9,2023,19:09,1,75,75119,2,2,1,6,PLACE DE LA BATAILLE DE STALINGRAD,48,
2.023E+11,13,12,2023,17:50,5,93,93007,2,2,1,6,Avenue Henri Barbusse / Rue du Général Giraud,48,
2.023E+11,8,9,2023,14:50,1,75,75118,2,1,7,6,RUE CAULAINCOURT,48,
2.023E+11,26,6,2023,07:30,1,91,91201,2,1,1,3,BD HENRI BARBUSSE,48,
2.023E+11,14,12,2023,17:35,2,92,92051,2,1,2,3,ACHILLE PERETTI (AVENUE,,
2.023E+11,26,6,2023,16:30,1,91,91687,2,1,1,2,GABRIEL PERI (AVENUE),48,
2.023E+11,8,9,2023,02:10,5,75,75118,2,3,1,1,RUE D AUBERVILLIERS,48,
2.023E+11,15,12,2023,08:40,1,92,92020,2,1,8,3,JAURES AVENUE JEAN,48,
2.023E+11,21,6,2023,17:34,1,87,87085,2,1,1,6,LIBERATION (AVENUE DE LA),45,
2.023E+11,8,9,2023,00:30,5,75,75117,2,1,1,6,BOULEVARD DE COURCELLES,48,
2.023E+11,15,12,2023,15:50,1,92,92040,2,1,1,6,JEAN JAURES (AVENUE),48,
2.023E+11,14,12,2023,18:25,5,92,92025,2,1,1,6,GABRIEL PERI (RUE),48,
2.023E+11,20,6,2023,13:37,1,87,87085,2,3,1,3,KING (AVENUE MARTIN LUTHER),45,
2.023E+11,7,9,2023,17:10,1,75,75116,2,1,1,3,BOULEVARD MURAT,48,
2.023E+11,15,12,2023,18:26,5,92,92012,2,1,1,2,REINE (ROUTE DE LA) 1/37- 6/80,48,
2.023E+11,19,6,2023,08:47,1,87,87085,2,1,1,6,VANTEAUX (BOULEVARD DE),45,
2.023E+11,15,12,2023,16:10,1,92,92012,2,1,1,3,VIEUX PONT DE SEVRES (RUE DU) 157/FIN -,48,
2.023E+11,18,6,2023,22:35,5,87,87085,2,1,1,6,FRACHON ( ave Benoit),45,
2.023E+11,8,9,2023,16:45,1,75,75115,2,2,1,3,RUE DE LA CROIX NIVERT,48,
2.023E+11,15,12,2023,11:00,1,92,92012,2,1,1,3,SILLY (RUE DE) 89/FIN - 90/FIN,48,
2.023E+11,25,6,2023,04:15,5,85,85194,2,1,1,6,Rue de la tour,46,
2.023E+11,15,12,2023,14:53,1,92,92002,2,1,1,7,ABBAYE (RUE DE L'),48,
2.023E+11,7,9,2023,11:10,1,75,75114,2,2,1,3,AVENUE DU MAINE,48,
2.023E+11,22,6,2023,15:10,1,84,84087,1,3,3,3,ABRIAN (CHEMIN DE L'),44,
2.023E+11,16,12,2023,12:17,1,63,63345,1,1,1,5,D2089 pk 73+650,45,
2.023E+11,6,9,2023,22:55,5,75,75114,2,2,1,7,AVENUE DE LA PORTE DE CHATILLON,48,
2.023E+11,26,6,2023,18:00,1,83,83137,2,9,1,6,REPUBLIQUE (AVE DE LA),43,
2.023E+11,5,12,2023,08:20,5,35,35120,2,3,2,6,Rue de Dinan,48,
2.023E+11,25,6,2023,20:48,1,83,83123,2,9,1,1,LANGE (CHEMIN),43,
2.023E+11,15,12,2023,22:30,3,54,54062,1,1,1,7,N57,48,
2.023E+11,8,9,2023,16:45,1,75,75111,2,2,1,3,AVENUE DE TAILLEBOURG,48,
2.023E+11,25,6,2023,20:50,1,81,81060,1,1,1,7,PETITARIE (RUE DE LA ),44,
2.023E+11,15,12,2023,15:10,1,24,24294,1,1,1,1,80 Route de Périgueux,45,
2.023E+11,25,6,2023,15:10,1,78,78551,2,9,1,3,RN 13,48,