Num_Acc,jour,mois,an,hrmn,lum,dep,com,agg,int,atm,col,adr,lat,long
2.023E+11,7,10,2023,18:40,1,89,89464,2,3,1,1,38 Rue de la Gare,48,
2.023E+11,9,10,2023,14:30,1,89,89209,1,3,1,3,D41,48,
2.023E+11,8,10,2023,15:45,1,61,61300,1,1,1,6,D920,48,
2.023E+11,8,10,2023,18:10,1,61,61258,2,1,1,7,D6,48,
2.023E+11,8,10,2023,15:00,1,55,55567,1,1,1,6,route départementale 163,49,
2.023E+11,8,10,2023,16:00,1,49,49125,2,1,1,7,Chemin des charbonnieres,47,
2.023E+11,8,10,2023,14:45,1,42,42241,1,1,1,7,Route de Villerest,45,
2.023E+11,8,10,2023,05:40,3,68,68081,1,1,1,6,D18,47,
2.023E+11,7,10,2023,13:45,1,22,22218,1,1,1,7,17 Kermerrien Hent Gouermel,48,
2.023E+11,4,9,2023,17:45,1,39,39547,2,1,1,6,1049 Route de la Vallée,46,
2.023E+11,8,10,2023,15:00,1,25,25142,1,1,1,7,D46,46,
2.023E+11,6,10,2023,19:30,1,44,44183,1,1,1,7,1 pennemont,47,
2.023E+11,6,10,2023,09:03,1,44,44186,2,1,7,3,Le Moulin Mallessard,47,
2.023E+11,8,10,2023,06:15,5,44,44085,1,1,1,6,rue des Coquelicots - ZAC de la Bergerie,47,
2.023E+11,8,10,2023,08:10,2,35,35184,1,1,1,6,Costard,48,
2.023E+11,9,10,2023,00:15,3,34,34154,1,9,1,6,D62,43,
2.023E+11,8,10,2023,17:30,1,29,29249,1,1,1,6,Fast Navel,48,
2.023E+11,6,10,2023,20:20,5,29,29165,2,3,1,3,Rue du Docteur Fleming,47,
2.023E+11,5,10,2023,20:30,3,29,29037,1,1,1,6,D44,47,
2.023E+11,9,10,2023,07:30,2,2,2211,1,1,5,1,N/A,49,
2.023E+11,7,10,2023,04:14,3,1,1452,1,1,1,6,En Mussignin,45,
2.023E+11,8,10,2023,16:05,1,66,66025,1,1,1,6,D30c,42,
2.023E+11,8,10,2023,14:35,1,54,54029,2,2,1,3,12 Rue Lucien Michel,49,
2.023E+11,7,10,2023,19:30,2,50,50210,1,1,1,7,lieu dit st Anne,49,
2.023E+11,21,1,2023,12:30,1,93,93047,2,2,1,3,Avenue Jean Jaurés / Avenue des Lys,48,
2.023E+11,7,1,2023,17:27,2,92,92073,2,1,2,2,JAURES (AVENUE JEAN),48,
2.023E+11,21,1,2023,19:57,5,92,92035,2,1,1,3,République ( boulevard de la ),48,
2.023E+11,21,1,2023,18:55,5,92,92025,2,3,1,3,GABRIEL PERI (RUE),48,
2.023E+11,21,1,2023,18:10,5,92,92024,2,1,1,7,ESTIENNE D'ORVES (RUE D') DE (4 A 20BIS),48,
2.023E+11,21,1,2023,11:00,1,92,92024,2,2,1,3,VILLENEUVE (RUE) DE (1 A 45)   (2 A 44),48,
2.023E+11,21,1,2023,07:00,5,92,92023,2,2,1,6,PORTE DE TRIVAUX (RUE DE) N°57 A 197 ET,48,
2.023E+11,20,1,2023,22:15,5,69,69266,1,1,4,6,Boulevard Périphérique Laurent Bonnevay,45,
2.023E+11,19,1,2023,22:15,3,67,67152,1,1,1,7,M35,48,
2.023E+11,21,1,2023,21:49,4,91,91161,1,1,1,6,AUTOROUTE A6,48,
2.023E+11,21,1,2023,14:30,1,94,94034,1,1,1,7,A6B,48,
2.023E+11,21,1,2023,14:10,1,94,94038,1,1,1,4,A6A,48,
2.023E+11,21,1,2023,06:55,3,91,91553,1,1,8,6,RN 104,48,
2.023E+11,21,1,2023,04:15,5,93,93007,1,1,9,2,AUTOROUTE A1,48,
2.023E+11,17,1,2023,16:15,1,92,92036,1,1,1,3,AUTOROUTE A15,48,
2.023E+11,20,1,2023,16:50,1,54,54547,2,3,1,6,Route de Mirecourt,48,
2.023E+11,20,1,2023,19:14,5,10,10387,2,4,2,2,ROGER SALENGRO (RUE),48,
2.023E+11,20,1,2023,22:50,5,974,97411,2,1,1,7,BERTHO (RUE JEAN),-20,
2.023E+11,20,1,2023,08:20,1,974,97411,2,4,1,6,JACINTHES (RUE DES),-20,
2.023E+11,19,1,2023,18:10,1,974,97411,2,1,2,7,RN2/043,-20,
2.023E+11,20,1,2023,14:10,1,973,97302,2,1,2,1,TROUBIRAN (CHEMIN DE),4,
2.023E+11,20,1,2023,09:07,1,973,97302,2,1,3,7,ZEPHIR (ROCADE),4,
2.023E+11,20,1,2023,08:40,1,973,97302,2,2,3,6,LALLOUETTE,4,
2.023E+11,20,1,2023,19:50,5,69,69386,2,4,2,1,112 Boulevard des Belges,45,
2.023E+11,20,1,2023,15:30,1,69,69383,2,1,8,6,Rue Docteur Bonhomme,45,
2.023E+11,20,1,2023,17:27,2,2A,2A004,2,1,1,3,AVENUE DU DOCTEUR NOEL FRANCHINI,41,
2.023E+11,20,1,2023,08:10,2,95,95197,2,3,8,6,D311,48,
2.023E+11,20,1,2023,18:53,3,91,91064,1,9,8,1,PORTE JAUNE (CHEMIN DE LA),48,
2.023E+11,17,1,2023,08:40,1,90,90010,2,1,1,6,SAUSSOT (RUE),47,
2.023E+11,18,1,2023,07:23,5,89,89024,2,2,1,6,11 NOVEMBRE (BOULEVARD DU) N° PAIRS,47,
2.023E+11,20,1,2023,07:40,5,87,87085,2,3,1,6,DUTREIX (RUE ARMAND),45,
2.023E+11,19,1,2023,19:05,5,87,87085,2,1,4,6,SOIXANTE ET ONZIEME MOBILE (RUE DU),45,
2.023E+11,18,1,2023,13:29,1,80,80489,2,1,1,3,Avenue Henri Barbusse,49,
2.023E+11,20,1,2023,19:15,5,79,79191,2,3,1,2,,46,
2.023E+11,9,1,2023,18:15,5,78,78208,2,1,2,6,MONTFORT (ROUTE DE),48,
2.023E+11,20,1,2023,15:30,1,77,77350,2,1,1,6,RUE DANTON,48,
2.023E+11,20,1,2023,07:42,5,74,74281,2,1,8,6,THUYSET (AVENUE DE),46,
2.023E+11,19,1,2023,17:30,2,74,74010,2,1,1,6,SOMMEILLER,45,
2.023E+11,19,1,2023,01:00,5,72,72181,2,1,1,6,ARSENAL (RUE DE L') N° IMP,47,
2.023E+11,20,1,2023,08:10,1,71,71540,1,4,8,2,THIELLAY (LE)  RN.80,46,
2.023E+11,20,1,2023,19:20,5,70,70550,2,2,4,6,GAULLE (BOULEVARD CHARLES DE),47,
2.023E+11,21,1,2023,00:35,3,69,69282,2,1,4,1,Chemin de Chassieu à Meyzieu,45,
2.023E+11,20,1,2023,20:45,5,69,69282,2,3,4,1,Rue du Rambion,45,
2.023E+11,20,1,2023,09:55,1,69,69256,2,1,1,6,Avenue Franklin Roosevelt,45,
2.023E+11,19,1,2023,14:00,1,69,69029,2,2,2,3,Avenue Camille Rousset,45,
2.023E+11,19,1,2023,17:00,2,67,67482,2,3,1,6,OBERLIN (RUE),48,
2.023E+11,18,1,2023,18:25,5,66,66136,2,1,1,6,BRIAND BOULEVARD ARISTIDE,42,
2.023E+11,20,1,2023,09:50,1,64,64284,1,6,1,3,CORPS FRANC POMMIES,43,
2.023E+11,19,1,2023,13:30,1,64,64102,2,1,3,7,Avenue Henri de Navarre,43,
2.023E+11,19,1,2023,17:19,1,63,63113,2,1,1,3,COCHET (RUE GENERAL),45,
2.023E+11,16,1,2023,17:30,3,62,62215,1,9,2,5,D919,50,
2.023E+11,20,1,2023,01:37,5,59,59350,2,1,5,3,NATIONALE RUE N°RESTE PAIRS,50,
2.023E+11,18,1,2023,18:00,1,59,59346,2,1,1,2,LEZENNES BOULEVARD DE,50,
2.023E+11,20,1,2023,16:30,1,57,57227,2,3,2,1,SAINTE CROIX (RUE ),49,
2.023E+11,20,1,2023,23:55,5,56,56260,2,1,1,6,Rue Pierre Servel,47,
2.023E+11,20,1,2023,19:10,5,56,56260,2,3,1,3,Boulevard Général Maurice Guillaudot,47,
2.023E+11,18,1,2023,08:10,2,52,52448,2,1,1,6,SARRAIL (AVENUE DU GENERAL),48,
2.023E+11,20,1,2023,17:50,5,51,51058,2,1,1,6,Avenue Alcide de Gasperi,49,
2.023E+11,19,1,2023,12:45,1,51,51454,2,3,1,3,avenue du Maréchal Juin,49,
2.023E+11,19,1,2023,17:48,2,49,49278,2,1,2,3,D312,47,
2.023E+11,19,1,2023,11:45,1,49,49007,2,1,1,6,SAUMUROISE IMPASSE ET RUE,47,
2.023E+11,19,1,2023,09:00,1,49,49007,2,2,8,3,Rue Victor Hugo,47,
2.023E+11,19,1,2023,08:49,1,49,49246,2,1,1,4,EUROPE AVENUE,47,
2.023E+11,20,1,2023,11:00,1,45,45208,2,1,1,2,29bis Rue du Faubourg d’Orléans,47,
2.023E+11,20,1,2023,08:10,2,37,37122,2,3,8,6,DOUZILLIERE (RUE DE LA),47,
2.023E+11,20,1,2023,23:15,5,35,35238,2,1,1,3,ROHAN (RUE DE),48,
2.023E+11,20,1,2023,17:30,2,35,35238,2,1,1,6,ILLE ET RANCE (QUAI D'),48,
2.023E+11,20,1,2023,09:20,1,35,35281,2,1,1,3,AURIOL (JACQUELINE),48,
2.023E+11,20,1,2023,12:20,1,34,34172,2,1,1,3,587 Avenue de la Justice de Castelnau,43,
2.023E+11,20,1,2023,11:20,1,31,31555,2,1,8,2,AV HONORE SERRES,43,
2.023E+11,19,1,2023,15:35,1,31,31555,2,1,3,3,VA007306 A64,43,
2.023E+11,20,1,2023,05:16,3,29,29232,1,1,1,7,D365 - Avenue du Morbihan,47,
2.023E+11,20,1,2023,12:20,1,25,25056,2,1,1,4,rue thomas edison,47,
2.023E+11,20,1,2023,11:00,1,25,25056,2,1,1,6,,47,
2.023E+11,20,1,2023,03:50,3,19,19031,2,1,9,2,DE JOUVENEL (BOULEVARD HENRI),45,
2.023E+11,20,1,2023,15:00,1,17,17415,2,1,1,2,GAUTIER RUE,45,
2.023E+11,20,1,2023,17:20,1,17,17306,2,3,1,3,LAMY (BD FRANCK),45,
2.023E+11,20,1,2023,11:05,1,17,17306,2,1,1,6,EUROPE (COURS DE L'),45,
2.023E+11,20,1,2023,03:13,3,17,17300,1,1,8,7,N137,46,
2.023E+11,20,1,2023,18:00,3,13,13102,2,4,1,1,MARECHAL JUIN (AV ),43,
2.023E+11,20,1,2023,16:40,2,13,13213,2,1,1,1,ALPHONSE DAUDET (RUE),43,
2.023E+11,20,1,2023,11:50,1,13,13201,2,3,1,3,ADOLPHE THIERS (RUE),43,
2.023E+11,20,1,2023,08:00,1,13,13210,2,1,1,3,RABATAU (BOULEVARD),43,
2.023E+11,20,1,2023,00:45,5,13,13214,1,9,1,1,JEAN QUEILLAU (RUE),43,
2.023E+11,20,1,2023,20:20,5,13,13005,2,1,1,1,CHARREL (CHEMIN DU),43,
2.023E+11,20,1,2023,14:06,1,10,10387,2,1,1,6,Avenue Edouard Herriot,48,
2.023E+11,20,1,2023,07:48,5,10,10387,2,1,8,6,BLANQUI (RUE),48,
2.023E+11,18,1,2023,12:00,1,10,10387,2,2,1,6,CHARLES DELAUNAY (RUE),48,
2.023E+11,20,1,2023,15:10,1,6,6029,2,1,1,6,CHEVALIER (AVENUE MAURICE),43,
2.023E+11,18,1,2023,19:15,5,6,6027,2,1,1,2,PLAGE BOULEVARD DE LA,43,
2.023E+11,20,1,2023,14:30,1,75,75113,2,1,1,5,PORTE D ITALIE,48,
2.023E+11,20,1,2023,09:55,2,75,75116,2,1,1,5,PORTE DE SAINT CLOUD,48,
2.023E+11,20,1,2023,08:19,1,75,75114,2,3,1,3,AVENUE DU MAINE,48,
2.023E+11,20,1,2023,18:00,5,75,75119,2,2,1,6,AVENUE JEAN JAURES,48,
2.023E+11,20,1,2023,09:10,1,75,75116,2,1,1,7,AVENUE KLEBER,48,
2.023E+11,20,1,2023,20:10,5,75,75113,2,2,1,6,RUE DE TOLBIAC,48,
2.023E+11,20,1,2023,19:17,5,75,75113,2,2,1,3,QUAI D AUSTERLITZ,48,
2.023E+11,20,1,2023,19:50,5,75,75112,2,1,1,6,RUE CROZATIER,48,
2.023E+11,20,1,2023,13:10,1,75,75112,2,3,1,1,RUE CROZATIER,48,
2.023E+11,20,1,2023,16:40,1,75,75107,2,1,8,2,RUE DE SEVRES,48,
2.023E+11,19,1,2023,13:40,1,75,75103,2,3,8,6,RUE DE TURENNE,48,
2.023E+11,20,1,2023,07:16,5,94,94068,2,1,2,1,pont du petit parc,48,
2.023E+11,19,1,2023,18:15,5,94,94068,2,1,2,6,GUYNEMER (AV),48,
2.023E+11,19,1,2023,12:40,1,94,94068,2,1,1,3,LEON BOCQUET (R),48,
2.023E+11,19,1,2023,20:30,5,94,94052,2,1,2,3,boulevard de strasbourg,48,
2.023E+11,20,1,2023,07:50,5,94,94038,2,3,1,6,Rue Gabriel Péri / Rue Dispan,48,
2.023E+11,18,1,2023,09:54,1,93,93030,2,3,1,6,Rue Paul Langevin / Rue Maurice Henniaux,48,
2.023E+11,11,1,2023,00:30,5,92,92073,2,1,2,2,PONT DE SURESNES,48,
2.023E+11,19,1,2023,23:20,5,92,92064,2,1,2,6,DAILLY,48,
2.023E+11,20,1,2023,16:20,1,92,92051,2,9,8,2,VICTOR HUGO (BOULEVARD,,
2.023E+11,20,1,2023,12:20,1,92,92051,2,6,1,3,BINEAU (BOULEVARD,,
2.023E+11,20,1,2023,21:00,5,92,92020,2,1,2,6,PARIS AVENUE DE N°84 A FIN,48,
2.023E+11,19,1,2023,18:40,5,92,92049,2,1,2,3,BROSSOLETTE AVENUE PIERRE,48,
2.023E+11,20,1,2023,00:10,5,92,92035,2,6,2,6,Souvenir Français ( rond point du ),48,
2.023E+11,20,1,2023,19:46,5,92,92025,2,1,1,3,BOURNARD (RUE DU),48,
2.023E+11,20,1,2023,20:47,5,92,92012,2,9,1,6,EDOUARD VAILLANT (AVENUE) - DEBUT/55 - C,48,
2.023E+11,18,1,2023,14:55,1,92,92012,2,2,1,3,REPUBLIQUE (BOULEVARD DE LA) 5/77BIS - 6,48,
2.023E+11,7,1,2023,23:45,3,83,83062,1,1,1,4,A570,43,
2.023E+11,11,1,2023,16:55,1,69,69382,1,1,1,3,Route de Métropole 7,45,
2.023E+11,20,1,2023,19:15,3,33,33397,1,1,1,5,AUTOROUTE A 10,44,
2.023E+11,20,1,2023,18:40,3,33,33249,1,1,1,2,ROUTE NATIONALE 230,44,
2.023E+11,20,1,2023,06:25,3,33,33162,1,1,2,7,ROCADE A 630,44,
2.023E+11,18,1,2023,11:50,1,93,93007,1,1,1,3,AUTOROUTE A3,48,
2.023E+11,30,7,2023,01:30,5,75,75110,2,1,1,3,RUE DE LA GRANGE AUX BELLES,48,
2.023E+11,30,7,2023,15:27,1,973,97302,2,3,1,3,FLAMBOYANTS (RUE DES),4,
2.023E+11,19,1,2023,08:10,2,22,22278,2,1,2,6,ARMORIQUE (AV. D'),48,
2.023E+11,30,7,2023,03:40,5,973,97302,2,1,1,3,LIBERTE (AVENUE DE LA),4,
2.023E+11,19,1,2023,20:30,5,27,27229,2,1,5,1,CITES UNIES (BOULEVARD DES),49,
2.023E+11,30,7,2023,00:35,5,973,97302,2,1,1,7,GALMOT (ROND-POINT),4,
2.023E+11,18,1,2023,14:00,1,77,77186,2,2,1,6,D606,48,
2.023E+11,29,7,2023,18:50,3,971,97113,1,1,1,4,SECTION COCOYER,16,
2.023E+11,29,7,2023,02:45,5,971,97113,2,1,1,6,RN4 - SECTION RIVIERA,16,
2.023E+11,19,1,2023,14:20,1,976,97611,2,1,1,3,kaweni-Mangrove ( rue de la ),-12,
2.023E+11,31,7,2023,01:55,5,2A,2A004,2,1,1,6,KENNEDY AV PRESIDENT,41,
2.023E+11,19,1,2023,18:20,5,69,69383,2,2,1,3,Cours Docteur Long,45,
2.023E+11,30,7,2023,07:45,1,95,95500,2,3,1,3,FRANCOIS MITTERRAND (AVENUE),49,
2.023E+11,19,1,2023,03:47,4,69,69387,2,1,1,2,103 Avenue Berthelot,45,
2.023E+11,13,1,2023,07:45,1,972,97213,1,1,2,7,BOIS D'INDE (CITE),14,
2.023E+11,30,7,2023,18:00,1,91,91657,2,6,1,3,RUE DES ANEMONES,48,
2.023E+11,19,1,2023,07:50,1,972,97213,2,6,1,3,BOIS D'INDE (CITE),14,
2.023E+11,30,7,2023,16:45,1,83,83062,2,9,1,6,DRAGUIGNAN (AVENUE DE),43,
2.023E+11,19,1,2023,15:19,1,972,97209,1,1,1,3,RD 41 (ROCADE),14,
2.023E+11,18,1,2023,18:45,2,69,69382,2,3,8,3,Quai Perrache,45,
2.023E+11,30,7,2023,17:21,1,77,77108,2,3,1,1,D934,48,
2.023E+11,19,1,2023,11:55,1,971,97113,1,9,1,6,DENIS BORDELAIS,16,
2.023E+11,30,7,2023,06:00,1,77,77058,1,2,1,3,EUROPE (AVENUE DE L' ),48,
2.023E+11,19,1,2023,08:55,1,2A,2A004,2,1,1,6,ROUTE DU STILETTO,41,
2.023E+11,29,7,2023,17:05,1,76,76026,1,1,1,6,RD 100,49,
2.023E+11,19,1,2023,15:20,1,95,95277,2,1,1,6,FERME SAINT SIMON (RUE DE LA),48,
2.023E+11,30,7,2023,16:56,1,64,64024,2,1,1,3,ADOUR (AV DE L'),43,
2.023E+11,18,1,2023,11:20,1,95,95203,2,7,1,6,JEANNE D'ARC (AVENUE),48,
2.023E+11,18,1,2023,09:06,1,87,87085,2,3,9,7,FOUGERAS (RUE DE),45,
2.023E+11,30,7,2023,02:45,5,62,62617,2,2,8,3,D937,50,
2.023E+11,19,1,2023,13:40,1,83,83137,2,1,1,3,PASSY (AVE FREDERIC),43,
2.023E+11,29,7,2023,21:30,1,56,56260,2,9,1,3,SAINTE-ANNE(RUE),47,
2.023E+11,16,1,2023,08:25,5,80,80021,2,1,2,6,PARIS (RUE DE),49,
2.023E+11,29,7,2023,17:25,1,49,49328,2,7,1,3,KLEBER (PLACE),47,
2.023E+11,16,1,2023,07:35,5,80,80021,2,1,3,6,Place Alphonse Fiquet,49,
2.023E+11,30,7,2023,19:40,1,44,44109,2,2,1,6,41 Rue Général Buat,47,
2.023E+11,19,1,2023,15:20,1,77,77333,2,1,1,6,RUE DU BOISSEAU,48,
2.023E+11,18,1,2023,11:20,1,77,77186,1,1,1,2,D607,48,
2.023E+11,30,7,2023,16:15,1,37,37261,2,6,1,3,SUEDE (RUE DE),47,
2.023E+11,18,1,2023,08:15,2,77,77013,1,1,1,6,D402,48,
2.023E+11,30,7,2023,00:50,5,31,31555,2,1,1,4,BD PR LEOPOLD ESCANDE,43,
2.023E+11,19,1,2023,18:10,5,76,76231,2,2,1,3,Rue Jean Jaurès,49,
2.023E+11,30,7,2023,19:04,1,17,17306,2,9,1,6,EUROPE (COURS DE L'),45,
2.023E+11,19,1,2023,06:00,3,76,76351,1,1,2,2,RD 6382,49,
2.023E+11,25,7,2023,13:15,1,12,12145,2,1,1,3,AYROLLE (BOULEVARD DE L'),44,
2.023E+11,18,1,2023,15:15,1,76,76351,2,2,4,2,SAINT QUENTIN (DE),49,
2.023E+11,30,7,2023,06:30,1,2,2408,2,1,1,1,N/A,49,
2.023E+11,18,1,2023,03:00,5,76,76351,2,1,1,1,PIERRE MENDES FRANCE,49,
2.023E+11,30,7,2023,01:17,3,75,75112,2,7,1,6,ESPLANADE SAINT LOUIS,48,
2.023E+11,18,1,2023,09:30,1,76,76707,1,1,4,2,D915,49,
2.023E+11,30,7,2023,14:20,1,75,75118,2,2,1,3,BOULEVARD BARBES,48,
2.023E+11,17,1,2023,08:45,1,71,71076,2,2,2,3,PARIS (AVENUE DE),46,
2.023E+11,20,1,2023,00:45,5,69,69275,2,3,1,6,Avenue Jean Jaurès,45,
2.023E+11,30,7,2023,16:00,1,75,75116,2,2,1,2,BOULEVARD EXELMANS,48,
2.023E+11,19,1,2023,18:20,5,69,69264,2,1,1,6,Rue Grange Blazet,45,
2.023E+11,29,7,2023,19:35,1,75,75112,2,1,1,4,RUE PROUDHON,48,
2.023E+11,19,1,2023,14:30,1,69,69264,2,6,1,3,Avenue de l’Europe,45,
2.023E+11,30,7,2023,15:45,1,75,75103,2,2,1,3,RUE SAINT MARTIN,48,
2.023E+11,19,1,2023,09:30,1,69,69290,2,1,4,1,Rue Michel Jacquet,45,
2.023E+11,19,1,2023,07:05,5,68,68066,2,1,1,3,Avenue de Lorraine,48,
2.023E+11,30,7,2023,18:30,1,94,94077,2,2,1,1,Avenue de la République,48,
2.023E+11,19,1,2023,10:30,1,66,66136,2,3,9,6,,42,
2.023E+11,29,7,2023,21:50,2,94,94002,2,1,2,6,Rue de Naples,48,
2.023E+11,13,1,2023,11:02,1,63,63063,2,1,1,3,VERTE (RUE),45,
2.023E+11,30,7,2023,18:24,1,92,92040,2,2,1,3,BOURGAIN (AVENE),48,
2.023E+11,18,1,2023,12:50,1,62,62523,2,6,7,3,D917,50,
2.023E+11,30,7,2023,20:30,1,92,92025,2,1,1,3,CHARLES DE GAULLE (BD),48,
2.023E+11,19,1,2023,07:25,3,61,61466,1,1,1,6,D924,48,
2.023E+11,19,1,2023,08:55,1,60,60057,2,1,1,6,Avenue de Flandre Dunkerque 40,49,
2.023E+11,28,7,2023,22:35,3,50,50447,1,1,1,1,Route de la Havaudière,48,
2.023E+11,19,1,2023,19:45,5,59,59508,2,1,1,2,HALLUIN (BOULEVARD D'),50,
2.023E+11,31,7,2023,16:40,1,12,12287,2,1,1,1,D926,44,
2.023E+11,20,1,2023,01:00,3,59,59206,2,1,9,6,JAURES (RUE JEAN),50,
2.023E+11,30,7,2023,09:50,1,35,35177,1,1,1,6,D137,48,
2.023E+11,31,7,2023,09:50,1,2A,2A211,1,1,1,6,T40,41,
2.023E+11,19,1,2023,11:51,1,56,56121,2,1,2,3,ZAY (RUE  JEAN ),47,
2.023E+11,29,7,2023,17:45,1,2A,2A119,1,1,1,3,Route de Frasseto,41,
2.023E+11,18,1,2023,10:05,1,56,56098,2,1,1,2,183 Rue Jean Jaurès,47,
2.023E+11,31,7,2023,16:00,1,52,52114,1,1,1,2,D6,48,
2.023E+11,18,1,2023,08:00,5,56,56098,2,6,2,6,32 Rue Marcel Sembat,47,
2.023E+11,30,7,2023,02:19,3,18,18259,1,1,1,7,N/A,47,
2.023E+11,16,1,2023,17:50,5,54,54580,2,1,3,6,RUE GAMBETTA,49,
2.023E+11,28,7,2023,16:20,1,36,36011,1,1,3,3,N/A,47,
2.023E+11,19,1,2023,06:55,3,54,54028,1,1,8,7,RD643,49,
2.023E+11,24,7,2023,00:40,3,76,76413,2,1,2,7,Rue Jean Baptiste Viguerard,49,
2.023E+11,19,1,2023,18:12,5,51,51454,2,4,1,3,rue de Courcelles,49,
2.023E+11,30,7,2023,21:53,3,38,38239,1,1,1,6,D1085,45,
2.023E+11,17,1,2023,08:35,2,50,50129,2,3,2,3,COSNARD (PONT),49,
2.023E+11,31,7,2023,02:30,3,44,44103,1,1,1,2,N/A,47,
2.023E+11,31,7,2023,10:09,1,12,12270,1,1,1,7,A75 - PK 186.100 - Sens Nord/sud,44,
2.023E+11,18,1,2023,19:20,5,49,49214,2,6,1,2,D768,47,
2.023E+11,18,1,2023,17:44,5,49,49007,2,1,8,6,Rue du Château d'Orgemont,47,
2.023E+11,24,7,2023,13:34,1,22,22175,1,1,1,6,D16,48,
2.023E+11,30,7,2023,06:20,2,77,77436,1,1,1,1,D934,48,
2.023E+11,18,1,2023,07:57,5,49,49015,2,3,1,2,DE GAULLE AVENUE DU GENERAL,47,
2.023E+11,18,1,2023,07:10,5,49,49246,2,1,1,7,Chemin de la Monnaie,47,
2.023E+11,31,7,2023,00:10,3,61,61301,1,1,1,6,Autoroute A28 PK 171+150,48,
2.023E+11,21,7,2023,22:41,3,40,40167,1,1,1,7,D315,44,
2.023E+11,19,1,2023,18:52,3,47,47201,2,3,3,1,GASCOGNE (AVENUE DE),44,
2.023E+11,19,7,2023,12:15,1,56,56020,1,1,1,6,Beauséjour,47,
2.023E+11,28,7,2023,18:45,1,67,67305,2,7,2,1,13 Rue du Fond,48,
2.023E+11,19,1,2023,07:50,2,47,47001,2,3,8,3,BARBUSSE (AV. HENRI),44,
2.023E+11,20,7,2023,11:30,1,67,67500,2,9,1,6,Rue du Général de Gaulle,48,
2.023E+11,29,7,2023,17:40,1,80,80437,1,1,1,7,D96,49,
2.023E+11,29,7,2023,04:00,3,82,82175,1,1,1,6,D57,44,
2.023E+11,17,1,2023,11:55,1,37,37214,2,1,1,1,PALLUAU (RUE DE),47,
2.023E+11,30,7,2023,18:25,1,71,71450,1,1,1,7,D43,46,
2.023E+11,17,1,2023,07:55,5,35,35288,2,1,2,6,GRAND JARDIN (RUE DU),48,
2.023E+11,31,7,2023,06:20,2,71,71170,2,3,1,3,26 Route de Chagny,46,
2.023E+11,19,1,2023,18:45,5,35,35238,2,2,8,6,VOLCLAIR (BD LOUIS),48,
2.023E+11,22,7,2023,12:10,1,12,12208,2,3,1,6,10 Boulevard de la Capelle,43,
2.023E+11,31,7,2023,08:35,1,12,12031,1,1,1,6,RD 53,44,
2.023E+11,19,1,2023,16:45,1,35,35238,1,6,1,2,N136,48,
2.023E+11,31,7,2023,20:15,1,42,42329,2,4,1,6,Route Bleue,45,
2.023E+11,19,1,2023,17:00,2,33,33318,2,1,3,6,Avenue du Général Leclerc,44,
2.023E+11,30,7,2023,21:00,2,47,47106,2,6,1,6,Avenue de l'Usine,44,
2.023E+11,18,1,2023,18:05,2,29,29019,2,3,1,3,boulevard Léon Blum,48,
2.023E+11,29,7,2023,19:06,1,47,47110,2,3,1,6,1 Rue de Bantzenheim,44,
2.023E+11,19,1,2023,10:20,1,26,26198,2,1,1,6,Avenue John Fitzgerald Kennedy,44,
2.023E+11,25,7,2023,16:15,1,22,22222,1,1,1,3,Lieu Dit Keregal,48,
2.023E+11,19,1,2023,23:25,5,22,22278,2,9,2,6,MONGE,48,
2.023E+11,28,7,2023,07:40,1,39,39286,2,1,1,1,Rue du Desart,46,
2.023E+11,19,1,2023,09:05,1,17,17461,2,6,8,4,EXPRESS (VOIE),45,
2.023E+11,30,7,2023,16:00,1,39,39106,1,1,1,1,N/A,46,
2.023E+11,15,7,2023,13:30,1,25,25180,1,1,1,7,route départementale 229,46,
2.023E+11,18,1,2023,17:30,5,14,14715,2,9,4,6,Rue de l’Ancien Parc aux Huitres,49,
2.023E+11,28,7,2023,14:45,1,29,29192,2,1,1,2,Route de Sibiril,48,
2.023E+11,18,1,2023,14:10,1,14,14715,1,2,8,2,D513,49,
2.023E+11,27,7,2023,18:45,1,29,29220,1,1,2,5,D102,47,
2.023E+11,19,1,2023,18:55,5,13,13208,2,2,1,3,GATONS (RUE),43,
2.023E+11,30,7,2023,15:55,1,38,38144,1,1,1,3,D518,45,
2.023E+11,19,1,2023,16:00,1,13,13204,2,1,1,6,CHUTES LAVI (AVENUE),43,
2.023E+11,31,7,2023,11:58,1,38,38130,1,1,1,3,D518,45,
2.023E+11,19,1,2023,07:15,2,13,13213,2,1,1,2,JEAN PAUL SARTRE (AVENUE),43,
2.023E+11,30,7,2023,11:46,1,38,38479,1,1,1,6,route departementale 41,45,
2.023E+11,18,1,2023,08:34,1,13,13208,2,1,1,3,MICHELET (BOULEVARD),43,
2.023E+11,29,7,2023,13:45,1,3,3138,1,1,3,6,route de dompierre,46,
2.023E+11,28,7,2023,09:30,1,3,3072,1,1,1,2,Route départementale 40 - Lieu-dit Villevendret,46,
2.023E+11,19,1,2023,00:50,5,13,13206,2,3,1,3,PRADO (AVENUE DU),43,
2.023E+11,30,7,2023,14:40,1,1,1388,2,2,1,7,Place Fernand Rude,46,
2.023E+11,31,7,2023,20:30,1,5,5149,1,1,1,7,D944,44,
2.023E+11,18,1,2023,18:40,5,13,13206,2,1,1,6,Cours lieutaud,43,
2.023E+11,31,7,2023,12:00,1,50,50417,2,3,2,6,Place de la Mairie,49,