Num_Acc,jour,mois,an,hrmn,lum,dep,com,agg,int,atm,col,adr,lat,long
2.023E+11,26,6,2023,19:40,4,974,97418,2,3,1,6,Rue de la Republique,-20,
2.023E+11,15,12,2023,16:00,2,84,84062,1,1,1,1,rd24,43,
2.023E+11,8,9,2023,10:15,1,89,89368,1,1,1,6,D955,47,
2.023E+11,25,6,2023,18:10,1,973,97311,1,1,1,3,CD 09 - PK 12,5,
2.023E+11,25,8,2023,17:00,2,12,12208,2,1,1,1,boulevard basse capelle,43,
2.023E+11,15,12,2023,00:00,3,58,58298,1,1,8,5,A77 PR 136+100,47,
2.023E+11,26,6,2023,08:30,1,77,77142,2,9,1,6,D21,48,
2.023E+11,8,9,2023,06:05,3,47,47315,1,1,1,1,Ladignac,44,
2.023E+11,7,9,2023,00:30,3,39,39478,1,1,1,7,N/A,46,
2.023E+11,14,12,2023,19:45,3,22,22341,1,1,1,1,La Lande du Moulin Oury,48,
2.023E+11,26,6,2023,08:15,1,2B,2B303,1,1,1,3,Alistro,42,
2.023E+11,5,9,2023,17:45,2,25,25578,2,1,1,6,Grande Rue,47,
2.023E+11,13,12,2023,16:45,2,87,87143,1,3,1,3,RD28 PK6,45,
2.023E+11,26,6,2023,09:30,1,84,84078,1,2,1,2,rn7,,
2.023E+11,15,12,2023,08:45,1,83,83097,1,1,1,6,D6,43,
2.023E+11,31,8,2023,08:45,1,35,35069,1,2,1,2,D92,48,
2.023E+11,5,9,2023,19:45,1,29,29075,2,1,1,6,485 rue Lucie et Raymond Aubrac,48,
2.023E+11,14,12,2023,10:25,1,56,56200,1,1,2,2,La Lorraine,47,
2.023E+11,24,6,2023,14:10,1,81,81219,1,1,1,1,route de saint paul cap de joux,43,
2.023E+11,2,9,2023,22:35,3,2,2721,1,2,1,7,N/A,49,
2.023E+11,24,6,2023,18:00,1,64,64430,1,6,1,7,Avenue François Mitterrand,43,
2.023E+11,15,12,2023,08:50,1,56,56153,1,4,2,1,Kerbiais,47,
2.023E+11,24,6,2023,14:46,1,33,33422,1,1,1,3,Avenue de Pierroton,44,
2.023E+11,8,9,2023,12:30,1,3,3307,1,2,1,3,route départementale 34,46,
2.023E+11,15,12,2023,08:30,1,79,79125,2,7,8,6,N/A,46,
2.023E+11,26,6,2023,09:10,1,44,44052,2,1,1,6,21ter Avenue Vice Amiral Halgan,47,
2.023E+11,8,9,2023,00:05,5,3,3254,2,1,1,7,Rue de Souitte,46,
2.023E+11,17,6,2023,23:10,3,22,22190,1,1,1,6,LA ROUGERAIS,48,
2.023E+11,14,12,2023,17:34,5,2A,2A271,2,1,1,1,Pernicaggio,41,
2.023E+11,25,6,2023,20:40,2,35,35347,2,1,7,6,rue de combourg,48,
2.023E+11,7,9,2023,10:23,1,3,3264,2,4,1,3,Rue du Pont,46,
2.023E+11,15,12,2023,07:20,3,80,80417,1,2,1,3,D1029,49,
2.023E+11,6,9,2023,15:00,1,3,3019,1,1,1,7,Route de Bourbon Lancy,46,
2.023E+11,25,6,2023,18:35,1,76,76147,1,1,1,2,D915,49,
2.023E+11,23,6,2023,16:50,1,76,76684,1,1,1,2,D910,49,
2.023E+11,8,9,2023,12:40,1,26,26337,1,1,1,3,Avenue du Dauphiné,44,
2.023E+11,15,12,2023,09:00,1,80,80240,2,9,1,6,Rue Jules Ferry,49,
2.023E+11,22,6,2023,19:00,1,80,80561,2,1,1,6,19 Avenue Paul Doumer,49,
2.023E+11,25,6,2023,06:15,1,13,13202,1,1,1,6,TVPCM-Sens Saint Victor vers Les Ports,43,
2.023E+11,15,12,2023,18:20,5,80,80126,2,1,1,1,11 Rue d'Abbeville,49,
2.023E+11,25,6,2023,01:20,3,13,13203,1,1,1,6,A7-Sens Lyon vers Marseille,43,
2.023E+11,8,9,2023,08:20,1,14,14742,1,1,1,6,Route de Morteaux,48,
2.023E+11,15,12,2023,17:45,3,81,81262,1,1,1,2,D922,44,
2.023E+11,18,6,2023,19:40,1,13,13071,1,1,1,3,A7-Sens Lyon vers Marseille,43,
2.023E+11,15,12,2023,12:00,1,71,71121,1,1,1,1,D313,46,
2.023E+11,8,9,2023,19:03,1,14,14371,1,1,1,1,Route de la Cauvinière,49,
2.023E+11,25,6,2023,05:56,2,69,69283,1,1,1,2,Autoroute 46,45,
2.023E+11,25,6,2023,18:05,1,33,33448,1,1,1,6,AUTOROUTE A 62,44,
2.023E+11,8,9,2023,16:40,1,14,14270,1,1,1,3,D613,49,
2.023E+11,11,12,2023,06:40,3,71,71543,2,3,2,6,Avenue du Clos Mouron,46,
2.023E+11,24,6,2023,20:15,1,91,91161,1,1,1,3,AUTOROUTE A6,48,
2.023E+11,14,12,2023,17:50,3,89,89309,1,1,1,4,D 606,48,
2.023E+11,8,9,2023,17:00,1,50,50550,1,2,1,1,Route de Coutances,49,
2.023E+11,23,6,2023,16:25,1,94,94021,1,1,1,5,A6B,48,
2.023E+11,14,12,2023,17:15,3,89,89344,1,1,2,1,Route de Toucy,47,
2.023E+11,3,9,2023,15:30,1,50,50483,2,1,7,6,Rue de l'Europe,49,
2.023E+11,25,6,2023,19:50,1,94,94034,1,1,1,2,N186,48,
2.023E+11,6,9,2023,17:15,1,45,45054,1,2,7,3,D27 PR 10 + 123,48,
2.023E+11,14,12,2023,21:05,3,61,61029,1,1,5,7,D8,48,
2.023E+11,8,9,2023,10:15,1,10,10437,1,1,1,6,D671,48,
2.023E+11,25,6,2023,15:00,1,77,77169,1,1,1,3,RN104,48,
2.023E+11,15,12,2023,16:45,1,49,49003,1,1,1,6,D70,47,
2.023E+11,8,9,2023,08:54,1,36,36192,2,1,1,6,15 Rue Pierre Canals,46,
2.023E+11,25,6,2023,06:30,1,77,77468,1,1,1,2,A104,48,
2.023E+11,25,6,2023,02:30,3,77,77141,1,1,1,2,A4,48,
2.023E+11,7,9,2023,17:00,1,7,7114,1,1,1,6,D228,45,
2.023E+11,14,12,2023,16:10,1,49,49182,1,1,2,6,Rue Principale,47,
2.023E+11,24,6,2023,16:15,1,94,94044,1,1,1,2,N406,48,
2.023E+11,8,9,2023,16:35,1,40,40007,2,1,1,7,Route de la Côte du Lièvre,43,
2.023E+11,28,3,2023,04:40,5,42,42044,2,2,1,1,Rue de la Malafolie,45,
2.023E+11,25,6,2023,00:45,4,77,77407,2,1,1,6,D607,48,
2.023E+11,4,9,2023,17:05,1,27,27288,1,3,1,5,Route de Brionne,49,
2.023E+11,24,6,2023,18:20,1,76,76498,2,2,1,6,Rue Ampere,49,
2.023E+11,14,12,2023,19:00,5,49,49050,2,4,2,6,Rue des Rives de l'Aubance,47,
2.023E+11,7,9,2023,16:40,1,27,27260,1,1,7,1,RD 6178,49,
2.023E+11,24,6,2023,20:45,1,72,72181,2,4,1,1,MUSSET ALFRED DE (RUE),47,
2.023E+11,8,12,2023,03:13,5,47,47283,2,2,2,6,1 Avenue de Tournon,44,
2.023E+11,8,9,2023,07:50,1,27,27425,1,1,7,1,D613,49,
2.023E+11,24,6,2023,08:30,1,973,97302,2,1,1,1,REPUBLIQUE (BD DE LA),4,
2.023E+11,1,9,2023,13:30,1,27,27643,1,1,1,7,N12,48,
2.023E+11,24,6,2023,08:04,1,973,97302,2,1,1,3,SOURCE DE BADUEL (CHEMIN DE LA),4,
2.023E+11,14,12,2023,18:50,5,39,39206,2,2,2,3,14 Route de Pontarlier,46,
2.023E+11,24,6,2023,00:25,5,973,97302,1,1,1,7,ROUTE NATIONALE 1,4,
2.023E+11,8,9,2023,15:20,1,87,87106,1,2,1,3,D704,45,
2.023E+11,25,6,2023,00:30,5,69,69388,2,1,1,2,Avenue Général Frère,45,
2.023E+11,6,9,2023,16:10,1,8,8222,2,1,1,1,D8051,50,
2.023E+11,23,6,2023,22:45,5,971,97113,1,9,1,1,SECTION COCOYER,16,
2.023E+11,14,12,2023,07:36,2,38,38034,2,9,1,3,455 Route de Vienne,45,
2.023E+11,7,9,2023,15:35,1,88,88245,1,1,1,6,D32,48,
2.023E+11,24,6,2023,12:00,1,2A,2A004,1,6,1,3,T21,41,
2.023E+11,29,8,2023,06:00,2,973,97307,1,1,1,5,RN2 PK9,4,
2.023E+11,15,12,2023,05:20,3,2,2360,2,1,2,7,Rue de Guignicourt,49,
2.023E+11,24,6,2023,11:30,1,95,95277,1,1,1,2,D317,48,
2.023E+11,7,9,2023,17:15,1,49,49228,1,2,1,5,route de la graine de sapin (Parçay-les-Pins),47,
2.023E+11,23,6,2023,20:11,1,91,91377,2,3,1,3,RUE THOMAS MASARIK,48,
2.023E+11,14,12,2023,11:10,1,72,72098,1,2,1,3,La Belle Etoile,47,
2.023E+11,7,9,2023,15:00,1,1,1228,1,1,1,7,A404,,
2.023E+11,23,6,2023,17:36,1,91,91692,2,3,1,3,MILLEPERTUIS (RESIDENCE LES),48,
2.023E+11,2,9,2023,23:00,1,38,38466,1,1,1,7,A41,45,
2.023E+11,24,6,2023,21:30,5,91,91657,2,1,1,2,AV HENRI BARBUSSE,48,
2.023E+11,13,12,2023,13:10,1,14,14303,2,3,2,3,CARF RD519/RD75,49,
2.023E+11,7,9,2023,12:48,1,83,83097,1,1,1,4,autoroute A8,43,
2.023E+11,24,6,2023,17:55,1,91,91114,1,1,1,3,RTE NATIONALE 6,48,
2.023E+11,24,6,2023,13:55,1,91,91687,2,1,1,6,PROVENCE (AVENUE DE),48,
2.023E+11,7,9,2023,23:45,3,17,17181,1,1,1,2,A10,45,
2.023E+11,24,6,2023,04:30,3,91,91223,1,1,1,7,R.D.20,48,
2.023E+11,15,12,2023,07:30,5,14,14319,2,1,2,3,12 Rue des Frères Chappe,49,
2.023E+11,6,9,2023,16:20,1,987,98729,1,1,2,1,PK 8.5 Pharmacie Afereaitu,-17,
2.023E+11,24,6,2023,01:25,5,83,83069,2,2,1,3,AVENUE RITONDALE LEOPOLD,43,
2.023E+11,24,6,2023,22:49,5,81,81004,2,1,1,2,THOMAS (AV ALBERT),43,
2.023E+11,14,12,2023,07:50,2,85,85047,2,1,1,6,Boulevard guérin,46,
2.023E+11,1,9,2023,09:20,1,41,41047,1,3,1,7,Chemin Creux,47,
2.023E+11,24,6,2023,11:30,1,78,78551,1,1,1,3,RD 190,48,
2.023E+11,8,9,2023,17:20,1,77,77315,2,2,1,1,Avenue du 27 Aout 1944,48,
2.023E+11,24,6,2023,01:10,3,77,77114,1,1,1,6,RTE NATIONALE N 4,48,
2.023E+11,14,12,2023,16:40,1,85,85162,1,1,8,7,D104,46,
2.023E+11,24,6,2023,22:45,5,72,72181,2,2,1,7,DEMORIEUX (BD) ENTRE HUISNE ET RD-POINT,47,
2.023E+11,24,6,2023,09:20,1,72,72181,2,1,1,3,ESTEREL (RUE DE L') N° IMPAIRS,47,
2.023E+11,13,12,2023,12:00,1,978,97801,2,1,1,2,Route Nationale 7 - La Savane,18,
2.023E+11,8,9,2023,08:12,1,84,84034,1,1,7,2,235 Route de l?Isle sur la Sorgue,43,
2.023E+11,24,6,2023,01:15,5,72,72181,2,2,1,3,PASTEUR (RUE),48,
2.023E+11,24,6,2023,03:15,5,71,71270,2,1,1,6,HERRIOT (AVENUE EDOUARD),46,
2.023E+11,8,9,2023,08:45,1,84,84141,2,3,1,3,Route de Morières,43,
2.023E+11,23,6,2023,21:45,2,71,71270,2,1,1,6,RAMBUTEAU (RUE),46,
2.023E+11,12,12,2023,12:10,1,68,68300,1,1,2,5,A36 pk 108.800,47,
2.023E+11,8,9,2023,08:00,1,83,83023,2,6,1,3,Chemin de la Tour,43,
2.023E+11,24,6,2023,18:30,1,69,69256,2,2,1,3,Rue du Lycée,45,
2.023E+11,8,9,2023,18:15,1,68,68154,2,6,7,3,Rue de Berne,47,
2.023E+11,15,12,2023,08:20,1,69,69027,2,3,1,6,6 Rue Rene Mondonneix,45,
2.023E+11,24,6,2023,10:00,1,69,69264,2,1,1,3,Rue d’Anse,45,
2.023E+11,24,6,2023,03:00,5,69,69264,2,1,1,6,Rue Montesquieu,45,
2.023E+11,8,9,2023,17:45,1,1,1376,1,6,1,2,D1084a,45,
2.023E+11,24,6,2023,11:25,1,69,69199,2,1,1,3,Boulevard Lucien Sampaix,45,
2.023E+11,8,9,2023,19:00,1,65,65481,1,1,1,6,D918,42,
2.023E+11,24,6,2023,10:10,1,67,67482,2,1,1,3,FORET NOIRE (AVENUE DE LA),48,
2.023E+11,15,12,2023,01:00,3,77,77333,1,1,2,2,Autoroute A6,,
2.023E+11,8,9,2023,00:00,3,9,9282,1,1,1,7,Lieu Dit la Trille,43,
2.023E+11,24,6,2023,01:30,5,67,67447,2,3,1,3,DEUXIEME DIVISION BLINDEE (AVENUE DE LA),48,
2.023E+11,9,12,2023,19:00,3,988,98817,1,1,1,7,Route Express du Mont-Dore,-22,
2.023E+11,7,9,2023,21:00,2,29,29103,2,6,1,3,allée du Petit Paris,48,
2.023E+11,23,6,2023,11:55,1,67,67365,2,1,1,1,LILAS (RUE DES),48,
2.023E+11,7,9,2023,04:55,3,22,22197,1,1,1,2,D795,48,
2.023E+11,7,12,2023,16:40,1,974,97418,1,1,1,2,Route nationale 2,-20,
2.023E+11,24,6,2023,19:29,1,64,64189,2,9,1,3,MITTERRAND FRANCOIS  (AVENUE),43,
2.023E+11,23,6,2023,17:30,1,64,64284,2,9,1,3,RAUSKI,43,
2.023E+11,7,9,2023,18:30,1,22,22376,1,2,1,3,la Ville Neuve,48,
2.023E+11,15,12,2023,09:30,1,13,13073,2,1,1,1,D908,43,
2.023E+11,24,6,2023,18:50,1,64,64125,2,3,1,3,ATHERBEA (AVENUE),43,
2.023E+11,7,9,2023,19:17,2,60,60034,1,9,1,3,D916,49,
2.023E+11,24,6,2023,08:35,1,64,64122,2,3,1,3,GEORGES CLEMENCEAU (PLACE),43,
2.023E+11,7,9,2023,16:23,1,13,13212,1,1,1,2,A507 sens Marseille - Aubagne,43,
2.023E+11,14,12,2023,21:25,5,89,89099,1,1,2,3,D380,47,
2.023E+11,11,11,2023,14:15,1,67,67348,2,6,1,2,Route de Niedernai,48,
2.023E+11,7,9,2023,13:45,1,13,13071,1,1,1,3,A7-Sens Marseille vers Lyon,43,
2.023E+11,24,6,2023,20:00,1,64,64024,2,3,1,2,BAB (BOULEVARD DU),43,
2.023E+11,15,12,2023,09:40,1,54,54043,1,1,2,2,Route départementale D331,48,
2.023E+11,7,9,2023,12:00,1,13,13071,1,1,1,3,A7-Sens Marseille vers Lyon,43,
2.023E+11,10,12,2023,04:15,5,57,57765,2,1,1,1,14 Rue de Carling,49,
2.023E+11,6,9,2023,20:20,2,13,13028,1,1,1,3,A50-Sens Aubagne vers Toulon,43,
2.023E+11,7,9,2023,17:30,1,69,69199,1,1,1,5,Route Départementale 383,45,
2.023E+11,14,12,2023,17:00,5,69,69243,2,1,3,1,Route Nationale 7,45,
2.023E+11,6,9,2023,17:51,1,69,69081,1,1,1,2,Route de Métropole 6,45,
2.023E+11,15,12,2023,07:03,5,69,69094,2,2,1,3,Route de Bordeaux,45,
2.023E+11,5,9,2023,14:15,1,33,33192,1,1,1,2,ROCADE A 630,44,
2.023E+11,7,9,2023,20:40,4,94,94003,1,1,1,6,A6A,48,
2.023E+11,7,9,2023,18:15,1,94,94038,1,1,1,3,A6A,48,
2.023E+11,14,12,2023,07:45,2,69,69289,1,4,2,5,Route Départementale 153,45,
2.023E+11,7,9,2023,17:20,1,94,94034,1,1,1,4,A86,48,
2.023E+11,15,12,2023,18:20,3,17,17476,1,2,1,3,La Touche,45,
2.023E+11,15,12,2023,08:00,1,64,64510,1,1,1,6,D933 Avenue des Landes,43,
2.023E+11,7,9,2023,15:30,1,94,94034,1,1,1,3,A6B,48,
2.023E+11,14,12,2023,08:50,1,33,33238,2,1,1,6,15 Avenue de Gradignan,44,
2.023E+11,7,9,2023,10:45,1,91,91573,1,1,1,7,RN 104,48,
2.023E+11,6,9,2023,19:30,1,91,91228,1,1,1,2,RN 104,48,
2.023E+11,14,12,2023,18:00,3,27,27273,1,3,1,1,RD 71,48,
2.023E+11,15,12,2023,00:30,3,76,76454,1,1,2,6,route departementale 929,49,
2.023E+11,7,9,2023,08:25,1,92,92019,1,1,1,4,RN 385 Extèrieure,48,
2.023E+11,8,12,2023,02:10,3,42,42110,1,1,2,6,M288,45,
2.023E+11,7,9,2023,09:00,1,75,75116,1,1,1,3,A13W,48,
2.023E+11,13,12,2023,13:10,1,33,33013,1,1,2,3,RN 230,44,
2.023E+11,7,9,2023,07:40,1,92,92076,1,1,1,3,A13,48,
2.023E+11,14,12,2023,07:00,3,91,91136,1,1,2,2,AUTOROUTE A10,48,
2.023E+11,14,12,2023,14:20,1,92,92050,1,1,1,3,A86,48,
2.023E+11,6,9,2023,17:00,1,92,92036,1,1,1,4,A86,48,
2.023E+11,13,12,2023,11:15,1,92,92012,1,1,1,4,A13,48,
2.023E+11,7,9,2023,10:30,1,93,93029,1,1,1,2,AUTOROUTE A86,48,
2.023E+11,7,9,2023,10:00,1,93,93064,1,1,1,2,AUTOROUTE A103,48,
2.023E+11,13,12,2023,08:00,2,78,78217,1,1,2,5,A13,48,
2.023E+11,7,9,2023,08:50,1,93,93053,1,1,1,4,AUTOROUTE A103,48,
2.023E+11,14,12,2023,07:50,1,95,95678,1,1,1,4,N184,49,
2.023E+11,6,9,2023,18:25,1,93,93066,1,1,1,4,AUTOROUTE A1,48,
2.023E+11,13,12,2023,22:20,3,95,95572,1,1,2,2,A15,49,
2.023E+11,6,9,2023,14:00,1,93,93006,1,1,1,2,AUTOROUTE A3,48,
2.023E+11,13,12,2023,07:15,2,93,93053,1,1,1,6,AUTOROUTE A3,48,
2.023E+11,7,9,2023,11:15,1,94,94069,1,1,1,7,A86,48,
2.023E+11,14,12,2023,20:30,3,75,75112,1,1,1,5,A4,48,
2.023E+11,4,9,2023,21:06,2,87,87085,2,1,1,6,KING (AVENUE MARTIN LUTHER),45,
2.023E+11,25,6,2023,12:15,1,2,2691,2,3,7,6,32 Boulevard Richelieu,49,
2.023E+11,19,8,2023,18:00,1,13,13030,2,1,7,1,116 Route Nationale 8,43,
2.023E+11,6,8,2023,08:40,1,13,13209,2,6,1,1,CABOT (BOULEVARD),43,
2.023E+11,10,10,2023,17:20,1,973,97302,2,1,1,1,ARON (ANDRE),4,
2.023E+11,9,10,2023,13:40,1,80,80021,2,3,1,3,BEL AIR (RUE DU),49,
2.023E+11,29,4,2023,18:43,1,92,92078,2,1,1,3,CHARLES DE GAULLE (BD)(72 AU 308),48,
2.023E+11,11,10,2023,09:00,1,37,37233,2,6,1,6,BLANQUI (RUE),47,
2.023E+11,22,4,2023,17:50,1,27,27408,1,2,1,3,Mézières-en-Vexin,49,
2.023E+11,10,10,2023,14:50,1,37,37261,2,1,1,6,LESSEPS (ALLEE FERDINAND DE),47,
2.023E+11,6,9,2023,08:45,1,974,97416,1,1,7,2,RN3 (3),-21,
2.023E+11,9,10,2023,12:00,1,37,37195,2,1,1,4,PONT DE SAINT COME BLD PERIPHERIQUE,47,
2.023E+11,6,9,2023,04:05,3,974,97416,1,1,1,6,THOREZ (CHEMIN MAURICE),-21,
2.023E+11,10,10,2023,18:10,1,35,35238,2,1,1,6,RICHEMOND (QUAI DE),48,
2.023E+11,4,9,2023,07:15,1,974,97411,2,2,2,2,LATTRE DE TASSIGNY (AVENUE MARECHAL DE),-20,
2.023E+11,10,10,2023,07:50,2,28,28134,1,9,1,5,RN 154,48,
2.023E+11,6,9,2023,20:00,5,973,97302,2,6,1,2,MARINGOUINS (ROND-POINT),4,
2.023E+11,7,4,2023,20:10,2,93,93079,2,1,1,1,Route de Saint-leu,48,
2.023E+11,6,9,2023,11:55,1,973,97302,2,2,1,3,PAYEE (MADAME),4,
2.023E+11,6,9,2023,12:20,1,69,69388,2,3,1,6,Avenue des Frères Lumière,45,
2.023E+11,6,9,2023,08:50,1,69,69386,2,1,1,3,Boulevard Anatole France,45,
2.023E+11,29,4,2023,18:25,1,92,92078,2,6,1,3,CHARLES DE GAULLE (BD) (4 AU 70),48,
2.023E+11,6,9,2023,08:30,1,69,69386,2,1,1,3,Boulevard Jules Favre,45,
2.023E+11,6,9,2023,15:25,1,972,97209,2,9,1,3,LEOPOLD SEDAR SENGOR (AVENUE),14,
2.023E+11,22,4,2023,19:45,1,92,92078,2,1,1,3,VERDUN (AVENUE) (PAIRS 92 ET PLUS),48,
2.023E+11,4,9,2023,00:19,5,972,97209,2,1,1,6,BISHOP (Avenue Maurice),14,
2.023E+11,6,9,2023,18:10,1,69,69382,2,1,1,3,47 Quai Docteur Gailleton,45,
2.023E+11,15,6,2023,22:46,5,92,92026,2,1,1,1,AJOUX,48,
2.023E+11,3,9,2023,04:20,5,69,69382,2,2,1,3,Quai Tilsitt,45,
2.023E+11,15,6,2023,12:00,1,92,92026,2,1,1,7,ARMAND SILVESTRE (DE 95 A FIN),48,
2.023E+11,5,9,2023,17:25,1,2B,2B120,1,1,1,3,11 - RT,42,
2.023E+11,5,9,2023,19:00,5,971,97120,2,9,1,1,ALEXANDRE ISAAC,16,
2.023E+11,12,12,2023,21:13,5,973,97302,2,3,1,3,MANGO (ROUTE),4,
2.023E+11,5,9,2023,17:38,1,87,87065,2,3,1,3,ARSONVAL (RUE ARSENE D'),45,
2.023E+11,13,12,2023,13:55,1,973,97302,2,1,1,7,SOURCE DE BADUEL (CHEMIN DE LA),4,
2.023E+11,6,9,2023,06:40,2,81,81065,2,4,1,3,DE GAULLE RD 612 (AV. CHARLES),43,
2.023E+11,13,12,2023,18:30,5,69,69383,2,9,1,6,Cours Lafayette,45,
2.023E+11,6,9,2023,18:13,1,78,78190,2,3,1,3,GABILLONS (RUE DES),48,
2.023E+11,6,9,2023,19:30,1,77,77122,2,2,1,6,RUE JEAN MOULIN,48,
2.023E+11,6,9,2023,18:50,1,77,77284,2,9,1,6,CRECHE (RUE DE LA),48,
2.023E+11,13,12,2023,13:50,1,69,69383,2,3,1,3,Rue Général Mouton-Duvernet,45,
2.023E+11,6,9,2023,14:02,1,77,77369,2,1,7,2,MEAUX (AVENUE DE),48,
2.023E+11,6,9,2023,19:05,1,76,76319,2,1,1,7,Rue de Seelze,49,
2.023E+11,13,12,2023,12:20,1,69,69388,2,3,8,6,Cours Albert Thomas,45,
2.023E+11,20,8,2023,15:50,1,76,76486,1,1,1,1,Route de Moulineaux,49,
2.023E+11,6,9,2023,13:55,1,76,76217,2,3,1,3,DUQUESNE (QUAI),49,
2.023E+11,5,9,2023,19:35,1,72,72181,2,9,1,3,PIFFAULT PIERRE (AV) BESSEMER A MONNIER,47,
2.023E+11,13,12,2023,05:40,5,69,69388,2,2,2,6,Boulevard des Etats-Unis,45,
2.023E+11,5,9,2023,14:00,1,72,72003,1,9,1,3,RD 23 (RTE),47,
2.023E+11,6,9,2023,21:45,5,69,69266,2,2,1,3,Rue Edouard Aynard,45,
2.023E+11,13,12,2023,13:30,1,69,69142,2,1,1,3,Quai Jean-Jacques Rousseau,45,
2.023E+11,3,9,2023,18:10,1,69,69264,2,6,1,1,Chemin des Rousses,45,
2.023E+11,5,9,2023,07:40,1,67,67180,2,2,1,1,NESSEL (BLD),48,
2.023E+11,13,12,2023,19:28,3,2B,2B120,2,1,1,3,11 - RT,42,
2.023E+11,6,9,2023,11:38,1,64,64260,2,1,1,3,PORT (RUE DU),43,
2.023E+11,12,12,2023,17:25,2,971,97101,1,1,1,2,RN1 ROCADE DE CHAUVEL,16,
2.023E+11,6,9,2023,12:20,1,64,64445,2,1,1,6,BUROS DE,43,
2.023E+11,6,9,2023,17:30,1,64,64122,2,3,1,3,"""KENNEDY (AVENUE DU PRESIDENT J",,
2.023E+11,13,12,2023,17:10,3,91,91377,2,1,2,6,AV DU PRESIDENT J F KENNEDY,48,
2.023E+11,6,9,2023,18:00,1,63,63113,2,1,1,3,BELLOY (RUE DU),45,
2.023E+11,6,9,2023,01:05,3,59,59350,2,1,1,3,SOLFERINO RUE N°110 - 206,50,
2.023E+11,13,12,2023,17:40,5,91,91191,2,1,1,3,LEON JOUHAUX (AVENUE),48,
2.023E+11,5,9,2023,08:00,1,56,56121,2,1,1,1,VERDUN (RUE  DE ),47,
2.023E+11,5,9,2023,07:00,2,56,56121,2,1,1,6,GAULLE ( AVE DU GENERAL DE ),47,
2.023E+11,13,12,2023,00:00,3,91,91600,1,1,2,3,RTE NATIONALE 6,48,
2.023E+11,6,9,2023,01:00,5,51,51454,2,3,1,6,LECLERC (BOULEVARD DU GENERAL),49,
2.023E+11,5,9,2023,18:22,1,49,49007,2,8,7,6,ALSACE,47,
2.023E+11,13,12,2023,07:40,5,90,90010,2,3,2,6,JUIN (AVENUE DU MARECHAL),47,
2.023E+11,4,9,2023,22:15,5,49,49007,2,1,1,7,MIRABEAU,47,
2.023E+11,13,12,2023,14:55,1,89,89387,2,3,1,3,BOURRIENNE (RUE DE),48,
2.023E+11,6,9,2023,07:50,1,45,45234,2,2,1,2,10 Boulevard Guy-Marie Riobé,47,
2.023E+11,5,9,2023,18:40,1,41,41018,2,1,1,1,BESNARD (QUAI ULYSSE),47,
2.023E+11,12,12,2023,07:54,5,80,80001,2,6,2,3,Route d'Amiens,50,
2.023E+11,6,9,2023,08:00,1,38,38185,2,2,1,3,JOSEPH VALLIER (BOULEVARD),45,
2.023E+11,6,9,2023,18:35,1,37,37261,2,3,7,3,GRAMMONT (AVENUE DE),47,
2.023E+11,4,9,2023,09:45,1,35,35206,1,1,1,6,PORTE ALMA,48,
2.023E+11,6,9,2023,13:45,1,33,33069,2,2,1,3,Boulevard Godard,44,
2.023E+11,6,9,2023,07:50,1,33,33522,2,1,1,2,Cours de la Libération,44,
2.023E+11,6,9,2023,07:45,1,31,31565,2,3,1,1,BOUT DU PUY (RUE DU),43,
2.023E+11,13,12,2023,08:05,2,77,77215,2,9,1,3,BD VICTOR HUGO,48,
2.023E+11,13,12,2023,03:00,5,77,77122,2,1,2,6,RUE DES ROCHES,48,
2.023E+11,5,9,2023,12:50,1,27,27229,2,3,1,3,LUXEMBOURG (RUE DU),49,
2.023E+11,6,9,2023,06:00,3,22,22187,1,1,1,6,RN12,48,
2.023E+11,13,12,2023,19:15,5,77,77449,2,2,2,1,AV BERNARD DE JUSSIEU,48,
2.023E+11,6,9,2023,09:31,1,21,21231,2,3,7,6,MARIOTTE (RUE),47,
2.023E+11,13,12,2023,20:10,5,76,76540,2,2,2,3,Rue Saint Filleul,49,
2.023E+11,6,9,2023,08:08,1,21,21231,2,1,1,6,BARBE (PLACE),47,
2.023E+11,13,12,2023,12:20,1,76,76540,2,5,2,6,Quai du havre (Haut),49,
2.023E+11,6,9,2023,07:35,1,21,21054,2,2,1,3,SAINT-JACQUES (BOULEVARD),47,
2.023E+11,13,12,2023,08:30,1,76,76351,2,3,1,3,JEAN BAPTISTE EYRIES,49,
2.023E+11,3,9,2023,19:30,1,19,19031,2,2,1,2,SEMARD (AVENUE PIERRE) A PARTIR DE N° 75,45,
2.023E+11,3,9,2023,17:35,1,19,19031,2,3,1,3,LATRADE (RUE LOUIS),45,
2.023E+11,13,12,2023,19:30,4,73,73065,2,2,3,3,ROISSARD CHARLES (QUAI),45,
2.023E+11,2,9,2023,08:28,1,18,18213,2,9,7,6,10 Avenue du Général de Gaulle,47,
2.023E+11,13,12,2023,18:30,5,69,69282,2,2,2,3,Rue d'Aquitaine,45,
2.023E+11,12,12,2023,10:44,1,69,69199,2,1,2,6,Rue Danielle Casanova,45,
2.023E+11,6,9,2023,19:00,2,75,75118,2,1,1,4,PORTE DE CLIGNANCOURT,48,
2.023E+11,13,12,2023,17:25,5,68,68166,2,1,2,6,MULHOUSE (FAUBOURG DE),47,
2.023E+11,13,12,2023,12:10,1,66,66136,2,1,1,6,Avenue Général GILLES,42,
2.023E+11,6,9,2023,09:10,1,75,75113,2,1,1,3,PORTE D ITALIE,48,