Num_Acc,jour,mois,an,hrmn,lum,dep,com,agg,int,atm,col,adr,lat,long
2.023E+11,17,1,2023,19:45,5,54,54357,2,2,2,6,Avenue de Metz,48,
2.023E+11,17,1,2023,18:35,3,54,54328,2,3,4,3,route de mirecourt,48,
2.023E+11,17,1,2023,08:25,1,54,54395,2,1,1,1,Place Paul Painleve,48,
2.023E+11,18,1,2023,07:10,3,50,50129,1,1,1,6,CD 901,49,
2.023E+11,18,1,2023,10:05,1,50,50129,2,3,1,2,ARTISANS (RUE DES),49,
2.023E+11,18,1,2023,11:07,1,49,49007,2,1,1,2,MOULIN PONT ET PLACE,47,
2.023E+11,18,1,2023,13:50,1,45,45234,2,3,7,3,13 Rue de Barbotte,47,
2.023E+11,18,1,2023,07:25,4,42,42275,2,3,8,1,Rue de Villars,45,
2.023E+11,18,1,2023,10:45,1,38,38423,2,8,3,3,AVENUE GÉNÉRAL LECLERC,45,
2.023E+11,18,1,2023,18:25,5,37,37261,2,3,1,6,JERUSALEM (RUE DE),47,
2.023E+11,18,1,2023,08:40,1,37,37261,2,1,1,7,COLOMBIER (RUE),47,
2.023E+11,18,1,2023,17:00,2,35,35238,2,3,2,3,TILLON (AVENUE CHARLES),48,
2.023E+11,18,1,2023,11:15,1,35,35238,2,1,1,6,CHURCHILL (AVENUE SIR WINSTON),48,
2.023E+11,18,1,2023,10:55,1,35,35238,2,1,1,2,JOFFRE ( DU MARECHAL),48,
2.023E+11,18,1,2023,08:50,1,33,33318,2,5,8,3,Rue du Pin Vert,44,
2.023E+11,15,1,2023,19:43,5,30,30189,2,2,1,3,ARTS (AVENUE),43,
2.023E+11,18,1,2023,17:00,1,29,29232,1,1,1,7,Boulevard de Poulguinan,47,
2.023E+11,18,1,2023,13:45,1,29,29232,2,1,8,6,Rue de la Tourelle,47,
2.023E+11,18,1,2023,16:10,1,25,25462,2,1,4,2,ROCADE G.POMPIDOU ( DE 0 A 6),46,
2.023E+11,18,1,2023,07:50,2,25,25056,2,1,4,6,CAUSSES RUE DES,47,
2.023E+11,18,1,2023,11:45,1,17,17306,2,1,2,6,HEDDE (AVENUE DANIEL),45,
2.023E+11,17,1,2023,21:00,5,13,13204,2,1,1,6,FRANÇOISE DUPARC (BOULEVARD),43,
2.023E+11,18,1,2023,12:20,1,13,13005,2,1,1,3,NATIONALE 8 DE PARIS A TOULON (ROUTE),43,
2.023E+11,18,1,2023,08:25,1,13,13005,2,3,1,3,COMBES (BOULEVARD EMILE),43,
2.023E+11,18,1,2023,18:30,2,13,13001,2,1,1,2,EUROPE (AV),43,
2.023E+11,17,1,2023,12:30,1,11,11069,2,1,2,2,440 Rue Magellan,43,
2.023E+11,18,1,2023,07:35,5,7,7019,2,6,8,3,DELATTRE DE TASSIGNY(AVENUE),44,
2.023E+11,18,1,2023,15:56,1,6,6029,2,6,1,6,RIOU (BOULEVARD DU),43,
2.023E+11,18,1,2023,10:50,1,6,6030,2,2,1,3,DUNKERQUE (RUE DE),43,
2.023E+11,17,1,2023,04:45,5,6,6027,2,1,1,2,GRASSE AVENUE DE,43,
2.023E+11,14,1,2023,17:45,5,5,5061,2,2,1,3,SAGNIERES ( RUE DES ),44,
2.023E+11,16,1,2023,09:10,1,75,75113,2,1,2,2,BOULEVARD PERIPHERIQUE,48,
2.023E+11,18,1,2023,20:25,5,75,75119,2,7,8,7,AVENUE JEAN JAURES,48,
2.023E+11,18,1,2023,15:30,1,75,75119,2,3,1,6,RUE DE BELLEVILLE,48,
2.023E+11,18,1,2023,16:00,1,75,75117,2,1,1,3,BOULEVARD BESSIERES,48,
2.023E+11,18,1,2023,09:00,1,75,75116,2,2,1,2,RUE D AUTEUIL,48,
2.023E+11,18,1,2023,08:50,1,75,75115,2,3,1,7,RUE DE VAUGIRARD,48,
2.023E+11,18,1,2023,18:00,5,75,75114,2,1,2,6,AVENUE DE LA PORTE DE CHATILLON,48,
2.023E+11,18,1,2023,20:55,5,75,75111,2,2,8,6,RUE LOUIS BONNET,48,
2.023E+11,18,1,2023,15:28,1,75,75111,2,1,1,3,BOULEVARD VOLTAIRE,48,
2.023E+11,18,1,2023,09:35,1,75,75108,2,1,1,6,BOULEVARD MALESHERBES,48,
2.023E+11,18,1,2023,19:45,5,75,75101,2,3,1,6,RUE DE RIVOLI,48,
2.023E+11,18,1,2023,14:50,1,75,75103,2,3,1,3,BOULEVARD BEAUMARCHAIS,48,
2.023E+11,18,1,2023,09:55,1,94,94076,2,1,1,6,COLONEL MARCHAND (R DU),48,
2.023E+11,18,1,2023,09:00,1,94,94038,2,2,1,3,Rue Henri Thirard / Rue de Picardie,48,
2.023E+11,18,1,2023,18:10,5,94,94028,2,3,2,6,Av du Mal de Lattre de Tassigny,48,
2.023E+11,17,1,2023,15:15,1,94,94028,2,2,2,3,Avenue du Général de Gaulle / Rue Saint-simon,48,
2.023E+11,18,1,2023,18:15,5,94,94073,2,1,1,6,Av du Mal de Lattre de Tassigny,48,
2.023E+11,18,1,2023,14:00,1,94,94018,2,2,1,3,Rue Victor Hugo / Rue de Conflans,48,
2.023E+11,17,1,2023,08:40,1,94,94041,2,3,1,3,Rue Victor Hugo / Quai Marcel Boyer,48,
2.023E+11,18,1,2023,15:00,1,94,94071,2,1,8,6,Rue de Paris,48,
2.023E+11,18,1,2023,07:20,5,93,93059,2,3,1,6,Boulevard Jean Mermoz / Rue Robert Desnos,48,
2.023E+11,18,1,2023,13:20,1,93,93070,2,1,1,6,Rue Paul Bert,48,
2.023E+11,18,1,2023,09:00,1,93,93064,2,1,1,3,Avenue Jean Jaurès,48,
2.023E+11,18,1,2023,07:50,5,93,93062,2,1,9,6,Avenue de la Résistance,48,
2.023E+11,16,1,2023,08:15,2,93,93010,2,4,2,1,Rue Jules Guesde / Rue du Breuil,48,
2.023E+11,18,1,2023,19:30,3,93,93005,2,9,2,3,Boulevard André Citroën,48,
2.023E+11,18,1,2023,05:50,5,92,92064,2,1,1,6,REPUBLIQUE,48,
2.023E+11,17,1,2023,23:19,5,92,92064,2,1,1,6,GOUNOD,48,
2.023E+11,16,1,2023,11:25,1,92,92063,2,1,2,6,BROSSOLETTE (RUE PIERRE),48,
2.023E+11,18,1,2023,08:35,1,92,92062,2,1,1,2,PUTEAUX (PONT DE),48,
2.023E+11,17,1,2023,11:00,1,92,92051,2,1,8,6,BERTEAUX-DUMAS (RUE),48,
2.023E+11,18,1,2023,18:00,5,92,92048,2,2,2,2,GARDES (ROUTE DES) N° 5 A 51,48,
2.023E+11,18,1,2023,10:52,1,92,92040,2,1,1,6,FOUCHER LEPELLETIER,48,
2.023E+11,16,1,2023,15:33,1,92,92036,2,1,1,2,Henri Colin (rue),48,
2.023E+11,12,1,2023,09:10,1,57,57463,1,1,8,2,RN 431,49,
2.023E+11,18,1,2023,19:25,5,33,33249,1,1,2,4,ROUTE NATIONALE 230,44,
2.023E+11,18,1,2023,17:58,1,33,33397,1,1,4,2,AUTOROUTE A 10,44,
2.023E+11,18,1,2023,09:35,1,33,33550,1,1,2,3,AUTOROUTE A 62,44,
2.023E+11,18,1,2023,16:30,1,91,91363,1,1,1,2,RN 104,48,
2.023E+11,17,1,2023,06:13,3,78,78043,1,1,1,2,A13W,48,
2.023E+11,18,1,2023,18:00,3,95,95212,1,1,2,6, A1,49,
2.023E+11,17,1,2023,13:10,1,93,93064,1,1,1,2,AUTOROUTE A3,48,
2.023E+11,17,1,2023,08:15,2,2,2722,2,6,1,6,GAMBETTA ( BOULEVARD ),49,
2.023E+11,16,1,2023,08:40,1,64,64445,2,1,3,6,boulevard BARBANEGRE,43,
2.023E+11,9,1,2023,09:58,1,62,62041,2,1,2,3,Rue André Gatoux,50,
2.023E+11,16,1,2023,17:45,2,974,97416,1,1,1,4,RN03,-21,
2.023E+11,17,1,2023,16:30,1,974,97411,1,1,1,3,LITTORAL (ROUTE 2 DU),-20,
2.023E+11,17,1,2023,11:15,1,973,97302,2,2,1,3,VOLTAIRE(AVENUE),4,
2.023E+11,17,1,2023,11:50,1,973,97302,2,3,8,3,MARAN (RENE) CITE THEMIRE,4,
2.023E+11,16,1,2023,21:35,4,973,97302,1,1,2,6,GALMOT (ROND-POINT),4,
2.023E+11,17,1,2023,12:45,1,69,69034,2,1,8,3,3 Route de Strasbourg,45,
2.023E+11,17,1,2023,07:30,4,69,69081,2,1,2,3,9 Avenue Edouard Aynard,45,
2.023E+11,17,1,2023,06:55,5,69,69149,2,3,3,6,1 Grande Rue,45,
2.023E+11,17,1,2023,09:55,1,971,97113,1,1,1,2,RN4 - SECTION RIVIERA,16,
2.023E+11,17,1,2023,06:40,1,971,97113,1,1,1,3,RN4-ROND POINT SAINT FELIX,16,
2.023E+11,17,1,2023,23:00,4,91,91161,2,1,2,1,RTE DE MASSY,48,
2.023E+11,17,1,2023,19:30,3,91,91064,2,1,1,6,MARTINIERE (RUE DE LA),48,
2.023E+11,17,1,2023,19:06,5,91,91161,2,3,2,1,RUE DU BIEF,48,
2.023E+11,16,1,2023,12:05,1,91,91477,2,4,2,3,VIALA (BOULEVARD),48,
2.023E+11,17,1,2023,18:10,5,91,91027,2,1,2,6,AV FRANCOIS MITTERRAND,48,
2.023E+11,17,1,2023,12:28,1,91,91223,1,1,2,7,R.D.721,48,
2.023E+11,16,1,2023,07:44,5,87,87085,2,1,2,3,SAMIE (RUE LEONARD),45,
2.023E+11,13,1,2023,07:50,1,84,84007,2,1,2,6,PONT DES DEUX EAUX (Chemin du ),43,
2.023E+11,17,1,2023,19:05,5,78,78440,2,3,1,3,ARISTIDE BRIAND (RUE),48,
2.023E+11,17,1,2023,08:20,4,76,76165,2,2,1,6,Cours Carnot,49,
2.023E+11,17,1,2023,06:20,5,69,69259,2,3,3,3,Boulevard Marcel Sembat,45,
2.023E+11,17,1,2023,13:40,1,69,69091,2,1,1,6,7b Rue Pierre et Marie Curie,45,
2.023E+11,17,1,2023,09:00,1,62,62119,2,1,1,6,D937,50,
2.023E+11,17,1,2023,20:40,5,59,59599,2,1,1,6,LEHOUCQ (RUE FIDELE),50,
2.023E+11,17,1,2023,19:30,5,59,59527,2,1,1,1,LECLERC RUE DU GENERAL,50,
2.023E+11,12,1,2023,18:00,2,59,59507,2,1,3,1,JAURES JEAN AVENUE.,50,
2.023E+11,16,1,2023,17:15,3,57,57666,2,1,2,6,MARSPICH (ROUTE DE),49,
2.023E+11,17,1,2023,08:40,1,56,56260,2,6,8,3,RACKER(GIRATOIRE DU),47,
2.023E+11,17,1,2023,18:10,5,54,54174,2,3,3,6,Avenue du Maréchal Joffre,48,
2.023E+11,17,1,2023,10:30,1,54,54575,1,1,1,6,52 (ROUTE NATIONALE),49,
2.023E+11,16,1,2023,18:18,5,54,54323,2,3,2,6,Avenue de l'Aviation,49,
2.023E+11,16,1,2023,07:40,5,54,54159,2,3,6,6,Avenue de Lunéville,48,
2.023E+11,16,1,2023,20:38,5,49,49007,2,1,2,6,INDUSTRIE BOULEVARD,47,
2.023E+11,16,1,2023,08:46,1,49,49007,2,1,2,3,Square Jacques Charon,47,
2.023E+11,29,7,2023,20:30,2,94,94028,2,3,1,3,Rue Chéret,48,
2.023E+11,29,7,2023,17:27,1,93,93066,2,1,1,4,Rue Ambroise Croizat,48,
2.023E+11,29,7,2023,10:10,1,93,93001,2,1,1,1,Avenue du Président Roosevelt,48,
2.023E+11,28,7,2023,19:35,1,92,92002,2,1,3,6,GENERAL DE GAULLE (AVENUE DU),48,
2.023E+11,29,7,2023,03:13,3,13,13026,1,1,1,5,A55-Sens Martigues vers Marseille,43,
2.023E+11,29,7,2023,06:45,1,13,13210,1,1,1,2,A507 sens Aubagne- Marseille,43,
2.023E+11,25,7,2023,05:20,2,13,13071,1,1,1,2,A7-Sens Marseille vers Lyon,43,
2.023E+11,17,6,2023,05:10,2,69,69382,1,1,1,6,Route de Métropole 6 ,45,
2.023E+11,29,7,2023,20:10,1,94,94038,1,1,1,5,A6B,48,
2.023E+11,29,7,2023,03:30,5,94,94043,1,1,1,4,A6B,48,
2.023E+11,29,7,2023,16:20,1,92,92036,1,1,3,2,A86,48,
2.023E+11,28,7,2023,22:02,3,78,78646,1,1,1,6,RN12,48,
2.023E+11,28,7,2023,13:10,1,78,78640,1,1,2,6,A86 EXT,48,
2.023E+11,28,7,2023,19:45,1,93,93078,1,1,2,6,AUTOROUTE A104,48,
2.023E+11,28,7,2023,06:45,2,93,93048,1,1,2,3,AUTOROUTE A86,48,
2.023E+11,28,7,2023,00:53,3,94,94069,1,1,2,2,A4,48,
2.023E+11,28,7,2023,00:00,3,77,77363,1,1,2,2,A104,48,
2.023E+11,28,7,2023,12:15,1,43,43041,2,1,1,6,Cote de Tireboeuf,45,
2.023E+11,4,7,2023,07:25,1,987,98735,2,2,1,1,CLEMENCEAU (RUE),17,
2.023E+11,28,7,2023,21:15,5,976,97611,2,1,1,3,kaweni-Geole ( rue de la ),-12,
2.023E+11,18,6,2023,12:45,1,974,97416,1,1,1,6,BASSIN PLAT(CHEMIN),-21,
2.023E+11,17,6,2023,17:30,2,974,97416,1,1,1,7,ISAUTIER (AVENUE CHARLES),-21,
2.023E+11,16,6,2023,20:15,3,974,97416,1,1,1,4,CD 26,-21,
2.023E+11,28,7,2023,13:10,1,974,97409,2,1,1,3,DU CENTRE(CHEMIN),-20,
2.023E+11,16,6,2023,18:45,5,974,97409,2,1,1,3,CAMBUSTON (rue de),-20,
2.023E+11,13,6,2023,09:00,1,973,97302,2,3,1,3,MONTABO (ROUTE DE) 2,4,
2.023E+11,16,6,2023,14:10,1,973,97302,2,1,1,3,TROUBIRAN (CHEMIN DE),4,
2.023E+11,27,7,2023,16:40,1,69,69386,2,2,1,3,75 Cours Lafayette,45,
2.023E+11,28,7,2023,14:30,1,972,97213,1,2,1,3,ROUTE DEPARTEMENTALE 3,14,
2.023E+11,28,7,2023,13:00,1,972,97209,1,1,2,6,TIVOLI (ROUTE DE ),14,
2.023E+11,28,7,2023,11:20,1,69,69385,2,1,1,1,6 Avenue Debrousse,45,
2.023E+11,27,7,2023,09:35,1,69,69034,1,4,1,1,9 Montée de la Boucle,45,
2.023E+11,17,6,2023,00:25,5,69,69382,2,1,1,1,Rue de la Barre,45,
2.023E+11,27,7,2023,15:30,1,971,97113,1,1,1,2,RN4 - SECTION RIVIERA,16,
2.023E+11,16,6,2023,19:00,5,971,97105,2,1,1,6,PERES DOMINICAINS(AVENUE DES),16,
2.023E+11,27,7,2023,18:30,1,85,85194,2,2,1,3,ESTIENNE D'ORVES (R-P HONORE D'),46,
2.023E+11,17,6,2023,22:50,3,81,81144,1,2,1,3,RN 88,43,
2.023E+11,28,7,2023,16:45,1,78,78238,1,1,1,1,PIERRE LEFAUCHEUX,48,
2.023E+11,28,7,2023,23:10,3,77,77294,1,3,1,3,CD84,48,
2.023E+11,28,7,2023,13:20,1,77,77449,1,1,2,6,AV PAUL SERAMY,48,
2.023E+11,28,7,2023,10:30,1,76,76540,2,2,1,3,Quai Cavelier de la Salle,49,
2.023E+11,28,7,2023,05:25,5,76,76351,2,3,1,6,VALLEE (RUE DE LA),49,
2.023E+11,26,7,2023,23:00,5,76,76447,2,1,1,1,BELLE ETOILE,49,
2.023E+11,28,7,2023,20:45,2,76,76384,2,9,8,7,MARRECHAL LECLERC (AVENUE DU),49,
2.023E+11,16,6,2023,13:40,1,76,76114,2,1,1,2,DEBRAY  LOUIS (AVENUE),49,
2.023E+11,28,7,2023,19:00,1,71,71306,2,2,1,3,GRANDE SORME (RUE DE LA ),46,
2.023E+11,28,7,2023,18:25,1,71,71486,2,1,1,7,ORADOUR-SUR-GLANE (RUE D'),46,
2.023E+11,28,7,2023,13:40,1,69,69256,2,1,1,6,Avenue Franklin Roosevelt,45,
2.023E+11,18,6,2023,20:00,1,69,69264,2,6,1,1,Route de Beauregard,45,
2.023E+11,17,6,2023,19:05,1,68,68066,2,6,7,3,PARIS (AVENUE DE),48,
2.023E+11,26,7,2023,18:25,1,67,67218,2,1,1,4,ALFRED KASTLER (ROUTE),48,
2.023E+11,17,6,2023,01:25,5,67,67482,2,2,1,3,HOPITAL (ROUTE DE L ),48,
2.023E+11,28,7,2023,22:07,5,64,64445,2,2,1,3,LIEGE DE,43,
2.023E+11,29,7,2023,00:36,4,64,64024,2,1,1,1,PINANE (RUE DE),43,
2.023E+11,27,7,2023,21:25,2,64,64102,2,1,1,3,SOULT (AVENUE MARECHAL),43,
2.023E+11,28,7,2023,10:27,1,63,63113,2,1,1,2,MICHELIN (AVENUE EDOUARD),45,
2.023E+11,16,6,2023,12:00,1,61,61391,2,6,1,3,CANADIENS (RUE DES),48,
2.023E+11,28,7,2023,07:45,1,59,59650,2,2,2,3,EGALITE (BOULEVARD DE L'),50,
2.023E+11,28,7,2023,18:00,1,54,54395,2,2,1,6,Rue Raymond Poincaré,48,
2.023E+11,28,7,2023,17:15,1,51,51454,2,3,1,3,GIRAUD (AVENUE DU GENERAL),49,
2.023E+11,28,7,2023,13:15,1,51,51454,2,3,8,3,GIRAUD (AVENUE DU GENERAL),49,
2.023E+11,27,7,2023,12:00,1,51,51108,2,3,1,3,MARNE (RUE DE LA),48,
2.023E+11,28,7,2023,21:23,5,49,49007,2,1,1,3,VILLESICARD RUE ET SQUARE,47,
2.023E+11,28,7,2023,18:42,1,49,49007,2,2,1,7,LIBERTE BOULEVARD,47,
2.023E+11,28,7,2023,13:47,1,49,49007,2,7,2,3,MONPROFIT PLACE,47,
2.023E+11,28,7,2023,10:20,1,49,49007,2,1,1,7,RD 323,47,
2.023E+11,28,7,2023,09:25,1,49,49007,2,2,2,6,SAINT EXUPERY,47,
2.023E+11,27,7,2023,08:06,1,49,49007,2,6,2,3,MOULIN BOULEVARD,47,
2.023E+11,19,6,2023,00:30,3,47,47001,1,1,2,7,VERONE (AVENUE DE),44,
2.023E+11,18,6,2023,16:30,1,47,47001,2,6,1,3,DUNKERQUE (QUAI DE),44,
2.023E+11,18,6,2023,10:30,1,47,47001,2,4,1,3,LECLERC (AV. DU GENERAL),44,
2.023E+11,17,6,2023,16:25,1,45,45234,2,2,1,3,Avenue des Droits de l'Homme,47,
2.023E+11,29,7,2023,01:55,3,41,41295,1,1,1,6,RD 956,47,
2.023E+11,28,7,2023,01:50,4,39,39198,2,1,1,3,20 Rue Charles Blind,47,
2.023E+11,28,7,2023,06:50,1,38,38185,2,2,2,3,Avenue Paul Verlaine,45,
2.023E+11,18,6,2023,20:54,1,38,38185,2,1,1,6,D5,45,
2.023E+11,17,6,2023,19:05,1,38,38421,2,3,1,3,RUE HENRI WALLON,45,
2.023E+11,28,7,2023,18:20,1,37,37261,2,1,1,6,GIRAUDEAU (RUE),47,
2.023E+11,28,7,2023,10:36,1,34,34032,2,1,1,6,32 Boulevard Frédéric Mistral,43,
2.023E+11,28,7,2023,16:10,1,34,34003,2,1,1,3,8 Avenue des Alizes,43,
2.023E+11,27,7,2023,18:20,1,34,34003,1,1,1,2,RD612,43,
2.023E+11,27,7,2023,15:45,1,33,33032,1,6,1,3,Quai de Vial,44,
2.023E+11,18,6,2023,14:20,1,33,33529,2,3,1,5,OCEAN (BD DE L'),44,
2.023E+11,16,6,2023,19:00,1,33,33529,1,1,1,6,LIGNON (BD LOUIS),44,
2.023E+11,17,6,2023,21:50,5,31,31555,2,1,8,1,RTE DE SAINT SIMON,43,
2.023E+11,28,7,2023,10:20,1,29,29232,1,1,2,6,Pont de Poulguinan,47,
2.023E+11,17,6,2023,10:20,1,29,29232,1,1,1,3,Rue Henri Barbusse,47,
2.023E+11,16,6,2023,16:15,1,29,29232,1,1,1,7,RN 165,47,
2.023E+11,28,7,2023,18:30,1,29,29019,2,1,1,3,rue de Gouesnou,48,
2.023E+11,16,6,2023,11:55,1,28,28085,2,1,1,6,SABLONS (AVENUE DES),48,
2.023E+11,18,6,2023,00:02,3,22,22360,1,1,1,6,MENDES FRANCE (AVENUE PIERRE),48,
2.023E+11,16,6,2023,17:20,1,19,19031,2,1,1,2,RIBOT (AVENUE),45,
2.023E+11,18,6,2023,19:45,1,17,17300,2,1,1,3,CHERET   RUE JULES,46,
2.023E+11,18,6,2023,18:30,1,17,17300,2,1,1,6,CHARLEVILLE MEZIERES   RUE DE,46,
2.023E+11,28,7,2023,08:20,1,17,17299,2,1,1,3,GAMBETTA RUE,45,
2.023E+11,16,6,2023,18:30,1,16,16089,2,1,1,6,BARBEZIEUX (ROUTE DE),45,
2.023E+11,27,7,2023,20:20,1,14,14118,2,2,1,3,1 Rue de la Pigacière,49,
2.023E+11,17,6,2023,18:35,1,13,13103,1,1,1,1,ROUTE D'ARLES-RN 113,43,
2.023E+11,27,7,2023,09:30,1,13,13207,2,1,1,6,CORSE (AVENUE DE LA),43,
2.023E+11,18,6,2023,01:15,5,13,13210,2,3,1,3,PONT DE VIVAUX (BOULEVARD),43,
2.023E+11,18,6,2023,14:15,1,13,13208,2,1,1,6,MONTREDON (AVENUE DE),43,
2.023E+11,18,6,2023,12:00,1,13,13213,2,1,1,4,OLIVES (AVENUE DES),43,
2.023E+11,17,6,2023,23:25,5,13,13215,2,1,1,6,SAINT ANTOINE A SAINT JOSEPH (CHEMIN DE),43,
2.023E+11,17,6,2023,22:25,2,13,13203,2,2,1,2,CLOVIS HUGUES (RUE),43,
2.023E+11,17,6,2023,19:07,1,13,13211,2,4,1,1,ROUGUIERE (ALLÉE DE LA ),43,
2.023E+11,17,6,2023,11:40,1,13,13208,2,1,1,3,GRAND LARGE (PROMENADE DU),43,
2.023E+11,17,6,2023,11:30,1,13,13215,2,1,1,3,Chemin de la madrague ville,43,
2.023E+11,16,6,2023,14:15,1,13,13209,2,2,1,2,LEON (BOULEVARD),43,
2.023E+11,16,6,2023,13:38,1,13,13213,2,2,1,3,CHATEAU GOMBERT CHEMIN,43,
2.023E+11,17,6,2023,17:30,1,13,13047,1,1,1,1,RN 1569,43,
2.023E+11,16,6,2023,17:55,1,13,13005,1,1,1,3,CIOTAT (ROUTE DE LA RN559),43,
2.023E+11,16,6,2023,20:35,1,13,13005,2,1,1,3,SALENGRO (AVENUE ROGER),43,
2.023E+11,16,6,2023,15:20,1,13,13005,1,9,1,3,RD 559 A (ROUTE DE LA BEDOULE),43,
2.023E+11,16,6,2023,12:00,1,13,13005,2,1,1,3,RN 8,43,
2.023E+11,27,7,2023,23:20,5,10,10333,1,9,1,3,ECHENILLY (RUE),48,
2.023E+11,28,7,2023,23:15,5,10,10333,2,1,1,5,AUXERRE (ROUTE),48,
2.023E+11,16,6,2023,09:55,1,7,7019,1,1,1,1,D104,44,
2.023E+11,27,7,2023,13:20,1,6,6088,2,4,1,6,CANTA GALET (RTE DE),43,
2.023E+11,16,6,2023,22:00,3,6,6088,1,9,1,6,MONT-BORON (R. FOREST. DU),43,
2.023E+11,28,7,2023,10:10,1,6,6123,1,1,1,2,RN202BIS,43,
2.023E+11,22,7,2023,14:25,1,2,2408,2,6,1,2,N/A,49,
2.023E+11,28,7,2023,19:50,1,75,75117,2,1,3,7,ECHANGEUR MAILLOT,48,
2.023E+11,28,7,2023,08:45,1,75,75115,2,1,3,7,ECHANGEUR ISSY,48,
2.023E+11,26,7,2023,12:50,1,75,75112,2,1,1,7,BOULEVARD PERIPHERIQUE INTERIEUR PORTE DE BERCY,48,
2.023E+11,16,6,2023,09:40,1,75,75113,2,7,1,3,BOULEVARD VINCENT AURIOL,48,
2.023E+11,28,7,2023,19:40,1,75,75106,2,2,2,3,RUE DE VAUGIRARD,48,
2.023E+11,28,7,2023,09:54,1,75,75105,2,3,2,3,QUAI DE MONTEBELLO,48,
2.023E+11,26,7,2023,13:00,1,75,75116,2,2,1,3,RUE JEAN DE LA FONTAINE,48,
2.023E+11,27,7,2023,13:45,1,75,75114,2,1,2,6,BOULEVARD ARAGO,48,
2.023E+11,26,7,2023,15:25,1,75,75114,2,2,1,4,RUE FROIDEVAUX,48,
2.023E+11,28,7,2023,13:35,1,75,75110,2,2,2,6,RUE DU FAUBOURG POISSONNIERE,48,
2.023E+11,28,7,2023,13:15,1,75,75109,2,2,1,6,RUE DE MOGADOR,48,
2.023E+11,28,7,2023,14:55,1,94,94058,2,1,2,6,Boulevard de la Liberté,48,
2.023E+11,28,7,2023,17:00,1,94,94046,2,2,2,3,Rue Michelet,48,
2.023E+11,28,7,2023,15:00,1,94,94011,2,6,2,3,Rue Pierre Sémard,48,
2.023E+11,28,7,2023,20:00,1,94,94079,2,3,2,6,Route de Bry,48,
2.023E+11,28,7,2023,18:10,1,94,94017,2,3,2,5,Avenue du Général de Gaulle,48,
2.023E+11,26,7,2023,11:40,1,94,94017,2,3,1,2,Avenue du Général de Gaulle,48,
2.023E+11,28,7,2023,16:40,1,95,95527,1,1,3,2,A3,49,
2.023E+11,28,7,2023,13:00,1,93,93032,2,3,2,3,Rue Hippolyte Pina / Avenue de Rambouillet,48,
2.023E+11,28,7,2023,20:00,2,93,93049,2,1,3,6,Rue Pierre Brossolette,48,
2.023E+11,28,7,2023,13:55,1,93,93046,2,1,8,3,Boulevard de l'Europe,48,
2.023E+11,28,7,2023,20:05,1,93,93063,2,9,2,3,Rue de Paris / Avenue de Metz,48,
2.023E+11,28,7,2023,08:00,1,92,92072,2,1,2,6,Pont de Sèvres,48,
2.023E+11,26,7,2023,13:50,1,92,92064,2,1,1,6,REPUBLIQUE,48,
2.023E+11,28,7,2023,16:15,1,92,92049,2,5,2,3,BROSSOLETTE AVENUE PIERRE,48,
2.023E+11,28,7,2023,14:27,1,92,92044,2,2,2,2,J. GUESDES(RUE)103A139ET122A148,48,
2.023E+11,28,7,2023,01:28,5,92,92004,2,2,1,2,DOCTEUR DERVAUX  ( QUAI DU ),48,
2.023E+11,29,7,2023,18:20,1,60,60160,1,1,1,6,D1017,49,
2.023E+11,28,7,2023,18:55,1,33,33040,2,1,1,1,D13,44,
2.023E+11,29,7,2023,17:10,1,28,28031,1,1,1,2,PK 106+500,48,
2.023E+11,28,7,2023,12:43,1,972,97222,1,1,3,5,N1,14,
2.023E+11,28,7,2023,12:05,1,76,76616,1,9,8,7,Hameau d'Énitot,,
2.023E+11,28,7,2023,19:30,1,86,86165,2,1,1,7,Rue Prépaudière,46,
2.023E+11,29,7,2023,05:45,2,68,68315,2,1,1,7,Route de Guebwiller,47,
2.023E+11,29,7,2023,13:00,1,62,62527,1,1,3,1,D901,50,
2.023E+11,29,7,2023,06:30,1,83,83116,2,6,1,6,Hameau Colbert,43,
2.023E+11,27,7,2023,19:00,1,62,62080,2,1,2,2,D917,50,
2.023E+11,28,7,2023,18:21,1,56,56129,1,1,1,6,Les Senardieres,48,
2.023E+11,10,11,2023,14:15,1,75,75118,2,2,2,6,AVENUE DE SAINT OUEN,48,
2.023E+11,29,7,2023,07:20,1,79,79050,1,1,3,7,N/A,46,
2.023E+11,10,11,2023,16:00,1,75,75117,2,1,3,3,AVENUE GOURGAUD,48,
2.023E+11,7,7,2023,17:00,1,33,33108,2,4,1,2,Rue Michel de Montaigne,44,
2.023E+11,28,7,2023,23:50,3,32,32235,1,1,1,6,route départementale n°20 pk 10+370,43,
2.023E+11,29,7,2023,07:20,2,12,12231,1,1,7,2,Camping La Dourbie,44,
2.023E+11,10,11,2023,06:20,5,75,75117,2,2,1,3,RUE LA CONDAMINE,48,
2.023E+11,29,7,2023,14:50,1,12,12103,1,1,1,7,D97,44,
2.023E+11,10,11,2023,00:20,5,75,75117,2,5,1,7,BOULEVARD MALESHERBES,48,
2.023E+11,28,7,2023,20:00,2,47,47195,2,3,1,2,13 rue lafayette,44,
2.023E+11,9,11,2023,23:40,5,75,75117,2,1,1,2,BOULEVARD PEREIRE,48,
2.023E+11,29,7,2023,09:00,1,34,34284,1,9,1,1,D907,43,
2.023E+11,29,7,2023,10:10,1,68,68212,1,1,1,7,Rue du Maréchal Ferrant,47,
2.023E+11,10,11,2023,13:30,1,75,75116,2,3,1,3,AVENUE DE L HIPPODROME,48,
2.023E+11,28,7,2023,20:00,1,25,25410,2,1,1,1,11 Rue de l'Eglise,47,