Num_Acc,jour,mois,an,hrmn,lum,dep,com,agg,int,atm,col,adr,lat,long
2.023E+11,10,11,2023,10:30,1,75,75116,2,2,1,3,AVENUE RAYMOND POINCARE,48,
2.023E+11,28,7,2023,19:15,1,44,44137,1,1,2,7,N/A,47,
2.023E+11,28,7,2023,19:30,1,2,2401,2,4,2,6,12 Rue d'Haution,49,
2.023E+11,7,11,2023,17:00,1,75,75116,2,2,1,3,ALLEE DE LONGCHAMP,48,
2.023E+11,28,7,2023,21:30,3,58,58177,1,1,8,6,d 232,47,
2.023E+11,26,7,2023,09:50,1,54,54222,1,1,1,6,D914  ,48,
2.023E+11,28,7,2023,18:35,1,6,6042,1,9,1,3,Route de la Tinée,,
2.023E+11,10,11,2023,11:40,1,75,75114,2,4,1,3,AVENUE DU GENERAL LECLERC,48,
2.023E+11,29,7,2023,09:00,1,6,6071,2,3,1,6,Rue Jean Mineur,44,
2.023E+11,22,7,2023,18:05,1,6,6148,1,1,1,7,Route de Vence,43,
2.023E+11,9,11,2023,18:20,5,75,75112,2,3,1,3,AVENUE DAUMESNIL,48,
2.023E+11,28,7,2023,20:45,1,14,14494,1,1,1,6,154 rd49,49,
2.023E+11,10,11,2023,20:35,5,75,75111,2,4,1,1,BOULEVARD VOLTAIRE,48,
2.023E+11,29,7,2023,02:30,3,83,83056,1,1,1,3,D54,43,
2.023E+11,29,7,2023,09:24,1,18,18210,2,5,2,7,Petite Rue de la Montagne,47,
2.023E+11,10,11,2023,16:28,1,75,75107,2,3,3,3,AVENUE DE LOWENDAL,48,
2.023E+11,29,7,2023,14:15,1,18,18235,1,1,1,1,N/A,47,
2.023E+11,10,11,2023,12:30,1,75,75107,2,3,1,6,RUE DE SEVRES,48,
2.023E+11,27,7,2023,16:02,2,43,43184,1,9,1,2,RD6,45,
2.023E+11,27,7,2023,18:21,1,43,43113,1,3,1,3,D28,44,
2.023E+11,10,11,2023,00:20,5,75,75104,2,3,1,3,RUE SAINT ANTOINE,48,
2.023E+11,29,7,2023,13:39,1,10,10268,1,1,1,3,RD 619,48,
2.023E+11,28,7,2023,17:15,1,16,16070,2,1,1,6,11 RUE SOUCHET,45,
2.023E+11,28,7,2023,16:40,1,7,7017,1,1,1,6,Le Plantier,44,
2.023E+11,10,11,2023,18:40,5,94,94080,2,2,2,1,Avenue de Paris,48,
2.023E+11,28,7,2023,08:10,1,30,30152,1,3,1,3,Route de Saint Ambroix,44,
2.023E+11,28,7,2023,23:30,3,8,8250,1,1,8,6,N/A,49,
2.023E+11,25,7,2023,05:30,2,88,88499,1,1,1,6,D266,48,
2.023E+11,10,11,2023,13:50,1,94,94080,2,2,1,3,Rue du Donjon,48,
2.023E+11,27,7,2023,23:45,5,6,6085,2,6,1,1,D6285,43,
2.023E+11,26,7,2023,16:30,1,39,39150,1,1,1,2,N/A,47,
2.023E+11,10,11,2023,11:00,1,94,94080,2,2,1,3,Avenue de Paris,48,
2.023E+11,22,5,2023,23:45,3,40,40035,1,1,1,6,D29,43,
2.023E+11,28,7,2023,11:10,1,57,57606,1,9,2,3,barrière de péage de SAINT AVOLD,,
2.023E+11,8,11,2023,17:17,5,94,94017,2,4,2,1,Avenue du Général Leclerc,48,
2.023E+11,22,5,2023,18:15,1,44,44204,2,1,1,6,49 Rue des Etangs,47,
2.023E+11,28,7,2023,15:20,1,11,11262,1,1,1,5,Autoroute A9 - PK191+800 - sens 2,43,
2.023E+11,10,11,2023,08:45,1,94,94043,2,1,1,6,87 Avenue de Fontainebleau,48,
2.023E+11,28,7,2023,14:00,1,987,98740,1,1,1,3,Avatoru - Lafayette,-15,
2.023E+11,20,5,2023,16:30,1,56,56178,2,3,1,3,45 Rue Colbert,48,
2.023E+11,29,7,2023,06:10,3,78,78564,1,1,1,7,A10,48,
2.023E+11,10,11,2023,09:20,1,94,94038,2,1,2,4,Bd Paul Vaillant Couturier,48,
2.023E+11,22,5,2023,17:25,1,60,60367,1,1,1,1,D923,49,
2.023E+11,20,5,2023,20:20,1,59,59343,1,1,1,7,ROUTE NATIONALE 227,50,
2.023E+11,9,11,2023,17:25,2,94,94028,2,1,2,6,Avenue François Mitterrand,48,
2.023E+11,17,5,2023,17:20,1,62,62498,1,1,1,2,A21,50,
2.023E+11,28,7,2023,19:50,5,987,98724,2,1,1,6,District de Faie,-16,
2.023E+11,9,11,2023,09:30,1,94,94028,2,1,8,6,Rue Jean Esquirol,48,
2.023E+11,22,5,2023,09:00,2,91,91228,1,1,1,4,AUTOROUTE A6,48,
2.023E+11,29,7,2023,10:10,1,974,97420,2,1,1,6,Avenue Mahatma Gandhi,-20,
2.023E+11,22,5,2023,05:15,2,91,91136,1,1,1,7,RN20,48,
2.023E+11,10,11,2023,08:10,1,94,94018,2,1,1,3,Quai des Carrieres,48,
2.023E+11,21,5,2023,23:26,3,92,92002,1,1,1,2,AUTOROUTE A10,48,
2.023E+11,22,5,2023,00:20,3,91,91161,1,1,1,7,AUTOROUTE A6,48,
2.023E+11,22,5,2023,07:20,1,78,78362,1,1,1,3,A13,48,
2.023E+11,9,11,2023,08:55,1,94,94069,2,1,2,5,3 Avenue Saint Maurice du Valais,48,
2.023E+11,20,5,2023,23:51,3,78,78402,1,1,1,3,A13,48,
2.023E+11,10,11,2023,17:40,5,94,94017,2,6,8,3,Avenue Salvador Allendé,48,
2.023E+11,9,11,2023,23:10,5,93,93073,2,1,2,6,Rue de Dublin,49,
2.023E+11,20,5,2023,08:50,1,78,78043,1,1,1,2,A12 Y,48,
2.023E+11,10,11,2023,13:30,1,93,93066,2,3,8,6,Avenue du Colonel Fabien / Rue de la Poterie,48,
2.023E+11,20,5,2023,20:20,1,93,93048,1,1,1,4,AUTOROUTE A86,48,
2.023E+11,10,11,2023,08:15,1,93,93066,2,2,1,6,Rue Henri Barbusse / Rue de Montmorency,48,
2.023E+11,10,11,2023,08:15,1,93,93074,1,1,1,6,D933,48,
2.023E+11,19,5,2023,16:50,1,95,95582,1,1,1,7,A15,48,
2.023E+11,10,11,2023,14:00,1,93,93008,2,1,8,6,Avenue Paul Vaillant - Couturier,48,
2.023E+11,19,5,2023,01:20,5,69,69383,2,1,1,2,Cours Richard Vitton,45,
2.023E+11,10,11,2023,17:00,1,93,93005,2,1,2,2,Av I et Frederic Joliot Curie,48,
2.023E+11,19,5,2023,11:25,1,22,22360,2,1,1,6,Rue de la République,48,
2.023E+11,10,11,2023,17:45,5,92,92078,2,2,2,6,GERARD PHILIPPE (SQUARE),48,
2.023E+11,20,5,2023,23:05,5,94,94067,2,2,1,6,Avenue du Général de Gaulle / Rue de l'Alouette,48,
2.023E+11,10,11,2023,08:20,1,92,92063,2,9,1,6,CHATAIGNERAIE (AVENUE DE LA),48,
2.023E+11,19,5,2023,00:27,5,93,93066,2,2,1,6,Avenue du Président Wilson / Rue Francis de Pressensé,48,
2.023E+11,10,11,2023,14:55,1,92,92049,2,2,2,3,BROSSOLETTE AVENUE PIERRE,48,
2.023E+11,21,3,2023,15:21,1,971,97104,2,6,8,6,FELIX EBOUE (BOULVARD G.GENERAL),16,
2.023E+11,21,5,2023,04:55,5,974,97416,2,1,1,6,FOUR A CHAUX(RUE DU),-21,
2.023E+11,8,11,2023,16:10,1,92,92025,2,1,2,3,BOURNARD (RUE DU),48,
2.023E+11,21,5,2023,08:15,1,973,97302,2,3,3,7,MERE THERESA (rue),4,
2.023E+11,13,4,2023,20:50,5,75,75113,2,1,1,2,BOULEVARD DU GENERAL JEAN SIMON,48,
2.023E+11,9,11,2023,23:55,5,92,92060,2,2,1,3,PAUL LANGEVIN (AVENUE) (RD 2),48,
2.023E+11,21,5,2023,11:25,1,69,69387,2,1,1,2,Avenue Berthelot,45,
2.023E+11,10,11,2023,18:30,5,92,92012,2,1,2,7,ALPHONSE LE GALLO (QUAI) 35/FIN,48,
2.023E+11,13,4,2023,11:33,1,75,75119,2,3,2,6,BOULEVARD DE LA VILLETTE,48,
2.023E+11,10,11,2023,10:30,1,92,92007,2,2,1,6,PETIT (AVENUE ALBERT) N° 39 A FIN,48,
2.023E+11,21,5,2023,06:00,2,95,95268,2,1,1,3,D84A,48,
2.023E+11,12,4,2023,20:43,5,75,75108,2,2,1,5,BOULEVARD DE COURCELLES,48,
2.023E+11,10,11,2023,02:40,5,92,92014,2,1,1,2,MARECHAL JOFFRE (BD DU) (1 A 41 - 2 A 56,48,
2.023E+11,13,4,2023,19:30,1,75,75105,2,2,1,2,BOULEVARD SAINT MICHEL,48,
2.023E+11,10,11,2023,16:40,1,60,60179,1,2,2,2,RD 47,49,
2.023E+11,20,5,2023,11:55,1,91,91471,2,3,1,6,VERRIER (RUE),48,
2.023E+11,13,4,2023,18:35,1,75,75118,2,2,1,3,RUE ORDENER,48,
2.023E+11,11,11,2023,15:00,1,976,97610,2,1,1,6,Route Nationale 1 - Koungou,-12,
2.023E+11,13,4,2023,18:20,1,75,75117,2,2,1,6,BOULEVARD BESSIERES,48,
2.023E+11,11,11,2023,11:05,1,47,47145,1,1,1,1,RN 21 PK/PR 76+900,44,
2.023E+11,21,5,2023,12:40,1,91,91286,2,1,1,6,HENRI ROL TANGUY,48,
2.023E+11,11,11,2023,09:00,1,54,54037,1,2,1,6,RD 115,48,
2.023E+11,13,4,2023,13:45,1,75,75117,2,3,1,3,PORTE DE CLICHY,48,
2.023E+11,21,5,2023,07:50,1,85,85191,2,1,1,6,5 Rue du général guérin,46,
2.023E+11,11,4,2023,20:53,5,75,75116,2,5,2,3,PLACE DE L ALMA,48,
2.023E+11,11,11,2023,11:35,1,14,14689,1,3,2,6,1 Rue Sannesson,48,
2.023E+11,10,11,2023,07:24,4,31,31454,2,1,3,6,Place du Foirail,43,
2.023E+11,13,4,2023,19:10,1,75,75114,2,3,1,3,BOULEVARD JOURDAN,48,
2.023E+11,21,5,2023,18:15,1,78,78440,2,2,1,2,EUROPE (AVENUE DE L'),48,
2.023E+11,10,11,2023,17:50,3,51,51147,1,4,2,1,intersection D994/D66,49,
2.023E+11,13,4,2023,13:15,1,75,75115,2,1,2,2,BOULEVARD DE VAUGIRARD,48,
2.023E+11,11,11,2023,17:15,2,60,60637,1,1,1,7,D922,49,
2.023E+11,13,4,2023,17:26,1,75,75113,2,7,1,2,PLACE D ITALIE,48,
2.023E+11,21,5,2023,21:20,2,76,76561,2,2,1,3,Rue de la Résistance,49,
2.023E+11,10,11,2023,19:50,3,22,22193,1,1,1,6,Tryalin,48,
2.023E+11,12,4,2023,09:00,1,75,75113,2,4,2,3,BOULEVARD DE L HOPITAL,48,
2.023E+11,10,11,2023,17:50,2,24,24053,1,1,2,6,A89,45,
2.023E+11,12,4,2023,22:00,5,75,75120,2,2,8,3,BOULEVARD DAVOUT,48,
2.023E+11,10,11,2023,09:50,1,19,19083,1,1,2,6,N/A,45,
2.023E+11,11,11,2023,11:30,1,80,80208,1,1,1,7,D941,50,
2.023E+11,13,4,2023,16:15,1,75,75110,2,3,1,6,RUE D ABBEVILLE,48,
2.023E+11,15,4,2023,20:13,2,70,70550,2,9,1,6,SERPENTE (RUE),47,
2.023E+11,13,4,2023,16:25,1,75,75108,2,2,1,6,RUE PASQUIER,48,
2.023E+11,10,11,2023,16:55,1,89,89197,1,2,2,3,Guillon-Terre-Plaine,47,
2.023E+11,21,5,2023,23:00,5,69,69275,2,1,1,6,Rue Danton,45,
2.023E+11,12,4,2023,19:00,1,75,75108,2,3,4,3,RUE DE CONSTANTINOPLE,48,
2.023E+11,11,11,2023,12:25,1,49,49069,2,2,1,3,La Rabottière (Liré),47,
2.023E+11,13,4,2023,13:40,1,75,75104,2,1,1,7,VOIE GEORGES POMPIDOU,48,
2.023E+11,21,5,2023,06:10,2,62,62540,1,1,1,6,D941,50,
2.023E+11,10,11,2023,19:10,5,49,49218,2,9,1,3,Avenue de l'Èvre (St Pierre-Montlimart),47,
2.023E+11,12,4,2023,08:50,1,75,75104,2,3,2,6,RUE SAINT ANTOINE,48,
2.023E+11,10,11,2023,10:15,1,46,46283,2,6,2,6,D720,44,
2.023E+11,21,5,2023,13:54,1,60,60414,2,1,1,6,Rue de la République,49,
2.023E+11,17,4,2023,10:00,1,94,94042,2,9,1,3,Place de Verdun,48,
2.023E+11,10,11,2023,17:30,2,41,41214,2,1,2,6,Rue de la Cavee,47,
2.023E+11,19,5,2023,12:40,1,46,46042,2,3,1,3,REGOURD (QUAI DE),44,
2.023E+11,10,11,2023,15:50,1,86,86281,1,1,1,7,D347,46,
2.023E+11,13,4,2023,17:30,1,94,94076,2,3,1,2,66 Av du President Salvador Allende,48,
2.023E+11,21,5,2023,22:02,2,35,35238,2,1,1,6,BOHEME (COURS DE),48,
2.023E+11,11,11,2023,09:33,1,22,22232,1,1,8,6,3 Route de la Lande,48,
2.023E+11,13,4,2023,16:00,1,94,94041,2,1,1,3,Avenue de la République,48,
2.023E+11,10,11,2023,23:30,3,38,38175,1,1,3,6,D528,45,
2.023E+11,21,5,2023,14:50,1,35,35238,2,1,1,6,BARTHOU (AVENUE LOUIS),48,
2.023E+11,12,4,2023,15:15,1,94,94028,2,1,1,3,Avenue du Général de Gaulle,48,
2.023E+11,21,5,2023,03:10,3,33,33281,2,1,1,6,Rue Armand Gayral,44,
2.023E+11,11,11,2023,12:21,1,15,15040,1,1,8,3,D678,45,
2.023E+11,13,4,2023,08:50,1,94,94077,2,1,1,2,Rue des Voeux Saint Georges,48,
2.023E+11,21,5,2023,01:57,5,33,33192,2,1,1,6,Rue Saint-François Xavier,44,
2.023E+11,10,11,2023,18:10,3,72,72028,1,2,2,3,D338/ D216,47,
2.023E+11,13,4,2023,20:27,5,93,93078,2,3,1,3,Av du Mal de Lattre de Tassigny / Rue Marius Petipa,48,
2.023E+11,10,11,2023,20:15,3,18,18183,2,1,2,6,Rue Gaston Boutillon,46,
2.023E+11,20,5,2023,18:30,1,33,33162,2,2,1,3,Rue André Blanc,44,
2.023E+11,12,4,2023,21:34,5,93,93066,2,2,1,6,Rue Paul Eluard / Rue du Fort de la Briche,48,
2.023E+11,11,11,2023,07:55,1,43,43239,2,1,1,7,15 Route de Langeac,45,
2.023E+11,21,5,2023,12:30,1,33,33529,2,1,1,6,SORE (RUE GILBERT),44,
2.023E+11,13,4,2023,08:45,1,93,93077,2,3,1,3,Rue de Neuilly / Avenue Marcel,48,
2.023E+11,10,11,2023,23:15,3,85,85128,2,1,8,6,RD 949 Avenue du maréchal juin,46,
2.023E+11,13,4,2023,19:25,2,93,93051,2,1,1,3,Route de Gournay,48,
2.023E+11,20,5,2023,12:40,1,29,29051,1,1,1,4,Avenue de Garsalec,48,
2.023E+11,13,4,2023,10:47,1,93,93047,2,3,1,3,Boulevard Bargue / Avenue de Clichy-sous-bois,48,
2.023E+11,10,11,2023,13:15,1,27,27385,1,1,3,4,D675,49,
2.023E+11,11,11,2023,08:45,3,28,28378,1,1,2,6,départemental 137.6,48,
2.023E+11,13,4,2023,14:50,1,93,93007,2,3,1,3,Avenue du 8 Mai 1945 / Rue Diderot,48,
2.023E+11,10,11,2023,18:00,5,28,28140,2,1,1,6,D28,48,
2.023E+11,13,4,2023,13:15,1,93,93001,2,1,1,6,64 Rue du Moutier,48,
2.023E+11,13,4,2023,10:30,1,92,92075,2,1,1,7,REPUBLIQUE (RUE DE LA),48,
2.023E+11,10,11,2023,21:40,3,68,68375,2,3,3,1,Rue de Reiningue,47,
2.023E+11,20,5,2023,23:55,5,25,25056,2,1,1,3,DOLE RUE DE (entre 82 et 185),47,
2.023E+11,13,4,2023,07:25,1,92,92046,2,3,1,3,HOCHE,48,
2.023E+11,10,11,2023,22:30,3,1,1031,1,1,2,2,Bellignat,46,
2.023E+11,13,4,2023,09:45,1,92,92073,2,1,1,6,CALVAIRE (RUE DU),48,
2.023E+11,11,11,2023,10:00,1,971,97112,2,1,2,2,N9,15,
2.023E+11,13,4,2023,00:25,3,92,92024,2,9,1,3,REPUBLIQUE (PLACE DE LA),48,
2.023E+11,11,11,2023,08:25,1,45,45284,1,1,1,6,D2060 PR 89 + 310,47,
2.023E+11,13,4,2023,20:30,2,92,92002,2,1,1,2,CHATEAUBRIAND (RUE),48,
2.023E+11,10,11,2023,15:26,1,95,95610,1,9,3,6,D14,49,
2.023E+11,10,11,2023,10:40,1,34,34154,2,2,1,6,Boulevard de la Liberte,43,
2.023E+11,13,4,2023,22:40,3,24,24540,1,1,2,1,D8 - Lieu dit les Palissoux,45,
2.023E+11,21,5,2023,15:45,1,17,17415,1,1,1,4,Route Nationale 150,45,
2.023E+11,8,4,2023,06:45,2,47,47015,1,1,1,7,la clotte,44,
2.023E+11,10,11,2023,20:29,3,6,6078,1,1,1,5,D6202,43,
2.023E+11,8,11,2023,17:00,1,13,13085,1,1,1,7,D559a - route d'AUBAGNE,43,
2.023E+11,12,4,2023,19:30,1,45,45187,1,1,1,6,D961 PR 21 + 178,47,
2.023E+11,21,5,2023,10:15,1,13,13019,1,1,2,1,D543,43,
2.023E+11,11,11,2023,12:00,1,89,89189,1,1,1,6,N/A,48,
2.023E+11,13,4,2023,18:25,1,10,10142,1,1,1,1,D660,48,
2.023E+11,11,11,2023,07:31,2,71,71491,1,1,2,6,3620 route de versaugues,46,
2.023E+11,13,4,2023,07:45,1,68,68381,1,3,2,7,68 route de jungholtz,47,
2.023E+11,10,11,2023,17:40,4,68,68063,2,2,3,6,35 Faubourg des Vosges,47,
2.023E+11,3,4,2023,22:30,3,68,68260,1,1,1,7,D4b,47,
2.023E+11,20,5,2023,00:10,5,75,75113,2,3,1,3,AVENUE D ITALIE,48,
2.023E+11,9,11,2023,05:50,3,54,54063,1,1,3,7,Grand Rue,48,
2.023E+11,13,4,2023,17:45,1,44,44138,1,1,1,2,N/A,47,
2.023E+11,10,11,2023,18:00,3,54,54377,1,1,1,2,D935,48,
2.023E+11,13,4,2023,18:05,1,12,12270,1,1,4,5,A75 ,44,
2.023E+11,10,11,2023,17:40,3,38,38349,1,3,3,3,D4,45,
2.023E+11,21,5,2023,20:25,1,75,75111,2,9,1,2,BOULEVARD RICHARD LENOIR,48,
2.023E+11,7,4,2023,08:00,1,41,41010,1,1,1,5,D957,47,
2.023E+11,10,11,2023,18:55,3,38,38415,1,1,1,1,D 18,45,
2.023E+11,13,4,2023,18:40,1,19,19123,2,1,3,7,Avenue Pierre Et Marie Curie,45,
2.023E+11,23,10,2023,07:20,2,46,46174,1,1,5,1,lieu dit bouluech,44,
2.023E+11,21,5,2023,19:05,1,75,75112,2,2,1,1,Avenue Daumesnil,48,
2.023E+11,14,4,2023,14:00,1,76,76360,1,1,3,3,Route du Beauchamp,49,
2.023E+11,10,11,2023,07:13,3,17,17214,1,4,2,1,Route de Royan,45,
2.023E+11,21,5,2023,19:00,1,94,94041,2,1,1,6,Avenue de l’Industrie,48,
2.023E+11,13,4,2023,09:25,1,79,79012,2,1,2,2,N/A,46,
2.023E+11,10,11,2023,19:00,5,85,85113,2,6,1,7,Rue calypso,46,
2.023E+11,21,5,2023,00:50,5,94,94065,2,2,1,6,Avenue Charles Lindbergh,48,
2.023E+11,28,2,2023,08:50,1,49,49007,2,1,1,2,TARDAT,47,
2.023E+11,13,4,2023,16:22,1,33,33541,1,2,2,3,D1215,45,
2.023E+11,11,11,2023,19:25,3,35,35228,1,1,2,1,Rue de Dinard,48,
2.023E+11,21,5,2023,08:00,1,94,94019,2,6,1,6,Carrefour de Pince-Vent,48,
2.023E+11,28,2,2023,18:25,1,44,44184,1,6,1,3,Route des Forges,47,
2.023E+11,13,4,2023,15:30,1,76,76638,1,2,1,1,D1314,50,
2.023E+11,10,11,2023,13:40,1,76,76354,2,3,3,3,4001 Route de Duclair,49,
2.023E+11,13,4,2023,13:45,1,12,12076,1,1,2,6,D901,44,
2.023E+11,21,5,2023,18:20,1,94,94028,2,1,1,6,Avenue de Verdun,48,
2.023E+11,9,11,2023,13:20,1,13,13026,1,1,3,6,A55-Sens Marseille vers Martigues,43,
2.023E+11,1,3,2023,08:50,1,37,37233,2,3,1,3,SEMARD (RUE PIERRE),47,
2.023E+11,13,4,2023,18:50,1,39,39443,1,1,1,1,N/A,46,
2.023E+11,21,5,2023,16:25,1,93,93008,2,1,1,6,Rue Babeuf,48,
2.023E+11,1,3,2023,11:10,1,35,35278,1,1,1,2,N136,48,
2.023E+11,10,4,2023,17:20,1,39,39240,1,1,1,6,N/A,46,
2.023E+11,21,5,2023,16:15,1,93,93005,2,1,1,6,Allée d'Athenes,48,
2.023E+11,1,3,2023,10:45,1,35,35238,2,1,1,6,COMBES (BD EMILE),48,
2.023E+11,8,11,2023,08:20,1,83,83126,1,1,1,4,A50,43,
2.023E+11,21,5,2023,17:00,1,92,92046,2,1,1,6,PIERRE BROSSOLETTE (AVENUE),48,
2.023E+11,26,2,2023,17:10,1,34,34172,2,1,1,3,866 Avenue du Professeur Louis Ravaz,43,
2.023E+11,13,4,2023,15:00,1,1,1123,1,4,1,3,Route des Greffets,46,
2.023E+11,9,11,2023,08:35,1,69,69266,1,1,2,2,Route Départementale 383,45,
2.023E+11,12,4,2023,21:00,3,26,26342,1,1,1,6,2 route de saint paul,44,
2.023E+11,1,3,2023,19:05,5,33,33063,2,1,1,3,Avenue d'Ares,44,
2.023E+11,21,5,2023,11:20,1,92,92064,2,2,1,6,PORTE JAUNE,48,
2.023E+11,8,11,2023,03:50,3,69,69290,1,1,1,1,Autoroute 43,45,
2.023E+11,14,4,2023,07:45,1,6,6059,1,1,1,7,Moyenne Corniche,43,
2.023E+11,1,3,2023,15:00,1,33,33119,2,1,1,2,Boulevard Entre Deux Mers,44,
2.023E+11,20,5,2023,11:00,1,92,92064,2,1,1,2,MARCEL DASSAULT,48,
2.023E+11,10,11,2023,16:20,1,33,33550,1,1,1,3,ROCADE A 630,44,
2.023E+11,14,4,2023,11:45,1,9,9145,1,1,2,5,D12,43,
2.023E+11,10,11,2023,15:25,1,77,77251,1,1,2,6,AUTOROUTE A5A,48,
2.023E+11,28,2,2023,15:20,1,33,33069,2,3,1,3,Avenue de la Libération Charles de Gaulle,44,
2.023E+11,21,5,2023,12:36,1,92,92063,2,1,1,1,POMPIDOU (AVENUE DU PRESIDENT),48,
2.023E+11,13,4,2023,16:35,1,60,60178,2,9,1,6,52 Rue de Breteuil,49,
2.023E+11,10,11,2023,08:37,1,94,94021,1,1,1,3,A106,48,
2.023E+11,21,5,2023,18:50,1,92,92026,2,1,1,6,LOUIS ULBACH (DE 16 A FIN),48,
2.023E+11,10,11,2023,06:25,2,94,94043,1,1,1,3,A6B,48,
2.023E+11,13,4,2023,16:45,1,73,73010,1,2,1,3,D54 / Route du Mazet,45,
2.023E+11,1,3,2023,14:15,1,31,31555,2,1,1,4,33 B SESQUIERES  (PERIPH OUEST A620),43,
2.023E+11,10,11,2023,11:45,1,78,78242,1,1,1,2,A12 Y,48,
2.023E+11,10,11,2023,10:20,1,78,78029,1,1,1,3,A13Y,48,
2.023E+11,14,4,2023,09:15,1,4,4055,1,1,1,6,N85,43,
2.023E+11,21,5,2023,14:45,1,92,92024,2,3,1,3,MARTRE DE (4 A 54),48,
2.023E+11,9,11,2023,07:15,2,78,78118,1,1,8,6,A13,48,
2.023E+11,1,3,2023,10:09,1,29,29039,2,2,1,1,Chemin de Keramplen,47,
2.023E+11,13,4,2023,10:10,1,17,17385,2,6,1,3,Rue de la Liberation,45,
2.023E+11,21,5,2023,02:50,5,92,92012,2,1,1,7,MEUDON (RUE DE) - COTE PAIR,48,
2.023E+11,8,11,2023,21:12,3,78,78118,1,1,1,5,A13,48,
2.023E+11,10,11,2023,20:40,3,93,93053,1,1,1,6,AUTOROUTE A3,48,
2.023E+11,14,4,2023,17:30,1,87,87011,1,1,3,3,RN 47 PK035+800,46,
2.023E+11,28,2,2023,13:07,1,18,18033,2,1,1,3,Place de Juranville,47,
2.023E+11,8,4,2023,15:25,1,37,37250,1,1,1,6,Bourg Cocu,47,
2.023E+11,21,5,2023,08:35,1,92,92004,2,1,1,1,AULAGNIER ( QUAI ),48,
2.023E+11,28,2,2023,22:00,5,14,14118,2,1,2,6,51 Rue de Geôle,49,
2.023E+11,10,11,2023,17:30,3,92,92036,1,1,1,5,AUTOROUTE A86,48,
2.023E+11,8,2,2023,14:15,1,13,13039,2,1,1,3,CHALAND (Chemin du),43,
2.023E+11,10,11,2023,14:55,1,93,93007,1,1,2,7,AUTOROUTE A1,48,
2.023E+11,12,4,2023,11:40,1,37,37130,1,2,1,3,Machefer,47,
2.023E+11,13,4,2023,18:40,1,8,8302,2,1,1,6,N/A,49,
2.023E+11,10,11,2023,15:30,1,92,92036,1,1,2,2,AUTOROUTE A86,48,
2.023E+11,21,5,2023,16:10,1,60,60332,1,2,1,2,Departemental 137,49,
2.023E+11,28,2,2023,23:30,3,13,13001,2,1,1,7,PREMIERE DIV FRANCAISE LIB (AV),43,
2.023E+11,10,11,2023,08:40,1,93,93064,1,1,1,1,AUTOROUTE A86,48,
2.023E+11,1,2,2023,09:47,1,2,2722,2,6,1,6,50 Boulevard Condorcet,49,
2.023E+11,14,4,2023,11:25,1,8,8449,1,4,1,3,D16/ D20,49,
2.023E+11,21,5,2023,15:48,1,1,1085,1,1,1,7,D7,46,
2.023E+11,10,11,2023,15:30,1,94,94073,1,1,2,2,A86,48,
2.023E+11,20,5,2023,18:25,1,62,62471,1,1,1,7,D341,50,
2.023E+11,13,4,2023,17:51,1,68,68321,2,3,1,3,Rue de la République,47,
2.023E+11,1,3,2023,15:00,1,75,75116,2,3,1,6,AVENUE DES PORTUGAIS,48,
2.023E+11,9,11,2023,10:55,1,75,75119,2,3,1,6,RUE DES ALOUETTES,48,
2.023E+11,7,4,2023,08:50,1,6,6150,1,1,1,2,A500,,
2.023E+11,9,11,2023,08:30,1,75,75118,2,3,1,6,RUE HOUDON,48,
2.023E+11,1,3,2023,04:14,5,75,75104,2,3,1,2,RUE DE RIVOLI,48,
2.023E+11,14,4,2023,13:00,1,38,38044,1,1,1,6,A48 - PK 051+600,45,
2.023E+11,21,5,2023,18:30,1,49,49355,1,1,1,1,D960,47,
2.023E+11,9,11,2023,22:35,3,75,75117,2,1,8,3,BOULEVARD BERTHIER,48,
2.023E+11,2,3,2023,17:45,1,75,75118,2,7,1,6,PLACE DE LA CHAPELLE,48,
2.023E+11,13,4,2023,17:00,1,38,38180,1,1,1,6,D119 PR 015+500,45,
2.023E+11,9,11,2023,10:00,1,75,75115,2,2,8,6,RUE LECOURBE,48,
2.023E+11,8,11,2023,17:55,5,75,75114,2,3,1,7,AVENUE DU GENERAL LECLERC,48,
2.023E+11,2,3,2023,18:35,2,75,75117,2,3,1,3,AVENUE DE LA PORTE DE CLICHY,48,
2.023E+11,14,4,2023,18:45,1,68,68278,2,1,1,3,16 Ruelle de la Gare,47,
2.023E+11,21,5,2023,14:20,1,68,68345,1,3,1,3,D208,48,
2.023E+11,7,11,2023,20:58,5,75,75114,2,2,1,3,RUE VERCINGETORIX,48,
2.023E+11,13,4,2023,18:05,1,13,13051,1,1,1,4,A7,,
2.023E+11,2,3,2023,13:10,1,75,75117,2,4,1,4,BOULEVARD MALESHERBES,48,
2.023E+11,25,6,2023,00:45,5,63,63113,2,4,1,6,Richepin /Monlosier,45,
2.023E+11,21,5,2023,13:30,1,28,28198,1,1,1,3,D955,48,
2.023E+11,2,3,2023,03:40,5,75,75117,2,2,1,6,RUE DE ROME,48,
2.023E+11,13,4,2023,23:00,5,33,33234,1,6,3,3,Route de Cadillac,44,