Num_Acc,jour,mois,an,hrmn,lum,dep,com,agg,int,atm,col,adr,lat,long
2.023E+11,20,5,2023,23:55,4,45,45147,2,1,1,3,358 Rue du Faubourg Bannier,47,
2.023E+11,23,6,2023,19:15,1,26,26088,2,1,1,7,Chemin du Pont des Seigneurs,45,
2.023E+11,25,6,2023,11:45,1,26,26309,1,1,1,6,Route de Villard de Lans,45,
2.023E+11,1,3,2023,17:30,1,75,75113,2,1,1,3,PORTE D IVRY,48,
2.023E+11,12,4,2023,17:00,1,56,56067,1,1,1,7,rue charles le quintrec,47,
2.023E+11,19,5,2023,19:15,1,42,42186,2,1,1,2,Rue César Bertholon,45,
2.023E+11,21,6,2023,07:22,2,26,26064,2,1,1,7,Avenue Marcel Courthial,44,
2.023E+11,1,3,2023,16:00,1,75,75118,2,2,1,3,AVENUE DE LA PORTE DE MONTMARTRE,48,
2.023E+11,20,5,2023,20:20,1,37,37261,2,1,8,6,CHEVALLIER (RUE AUGUSTE),47,
2.023E+11,25,6,2023,12:10,1,69,69196,1,4,1,1,Route de Chénelette,46,
2.023E+11,20,5,2023,14:55,1,37,37122,1,1,1,6,RD 37,47,
2.023E+11,1,3,2023,19:01,5,75,75116,2,1,1,3,AVENUE DE VERSAILLES,48,
2.023E+11,12,4,2023,15:25,1,33,33507,1,2,1,3,RD12 lieu dit broustey,44,
2.023E+11,19,5,2023,18:00,1,37,37261,2,1,1,6,REMPART (RUE DU),47,
2.023E+11,2,4,2023,02:00,3,33,33232,1,1,1,6,RD10E15 lieu dit queyran,44,
2.023E+11,24,6,2023,23:30,3,33,33018,1,1,1,6,D10,45,
2.023E+11,1,3,2023,01:00,5,75,75116,2,2,1,3,AVENUE GEORGES LAFONT,48,
2.023E+11,20,5,2023,05:20,5,36,36063,2,1,1,7,Rue du 19 Mars 1962,46,
2.023E+11,23,6,2023,15:00,1,33,33433,1,1,1,3,D242,44,
2.023E+11,13,4,2023,08:45,1,63,63009,1,1,1,6,D125,45,
2.023E+11,19,5,2023,11:40,1,35,35238,2,2,1,2,CLEMENCEAU (BD GEORGES),48,
2.023E+11,16,5,2023,03:30,3,34,34108,1,1,6,6,Avenue des Etangs,43,
2.023E+11,28,2,2023,08:50,1,75,75116,2,7,1,4,ALLEE DE LA REINE MARGUERITE,48,
2.023E+11,24,6,2023,17:15,1,22,22364,1,2,7,3,Intersection chemin communal 1 et RD 793 TRELIVAN,48,
2.023E+11,12,4,2023,19:00,2,63,63154,1,2,1,3,D997 / D81,45,
2.023E+11,1,3,2023,08:50,1,75,75115,2,2,1,6,RUE AUGUSTE CHABRIERES,48,
2.023E+11,25,6,2023,16:15,1,27,27213,2,9,1,7,Rue du West (Tourny),49,
2.023E+11,24,6,2023,15:42,1,60,60581,1,1,1,7,Rue de Catillon,49,
2.023E+11,1,3,2023,20:20,5,75,75113,2,2,1,6,RUE CHARLES MOUREU,48,
2.023E+11,19,5,2023,19:00,1,34,34172,2,2,3,1,18 Boulevard Pedro de Luna,43,
2.023E+11,12,4,2023,14:00,1,22,22258,2,3,6,3,Rue de La Corderie,48,
2.023E+11,1,3,2023,16:55,1,75,75108,2,1,1,2,COURS LA REINE,48,
2.023E+11,12,4,2023,20:20,2,22,22046,1,1,2,7,LE GUÉ NORME (ST GOUENO),48,
2.023E+11,1,3,2023,13:10,1,93,93073,2,2,1,3,Route des Petits Ponts / Avenue Henri Barbusse,48,
2.023E+11,10,6,2023,11:30,1,13,13215,1,1,1,5,A7-Sens Marseille vers Lyon,43,
2.023E+11,29,3,2023,14:38,1,29,29023,2,1,1,6,Rue André Colin,48,
2.023E+11,1,3,2023,14:00,1,93,93007,2,9,1,6,Rue Juste Heras,48,
2.023E+11,1,3,2023,14:45,1,93,93066,2,3,1,2,Avenue Paul Vaillant-couturier / Av I et Frederic Joliot Curie,48,
2.023E+11,23,6,2023,10:00,1,13,13215,2,1,1,4,A55-Sens Marseille vers Martigues,43,
2.023E+11,13,4,2023,14:35,1,54,54146,1,1,1,2,D674,48,
2.023E+11,23,6,2023,06:45,1,13,13212,1,1,1,2,A507 sens Aubagne- Marseille,43,
2.023E+11,28,2,2023,23:40,5,93,93055,2,3,1,3,Avenue du Général Leclerc / Chemin de la Noue,48,
2.023E+11,1,3,2023,13:30,1,93,93051,2,1,1,3,Boulevard du Ru de Nesles,48,
2.023E+11,23,6,2023,07:15,1,83,83137,1,1,1,2,A50,43,
2.023E+11,1,3,2023,18:30,5,93,93005,2,3,1,3,Rue Jean Charcot / Avenue de l'Aulnaysienne,48,
2.023E+11,19,6,2023,20:50,2,42,42044,1,1,1,2,N88,45,
2.023E+11,1,3,2023,14:55,1,93,93001,2,9,1,3,Rue André Karman,48,
2.023E+11,24,6,2023,21:25,1,33,33550,1,1,1,6,ROCADE A 630,44,
2.023E+11,24,6,2023,22:07,2,91,91659,1,1,1,6,AUTOROUTE A6,48,
2.023E+11,1,3,2023,08:54,1,92,92020,2,2,1,3,LIBERTE BOULEVARD DE LA N° IMPAIRS,48,
2.023E+11,23,6,2023,21:50,2,91,91689,1,1,1,2,AUTOROUTE A6B,48,
2.023E+11,1,3,2023,18:45,2,22,22206,2,3,1,3,Rue de Mississipi,48,
2.023E+11,23,6,2023,19:05,1,78,78418,1,1,1,7,A14,48,
2.023E+11,23,2,2023,15:00,1,51,51085,1,1,1,7,D42,48,
2.023E+11,23,6,2023,15:05,1,78,78455,1,1,1,4,A13,48,
2.023E+11,12,2,2023,05:30,5,54,54138,2,1,8,6,29 Rue de Lorraine,49,
2.023E+11,23,6,2023,20:30,1,95,95218,1,1,1,3,A15,49,
2.023E+11,1,3,2023,19:55,3,58,58102,1,1,1,6,CD 33,47,
2.023E+11,23,6,2023,09:55,1,93,93066,1,1,1,3,AUTOROUTE A1,48,
2.023E+11,1,3,2023,10:30,1,56,56020,1,1,1,6,Tircolet,47,
2.023E+11,24,6,2023,05:30,1,95,95241,1,1,1,2,N104,49,
2.023E+11,2,3,2023,07:00,2,24,24550,1,1,1,7,A89 - PK 148.300 - Sens Brive - Périgueux,45,
2.023E+11,23,6,2023,13:20,1,95,95641,1,1,1,7,A1,49,
2.023E+11,2,3,2023,14:50,1,71,71013,1,1,1,7,D29,46,
2.023E+11,23,6,2023,18:00,1,77,77055,1,1,1,2,A104.INT,48,
2.023E+11,1,3,2023,09:15,1,49,49369,2,1,1,6,2 Rue du Centre,47,
2.023E+11,23,6,2023,09:05,1,77,77384,1,1,1,2,A5b,48,
2.023E+11,1,3,2023,19:45,5,41,41151,2,3,1,3,Rue Alfred Blanchandin,47,
2.023E+11,23,6,2023,05:10,2,77,77237,1,1,1,2,A4,48,
2.023E+11,1,3,2023,19:28,3,44,44056,2,1,1,2,13 la guerinais,47,
2.023E+11,1,3,2023,12:35,1,29,29150,1,1,1,6,Route de Brigneau,47,
2.023E+11,23,6,2023,18:05,1,54,54395,2,7,1,6,Place Paul Painlevé,48,
2.023E+11,18,6,2023,19:35,1,87,87085,2,1,1,6,CARMES (PLACE DES),45,
2.023E+11,24,2,2023,12:35,1,31,31341,1,1,7,5,1543 Route de Toulouse,43,
2.023E+11,23,6,2023,07:44,1,988,98818,2,1,1,6,A hauteur du N°131 RUE AUGUSTE BENEBIG,-22,
2.023E+11,1,3,2023,11:45,1,58,58095,2,1,1,3,Avenue du 14 Juillet,46,
2.023E+11,1,3,2023,16:50,1,14,14550,1,1,1,7,D85,49,
2.023E+11,23,6,2023,14:10,1,974,97411,1,1,2,7,MONTAGNE (ROUTE DE LA),-20,
2.023E+11,19,1,2023,14:45,1,83,83010,1,1,1,7,Piste J21- SAINT LAURENT,43,
2.023E+11,23,6,2023,10:35,1,974,97411,2,2,1,6,MAC AULIFFE (RUE VICTOR),-20,
2.023E+11,1,3,2023,17:35,1,60,60264,1,1,1,7,D93,49,
2.023E+11,22,6,2023,19:00,5,974,97411,2,1,1,3,RIVIERE DES PLUIES (ROUTE DE LA),-20,
2.023E+11,27,2,2023,08:15,2,64,64452,1,1,4,1,9 Route de Ger,43,
2.023E+11,1,3,2023,18:00,1,36,36130,1,1,1,1,,46,
2.023E+11,22,6,2023,07:15,1,974,97411,1,3,1,1,SAINT-FRANCOIS (BOULEVARD DE),-20,
2.023E+11,6,9,2023,09:45,1,75,75109,2,3,1,6,RUE DES MARTYRS,48,
2.023E+11,23,6,2023,16:10,1,973,97302,2,3,1,3,MADELEINE (ROUTE DE LA),4,
2.023E+11,6,9,2023,08:05,1,75,75108,2,7,1,3,PLACE DE L ALMA,48,
2.023E+11,23,6,2023,20:20,1,38,38053,2,4,1,6,SAINT JEAN (ROUTE DE),45,
2.023E+11,5,9,2023,14:30,1,75,75104,2,3,1,4,QUAI DE L HOTEL DE VILLE,48,
2.023E+11,23,6,2023,23:10,5,69,69382,2,2,1,3,Quai des Célestins,45,
2.023E+11,6,9,2023,19:04,1,94,94044,2,6,7,3,Avenue du Président Wilson,48,
2.023E+11,23,6,2023,19:07,1,2B,2B033,2,9,1,-1,ROUTE ROYALE,42,
2.023E+11,5,9,2023,14:50,1,94,94058,2,1,1,6,Avenue du Général de Gaulle,48,
2.023E+11,24,6,2023,00:25,5,2A,2A004,2,1,1,6,EUGENIE IMPERATRICE RCE AV IMPE EUGENIE,41,
2.023E+11,13,12,2023,21:10,5,62,62160,2,6,2,3,D940,50,
2.023E+11,6,9,2023,19:20,1,94,94003,2,1,1,2,Avenue Paul Vaillant-couturier,48,
2.023E+11,6,9,2023,10:50,1,94,94003,2,1,1,6,Rue Emile Raspail,48,
2.023E+11,13,12,2023,11:30,1,59,59599,2,2,2,3,GAND (RUE DE),50,
2.023E+11,13,12,2023,15:00,1,59,59299,1,9,3,6,EUROPE (AVENUE DE L'),50,
2.023E+11,6,9,2023,18:40,1,94,94038,2,6,1,6,Rue Gabriel Péri,48,
2.023E+11,17,6,2023,14:05,1,91,91552,2,1,1,1,RUE DE CHANTELOUP,48,
2.023E+11,6,9,2023,16:25,1,94,94017,2,6,1,3,Avenue Maurice Thorez,48,
2.023E+11,13,12,2023,11:30,1,59,59350,2,4,3,1,SOLFERINO RUE N°2 - 108,50,
2.023E+11,17,6,2023,02:24,3,87,87085,1,1,1,2,AUTOROUTE A20,45,
2.023E+11,6,9,2023,15:10,1,94,94056,2,1,1,6,Route de Brie Comte Robert,48,
2.023E+11,13,12,2023,09:45,1,54,54528,2,3,1,6,Rue de la Liberté,48,
2.023E+11,22,6,2023,01:15,3,87,87085,1,1,2,2,AUTOROUTE A20,45,
2.023E+11,13,12,2023,08:15,2,53,53130,2,1,8,6,INDUSTRIE ( BOULEVARD DE L' ),48,
2.023E+11,6,9,2023,08:45,1,94,94075,2,1,1,3,Route de la Grange,48,
2.023E+11,16,6,2023,16:42,1,87,87075,2,1,1,6,ARAGON (AVENUE LOUIS),45,
2.023E+11,13,12,2023,16:40,5,51,51454,2,1,2,6,PINGAT (RUE ANDRE),49,
2.023E+11,16,6,2023,16:29,1,87,87085,1,1,1,3,RN520,45,
2.023E+11,6,9,2023,17:20,1,93,93059,2,1,1,3,Boulevard Jean Mermoz,48,
2.023E+11,11,12,2023,18:45,5,49,49099,2,1,1,6,GIRARDIERE (RUE DE LA),47,
2.023E+11,23,6,2023,20:25,1,83,83137,2,6,1,3,FORGENTIER (CHEMIN DE),43,
2.023E+11,7,12,2023,17:25,2,49,49099,2,6,2,6,BOIS LAVAU (BOULEVARD DES),47,
2.023E+11,6,9,2023,18:01,1,93,93066,2,1,1,2,Avenue du Colonel Fabien,48,
2.023E+11,23,6,2023,16:00,1,78,78650,2,9,1,6,CARNOT (BOULEVARD),48,
2.023E+11,4,9,2023,09:10,1,93,93066,2,1,1,6,Avenue du Président Wilson,48,
2.023E+11,13,12,2023,10:40,1,47,47201,1,1,2,6,VERDUN,44,
2.023E+11,22,6,2023,15:45,1,78,78238,2,6,1,6,CD 14,48,
2.023E+11,6,9,2023,15:00,1,93,93064,2,1,1,6,Rue de Verdun,48,
2.023E+11,13,12,2023,08:10,2,44,44109,2,4,1,6,31 Rue Louis Guiotton,47,
2.023E+11,23,6,2023,22:55,3,76,76005,1,1,1,5,Route de Paris,49,
2.023E+11,6,9,2023,18:40,1,93,93014,2,3,1,3,Allée Maurice Audin / Allée Victor Hugo,48,
2.023E+11,9,12,2023,05:40,5,42,42218,2,1,2,6,Avenue de Rochetaillée,45,
2.023E+11,23,6,2023,11:45,1,76,76540,2,1,1,6,Rue Jeanne d'Arc,49,
2.023E+11,11,11,2023,16:50,1,42,42218,2,2,1,3,Rue des Aciéries,45,
2.023E+11,5,9,2023,17:30,1,93,93010,2,1,1,2,Avenue Galliéni,48,
2.023E+11,21,6,2023,21:15,1,76,76351,2,2,1,3,FRANCOIS 1ER (BD),49,
2.023E+11,22,6,2023,05:40,2,76,76351,2,1,1,7,GABRIEL PERI,49,
2.023E+11,13,12,2023,12:00,1,37,37122,2,1,1,2,RD 37,47,
2.023E+11,23,6,2023,08:30,1,74,74118,2,1,1,3,LIBERATION (ROUTE DE LA),46,
2.023E+11,6,9,2023,06:25,5,92,92073,1,1,1,4,BLUM (QUAI LEON),48,
2.023E+11,13,12,2023,08:10,1,37,37261,2,1,1,4,POMPIDOU (AVENUE GEORGES),47,
2.023E+11,23,6,2023,21:10,1,72,72181,2,1,1,6,FOUCAUDIERE (RUE),47,
2.023E+11,22,6,2023,07:27,1,72,72181,1,1,3,6,LIBERTE (AV DE LA),47,
2.023E+11,13,12,2023,07:35,2,35,35238,2,4,8,6,LORIENT (DE),48,
2.023E+11,6,9,2023,08:55,1,92,92051,2,1,1,5,GENERAL LECLERC (BOULEVARD DU,,
2.023E+11,23,6,2023,15:55,1,71,71059,1,1,1,6,FAUCHES A MONTAUBRY (CHEMIN RURAL DES),46,
2.023E+11,3,9,2023,19:40,1,92,92050,2,1,1,3,CLEMENCEAU GEORGES AVENUE N° PAIR,48,
2.023E+11,13,12,2023,07:15,3,34,34172,1,6,1,2,AURIOL (AVENUE VINCENT),43,
2.023E+11,23,6,2023,16:35,1,69,69256,2,2,1,3,Rue Cuzin,45,
2.023E+11,5,9,2023,16:15,1,92,92035,2,8,1,1,National ( boulevard ),48,
2.023E+11,13,12,2023,19:00,3,33,33529,2,1,3,2,RD 1250 (BONNEVAL -LA HUME) - STADE,44,
2.023E+11,23,6,2023,08:00,1,69,69275,2,1,1,3,Avenue Franklin Roosevelt,45,
2.023E+11,6,9,2023,09:30,1,92,92019,2,9,1,3,DIVISION LECLERC (AVENUE DE LA),48,
2.023E+11,13,12,2023,16:15,1,28,28134,1,1,2,4,RN 12 (ARCHE DU GAZON),48,
2.023E+11,6,9,2023,13:22,1,92,92012,2,1,1,7,NATIONALE (RUE) 39/FIN - 32/FIN,48,
2.023E+11,12,12,2023,20:20,5,19,19031,2,3,2,6,FREYSSINET (RUE EUGENE),45,
2.023E+11,23,6,2023,17:15,1,69,69259,2,1,1,2,Boulevard de Jodino,45,
2.023E+11,5,9,2023,20:40,1,92,92004,2,1,1,3,DOCTEUR DERVAUX  ( QUAI DU ),48,
2.023E+11,13,12,2023,14:40,1,13,13208,2,1,1,1,PRADO (AVENUE DU),43,
2.023E+11,6,9,2023,18:40,1,54,54563,1,9,1,3,D904,48,
2.023E+11,13,12,2023,12:05,1,13,13001,2,1,1,1,GAMBETTA (COURS),43,
2.023E+11,4,9,2023,07:40,2,51,51352,1,1,1,3,D16 - Sens REIMS LA BRULEE/MAROLLES,48,
2.023E+11,30,11,2023,13:35,1,11,11262,2,2,1,6,N/A,43,
2.023E+11,7,9,2023,15:25,1,1,1092,1,3,7,3,D904,45,
2.023E+11,12,12,2023,09:45,1,10,10333,2,9,2,7,ECHENILLY (CD),48,
2.023E+11,6,9,2023,11:45,1,973,97353,2,1,1,3,Route Abdalah,3,
2.023E+11,13,12,2023,14:00,1,9,9130,1,1,2,7,LAFAGETTE (AVENUE),42,
2.023E+11,7,9,2023,11:10,1,5,5161,1,1,1,1,Route du Granon,44,
2.023E+11,13,12,2023,08:25,1,6,6029,2,3,1,3,CAVELL (RUE  EDITH),43,
2.023E+11,6,9,2023,16:22,1,974,97401,2,3,1,3,48 Avenue du Général de Gaulle,-21,
2.023E+11,13,12,2023,07:25,5,75,75119,2,1,1,5,PORTE D AUBERVILLIERS,48,
2.023E+11,7,9,2023,09:20,1,62,62038,2,1,7,6,Rue Montluc,50,
2.023E+11,12,12,2023,19:00,5,75,75112,2,3,1,6,AVENUE DE NOGENT,48,
2.023E+11,7,9,2023,10:50,1,54,54236,1,1,1,1,D170,49,
2.023E+11,12,12,2023,14:00,1,75,75118,2,1,2,2,BOULEVARD PERIPHERIQUE EXTERIEUR NORD  ,48,
2.023E+11,6,9,2023,16:56,1,76,76648,1,1,1,2,Autroute A28 - PK 074.700,49,
2.023E+11,12,12,2023,08:30,1,75,75113,2,1,8,3,RUE BRUNESEAU,48,
2.023E+11,13,12,2023,12:25,1,75,75120,2,1,1,6,RUE DES PYRENEES,48,
2.023E+11,6,9,2023,21:00,3,14,14760,1,1,1,2,A84,49,
2.023E+11,13,12,2023,18:45,1,75,75119,2,3,1,6,RUE DE MEAUX,48,
2.023E+11,7,9,2023,06:20,3,62,62289,1,1,5,6,D138,50,
2.023E+11,13,12,2023,14:30,1,75,75118,2,2,8,3,RUE HERMEL,48,
2.023E+11,13,12,2023,12:35,1,75,75118,2,5,8,3,BOULEVARD BARBES,48,
2.023E+11,7,9,2023,13:58,1,2B,2B250,1,1,1,6,pozzo rosso,42,
2.023E+11,13,12,2023,11:05,1,75,75117,2,3,1,6,RUE BAYEN,48,
2.023E+11,6,9,2023,20:14,2,32,32194,1,1,1,1,d15,43,
2.023E+11,13,12,2023,09:40,1,75,75117,2,1,1,2,BOULEVARD PERIPHERIQUE INTERIEUR OUEST,48,
2.023E+11,5,9,2023,22:45,5,71,71014,2,2,1,1,Rue du Docteur Renaud,46,
2.023E+11,12,12,2023,16:45,5,75,75114,2,2,2,3,BOULEVARD ROMAIN ROLLAND,48,
2.023E+11,7,9,2023,17:55,1,71,71146,1,1,1,1,Route de Cluny,46,
2.023E+11,13,12,2023,19:40,5,75,75111,2,2,2,1,RUE DE CHARONNE,48,
2.023E+11,3,9,2023,17:15,1,63,63236,1,1,1,5,D36 PK 56+100,45,
2.023E+11,13,12,2023,13:40,1,75,75111,2,1,2,6,RUE DE LA ROQUETTE,48,
2.023E+11,7,9,2023,15:30,1,63,63297,1,1,1,3,Rd212,45,
2.023E+11,13,12,2023,10:35,1,75,75111,2,2,1,3,RUE MORAND,48,
2.023E+11,7,9,2023,16:20,1,55,55568,1,1,1,3,D997,48,
2.023E+11,13,12,2023,00:00,5,75,75107,2,9,1,7,RUE FABERT,48,
2.023E+11,13,12,2023,07:20,5,94,94074,2,1,2,6,Avenue Henri Barbusse,48,
2.023E+11,6,9,2023,15:45,1,12,12088,1,1,1,1,RD 15 - PK 53+650,44,
2.023E+11,12,12,2023,14:05,1,94,94042,2,2,3,6,Avenue du Général Galliéni,48,
2.023E+11,6,9,2023,05:30,3,68,68096,1,6,1,7,D419,47,
2.023E+11,13,12,2023,09:45,1,94,94043,2,6,2,3,Avenue de Fontainebleau,48,
2.023E+11,7,9,2023,08:20,2,35,35188,2,6,1,3,Boulevard Robert Surcouf,48,
2.023E+11,7,9,2023,02:00,3,3,3107,1,1,1,7,D998,46,
2.023E+11,12,12,2023,18:38,5,94,94074,2,3,1,2,Rue Lucien Sampaix,48,
2.023E+11,12,12,2023,08:00,1,94,94016,2,1,1,6,Avenue de la Division Leclerc,48,
2.023E+11,7,9,2023,11:54,1,15,15083,1,1,1,1,Chemin de Montcamp,44,
2.023E+11,2,9,2023,15:00,1,1,1272,1,1,1,6,3373 route des gouttes,46,
2.023E+11,13,12,2023,10:14,1,94,94077,2,2,1,3,Avenue Pasteur,48,
2.023E+11,6,9,2023,19:15,1,70,70282,2,4,7,1,Chemin de Bellevue,47,
2.023E+11,11,12,2023,09:15,1,93,93070,2,5,1,6,Avenue du Capitaine Glarner / Rue Emile Zola,48,
2.023E+11,6,9,2023,14:15,1,70,70441,1,4,1,7,Départementale 192,47,
2.023E+11,21,10,2023,19:30,5,92,92078,2,9,2,3,ASNIERES (QUAI),48,
2.023E+11,7,9,2023,12:30,1,66,66001,1,1,1,6,N/A,42,
2.023E+11,13,12,2023,19:15,5,92,92012,2,9,1,3,GENERAL LECLERC (AVENUE DU) 35/FIN - 60/,48,
2.023E+11,7,9,2023,11:45,1,14,14735,1,3,7,1,D40,49,
2.023E+11,7,9,2023,15:40,1,14,14367,1,1,7,3,2 Route d’Isigny,49,
2.023E+11,13,12,2023,10:20,1,92,92009,2,1,1,3,AGENT SARRE ( RUE DE L' ),48,
2.023E+11,7,9,2023,04:00,3,18,18001,1,1,1,7,N/A,47,
2.023E+11,13,12,2023,18:50,5,92,92002,2,1,2,6,ADOLPHE PAJEAUD (RUE),48,
2.023E+11,7,9,2023,07:30,1,24,24520,2,3,1,3,Rue de la Trappe,44,
2.023E+11,13,12,2023,23:30,3,33,33138,1,1,2,6,les Grands Rois,45,
2.023E+11,7,9,2023,09:50,1,48,48061,1,1,1,7,route nationale 106,44,
2.023E+11,5,9,2023,15:45,1,973,97307,1,1,1,3,RN1 PK13,4,
2.023E+11,14,12,2023,12:00,1,972,97229,2,4,1,1,Route de la Démarche,14,
2.023E+11,7,9,2023,10:25,1,1,1063,1,1,1,6,A 404 005+400 direction ST MARTIN DU FRENE,46,
2.023E+11,6,9,2023,19:25,1,72,72241,1,1,1,7,Autoroute A11,,
2.023E+11,14,12,2023,07:10,3,63,63240,1,1,1,2,D2009,46,
2.023E+11,6,9,2023,02:15,3,21,21295,1,1,1,6,autoroute A31 PK 025+500 sens Beaune-Dijon,47,
2.023E+11,12,12,2023,06:45,1,974,97414,2,1,1,3,Avenue du Rond Point du Gol,-21,
2.023E+11,13,12,2023,23:30,3,59,59653,1,1,2,1,N41,50,
2.023E+11,6,9,2023,21:44,3,28,28392,1,1,1,4,autoroute A10 point kilométrique 063+140 direction PARIS (75),48,
2.023E+11,6,9,2023,11:13,1,28,28121,1,1,1,3,autoroute A10 point kilométrique 073+109 diection PARIS (75),48,
2.023E+11,13,12,2023,12:00,1,56,56231,1,1,8,6,N/A,47,
2.023E+11,6,9,2023,09:50,1,987,98753,1,1,3,6,route traversière Pk 3 sens Mataura / Mahu,-23,
2.023E+11,3,9,2023,20:30,3,986,98613,2,1,1,6,RT1 ,-13,
2.023E+11,31,8,2023,16:30,1,986,98613,1,9,8,6,Utufua ,-13,
2.023E+11,13,12,2023,18:15,3,67,67508,1,1,8,7,D919,48,
2.023E+11,6,9,2023,07:48,1,77,77455,1,1,7,2,D619,48,
2.023E+11,7,9,2023,18:45,1,95,95059,1,1,1,7,D22E,49,
2.023E+11,14,12,2023,09:20,1,76,76547,1,1,1,6,D928,49,
2.023E+11,7,9,2023,04:10,3,91,91600,1,1,1,6,N6,48,
2.023E+11,13,12,2023,19:50,5,2B,2B096,2,1,1,6,Avenue Jean Nicoli,42,
2.023E+11,5,9,2023,17:20,1,78,78310,2,1,7,3,677 Rue des Clos de l'Ecu,48,
2.023E+11,6,9,2023,15:30,1,2B,2B190,1,1,1,7,RD 863,42,
2.023E+11,14,12,2023,12:25,1,80,80330,1,1,1,1,D53,49,
2.023E+11,7,9,2023,12:10,1,2A,2A041,2,1,1,2,D58,41,
2.023E+11,6,9,2023,16:35,1,34,34052,1,1,1,6,route departementale 11,43,
2.023E+11,7,9,2023,08:15,1,83,83115,2,9,1,6,18 Avenue du 8 Mai 1945,43,
2.023E+11,13,12,2023,11:15,1,61,61230,2,1,2,6,RD918,48,
2.023E+11,7,9,2023,19:00,1,6,6078,1,1,1,5,D6202,43,
2.023E+11,7,9,2023,09:00,2,13,13081,2,1,7,6,Bd du Vallat de la Chapelle,43,
2.023E+11,13,12,2023,15:02,1,46,46240,1,8,1,3,D840 PK 61,44,
2.023E+11,14,12,2023,07:15,5,29,29061,2,1,2,3,10bis boulevard Gabriel Lippmann,48,
2.023E+11,6,9,2023,23:00,3,57,57254,1,1,1,1,Rue de Novéant,49,
2.023E+11,1,12,2023,07:00,3,13,13036,1,3,2,3,Avenue de la Bouvine,43,
2.023E+11,6,9,2023,13:38,1,63,63150,1,3,1,3,D455,45,
2.023E+11,13,12,2023,18:40,5,2,2608,2,1,2,6,les épinettes,49,
2.023E+11,7,9,2023,08:45,1,42,42204,2,1,1,3,Boulevard du Haut Forez,45,
2.023E+11,5,9,2023,09:30,1,38,38158,2,1,1,1,5 Avenue Raymond Chanas,45,
2.023E+11,13,12,2023,17:30,3,1,1056,1,1,2,1,D12,46,
2.023E+11,6,9,2023,14:45,1,17,17283,2,1,1,6,Rue Adolphe Thiers,45,
2.023E+11,1,9,2023,18:30,1,33,33080,1,1,1,6,3700 Avenue de Toulouse,44,
2.023E+11,29,8,2023,12:19,1,33,33422,1,1,1,1,D213,44,
2.023E+11,9,12,2023,22:30,3,1,1283,1,1,3,2,D106A,46,
2.023E+11,7,9,2023,08:30,1,50,50492,1,1,7,6,Intersection D11 D213,49,
2.023E+11,14,12,2023,17:30,3,50,50074,1,1,2,6,le vieux bourg,48,
2.023E+11,5,9,2023,17:56,1,22,22223,1,1,1,5,L'Isle,48,
2.023E+11,7,9,2023,08:35,1,22,22136,2,1,1,2,Boulevard de Penthievre,48,
2.023E+11,6,9,2023,17:20,1,59,59249,1,1,1,6,D83,50,
2.023E+11,14,12,2023,10:30,1,45,45167,1,2,1,3,D3 PR 3 + 425,47,
2.023E+11,14,12,2023,09:30,1,7,7317,1,1,2,6,Route de Sarras,45,
2.023E+11,29,6,2023,13:50,1,13,13212,1,1,1,3,A507 sens Aubagne- Marseille,43,
2.023E+11,6,9,2023,07:10,1,83,83137,1,1,1,3,A57,43,
2.023E+11,14,12,2023,12:55,1,7,7238,1,3,1,3,D104a,44,
2.023E+11,5,9,2023,07:55,1,83,83137,1,1,1,3,A50,43,
2.023E+11,5,9,2023,08:50,1,59,59359,1,1,1,2,AUTOROUTE A16,50,
2.023E+11,14,12,2023,07:55,2,85,85234,1,1,1,5,RD753,46,
2.023E+11,29,8,2023,09:15,1,59,59328,1,1,1,2,ROUTE DEPARTEMENTALE 652,50,
2.023E+11,12,12,2023,17:40,5,27,27102,2,1,2,6,Route de Routot,49,
2.023E+11,10,8,2023,11:55,1,59,59202,1,1,1,2,AUTOROUTE A25,50,
2.023E+11,6,9,2023,18:35,1,91,91174,1,1,1,3,RN 104,48,
2.023E+11,6,9,2023,16:45,1,91,91553,1,1,1,3,RN 104,48,
2.023E+11,13,12,2023,22:35,4,987,98729,1,9,3,3,pk 1,,
2.023E+11,6,9,2023,15:50,1,92,92019,1,1,1,2,RN 385 INT,48,
2.023E+11,5,9,2023,23:40,3,91,91692,1,1,1,7,RN 118,48,
2.023E+11,13,12,2023,04:45,5,974,97415,2,6,1,6,N1a,-21,
2.023E+11,5,9,2023,08:40,1,92,92047,1,1,1,3,A13,48,
2.023E+11,11,12,2023,01:20,3,974,97415,1,1,1,1,N1a,-21,
2.023E+11,5,9,2023,06:50,2,92,92064,1,1,1,4,A13,48,
2.023E+11,13,12,2023,03:00,5,973,97308,2,1,1,7,Rue Pierre Céron,3,
2.023E+11,6,9,2023,06:15,2,95,95018,1,1,1,2,A15,48,
2.023E+11,13,12,2023,21:24,5,95,95370,2,1,1,3,REPUBLIQUE (BOULEVARD DE LA),49,
2.023E+11,5,9,2023,08:20,1,93,93005,1,1,1,3,AUTOROUTE A1,48,
2.023E+11,5,9,2023,08:05,1,93,93027,1,1,1,3,AUTOROUTE A86,48,