Num_Acc,jour,mois,an,hrmn,lum,dep,com,agg,int,atm,col,adr,lat,long
2.023E+11,14,1,2023,12:55,1,75,75116,2,5,2,6,AVENUE PAUL DOUMER,48,
2.023E+11,16,1,2023,19:40,5,75,75106,2,4,1,3,BOULEVARD SAINT MICHEL,48,
2.023E+11,14,1,2023,20:50,5,75,75114,2,1,2,6,RUE RAYMOND LOSSERAND,48,
2.023E+11,16,1,2023,09:50,1,75,75112,2,1,2,6,RUE DE CHARENTON,48,
2.023E+11,15,1,2023,06:00,5,75,75112,2,2,2,6,BOULEVARD DIDEROT,48,
2.023E+11,16,1,2023,08:15,4,75,75110,2,4,2,6,RUE DU CHATEAU LANDON,48,
2.023E+11,16,1,2023,12:57,1,75,75109,2,7,2,6,PLACE DE L OPERA,48,
2.023E+11,16,1,2023,16:00,1,75,75108,2,2,2,7,RUE DE LA PEPINIERE,48,
2.023E+11,28,7,2023,16:50,1,78,78389,2,1,3,1,Route de la Bardelle,48,
2.023E+11,19,7,2023,08:25,1,78,78605,2,1,1,6,4 Grande Rue,48,
2.023E+11,28,7,2023,23:15,3,34,34167,1,1,1,6,RD16,43,
2.023E+11,29,7,2023,15:05,1,5,5007,1,1,1,3,Route départementale 902,44,
2.023E+11,29,7,2023,00:00,5,13,13018,1,1,1,5,D24 route de St Andiol,43,
2.023E+11,28,7,2023,16:10,1,13,13041,1,1,1,1,D46a,43,
2.023E+11,28,7,2023,15:45,1,67,67525,1,1,2,1,D75,48,
2.023E+11,28,7,2023,09:45,1,63,63077,1,4,1,1,D996,45,
2.023E+11,29,7,2023,17:30,1,42,42285,2,6,3,6,Avenue du Prieuré,45,
2.023E+11,28,7,2023,23:55,1,1,1275,1,1,1,6,Route du Mas Rillier,45,
2.023E+11,28,7,2023,20:40,1,81,81271,2,1,1,6,Avenue Rhin et Danube,43,
2.023E+11,30,5,2023,17:20,1,33,33535,2,1,1,6,Avenue du Desclaud,44,
2.023E+11,29,7,2023,11:45,1,22,22259,2,1,1,3,19 Boulevard de Preval,48,
2.023E+11,28,7,2023,14:50,1,60,60282,1,6,2,2,D1016,49,
2.023E+11,25,7,2023,18:25,2,13,13071,1,1,1,2,A51-Sens Aix en Provence vers Marseille,43,
2.023E+11,25,7,2023,17:45,1,13,13019,1,1,1,2,A51-Sens Marseille vers Aix en Provence,43,
2.023E+11,27,7,2023,23:43,5,13,13207,1,1,1,6,Tunnel Prado Carénage,43,
2.023E+11,28,7,2023,02:40,3,83,83035,1,1,2,6,A50,43,
2.023E+11,28,7,2023,16:35,1,94,94003,1,1,2,5,A6A,48,
2.023E+11,27,7,2023,20:30,1,78,78498,1,1,2,3,A13,48,
2.023E+11,28,7,2023,10:00,1,78,78007,1,1,2,4,A13W,48,
2.023E+11,28,7,2023,08:05,1,92,92063,1,1,2,7,A86,48,
2.023E+11,28,7,2023,00:35,3,78,78043,1,1,2,2,A13Y,48,
2.023E+11,27,7,2023,17:21,1,78,78043,1,1,2,5,A13Y,48,
2.023E+11,27,7,2023,15:40,2,78,78455,1,1,2,2,A13,48,
2.023E+11,28,7,2023,13:30,1,93,93066,1,1,3,4,AUTOROUTE A1,48,
2.023E+11,28,7,2023,10:10,1,95,95582,1,1,3,7,A115,48,
2.023E+11,28,7,2023,01:25,3,93,93053,1,1,8,6,AUTOROUTE A86,48,
2.023E+11,27,7,2023,23:40,3,95,95527,1,1,2,6,A3,48,
2.023E+11,27,7,2023,21:30,3,93,93053,1,1,2,6,AUTOROUTE A103,48,
2.023E+11,27,7,2023,19:15,1,95,95018,1,1,3,6,A15,48,
2.023E+11,28,7,2023,07:00,1,94,94069,1,1,2,2,A4,48,
2.023E+11,15,6,2023,21:50,2,78,78372,2,1,1,6,AUGUSTE RENOIR (AVENUE),48,
2.023E+11,21,4,2023,15:05,1,45,45179,2,2,1,2,26 Route d'Orléans,47,
2.023E+11,27,7,2023,21:50,5,976,97611,2,3,1,3,m'tsapere-Mosquée Maevantana (ruelle ),-12,
2.023E+11,18,6,2023,10:45,1,976,97611,2,9,1,3,m'tsapere-Nationale 2 (route),-12,
2.023E+11,16,6,2023,07:40,1,976,97611,2,1,1,3,Avenue Martin Luther King,-12,
2.023E+11,27,7,2023,13:45,1,974,97416,1,1,2,3,RN03,-21,
2.023E+11,26,7,2023,06:45,2,974,97411,2,1,1,7,JAURES (BLD 1 JEAN),-20,
2.023E+11,16,6,2023,09:00,1,974,97411,2,1,1,6,COTONNIERS (ALLEE DES),-20,
2.023E+11,14,6,2023,11:20,1,974,97409,2,1,1,6,PENTE SASSY (chemin de la),-20,
2.023E+11,15,6,2023,07:45,1,974,97407,2,3,1,1,ANGLAIS (CHE DES) - RIVIERE DES GALETS ,-20,
2.023E+11,27,7,2023,18:48,5,973,97302,2,1,1,6,MADELEINE (ROUTE DE LA),4,
2.023E+11,18,6,2023,17:20,1,973,97302,2,2,1,3,VOLTAIRE(AVENUE),4,
2.023E+11,17,6,2023,06:25,2,973,97302,2,3,1,3,CATAYEE (JUSTIN),4,
2.023E+11,16,6,2023,16:15,1,973,97302,2,6,1,2,BADUEL (ROUTE DE),4,
2.023E+11,15,6,2023,19:20,5,973,97302,2,2,1,3,N'ZILA (CITE),4,
2.023E+11,27,7,2023,12:40,1,69,69387,2,1,1,3,11 Cours Gambetta,45,
2.023E+11,17,6,2023,04:00,5,69,69387,2,3,1,1,Avenue Tony Garnier,45,
2.023E+11,16,6,2023,12:25,1,69,69387,2,7,1,6,Place Jean Macé,45,
2.023E+11,16,6,2023,08:30,1,69,69388,2,2,1,3,Rue Villon,45,
2.023E+11,15,6,2023,13:00,1,69,69387,2,2,1,3,Rue Montesquieu,45,
2.023E+11,15,6,2023,11:00,1,69,69388,2,2,1,3,Rue Professeur Beauvisage,45,
2.023E+11,18,6,2023,13:40,1,972,97209,2,1,1,3,GOUVERNEUR FOURREAU (RUE DU),14,
2.023E+11,16,6,2023,04:00,3,972,97209,1,1,1,6,RN9,14,
2.023E+11,15,6,2023,02:45,5,69,69389,2,1,1,6,33 Rue de Saint-Cyr,45,
2.023E+11,15,6,2023,07:08,1,2B,2B033,2,1,1,2,11 - RT,42,
2.023E+11,27,7,2023,10:00,1,971,97101,1,1,1,3,RN1-  HAUTEUR DE SORTIE LAURICISQUE,16,
2.023E+11,26,7,2023,08:10,1,971,97101,2,1,1,4,NEREE,16,
2.023E+11,15,6,2023,18:20,1,971,97101,2,1,1,2,PERRIN (SECTEUR),16,
2.023E+11,15,6,2023,09:35,1,971,97113,2,1,1,6,MONTAUBAN (SECTEUR),16,
2.023E+11,27,7,2023,15:55,1,95,95280,2,1,2,6,ROGER SALENGRO ( BOULEVARD),49,
2.023E+11,18,6,2023,08:50,1,95,95280,2,3,1,1,ALICE (RUE),49,
2.023E+11,15,6,2023,18:29,1,95,95277,2,1,1,2,POMPIDOU GEORGES (AVENUE),48,
2.023E+11,16,6,2023,08:20,1,95,95197,2,1,1,2,D928,48,
2.023E+11,26,7,2023,22:15,3,95,95127,2,9,2,6,OISE (BOULEVARD DE L'),49,
2.023E+11,14,6,2023,11:53,1,91,91645,2,3,1,6,SOLLIERE (CHEMIN DE LA),48,
2.023E+11,16,6,2023,14:25,1,91,91114,2,1,1,6,RTE NATIONALE 6,48,
2.023E+11,15,6,2023,19:50,1,91,91421,2,1,1,6,COLBERT (ALLEE),48,
2.023E+11,15,6,2023,16:50,1,91,91114,2,1,1,2,RTE NATIONALE 6,48,
2.023E+11,27,7,2023,19:30,1,91,91687,2,1,2,2,GENERAL DE GAULLE (AVENUE DU),48,
2.023E+11,14,6,2023,22:40,5,91,91326,2,1,1,4,COUR DE FRANCE (AVENUE DE LA),48,
2.023E+11,15,6,2023,17:17,1,91,91433,2,1,1,6,AUVERS (RUE D'),48,
2.023E+11,26,7,2023,15:18,1,87,87085,2,1,1,6,FAURE (AVENUE DU PROFESSEUR MARCEL),45,
2.023E+11,26,7,2023,12:15,1,83,83137,2,1,1,6,BOURGES (BD COMMMANDANT ANDRE),43,
2.023E+11,26,7,2023,19:15,1,83,83069,2,1,1,1,MADRAGUE (ROUTE DE LA),43,
2.023E+11,27,7,2023,12:45,1,83,83069,2,9,1,3,AVENUE RITONDALE LEOPOLD,43,
2.023E+11,14,6,2023,23:45,3,79,79355,1,1,1,7,N/A,46,
2.023E+11,27,7,2023,16:35,1,77,77132,1,1,3,3,AV ROBERT SCHUMAN,48,
2.023E+11,26,7,2023,18:08,1,76,76540,2,6,1,3,Rue de Sotteville,49,
2.023E+11,14,6,2023,14:40,1,76,76351,2,1,1,5,BOIS AU COQ (AVENUE),49,
2.023E+11,14,6,2023,19:45,1,72,72181,2,3,1,1,GLONNIERES (BD) N° PAIRS,47,
2.023E+11,14,6,2023,11:04,1,72,72181,2,1,1,3,MAC JEAN (AV) N° IMP 107 ET plus,47,
2.023E+11,26,7,2023,08:30,1,71,71270,2,9,1,3,SAINT-CLEMENT (PLACE),46,
2.023E+11,27,7,2023,18:20,1,71,71475,2,1,1,2,LYON (ROUTE DE ),46,
2.023E+11,16,6,2023,18:00,1,69,69275,2,6,1,2,Rocade est,45,
2.023E+11,15,6,2023,17:45,1,69,69266,2,3,1,2,Rue du 8 Mai 1945,45,
2.023E+11,15,6,2023,16:20,1,69,69286,2,3,1,6,Avenue de l'Europe,45,
2.023E+11,27,7,2023,18:00,1,69,69264,2,1,1,4,Route de Frans,45,
2.023E+11,15,6,2023,12:00,1,69,69290,2,1,1,3,Rue de l'Egalité,45,
2.023E+11,27,7,2023,15:45,1,67,67218,2,1,1,3,GLACIERE (RUE DE LA),48,
2.023E+11,15,6,2023,11:48,1,66,66136,2,1,1,2,N/A,42,
2.023E+11,18,4,2023,18:59,1,65,65440,2,2,1,3,Rue Massey,43,
2.023E+11,27,7,2023,14:10,1,64,64189,2,3,1,3,MITTERRAND FRANCOIS  (AVENUE),43,
2.023E+11,26,7,2023,10:02,1,64,64102,2,1,1,6,BOURGNEUF (RUE),43,
2.023E+11,16,6,2023,09:30,1,63,63113,2,1,1,6,AUGER (RUE),45,
2.023E+11,16,6,2023,10:25,1,63,63113,2,6,1,3,BOURDON / Blériot,45,
2.023E+11,15,6,2023,21:30,1,63,63113,2,3,1,3,BRUGIERE /Gravanche,45,
2.023E+11,27,7,2023,00:45,5,62,62193,1,1,2,2,A216,50,
2.023E+11,23,7,2023,22:20,5,62,62193,2,2,1,2,Boulevard Victor Hugo,50,
2.023E+11,2,6,2023,23:20,5,62,62193,2,6,1,3,D940,50,
2.023E+11,27,7,2023,17:40,1,62,62848,1,1,1,6,D941,50,
2.023E+11,15,6,2023,11:25,1,60,60057,2,2,1,6,Rue du Morvan,49,
2.023E+11,15,6,2023,22:45,5,59,59650,2,2,1,3,VALLON (RUE),50,
2.023E+11,13,6,2023,17:35,1,59,59043,2,3,1,6,ANCIENNE POSTE AUX CH (RUE DE L'),50,
2.023E+11,27,7,2023,22:33,5,57,57463,2,2,2,7,SOLIDARITE (BOULEVARD DE LA ),49,
2.023E+11,14,6,2023,09:40,1,56,56121,2,1,1,6,CHAZELLES ( COURS LOUIS  DE ),47,
2.023E+11,14,6,2023,14:10,1,56,56121,2,1,1,7,THOREZ (RUE  MAURICE ),47,
2.023E+11,14,6,2023,12:15,1,54,54395,2,1,1,4,Boulevard Lobau,48,
2.023E+11,14,6,2023,07:50,1,54,54547,2,2,1,6,BRIAND (RUE ARISTIDE),48,
2.023E+11,15,6,2023,11:00,1,51,51454,2,1,1,6,BIR HAKEIM (RUE),49,
2.023E+11,14,6,2023,19:45,1,51,51454,2,6,1,3,avenue François Mauriac,49,
2.023E+11,15,6,2023,16:13,1,49,49015,2,1,1,7,ALLENDE AVENUE SALVADOR,47,
2.023E+11,15,6,2023,17:30,1,49,49007,1,1,1,2,ATLANTIQUE  AVENUE DE L',47,
2.023E+11,15,6,2023,17:15,1,49,49267,1,6,1,3,CHANTERIE,47,
2.023E+11,14,6,2023,17:30,1,49,49007,2,1,1,3,ROOSEVELT,47,
2.023E+11,15,6,2023,12:50,1,43,43157,2,3,1,3,BREUIL (PLACE DU),45,
2.023E+11,14,6,2023,14:20,1,43,43089,2,1,1,6,Rue Ernest Rogues,45,
2.023E+11,4,7,2023,23:00,5,42,42218,2,9,1,3,Rue des Docteurs Henri et Bernard Muller,45,
2.023E+11,14,6,2023,14:20,1,42,42218,2,1,1,6,Boulevard Antonio Vivaldi,45,
2.023E+11,16,6,2023,01:40,5,37,37261,2,2,1,3,PAS NOTRE-DAME (RUE DU),47,
2.023E+11,15,6,2023,15:00,1,37,37122,1,1,1,2,RD 37,47,
2.023E+11,14,6,2023,15:47,1,37,37214,2,1,1,6,DE GAULLE (BD CHARLES),47,
2.023E+11,27,7,2023,17:20,1,35,35238,2,3,2,3,LORIENT (DE),48,
2.023E+11,16,6,2023,19:15,1,35,35238,2,6,1,3,FORCES FRANCAISES DE L'ONU (ROND POINT),48,
2.023E+11,16,6,2023,18:25,1,35,35238,1,1,1,2,RN 12,48,
2.023E+11,16,6,2023,16:30,1,35,35238,2,1,1,6,ANJOU (D'),48,
2.023E+11,15,6,2023,20:05,1,35,35238,2,1,1,3,VOLTAIRE (BD),48,
2.023E+11,27,7,2023,13:10,1,35,35115,2,1,2,1,BAYETTE ROUSSE (CHEMIN DE LA),48,
2.023E+11,13,6,2023,19:15,1,34,34301,1,1,1,3,Route de Pontmartin,43,
2.023E+11,27,7,2023,07:45,1,33,33063,2,1,1,3,Avenue des Trois Cardinaux,44,
2.023E+11,26,7,2023,19:50,1,33,33013,2,1,1,3,Avenue de Virecourt,44,
2.023E+11,16,6,2023,19:55,1,28,28134,2,9,1,1,BATES (AVE DES),48,
2.023E+11,16,6,2023,17:25,1,28,28134,2,1,1,6,VIOLETTE (RUE MAURICE),48,
2.023E+11,14,6,2023,12:30,1,28,28134,2,1,1,6,LEMOULEC (RUE CHARLES),48,
2.023E+11,27,7,2023,05:19,4,27,27229,2,2,1,3,QUATORZE JUILLET (BOULEVARD),49,
2.023E+11,15,6,2023,17:28,1,27,27229,2,9,1,6,JAURES (RUE JEAN),49,
2.023E+11,14,6,2023,18:00,1,27,27306,2,1,7,6,RUE HENRI GUILLAUMET,49,
2.023E+11,27,7,2023,14:55,1,26,26198,2,1,1,6,Boulevard Meynot,44,
2.023E+11,27,7,2023,16:25,1,22,22187,2,1,2,3,JEAN BART,48,
2.023E+11,18,6,2023,14:50,1,18,18279,2,1,1,7,34 Rue Jacques Brel,47,
2.023E+11,16,6,2023,08:30,1,18,18279,2,3,1,1,39 Rue de la Convention,47,
2.023E+11,16,6,2023,10:52,1,17,17300,2,1,1,6,GUILBAUD   RUE,46,
2.023E+11,14,6,2023,17:15,1,17,17291,2,9,1,3,QUATORZE JUILLET   RUE DU,46,
2.023E+11,22,7,2023,12:53,1,15,15014,2,6,1,2,N122 giratoire de l 'europe,44,
2.023E+11,15,6,2023,22:30,5,13,13106,2,1,1,7,BEDOULE (CHEMIN DE LA),43,
2.023E+11,27,7,2023,21:10,5,13,13211,2,1,1,1,JEAN LOMBARD (AVENUE),43,
2.023E+11,27,7,2023,10:45,1,13,13213,2,6,1,1,FRAIS VALLON (AVENUE),43,
2.023E+11,26,7,2023,14:30,1,13,13205,2,2,1,3,JEANNE D'ARC (BOULEVARD),43,
2.023E+11,27,7,2023,16:00,1,13,13028,2,3,1,3,CD 559,43,
2.023E+11,15,6,2023,12:10,1,13,13001,2,2,1,6,DE LATTRE DE TASSIGNY (AV),43,
2.023E+11,26,7,2023,18:00,1,12,12028,1,3,1,3,RD 840,44,
2.023E+11,26,7,2023,20:13,1,11,11262,2,1,1,6,N/A,43,
2.023E+11,14,6,2023,06:55,1,11,11069,2,1,2,3,N/A,43,
2.023E+11,26,7,2023,17:10,1,9,9122,2,1,1,4,CROS (cours Irénée),42,
2.023E+11,27,7,2023,18:25,1,7,7070,2,1,1,2,COLONNEL ROUSSET (AVENUE DU),44,
2.023E+11,27,7,2023,13:40,1,6,6069,2,1,1,3,MARIGARDE (ROUTE DE LA),43,
2.023E+11,15,6,2023,14:45,1,6,6029,2,2,1,6,REPUBLIQUE (BOULEVARD DE LA),43,
2.023E+11,28,7,2023,00:15,5,6,6123,2,1,1,6,BORD DE MER RN 98,43,
2.023E+11,26,7,2023,16:39,1,3,3185,2,2,1,3,LEDRU - ROLLIN ( QUAI ),46,
2.023E+11,27,7,2023,10:35,1,1,1053,2,9,1,6,STAND ( RUE DU ),46,
2.023E+11,27,7,2023,16:20,1,75,75116,2,1,2,3,PORTE D AUTEUIL,48,
2.023E+11,27,7,2023,19:30,1,75,75118,2,2,2,3,RUE DAMREMONT,48,
2.023E+11,27,7,2023,14:00,1,75,75117,2,2,2,3,NON DENOMMEE C/17,48,
2.023E+11,26,7,2023,14:00,1,75,75117,2,3,1,3,RUE DE TOCQUEVILLE,48,
2.023E+11,27,7,2023,17:20,1,75,75115,2,2,2,1,RUE DE LA CONVENTION,48,
2.023E+11,27,7,2023,10:50,1,75,75113,2,2,8,3,BOULEVARD VINCENT AURIOL,48,
2.023E+11,27,7,2023,01:30,5,75,75112,2,2,1,2,PONT CHARLES DE GAULLE,48,
2.023E+11,26,7,2023,16:25,1,75,75104,2,2,1,3,RUE MORNAY,48,
2.023E+11,25,7,2023,17:30,1,75,75103,2,2,2,3,BOULEVARD DE SEBASTOPOL,48,
2.023E+11,27,7,2023,13:00,1,94,94081,2,1,1,3,Avenue Youri Gagarine,48,
2.023E+11,25,7,2023,11:41,1,94,94080,2,1,8,3,Avenue de Paris,48,
2.023E+11,24,7,2023,08:30,1,94,94015,2,1,1,3,Rue basse d'Aval,48,
2.023E+11,27,7,2023,18:00,1,94,94043,2,1,2,2,Rue Gabriel Péri,48,
2.023E+11,27,7,2023,16:14,1,94,94022,2,1,2,3,Avenue Victor Hugo,48,
2.023E+11,27,7,2023,18:00,1,93,93048,2,2,2,3,Rue Emile Beaufils / Rue de la Demi-Lune,48,
2.023E+11,27,7,2023,03:06,5,93,93032,2,1,1,6,Rue de Franceville,48,
2.023E+11,27,7,2023,09:40,1,92,92050,2,1,1,2,VAILLANT COUTURIER PAUL RUE,48,
2.023E+11,27,7,2023,15:00,1,92,92025,2,2,2,3,VALMY (BD DE),48,
2.023E+11,27,7,2023,14:18,1,92,92025,2,1,2,5,VALMY (PLACE),48,
2.023E+11,22,7,2023,00:50,5,92,92004,2,1,1,7,ARGENTEUIL ( AVENUE D' ),48,
2.023E+11,27,7,2023,17:32,1,92,92014,2,2,3,3,FONTENAY (RUE),48,
2.023E+11,28,7,2023,17:00,1,2A,2A272,1,1,1,1,RT 40,41,
2.023E+11,27,7,2023,17:00,1,1,1416,1,4,1,1,D1504,45,
2.023E+11,27,7,2023,22:30,3,41,41185,1,1,1,6,D724,47,
2.023E+11,27,7,2023,18:50,1,6,6161,1,1,1,3,1321 Route du Bord de Mer,43,
2.023E+11,27,7,2023,16:18,1,972,97227,1,1,1,6,Cite Morne Pavillon,14,
2.023E+11,25,7,2023,13:10,1,83,83086,1,1,6,6,chemin de la roquette,43,
2.023E+11,27,7,2023,16:25,1,11,11111,1,2,1,3,N/A,43,
2.023E+11,25,7,2023,00:45,3,26,26138,1,9,3,1,A7 - PK 133.700 - sens N/S,44,
2.023E+11,28,7,2023,10:30,1,52,52014,1,1,3,6,A31 PK 96.900,47,
2.023E+11,27,7,2023,17:55,1,67,67006,1,1,1,1,D230,48,
2.023E+11,27,7,2023,19:36,1,54,54082,1,1,3,3,D603,49,
2.023E+11,27,7,2023,20:18,1,79,79136,1,3,1,3,N/A,46,
2.023E+11,28,7,2023,14:00,1,26,26160,2,1,1,3,Avenue de la Croix des Mailles,45,
2.023E+11,20,5,2023,13:35,1,33,33529,1,1,1,4,RD 1250 (Camicas - Sortie Dune),44,
2.023E+11,19,5,2023,15:40,1,31,31555,2,1,1,3,AV DU DR MAURICE GRYNFOGEL,43,
2.023E+11,17,5,2023,11:35,1,31,31555,2,1,1,2,METZ (RUE DE) DU 1AU 19,43,
2.023E+11,5,5,2023,13:25,1,30,30189,2,1,1,6,ALLENDE SALVADOR (RUE),43,
2.023E+11,18,5,2023,19:35,1,29,29039,2,3,1,3,Rue de Lanriec,47,
2.023E+11,20,5,2023,18:25,1,29,29019,2,9,1,6,rue Gustave Flaubert,48,
2.023E+11,20,5,2023,23:12,5,28,28134,2,2,1,3,KENNEDY (AVENUE DU PRESIDENT),48,
2.023E+11,8,11,2023,07:23,2,83,83137,1,1,1,3,A50,43,
2.023E+11,19,5,2023,17:55,1,25,25056,2,1,1,2,DOLE RUE DE (entre 82 et 185),47,
2.023E+11,9,11,2023,09:39,1,33,33550,1,1,2,3,ROCADE A 630,44,
2.023E+11,8,11,2023,17:30,3,59,59195,1,1,3,2,ROUTE NATIONALE 41,50,
2.023E+11,17,5,2023,12:25,1,21,21231,2,3,7,3,POINT DU JOUR (RUE),47,
2.023E+11,11,5,2023,11:10,1,19,19031,2,1,1,6,SEMARD (AVENUE PIERRE) A PARTIR DE N° 75,45,
2.023E+11,9,11,2023,15:50,2,91,91553,1,1,2,5,RN 104,48,
2.023E+11,9,11,2023,10:00,1,92,92048,1,1,1,7,N118,48,
2.023E+11,19,5,2023,16:18,1,17,17300,2,2,1,3,MOULIN   AVENUE JEAN,46,
2.023E+11,9,11,2023,20:50,3,92,92036,1,1,2,6,AUTOROUTE A15,48,
2.023E+11,20,5,2023,01:25,3,16,16102,1,1,1,7,GOELLER (RUE JULES),45,
2.023E+11,9,11,2023,18:40,3,93,93048,1,1,2,6,AUTOROUTE A3,48,
2.023E+11,20,5,2023,18:30,1,14,14701,1,3,1,7,Route de Beaumont,49,
2.023E+11,9,11,2023,13:00,1,93,93008,1,1,1,3,AUTOROUTE A86,48,
2.023E+11,9,11,2023,09:00,1,93,93066,1,1,1,3,AUTOROUTE A1,48,
2.023E+11,19,5,2023,19:50,1,13,13026,2,9,2,3,CURIE (bld Pierre et Marie),43,
2.023E+11,8,11,2023,09:05,1,93,93048,1,1,1,5,AUTOROUTE A3,48,
2.023E+11,9,11,2023,15:00,1,77,77337,1,1,2,6,RN104,48,
2.023E+11,19,5,2023,21:40,5,13,13206,2,1,2,6,TOULON (AVENUE DE),43,
2.023E+11,23,7,2023,19:00,1,14,14214,1,1,3,6,N13,49,
2.023E+11,19,5,2023,14:15,1,13,13208,2,1,8,3,RABATAU (BOULEVARD),43,
2.023E+11,2,7,2023,18:40,1,14,14726,1,1,1,1,D290,48,
2.023E+11,20,5,2023,22:25,5,13,13005,2,9,3,1,RN 8,43,
2.023E+11,20,5,2023,06:20,2,13,13005,2,1,2,1,EOURES (ROUTE D'),43,
2.023E+11,7,4,2023,21:20,5,93,93048,2,2,1,3,Boulevard Théophile Sueur / Rue des Ruffins,48,
2.023E+11,19,5,2023,12:05,1,13,13005,2,4,1,3,VERDUN (AVENUE DE),43,
2.023E+11,19,5,2023,12:45,1,6,6069,1,1,2,4,PAOUTE (ROUTE ET TRAVERSE DE LA),43,
2.023E+11,22,7,2023,16:00,1,13,13104,2,1,1,4,D5,43,
2.023E+11,23,6,2023,08:26,1,69,69290,1,2,1,4,Boulevard de la Porte des Alpes,45,
2.023E+11,14,7,2023,18:58,1,32,32279,1,1,1,6,D 515,43,
2.023E+11,10,5,2023,08:10,1,5,5061,2,9,1,3,JEAN JAURES ( AVENUE ),44,
2.023E+11,22,6,2023,09:30,1,69,69290,2,1,8,6,34 Avenue Charles de Gaulle,45,
2.023E+11,28,5,2023,15:35,1,32,32279,2,1,1,6,D272,43,
2.023E+11,19,5,2023,19:10,1,75,75117,2,1,1,5,PORTE DE CHAMPERRET,48,
2.023E+11,23,6,2023,10:30,1,67,67482,2,1,1,5,VOSGES (AVENUE DES),48,
2.023E+11,19,5,2023,17:45,1,75,75112,2,1,1,2,ECHANGEUR BERCY,48,
2.023E+11,7,11,2023,08:10,1,974,97416,1,1,1,3,RN2 (2),-21,
2.023E+11,7,11,2023,08:00,1,974,97416,1,1,1,6,RN1 (ROUTE NATIONALE),-21,
2.023E+11,19,5,2023,02:10,5,75,75112,2,1,1,2,ECHANGEUR CHARENTON,48,
2.023E+11,22,6,2023,17:45,1,66,66136,1,1,1,4,,42,
2.023E+11,19,10,2023,22:20,5,971,97101,2,1,1,7,DE MARIE GALANTE - RAIZET (RUE),16,
2.023E+11,17,5,2023,16:40,1,75,75117,2,1,1,4,PORTE DE CHAMPERRET,48,
2.023E+11,8,9,2023,14:00,1,971,97101,1,1,1,7,BEAUSOLEIL,16,
2.023E+11,24,6,2023,03:00,5,64,64483,2,1,1,1,HUGO VICTOR (BOULEVARD),43,
2.023E+11,23,6,2023,08:45,1,64,64335,1,1,1,2,D817,43,
2.023E+11,19,5,2023,18:33,1,75,75120,2,2,1,6,RUE DE MENILMONTANT,48,
2.023E+11,8,11,2023,16:15,1,2A,2A004,2,1,1,6,AVENUE DU DOCTEUR NOEL FRANCHINI,41,
2.023E+11,8,11,2023,08:20,1,88,88209,2,1,2,6,THIERS (RUE),48,
2.023E+11,18,5,2023,15:42,1,75,75107,2,3,1,2,AVENUE BOSQUET,48,
2.023E+11,22,6,2023,17:30,1,64,64132,2,6,1,2,ALBERT 1ER,43,
2.023E+11,7,11,2023,16:54,1,87,87085,2,1,1,6,JOLIOT CURIE (RUE IRENE ET FREDERIC),45,
2.023E+11,19,5,2023,09:00,2,75,75120,2,1,1,3,RUE DES PYRENEES,48,
2.023E+11,23,6,2023,16:00,1,64,64102,2,1,1,6,TILLOLE (RUE DE LA),43,
2.023E+11,23,6,2023,08:31,2,64,64024,2,1,1,6,PONT DE L'AVEUGLE (RUE DU),43,
2.023E+11,19,5,2023,18:53,1,75,75119,2,2,1,3,RUE DE CRIMEE,48,
2.023E+11,7,11,2023,07:55,2,87,87050,1,2,1,5,RN 147,45,
2.023E+11,19,5,2023,20:52,2,75,75118,2,2,1,3,PORTE DE LA CHAPELLE,48,
2.023E+11,22,6,2023,18:20,1,64,64102,2,1,1,5,SOULT (AVENUE MARECHAL),43,
2.023E+11,19,5,2023,12:00,1,75,75118,2,2,1,6,RUE ORDENER,48,
2.023E+11,8,11,2023,11:20,1,78,78517,1,9,1,6,D 937,48,
2.023E+11,19,5,2023,17:10,1,75,75116,2,1,1,6,AVENUE MARCEAU,48,
2.023E+11,22,6,2023,14:50,1,62,62842,1,1,1,1,Rue du 8 Mai,50,
2.023E+11,18,5,2023,21:00,1,75,75116,2,3,1,6,RUE DE SAIGON,48,
2.023E+11,8,11,2023,18:20,5,77,77373,2,1,1,2,AV DU GENERAL DE GAULLE,48,
2.023E+11,23,6,2023,12:35,1,61,61001,2,1,1,3,Rue Georges Leclanche,48,
2.023E+11,8,11,2023,12:50,1,77,77284,2,1,1,6,D603,48,
2.023E+11,18,5,2023,00:26,5,75,75116,2,5,1,6,CHAUSSEE LA MUETTE,48,
2.023E+11,8,11,2023,13:30,1,77,77018,2,1,8,6,AV CHRISTIAN DOPPLER,48,
2.023E+11,20,5,2023,04:52,5,75,75114,2,4,1,3,AVENUE ERNEST REYER,48,
2.023E+11,8,11,2023,07:50,1,76,76231,2,4,1,3,Rue du Général de Gaulle,49,
2.023E+11,19,5,2023,12:00,1,75,75114,2,3,1,3,AVENUE DU GENERAL LECLERC,48,
2.023E+11,7,11,2023,14:06,1,76,76351,2,2,1,6,PAUL VERONESE,49,
2.023E+11,18,5,2023,00:25,5,75,75114,2,2,1,2,RUE DIDOT,48,
2.023E+11,8,11,2023,15:23,1,69,69266,2,1,1,6,167 Cours Tolstoï,45,
2.023E+11,22,6,2023,12:37,1,56,56162,1,1,1,6,KERGOAT (RUE FRANCOIS),47,
2.023E+11,20,5,2023,17:40,1,75,75113,2,2,1,6,RUE CANTAGREL,48,
2.023E+11,7,11,2023,19:00,5,69,69259,2,1,1,4,Boulevard Ambroise Croizat,45,
2.023E+11,19,5,2023,13:00,1,75,75113,2,2,1,3,BOULEVARD KELLERMANN,48,
2.023E+11,7,11,2023,17:40,3,69,69290,2,1,1,4,Rue du Lyonnais,45,
2.023E+11,19,5,2023,10:29,1,75,75113,2,2,1,3,AVENUE DE LA PORTE D ITALIE,48,