Num_Acc,jour,mois,an,hrmn,lum,dep,com,agg,int,atm,col,adr,lat,long
2.023E+11,22,6,2023,07:45,1,54,54395,2,3,1,6,MON DESERT (RUE),48,
2.023E+11,7,11,2023,11:15,1,67,67447,2,1,2,3,BISCHWILLER (ROUTE DE),48,
2.023E+11,19,5,2023,12:00,1,75,75110,2,1,1,2,BOULEVARD DE LA CHAPELLE,48,
2.023E+11,8,11,2023,08:10,1,64,64129,2,1,1,2,BAYONNE DE,43,
2.023E+11,23,6,2023,16:55,1,51,51055,2,1,1,4,TONDEURS (BOULEVARD),49,
2.023E+11,19,5,2023,16:45,1,75,75109,2,1,1,3,RUE DE LA CHAUSSEE D ANTIN,48,
2.023E+11,7,11,2023,18:25,5,64,64024,2,3,2,2,BIARRITZ (AVENUE DE),43,
2.023E+11,24,6,2023,00:18,3,49,49267,1,1,1,2,RD 347,47,
2.023E+11,19,5,2023,14:50,1,75,75108,2,3,1,6,PLACE SAINT AUGUSTIN,48,
2.023E+11,8,11,2023,11:10,1,63,63164,2,7,1,6,DOCTEUR POMMEROL (PL),45,
2.023E+11,23,6,2023,08:30,1,49,49015,2,1,1,7,ADEZIERE ROUTE,47,
2.023E+11,19,5,2023,18:20,1,75,75104,2,3,1,6,RUE DES JARDINS SAINT PAUL,48,
2.023E+11,22,6,2023,21:45,1,49,49007,2,3,1,2,GAIN ( LOUIS),47,
2.023E+11,8,11,2023,09:00,1,62,62193,2,2,2,2,Boulevard de l'Egalité,50,
2.023E+11,19,5,2023,15:05,1,75,75104,2,2,1,3,RUE GEOFFROY L ASNIER,48,
2.023E+11,22,6,2023,08:05,1,49,49007,2,3,1,3,Rue de Bel Air,47,
2.023E+11,8,11,2023,11:10,1,59,59512,2,2,2,1,FOSSE AUX CHENES (AVENUE DE LA),50,
2.023E+11,19,5,2023,09:25,1,75,75103,2,2,1,3,BOULEVARD DE SEBASTOPOL,48,
2.023E+11,23,6,2023,18:50,1,47,47001,2,6,1,3,MIDI (AVENUE DU),44,
2.023E+11,8,11,2023,17:10,5,59,59350,2,1,2,6,SALENGRO ROGER RUE,50,
2.023E+11,20,5,2023,00:50,5,94,94081,2,3,1,3,Quai Jules Guesde / Rue Berthie Albrecht,48,
2.023E+11,23,6,2023,12:35,1,45,45302,2,1,1,3,580 Rue du Champ Rouge,47,
2.023E+11,19,5,2023,09:40,1,94,94074,2,1,1,6,Villa des Polognes,48,
2.023E+11,8,11,2023,17:45,4,59,59350,2,2,2,3,SOLFERINO RUE N°208-FIN-161-FIN,50,
2.023E+11,18,5,2023,18:30,1,94,94042,2,1,1,6,Avenue Jean d'Estienne d'Orves,48,
2.023E+11,23,6,2023,08:50,1,44,44184,2,3,1,3,17 Boulevard du Docteur René Laënnec,47,
2.023E+11,8,11,2023,08:40,1,59,59195,2,1,7,6,HAUBOURDIN RUE D,50,
2.023E+11,24,6,2023,01:10,5,44,44162,2,1,1,3,Boulevard Salvador Allende,47,
2.023E+11,19,5,2023,17:00,1,94,94076,2,3,1,3,Rue du Bel Air,48,
2.023E+11,8,11,2023,07:25,2,59,59350,2,1,1,3,CANONNIERS RUE DES 1:17-26:44,50,
2.023E+11,28,5,2023,10:07,1,44,44109,2,2,1,3,14B Rue Gaston Veil,47,
2.023E+11,8,11,2023,19:19,5,59,59131,2,8,3,1,SEPT PLANETES,51,
2.023E+11,20,5,2023,16:50,1,94,94028,2,1,1,3,Rue de la Basse Quinte,48,
2.023E+11,7,11,2023,16:00,1,59,59234,2,1,1,1,BARBUSSE (RUE HENRI),50,
2.023E+11,19,5,2023,21:02,2,94,94028,2,1,1,2,Rue du Général Leclerc,48,
2.023E+11,6,11,2023,12:10,1,54,54395,2,1,1,6,Rue du Général Duroc,48,
2.023E+11,22,6,2023,17:50,1,43,43041,2,3,2,6,Rue de Corsac,45,
2.023E+11,19,5,2023,12:15,1,94,94077,2,6,1,6,17 Place Jeanne d’Arc,48,
2.023E+11,8,11,2023,19:00,5,54,54580,2,1,1,6,Place Jeanne d'Arc,49,
2.023E+11,20,5,2023,20:25,2,94,94058,2,1,1,6,Avenue Georges Clémenceau,48,
2.023E+11,8,11,2023,07:30,1,51,51454,2,1,1,3,KOENIG (RUE DU GENERAL),49,
2.023E+11,22,6,2023,19:10,1,39,39300,2,1,3,6,1 Avenue Thurel,46,
2.023E+11,19,5,2023,18:15,1,94,94048,2,1,1,3,N19,48,
2.023E+11,3,11,2023,16:45,1,50,50129,1,1,8,4,AXE NORD SUD,49,
2.023E+11,20,5,2023,10:45,1,93,93072,2,3,1,3,Rue des Fleurs / Rue Jean Jaurés,48,
2.023E+11,9,4,2023,16:40,1,72,72328,1,6,1,3,Route de Bonnétable,48,
2.023E+11,23,6,2023,22:30,5,38,38185,2,2,1,6,D269A,45,
2.023E+11,8,11,2023,08:20,1,49,49328,2,6,1,3,DAVID D'ANGERS (AVENUE),47,
2.023E+11,13,4,2023,08:30,1,83,83056,1,4,1,3,D54,43,
2.023E+11,20,5,2023,09:30,1,93,93059,2,2,1,6,Boulevard Jean Mermoz / Boulevard Pasteur,48,
2.023E+11,23,6,2023,11:30,1,38,38151,2,6,1,3,ROND-POINT PIERRE ET MARIE CURIE,45,
2.023E+11,19,5,2023,21:14,2,93,93066,2,1,1,6,Rue Guy Moquet,48,
2.023E+11,28,2,2023,19:30,3,7,7172,2,1,2,1,Route Departementale D820,45,
2.023E+11,7,11,2023,16:10,1,49,49015,2,6,1,3,PIECE DU MOULIN AVENUE DE LA,47,
2.023E+11,23,6,2023,16:30,1,37,37261,2,1,1,7,PASCAL (RUE BLAISE),47,
2.023E+11,20,5,2023,14:36,1,93,93055,2,9,1,3,Avenue Jean Lolive,48,
2.023E+11,10,4,2023,18:56,5,987,98734,2,9,1,3,PK 33.500 RT1 SENS PAPEETE TARAVAO,-17,
2.023E+11,7,11,2023,07:00,2,44,44184,2,1,1,6,87 Allée des Jacinthes,47,
2.023E+11,23,6,2023,21:10,1,35,35281,2,1,1,6,JAURES (COURS JEAN),48,
2.023E+11,20,5,2023,11:09,1,93,93055,2,9,1,3,Avenue du Général Leclerc,48,
2.023E+11,11,4,2023,21:50,5,1,1004,2,2,1,6,201 Rue Alexandre Bérard,45,
2.023E+11,23,6,2023,12:10,1,35,35055,2,6,1,6,VERGER (RUE DU),48,
2.023E+11,8,11,2023,08:00,2,37,37233,2,6,1,2,FARGES (AVENUE YVES),47,
2.023E+11,19,5,2023,13:30,1,93,93055,2,1,1,6,Avenue Jean Lolive,48,
2.023E+11,23,6,2023,08:00,1,35,35051,2,6,1,2,ALLIES (BOULEVARD DES),48,
2.023E+11,8,4,2023,15:05,1,13,13088,2,2,1,1,D568,43,
2.023E+11,23,6,2023,20:15,1,34,34301,1,1,1,2,RD2,43,
2.023E+11,18,5,2023,03:05,3,93,93053,2,1,1,2,87 Rue du Parc,48,
2.023E+11,8,11,2023,19:25,3,35,35238,1,1,2,3,ROCADE 12-13,48,
2.023E+11,23,6,2023,14:15,1,34,34129,2,1,1,3,RM132,43,
2.023E+11,19,5,2023,18:35,1,93,93048,2,1,1,3,Boulevard de Chanzy,48,
2.023E+11,13,4,2023,13:50,1,77,77500,1,1,1,1,D225,48,
2.023E+11,23,6,2023,08:58,1,34,34129,2,3,1,3,62 traverse du mas rouge.,43,
2.023E+11,18,5,2023,18:50,1,93,93032,2,3,1,6,Rue Contant / Rue Gossec,48,
2.023E+11,22,6,2023,23:15,5,30,30189,2,3,1,3,Avenue Jean-Jaurès,43,
2.023E+11,20,5,2023,02:00,5,93,93057,2,2,1,1,Rue Louis Auguste Blanqui / Avenue Anatole France,48,
2.023E+11,8,11,2023,12:10,1,35,35238,2,3,2,3,ROCHESTER (AVENUE DE),48,
2.023E+11,12,4,2023,13:00,1,34,34027,1,1,1,1,M120,43,
2.023E+11,23,6,2023,18:17,1,29,29019,2,1,1,2,rue du point du jour,48,
2.023E+11,20,5,2023,20:00,1,93,93053,2,1,1,6,Rue Denfert-rochereau,48,
2.023E+11,13,4,2023,07:30,1,68,68089,2,1,2,6,9 rue des écoles,47,
2.023E+11,22,6,2023,08:15,1,29,29019,2,1,1,3,rue Graham Bell,48,
2.023E+11,20,5,2023,10:19,1,93,93007,2,3,1,2,Avenue Paul Vaillant Couturier / Rue de Londres,48,
2.023E+11,7,11,2023,17:45,5,35,35238,2,3,1,3,MALAKOFF,48,
2.023E+11,16,6,2023,11:55,1,29,29019,2,3,1,3,rue de Kervao,48,
2.023E+11,19,5,2023,19:00,1,93,93005,2,2,1,2,Rue de la Division Leclerc / Rue Turgot,48,
2.023E+11,12,4,2023,08:05,1,54,54115,2,1,2,3,Rue de Nancy,48,
2.023E+11,22,6,2023,15:45,1,27,27229,2,1,1,2,CITES UNIES (BOULEVARD DES),49,
2.023E+11,22,10,2023,00:40,3,34,34129,2,6,1,7,MAUGUIO (ROUTE DE),43,
2.023E+11,19,5,2023,12:20,1,93,93005,2,1,1,3,Rue Roger Salengro,48,
2.023E+11,23,6,2023,17:30,1,25,25056,2,1,1,1,chemin des essarts,47,
2.023E+11,19,5,2023,16:20,1,93,93001,2,1,1,2,92 Rue de la Haie Coq,48,
2.023E+11,16,6,2023,20:29,1,22,22187,1,1,1,1,CHEMIN DES MADIERES,48,
2.023E+11,19,5,2023,18:05,1,92,92051,2,2,1,1,GENERAL KOENIG (BOULEVARD DU),48,
2.023E+11,23,6,2023,13:40,1,18,18279,2,1,1,1,Chemin Blanc,47,
2.023E+11,18,5,2023,10:47,1,92,92051,2,1,1,2,GENERAL LECLERC (BOULEVARD DU,,
2.023E+11,8,11,2023,22:51,5,33,33063,2,1,8,1,Pont de Pierre,44,
2.023E+11,12,4,2023,18:50,1,38,38388,1,1,3,1,D529,45,
2.023E+11,23,6,2023,06:00,2,17,17306,2,2,1,3,ROCHEFORT (DE)  (AVENUE),45,
2.023E+11,19,5,2023,20:53,1,92,92050,2,1,1,6,PICASSO PABLO AVENUE,48,
2.023E+11,24,2,2023,11:20,1,16,16023,2,1,1,7,54 Rue des Ecoles,45,
2.023E+11,8,11,2023,18:45,5,33,33162,2,8,3,3,Avenue Jean Mermoz,44,
2.023E+11,23,6,2023,08:07,1,13,13103,2,1,1,6,AVENUE CHABAN DELMAS -JACQUES-RN 113,43,
2.023E+11,20,5,2023,21:10,1,92,92049,2,2,1,3,GINOUX AVENUE HENRI AUTRES N°,48,
2.023E+11,13,4,2023,16:15,1,31,31135,1,1,2,5,53 Avenue de Toulouse,43,
2.023E+11,1,3,2023,19:15,5,40,40312,2,3,1,3,Boulevard de la Yayi,43,
2.023E+11,22,6,2023,22:00,5,13,13205,2,1,1,3,JEAN MOULIN (BOULEVARD),43,
2.023E+11,20,5,2023,18:10,1,92,92020,2,9,1,6,MAIRIE RUE DE LA,48,
2.023E+11,8,11,2023,19:50,5,33,33063,2,2,2,3,Rue Georges Bonnac,44,
2.023E+11,13,6,2023,11:00,1,12,12202,2,1,1,6,PARIS (AVENUE DE),44,
2.023E+11,13,1,2023,20:10,3,13,13037,2,1,1,3,Avenue du Général de Gaulle,43,
2.023E+11,13,4,2023,18:30,1,50,50041,2,2,1,6,Route du Saussey,49,
2.023E+11,19,5,2023,12:30,1,92,92040,2,1,1,2,GALLIENI (BOULEVARD),48,
2.023E+11,8,11,2023,18:36,5,33,33281,2,6,2,6,Avenue de l'Yser,44,
2.023E+11,20,6,2023,18:35,1,11,11262,2,1,1,3,4 Avenue de Toulouse,43,
2.023E+11,9,2,2023,13:25,1,69,69244,2,1,1,3,120 Avenue Charles de Gaulle,45,
2.023E+11,19,5,2023,10:37,1,92,92025,2,1,1,6,CHARLES DE GAULLE (BD),48,
2.023E+11,19,3,2023,15:00,1,22,22040,1,1,1,1,D8,48,
2.023E+11,8,11,2023,22:00,5,31,31555,2,1,1,6,RTE D AGDE,43,
2.023E+11,2,3,2023,11:00,1,31,31161,1,9,1,6,Autorute A61,,
2.023E+11,19,5,2023,11:45,1,92,92019,2,1,1,6,DE VINCI LEONARD (AVENUE),48,
2.023E+11,22,6,2023,21:40,1,10,10333,2,3,1,3,TILLEULS (AVENUE),48,
2.023E+11,7,11,2023,18:35,1,29,29019,2,3,1,6,avenue de Provence,48,
2.023E+11,22,6,2023,15:05,1,10,10387,2,2,8,3,EMILE ZOLA (RUE),48,
2.023E+11,20,5,2023,03:03,5,92,92012,2,1,1,2,GENERAL LECLERC (AVENUE DU) 35/FIN - 60/,48,
2.023E+11,8,4,2023,17:10,1,13,13213,1,1,1,2,A507 sens Marseille - Aubagne,43,
2.023E+11,22,6,2023,16:00,1,6,6027,2,1,8,3,CANNES AVENUE DE (RN7),43,
2.023E+11,21,5,2023,08:30,1,62,62169,1,1,1,1,Rue du 8e de Ligne,50,
2.023E+11,8,11,2023,07:51,5,28,28085,2,1,2,3,BETHOUARD (AVENUE),48,
2.023E+11,2,3,2023,05:25,3,78,78089,1,1,1,5,Autoroute A13,,
2.023E+11,20,6,2023,11:35,1,4,4070,2,1,1,2,ALPILLES (CH. DES),44,
2.023E+11,1,3,2023,07:59,1,2A,2A247,1,1,1,3,D859,41,
2.023E+11,8,11,2023,12:15,1,27,27229,1,1,1,3,FAUVILLE (RUE DE),49,
2.023E+11,12,4,2023,17:39,1,33,33249,1,1,1,4,ROUTE NATIONALE 230,44,
2.023E+11,16,6,2023,22:00,5,2,2722,2,6,1,3,1 Avenue du Général de Gaulle,49,
2.023E+11,19,5,2023,12:00,1,22,22209,2,1,1,1,D786,48,
2.023E+11,22,6,2023,22:45,5,75,75117,2,1,1,7,PORTE DE SAINT OUEN,48,
2.023E+11,20,5,2023,11:34,1,6,6044,2,1,1,6,233 Chemin du Puits de l?Eveque,43,
2.023E+11,21,1,2023,13:09,1,22,22213,1,1,1,1,coutance,48,
2.023E+11,11,4,2023,16:25,1,59,59508,1,1,1,2,AUTOROUTE A22,50,
2.023E+11,8,11,2023,19:30,5,25,25056,2,6,1,3,N/A,47,
2.023E+11,19,5,2023,23:40,3,57,57493,1,1,1,7,D38,48,
2.023E+11,22,6,2023,01:20,5,75,75117,2,1,1,3,PORTE MAILLOT,48,
2.023E+11,12,4,2023,21:00,3,91,91687,1,1,2,7,AUTOROUTE A6,48,
2.023E+11,7,11,2023,18:15,5,22,22278,2,1,1,6,CHRISOSTOME (MIREILLE),48,
2.023E+11,19,5,2023,13:00,1,68,68295,2,1,1,2,90a Route de Bâle,48,
2.023E+11,20,6,2023,12:08,1,75,75118,2,1,1,3,PORTE DE SAINT OUEN,48,
2.023E+11,12,4,2023,12:55,1,91,91161,1,1,1,2,AUTOROUTE A126,48,
2.023E+11,19,5,2023,16:50,1,46,46172,1,1,1,7,l'estang,44,
2.023E+11,4,11,2023,06:45,5,19,19031,2,1,3,6,TURGOT (AVENUE),45,
2.023E+11,23,6,2023,11:40,1,75,75119,2,7,1,2,PLACE AUGUSTE BARON,48,
2.023E+11,12,4,2023,05:27,3,91,91064,1,1,3,7,RD 444,48,
2.023E+11,1,3,2023,07:30,1,69,69276,1,1,1,5,Boulevard Urbain Sud,45,
2.023E+11,8,11,2023,13:20,1,17,17415,2,1,1,2,LECLERC COURS DU MARECHAL,45,
2.023E+11,19,5,2023,21:35,2,59,59266,1,1,1,7,Rue de la Barre,50,
2.023E+11,23,6,2023,17:57,1,75,75118,2,9,1,6,RUE CUSTINE,48,
2.023E+11,1,3,2023,20:15,5,92,92050,1,1,1,4,A86,48,
2.023E+11,22,6,2023,03:00,5,75,75118,2,1,1,6,BOULEVARD DE LA CHAPELLE,48,
2.023E+11,21,5,2023,11:31,1,65,65272,1,1,1,6,D817,43,
2.023E+11,11,4,2023,22:50,3,92,92002,1,1,3,5,AUTOROUTE A86,48,
2.023E+11,8,11,2023,00:30,3,14,14327,1,1,8,2,N814,49,
2.023E+11,20,5,2023,16:30,1,71,71004,1,3,1,3,D673,46,
2.023E+11,23,6,2023,00:55,5,75,75117,2,7,1,3,BOULEVARD PEREIRE,48,
2.023E+11,28,2,2023,17:00,1,95,95018,1,1,1,4, A15,48,
2.023E+11,8,11,2023,11:00,1,13,13203,2,8,1,6,PARIS (BOULEVARD DE),43,
2.023E+11,12,4,2023,08:40,2,92,92062,1,1,2,5,RN1014 W,48,
2.023E+11,19,5,2023,20:45,1,62,62147,1,2,1,3,D919,50,
2.023E+11,5,11,2023,18:00,2,13,13208,2,1,1,1,PRADO (AVENUE DU),43,
2.023E+11,23,6,2023,16:30,1,75,75116,2,2,1,3,ROUTE DES MOULINS,48,
2.023E+11,11,4,2023,16:51,1,92,92036,1,1,2,3,A86,48,
2.023E+11,28,2,2023,18:40,1,93,93053,1,1,1,3,AUTOROUTE A86,48,
2.023E+11,19,5,2023,16:20,1,34,34095,1,1,1,2,M613 PR 39+605,43,
2.023E+11,28,2,2023,14:35,1,95,95018,1,1,1,6, A15,48,
2.023E+11,23,6,2023,15:45,1,75,75116,2,1,1,2,AVENUE DE NEW YORK,48,
2.023E+11,20,5,2023,12:20,1,62,62297,1,1,1,7,D 219,50,
2.023E+11,11,4,2023,09:25,1,78,78423,1,1,1,1,RN12 EXT,48,
2.023E+11,8,11,2023,13:30,1,13,13005,2,3,1,6,VERDUN (AVENUE DE),43,
2.023E+11,20,5,2023,16:50,1,19,19273,1,1,8,6,Lagardelle,45,
2.023E+11,22,6,2023,04:04,5,75,75116,2,7,1,3,PLACE DE COLOMBIE,48,
2.023E+11,11,4,2023,18:40,2,93,93010,1,1,2,2,AUTOROUTE A3,48,
2.023E+11,28,2,2023,08:40,1,95,95527,1,1,1,3, A1,48,
2.023E+11,20,5,2023,11:25,1,77,77509,1,1,1,6,RD 213 ,48,
2.023E+11,8,11,2023,18:30,5,6,6012,2,1,1,3,PRINCE RAINIER III (AVENUE),43,
2.023E+11,23,6,2023,12:39,1,75,75105,2,3,1,3,RUE CLAUDE BERNARD,48,
2.023E+11,13,5,2023,13:45,1,76,76245,1,4,1,1,D47,49,
2.023E+11,12,4,2023,05:50,3,94,94017,1,1,3,6,A4,48,
2.023E+11,1,3,2023,11:55,1,75,75112,1,1,1,4,A4,48,
2.023E+11,8,11,2023,18:05,5,6,6069,2,1,1,3,DE LATTRE DE TASSIGNY (AVENUE DU MARECHA,43,
2.023E+11,19,5,2023,18:45,1,79,79118,1,1,1,7,,46,
2.023E+11,21,6,2023,13:09,1,75,75114,2,2,1,3,PLACE DU VINGT CINQ AOUT 1944,48,
2.023E+11,19,5,2023,18:20,1,2B,2B096,2,1,1,6,rond point de la gare,42,
2.023E+11,1,3,2023,08:35,1,77,77258,1,1,1,3,A4.W,48,
2.023E+11,8,11,2023,13:10,1,6,6030,2,1,1,2,SADI CARNOT (BOULEVARD),43,
2.023E+11,10,4,2023,22:18,5,94,94073,1,1,3,6,A86,48,
2.023E+11,14,6,2023,14:20,1,75,75114,2,2,1,2,AVENUE DU COLONEL HENRI ROL TANGUY,48,
2.023E+11,27,2,2023,07:00,1,976,97611,2,1,1,6,kaweni-Geole ( rue de la ),-12,
2.023E+11,19,5,2023,13:30,1,80,80368,2,2,1,3,Rue Lucien Desenclos,50,
2.023E+11,7,11,2023,18:30,5,75,75120,2,1,1,2,PORTE DE BAGNOLET,48,
2.023E+11,11,4,2023,13:40,1,69,69383,2,2,1,3,Rue Bonnand,45,
2.023E+11,22,6,2023,17:10,1,75,75105,2,3,1,3,RUE MONGE,48,
2.023E+11,6,11,2023,14:10,1,75,75114,2,1,1,3,PORTE DE GENTILLY,48,
2.023E+11,20,5,2023,11:15,1,33,33261,1,1,1,6,Lieu Dit Lessert,44,
2.023E+11,27,2,2023,08:50,1,974,97416,2,3,1,3,LEBLOND 1 (RUE MARIUS ET ARY),-21,
2.023E+11,23,6,2023,18:45,1,75,75110,2,1,1,7,RUE DU FAUBOURG SAINT MARTIN,48,
2.023E+11,11,4,2023,05:50,5,60,60057,2,1,9,6,Rue de Navarre,49,
2.023E+11,19,5,2023,20:15,2,69,69063,2,1,2,2,Quai d'Illhaeusern,45,
2.023E+11,27,2,2023,08:50,1,974,97411,2,9,1,3,BOIS DE NEFLES (RUE DU),-20,
2.023E+11,23,6,2023,16:18,1,75,75108,2,1,1,1,BOULEVARD DE COURCELLES,48,
2.023E+11,11,4,2023,16:00,1,34,34129,2,1,1,6,71 Avenue de Boirargues,43,
2.023E+11,21,5,2023,14:45,1,71,71158,2,1,1,6,route de BOURG EN BRESSE RD 975,46,
2.023E+11,6,11,2023,06:15,3,75,75117,2,1,1,5,PORTE DE CLICHY,48,
2.023E+11,23,6,2023,12:20,1,75,75108,2,1,1,3,RUE DE ROME,48,
2.023E+11,19,5,2023,21:45,4,71,71428,1,1,1,6,Route de l'Etang de Cadolon,46,
2.023E+11,27,2,2023,07:00,1,974,97411,2,3,1,1,NOTRE DAME DE LA TRINITE (BOULEVARD),-20,
2.023E+11,10,4,2023,22:49,5,78,78358,2,1,2,6,GENERAL DE GAULLE (AVENUE DU ),48,
2.023E+11,8,11,2023,22:20,5,75,75106,2,7,2,2,BOULEVARD SAINT GERMAIN,48,
2.023E+11,19,5,2023,15:45,1,89,89480,1,1,1,3,Route de Misy,48,
2.023E+11,23,6,2023,16:00,1,75,75107,2,3,1,6,AVENUE DE LA MOTTE PICQUET,48,
2.023E+11,11,4,2023,08:10,1,974,97416,1,1,8,7,PETIT FRERE(CHEMIN),-21,
2.023E+11,26,2,2023,18:30,5,974,97411,2,1,1,6,REYDELLET (ROUTE JULES),-20,
2.023E+11,23,6,2023,16:10,1,75,75101,2,2,1,6,RUE DE RICHELIEU,48,
2.023E+11,8,11,2023,07:23,2,75,75106,2,3,1,3,QUAI DE CONTI,48,
2.023E+11,19,5,2023,14:00,1,63,63397,1,1,1,6,D922,45,
2.023E+11,11,4,2023,15:30,1,974,97411,1,1,1,1,MONTAGNE (ROUTE DE LA),-20,
2.023E+11,27,2,2023,17:50,1,69,69388,2,8,1,3,28 Avenue Rockefeller,45,
2.023E+11,21,6,2023,19:50,1,75,75102,2,2,1,6,BOULEVARD DE SEBASTOPOL,48,
2.023E+11,11,4,2023,07:00,1,974,97411,2,9,1,6,RAMBAUD (LEOPOLD),-20,
2.023E+11,20,5,2023,16:20,1,63,63371,1,1,1,1,D205,45,
2.023E+11,8,11,2023,00:50,5,75,75119,2,3,1,6,RUE DE MEAUX,48,
2.023E+11,19,5,2023,14:40,1,12,12119,1,1,1,6,D15,44,
2.023E+11,27,2,2023,06:35,1,972,97213,1,1,1,6,ROUTE DEPARTEMENTALE 3,14,
2.023E+11,11,4,2023,15:25,1,974,97409,2,1,1,6,PATELIN (chemin),-20,
2.023E+11,15,6,2023,18:25,1,94,94068,2,1,1,1,Rue Saint-Hilaire,48,
2.023E+11,8,11,2023,10:19,1,75,75113,2,3,1,3,BOULEVARD MASSENA,48,
2.023E+11,19,5,2023,15:30,1,41,41083,2,1,1,3,249 Rue Napoléon III,47,
2.023E+11,26,2,2023,20:20,3,972,97209,1,1,1,1,DEPARTEMENTALE 13 (ROUTE ),14,
2.023E+11,15,6,2023,14:10,1,94,94068,2,1,7,2,Rue Coquelin,48,
2.023E+11,11,4,2023,16:45,1,974,97407,2,9,8,3,ROUTE NATIONALE N° 1,-20,
2.023E+11,20,5,2023,21:10,1,41,41043,1,2,1,3,D976,47,
2.023E+11,8,11,2023,20:00,5,75,75112,2,2,2,2,PONT D AUSTERLITZ,48,
2.023E+11,23,6,2023,16:15,1,94,94076,2,9,1,3,Avenue de Paris,48,
2.023E+11,20,5,2023,16:30,1,68,68150,2,3,1,7,Rue des 3 Chateaux,48,
2.023E+11,27,2,2023,17:21,1,69,69034,2,2,1,6,20 Rue Lavoisier,45,
2.023E+11,11,4,2023,12:55,1,69,69382,2,3,1,3,Quai Jean Moulin,45,
2.023E+11,23,6,2023,20:55,1,94,94041,2,1,1,6,Rue Baudin,48,
2.023E+11,21,5,2023,06:30,2,25,25018,1,1,1,6,RD 31 PK 36+ 400,47,
2.023E+11,8,11,2023,19:00,5,75,75112,2,3,2,3,BOULEVARD DIDEROT,48,
2.023E+11,23,6,2023,18:50,1,94,94041,2,1,1,3,Avenue Jean Jaurès,48,
2.023E+11,11,4,2023,18:45,5,971,97101,2,1,1,3,CHAUVEL,16,
2.023E+11,27,2,2023,12:30,1,69,69034,2,9,1,3,Rue Galliéni,45,
2.023E+11,19,5,2023,18:12,1,25,25177,2,4,1,1,17 Route de Chazot,47,
2.023E+11,8,11,2023,19:30,5,75,75112,2,2,2,1,BOULEVARD PONIATOWSKI,48,
2.023E+11,23,6,2023,15:45,1,94,94021,2,6,1,3,Boulevard Jean Mermoz,48,
2.023E+11,11,4,2023,16:30,1,95,95277,2,1,1,2,PIERRE SALVI (AVENUE),48,
2.023E+11,20,5,2023,16:45,1,25,25434,2,1,1,1,RD492,47,
2.023E+11,23,6,2023,07:20,1,94,94028,2,1,1,6,Avenue du Général de Gaulle,48,
2.023E+11,8,11,2023,12:15,1,75,75109,2,7,1,6,PLACE DE L OPERA,48,
2.023E+11,20,5,2023,21:30,2,35,35116,2,1,1,7,13 Rue du Trochet,48,
2.023E+11,11,4,2023,20:00,1,95,95197,2,1,2,3,D928,48,
2.023E+11,8,11,2023,11:40,1,75,75109,2,2,8,6,RUE DU HAVRE,48,
2.023E+11,23,6,2023,04:21,5,94,94011,2,9,1,1,PARIS(AVENUE DE),48,
2.023E+11,24,2,2023,16:22,1,87,87085,2,1,1,6,GAGNANT (AVENUE JEAN),45,
2.023E+11,20,5,2023,01:45,3,29,29272,1,2,1,3,Lieu Dit Menez Tropic,47,
2.023E+11,11,4,2023,19:30,1,95,95598,2,1,2,3,DURES-TERRES (RUE DES),48,
2.023E+11,23,6,2023,21:40,1,94,94022,2,1,1,3,Boulevard de Stalingrad,48,
2.023E+11,8,11,2023,18:15,5,75,75108,2,3,8,7,RUE PASQUIER,48,
2.023E+11,20,5,2023,03:50,3,29,29212,1,6,1,6,D789,48,
2.023E+11,27,2,2023,09:30,1,86,86214,1,1,1,2,D162,46,
2.023E+11,8,11,2023,07:25,5,75,75104,2,1,1,6,RUE DE RIVOLI,48,
2.023E+11,19,5,2023,22:28,3,2,2203,1,1,1,6,D310,49,
2.023E+11,23,6,2023,00:45,3,94,94070,2,1,1,4,Route de PARIS,48,
2.023E+11,8,11,2023,12:54,1,94,94078,2,1,8,6,3 Rue Thimonnier,48,
2.023E+11,23,6,2023,09:20,1,93,93073,1,1,1,2,Route de la Croix au Plâtre,48,
2.023E+11,10,4,2023,22:20,5,91,91667,2,1,3,3,CORBEIL (ROUTE),48,
2.023E+11,19,5,2023,15:15,1,2,2290,1,1,1,4,,49,
2.023E+11,8,11,2023,10:00,1,94,94044,2,1,1,6,Rue Marius Dantz,48,
2.023E+11,23,6,2023,10:45,1,93,93066,2,1,1,2,Route de la Courneuve,48,
2.023E+11,11,4,2023,10:40,1,88,88087,2,1,1,6,FORGES (RUE DES),48,
2.023E+11,8,11,2023,07:00,3,94,94078,2,1,1,6,Avenue Winston Churchill,48,
2.023E+11,19,5,2023,15:20,1,84,84102,1,9,2,3,Départementale 4,43,
2.023E+11,23,6,2023,11:30,1,93,93055,2,2,1,1,Avenue Jean Lolive,48,
2.023E+11,7,4,2023,16:08,1,87,87085,2,1,1,2,SANTOS DUMONT (RUE),45,
2.023E+11,19,5,2023,16:45,1,15,15090,1,2,1,6,D920,44,
2.023E+11,23,6,2023,17:30,1,93,93051,2,2,1,3,Rue de la Forêt / Rue Camille Flammarion,48,
2.023E+11,7,11,2023,16:40,1,94,94076,2,9,1,3,Boulevard Maxime Gorki,48,
2.023E+11,27,2,2023,12:45,1,76,76165,2,2,1,3,Rue de la République,49,
2.023E+11,6,4,2023,21:08,5,87,87085,2,1,1,6,SAINTE ANNE (RUE DE),45,
2.023E+11,20,5,2023,22:15,3,1,1016,1,4,1,6,D126,46,