Num_Acc,jour,mois,an,hrmn,lum,dep,com,agg,int,atm,col,adr,lat,long
2.023E+11,23,6,2023,19:00,1,93,93046,2,1,1,3,Boulevard Jean Jaurès,48,
2.023E+11,27,2,2023,08:55,1,76,76540,2,3,1,6,Rue du Contrat Social,49,
2.023E+11,21,5,2023,08:50,1,70,70451,2,1,1,1,33 Avenue de la République,47,
2.023E+11,23,6,2023,16:30,1,93,93045,2,2,1,4,Boulevard Eugène Decros / Rue de Bellevue,48,
2.023E+11,11,4,2023,15:10,1,86,86194,2,2,1,3,Rue Claude Berthollet,46,
2.023E+11,8,11,2023,10:45,1,94,94077,2,9,8,5,Cours de Verdun,48,
2.023E+11,27,2,2023,08:35,1,76,76351,1,1,1,6,SEIZIEME PORT (AVENUE DU),49,
2.023E+11,23,6,2023,09:00,1,93,93032,2,1,7,6,Rue du Chemin de Fer,48,
2.023E+11,21,5,2023,12:40,1,58,58149,1,1,1,3,Route d'Autun,46,
2.023E+11,8,11,2023,18:10,5,94,94018,2,3,2,6,Rue Pasteur,48,
2.023E+11,6,4,2023,10:50,1,83,83061,2,6,1,3,BOULEVARD SÉVERIN DECUERS,43,
2.023E+11,25,2,2023,14:40,1,76,76351,2,1,2,6,REPUBLIQUE (COURS DE LA),49,
2.023E+11,23,6,2023,11:45,1,93,93014,2,3,1,3,Allée Maurice Audin / Allée Frédéric Ladrette,48,
2.023E+11,21,5,2023,00:00,5,6,6032,2,1,2,4,Route Moyenne Corniche,43,
2.023E+11,8,11,2023,10:10,1,94,94069,2,1,8,2,Avenue de Gravelle,48,
2.023E+11,5,4,2023,15:00,1,80,80021,2,3,1,3,JEAN MARC LAURENT (RUE),49,
2.023E+11,23,6,2023,17:13,1,92,92073,2,1,7,2,LOUCHEUR (BOULEVARD LOUIS),48,
2.023E+11,26,2,2023,06:55,5,72,72181,2,2,1,6,LIGNEUL PAUL (RUE) N° PAIRS,47,
2.023E+11,19,5,2023,16:15,1,14,14528,2,3,1,2,3 Impasse de la Gare,49,
2.023E+11,22,6,2023,21:30,2,92,92072,2,1,1,6,EUROPE (AVENUE DE L'),48,
2.023E+11,7,11,2023,17:00,2,94,94002,2,2,1,6,Rue Emile Zola,48,
2.023E+11,26,2,2023,15:40,1,71,71540,2,1,1,6,29 Rue des Buissons,46,
2.023E+11,20,5,2023,20:25,1,50,50087,1,1,1,6,Route des Forges,49,
2.023E+11,20,6,2023,22:00,5,92,92022,2,1,1,6,PAVE DES GARDES (ROUTE DU),48,
2.023E+11,11,4,2023,14:00,1,77,77058,2,3,8,3,VC,48,
2.023E+11,8,11,2023,16:10,1,93,93066,2,6,1,3,Boulevard de la Libération / Rue du Port,48,
2.023E+11,9,4,2023,00:35,5,76,76351,2,1,1,6,ORMEAUX (DES),49,
2.023E+11,23,6,2023,17:25,1,92,92064,2,3,1,3,MONT VALERIEN,48,
2.023E+11,20,5,2023,12:40,1,50,50433,1,3,1,3,Route du Cap,49,
2.023E+11,27,2,2023,13:30,1,69,69290,2,2,1,3,52 Rue Gambetta,45,
2.023E+11,23,6,2023,13:00,1,92,92063,2,1,1,3,BONAPARTE (AVENUE NAPOLEON) SUD,48,
2.023E+11,8,11,2023,00:45,5,93,93066,2,6,1,3,Rue Francis de Pressensé / Chemin de Crévecoeur,48,
2.023E+11,19,5,2023,13:20,1,50,50410,1,3,1,6,Rue de Damaigne - Curey,48,
2.023E+11,8,4,2023,14:40,1,76,76341,1,1,1,2,RD 6015,49,
2.023E+11,26,2,2023,18:40,5,67,67482,2,1,1,5,ALTENHEIM (ROUTE D ),48,
2.023E+11,23,6,2023,19:13,1,92,92020,2,1,1,6,MAFRAND RUE LEONARD,48,
2.023E+11,8,11,2023,08:45,1,93,93062,2,1,1,1,Place des Fêtes,48,
2.023E+11,25,2,2023,19:57,1,66,66136,2,1,2,6,LANGUEDOC (AVENUE DU CD 88),42,
2.023E+11,20,5,2023,01:05,5,60,60104,2,4,1,6,D1001,49,
2.023E+11,22,6,2023,17:40,1,92,92036,2,6,1,3,MARCEL PAUL (AVENUE) (2/50),48,
2.023E+11,8,11,2023,15:40,1,93,93050,2,1,1,6,Rue Louis Vannini,48,
2.023E+11,10,4,2023,17:00,1,71,71270,1,1,1,1,MORACHIN (ROUTE DE),46,
2.023E+11,24,2,2023,22:35,5,66,66136,2,2,1,3,,42,
2.023E+11,13,5,2023,14:35,1,45,45279,2,1,1,5,D943 PR 7 + 809,47,
2.023E+11,23,6,2023,09:00,1,92,92023,2,3,1,3,GENERAL DE GAULLE (AVENUE DU),48,
2.023E+11,8,11,2023,17:40,5,93,93010,2,1,2,2,Avenue Galliéni,48,
2.023E+11,20,5,2023,17:30,1,45,45099,1,1,1,6,D836 PR 5 + 999,48,
2.023E+11,11,4,2023,17:30,1,69,69290,2,1,1,6,Rue Jules Ferry,45,
2.023E+11,23,6,2023,13:55,1,92,92012,2,1,1,6,COURS DE L'ILE SEGUIN,48,
2.023E+11,25,2,2023,22:35,5,63,63113,2,5,1,3,FLAUBERT / ORADOU,45,
2.023E+11,20,5,2023,21:30,2,10,10323,2,1,1,7,24 Rue de l?Est,48,
2.023E+11,23,6,2023,12:00,1,92,92002,2,9,1,3,LEWISHAM (PLACE DE),48,
2.023E+11,8,11,2023,17:10,2,93,93001,2,1,2,6,DANIELLE CASANOVA (RUE)  => 54/57,48,
2.023E+11,21,5,2023,06:44,2,7,7085,1,1,1,7,D578,45,
2.023E+11,25,2,2023,14:55,1,63,63014,2,2,1,3,Auchan Aubière parking couvert/ intersec entre allées,45,
2.023E+11,11,4,2023,16:15,1,69,69259,2,1,1,5,Avenue Francis de Pressensé,45,
2.023E+11,19,5,2023,11:00,1,53,53185,2,1,1,6,RN12,48,
2.023E+11,22,6,2023,21:30,1,92,92002,2,2,1,3,ADOLPHE PAJEAUD (RUE),48,
2.023E+11,7,11,2023,18:10,2,93,93001,2,2,1,3,Avenue Jean Jaurès / Rue Léopold Réchossière,48,
2.023E+11,25,2,2023,14:03,1,59,59329,1,1,1,1,RD 621,50,
2.023E+11,10,4,2023,16:32,1,69,69199,2,1,1,6,23 Rue Robert et Reynier,45,
2.023E+11,21,5,2023,12:04,1,53,53162,1,6,1,3,La Huardiere,48,
2.023E+11,23,6,2023,18:50,1,1,1085,1,3,1,2,D80,46,
2.023E+11,7,11,2023,08:40,1,92,92063,2,3,1,3,DOUMER (AVENUE PAUL) NORD,48,
2.023E+11,27,2,2023,15:59,1,51,51454,2,1,1,6,avenue Jean Jaurès,49,
2.023E+11,20,5,2023,19:30,1,40,40120,1,1,1,1,Route departementale 19,,
2.023E+11,9,4,2023,18:55,1,67,67482,2,1,1,3,DANTE (AVENUE),48,
2.023E+11,23,6,2023,19:05,1,38,38344,2,3,1,3,Rue Jules Vercruysse,45,
2.023E+11,6,11,2023,12:10,1,92,92063,2,1,1,3,CHATAIGNERAIE (AVENUE DE LA),48,
2.023E+11,27,2,2023,08:30,1,51,51454,2,1,1,6,rue de Courcelles,49,
2.023E+11,20,5,2023,06:25,2,85,85277,1,1,1,6,D85,46,
2.023E+11,8,11,2023,18:35,5,92,92062,2,1,2,6,JAURES (RUE JEAN) DU 114 AU 2,48,
2.023E+11,25,2,2023,22:40,5,50,50129,1,1,1,6,HAGUE (BOULEVARD DE LA),49,
2.023E+11,9,4,2023,18:50,1,67,67482,2,1,1,5,DOUBS (RUE DU),48,
2.023E+11,21,5,2023,02:30,3,27,27425,2,1,1,6,Route d?Aclou,49,
2.023E+11,19,5,2023,12:50,1,28,28282,1,1,1,7,D352,48,
2.023E+11,8,11,2023,17:20,3,92,92051,2,1,2,2,ROULE (AVENUE DU,,
2.023E+11,24,6,2023,11:15,1,11,11076,1,1,1,4,A61,43,
2.023E+11,9,4,2023,17:50,1,67,67482,2,1,1,2,CONSEIL DES QUINZE (RUE DU),48,
2.023E+11,26,2,2023,07:10,5,49,49099,2,2,1,6,LATTRE DE TASSIGNY (PONT DE),47,
2.023E+11,19,5,2023,13:22,1,87,87154,2,1,1,7,Rue Edison,45,
2.023E+11,23,6,2023,23:00,4,42,42338,1,1,1,2,Route de Roanne,46,
2.023E+11,8,11,2023,08:00,1,92,92050,2,3,8,3,PICASSO PABLO AVENUE,48,
2.023E+11,27,2,2023,08:10,1,49,49267,2,1,1,6,Route d'ANGERS,47,
2.023E+11,8,4,2023,16:45,1,67,67447,2,1,1,3,POITOU (RUE DU),48,
2.023E+11,20,5,2023,11:40,1,37,37273,1,1,1,1,La Boisselière,47,
2.023E+11,23,6,2023,23:40,3,68,68097,1,1,1,7,D11.3 PK 001+750,48,
2.023E+11,8,11,2023,15:26,1,92,92012,2,1,8,6,PIERRE GRENIER (AVENUE),48,
2.023E+11,27,2,2023,13:35,1,37,37122,2,1,1,6,VERDUN (RUE DE),47,
2.023E+11,10,4,2023,21:43,5,66,66136,2,1,1,6,N/A,42,
2.023E+11,9,6,2023,18:40,2,974,97404,1,1,1,6,Avenue Octave Bénard,-21,
2.023E+11,20,5,2023,13:10,1,30,30053,1,3,1,3,Route Départementale 18,43,
2.023E+11,27,2,2023,08:15,1,37,37261,2,1,1,6,VAILLANT (RUE EDOUARD),47,
2.023E+11,24,6,2023,09:25,1,26,26116,1,1,1,7,,44,
2.023E+11,8,4,2023,13:43,1,66,66136,2,1,1,6,N/A,42,
2.023E+11,8,11,2023,11:50,1,92,92012,2,2,1,3,GALLIENI (RUE) 1/53 - 2/48,48,
2.023E+11,22,6,2023,21:30,3,21,21273,1,9,2,7,A38,47,
2.023E+11,20,5,2023,11:30,1,30,30233,1,2,1,6,Chemin de la Rouviere,43,
2.023E+11,27,2,2023,14:55,1,35,35055,1,1,1,2,RD 463,48,
2.023E+11,8,11,2023,09:28,1,92,92012,2,1,1,6,AGUESSEAU (RUE D') 91/FIN - 84/FIN,48,
2.023E+11,8,4,2023,23:55,5,66,66136,2,3,1,3,N/A,42,
2.023E+11,23,6,2023,21:40,2,47,47034,2,1,1,6,389 Route des Landes,44,
2.023E+11,27,2,2023,10:40,1,33,33063,2,1,1,4,Boulevard Godard,44,
2.023E+11,19,5,2023,13:21,1,973,97307,1,1,1,6,N2,4,
2.023E+11,9,11,2023,06:30,3,62,62898,1,2,2,3,D280E1,50,
2.023E+11,23,6,2023,19:40,1,2B,2B124,1,1,1,1,RD 69 col de Sorba,42,
2.023E+11,9,4,2023,18:53,1,63,63113,2,2,1,2,BERTHELOT / Fontgiève,45,
2.023E+11,27,2,2023,15:38,1,27,27681,2,1,1,6,SORET (RUE JULES),49,
2.023E+11,24,6,2023,11:30,1,62,62553,2,1,1,1,D89,50,
2.023E+11,18,5,2023,18:45,3,988,98805,1,1,1,1,ROUTE DE LA NONDOUE,-22,
2.023E+11,9,11,2023,08:30,1,42,42332,1,2,2,3,Route de Saint Jean,45,
2.023E+11,26,2,2023,13:53,1,27,27229,1,1,1,6,Route de Conches,49,
2.023E+11,7,4,2023,09:11,1,63,63113,2,3,1,3,ROUVIER (RUE)/ Rue de la Volonté,45,
2.023E+11,21,6,2023,01:16,3,62,62673,1,1,1,6,D14,50,
2.023E+11,18,5,2023,21:25,2,67,67309,1,1,1,3,M263,48,
2.023E+11,9,11,2023,17:20,5,57,57706,2,1,1,6,Route de Saint Avold,48,
2.023E+11,11,4,2023,08:45,1,62,62413,2,2,1,3,RUE PIERRE JACQUART,50,
2.023E+11,24,6,2023,05:00,2,37,37153,1,1,1,4,A10,,
2.023E+11,8,11,2023,08:55,1,45,45110,1,1,8,6,A19 PR 90 + 616,48,
2.023E+11,21,5,2023,02:50,3,47,47061,1,1,1,7,A 62 pk 75,44,
2.023E+11,11,4,2023,08:00,1,62,62193,2,9,7,6,Avenue Pierre de Coubertin,50,
2.023E+11,24,6,2023,08:40,1,51,51354,1,3,1,1,D1,48,
2.023E+11,8,11,2023,20:15,5,59,59082,1,1,3,3,Route de Dunkerque,50,
2.023E+11,24,6,2023,15:00,1,76,76141,1,1,1,7,Route du Fresne,49,
2.023E+11,26,2,2023,01:05,5,22,22215,1,9,1,3,LOGE (RUE DE LA),48,
2.023E+11,23,6,2023,23:53,4,76,76436,1,1,1,6,Chemin du Halage,49,
2.023E+11,11,4,2023,08:35,1,59,59368,2,2,1,3,PRE CATELAN RUE DU,50,
2.023E+11,9,11,2023,07:23,2,65,65369,1,2,2,3,D632,43,
2.023E+11,20,5,2023,04:30,3,6,6149,1,1,1,3,A8 PK 204.200,43,
2.023E+11,22,2,2023,11:25,1,19,19272,2,1,1,6,Winston Churchill (Av),45,
2.023E+11,8,11,2023,18:00,3,77,77162,2,1,2,6,D19,48,
2.023E+11,24,6,2023,17:00,1,76,76201,2,1,1,7,Chemin du Petit Val,49,
2.023E+11,9,4,2023,16:43,1,57,57012,2,3,1,3,CLEMENCEAU (RUE),49,
2.023E+11,18,5,2023,16:40,1,11,11144,1,2,1,2,,42,
2.023E+11,24,2,2023,19:00,2,19,19031,2,1,1,6,,45,
2.023E+11,23,6,2023,21:15,1,79,79289,1,1,1,1,,47,
2.023E+11,9,11,2023,15:50,1,74,74282,1,1,2,6,Route de Groisy,46,
2.023E+11,19,5,2023,20:30,3,988,98825,1,1,1,7,Mémorial de la plaine des Gaiacs,-21,
2.023E+11,26,2,2023,05:35,5,14,14271,2,6,1,6,34 Grande Rue,49,
2.023E+11,24,6,2023,05:50,2,2A,2A008,2,1,1,6,RD 55,41,
2.023E+11,7,4,2023,18:50,1,56,56098,2,1,1,3,CROIZAT ( AVE AMBROISE ),47,
2.023E+11,9,11,2023,18:00,3,79,79204,1,1,3,1,N/A,46,
2.023E+11,24,6,2023,19:27,2,80,80793,2,1,7,6,91 Rue de Daours,50,
2.023E+11,7,5,2023,19:30,3,988,98821,1,1,1,1,Ancienne boucherie - LA TONTOUTA,-22,
2.023E+11,24,6,2023,16:10,1,71,71351,1,1,1,6,Route de Fretterans,46,
2.023E+11,27,2,2023,14:15,1,13,13214,2,4,2,1,MERLAN (AVENUE),43,
2.023E+11,7,11,2023,20:30,5,71,71204,1,1,1,1,15 Route de Démigny (Fragnes),46,
2.023E+11,11,4,2023,06:05,5,51,51454,2,2,1,3,quai du Pré aux Moines,49,
2.023E+11,21,5,2023,13:15,1,988,98802,2,1,1,6,Route de Ouitchambo,-21,
2.023E+11,24,6,2023,11:50,1,71,71479,2,2,1,6,Rue de la Bruyere,46,
2.023E+11,27,2,2023,07:50,1,13,13211,2,1,1,3,BARASSE,43,
2.023E+11,8,11,2023,23:00,3,61,61485,1,1,3,2,D12 PR 33+100,48,
2.023E+11,18,5,2023,19:00,3,971,97125,1,1,1,1,Route de BESSOT,16,
2.023E+11,10,4,2023,11:15,1,50,50129,2,4,5,3,de la Banque à Genets (Avenue),49,
2.023E+11,23,6,2023,17:50,1,89,89407,1,4,1,3,D965,47,
2.023E+11,8,11,2023,15:40,1,44,44036,2,6,2,6,20bis Boulevard de la Republique,47,
2.023E+11,26,2,2023,23:30,5,13,13208,2,1,2,6,MICHELET (BOULEVARD),43,
2.023E+11,19,5,2023,19:30,3,971,97118,2,1,1,3,Chemin de Duquerry,16,
2.023E+11,11,4,2023,11:30,1,44,44162,2,1,1,6,277 Boulevard Marcel Paul,47,
2.023E+11,23,6,2023,18:30,1,61,61287,1,2,1,3,Les Planches Mormes,48,
2.023E+11,8,11,2023,17:35,5,2,2810,2,1,2,6,Avenue de la Ferté - Milon,49,
2.023E+11,27,2,2023,22:10,5,13,13098,2,1,2,2,BELLEFONT RUE,43,
2.023E+11,19,5,2023,21:45,5,978,97801,2,3,2,2,R DE HOLLANDE,18,
2.023E+11,26,2,2023,10:06,1,10,10333,2,1,1,6,Bretelle D610E13B2,48,
2.023E+11,18,5,2023,11:00,1,30,30130,1,1,1,6,Lieu Dit Aiguebelle,44,
2.023E+11,11,4,2023,08:35,1,44,44162,2,1,1,1,95 Avenue de la Baraudière,47,
2.023E+11,9,11,2023,15:20,1,3,3138,1,1,1,1,N7,46,
2.023E+11,24,6,2023,15:15,1,55,55312,1,2,7,3,D964,48,
2.023E+11,19,5,2023,12:30,1,34,34157,2,6,1,6,Place Baptiste Milhau,43,
2.023E+11,11,4,2023,07:55,1,43,43002,2,1,2,7,Chemin de Bouthezard,45,
2.023E+11,27,2,2023,03:25,5,6,6088,2,1,2,6,ANGLAIS (DU N° 265 AU N° 350),43,
2.023E+11,19,5,2023,15:40,1,34,34052,2,1,1,6,Intermarché (Supermarché),43,
2.023E+11,23,6,2023,16:15,1,49,49331,2,1,1,1,Route de Pouance,47,
2.023E+11,11,4,2023,08:00,1,37,37261,2,1,1,3,HEURTELOUP (BOULEVARD),47,
2.023E+11,23,6,2023,13:27,1,42,42149,2,1,1,6,Avenue des Sources,45,
2.023E+11,8,11,2023,17:30,5,3,3119,2,7,1,2,Place de l'Eglise,46,
2.023E+11,19,5,2023,18:20,2,34,34022,2,1,3,3,17 Rue des Amaryllis,43,
2.023E+11,24,6,2023,11:30,1,42,42235,1,1,1,1,Route du Pont du Rioux,45,
2.023E+11,28,2,2023,23:30,5,75,75119,2,1,1,6,RUE DE CAMBRAI,48,
2.023E+11,10,4,2023,20:45,5,37,37233,2,3,8,3,FLORENCE (AVENUE DE),47,
2.023E+11,23,6,2023,09:40,1,86,86177,2,1,1,6,41 Allée Jean Monnet,46,
2.023E+11,19,5,2023,12:40,1,34,34058,2,3,1,3,47 Avenue de la Gare,43,
2.023E+11,9,11,2023,06:50,3,1,1175,1,1,3,2,D933,46,
2.023E+11,28,2,2023,11:10,1,75,75117,2,3,1,6,RUE DE LA JONQUIERE,48,
2.023E+11,11,4,2023,18:10,1,35,35238,2,1,1,2,ALMA (DE L'),48,
2.023E+11,24,6,2023,10:30,1,25,25434,2,1,7,1,Av du Mal de Lattre de Tassigny,47,
2.023E+11,21,5,2023,12:40,1,83,83071,1,3,1,1,D559a,43,
2.023E+11,8,11,2023,19:00,3,14,14578,1,1,2,1,Route de Bonneville,49,
2.023E+11,23,6,2023,21:45,3,44,44006,1,1,1,6,100 route de mahe,47,
2.023E+11,28,2,2023,09:30,1,75,75117,2,1,1,3,AVENUE DE CLICHY,48,
2.023E+11,23,6,2023,19:50,1,35,35331,2,1,1,7,7 Rue de Montfort,48,
2.023E+11,9,11,2023,08:02,1,18,18148,2,1,1,6,22 Avenue de Vierzon,47,
2.023E+11,20,5,2023,11:20,1,6,6070,2,1,2,2,route de fontaine rougière,43,
2.023E+11,27,2,2023,14:50,1,75,75116,2,3,1,6,AVENUE DU PRESIDENT WILSON,48,
2.023E+11,11,4,2023,08:50,1,35,35238,1,1,1,4,RN136,48,
2.023E+11,24,6,2023,16:10,1,29,29168,1,1,1,6,Route de Bestree,48,
2.023E+11,8,11,2023,20:04,3,18,18179,1,1,1,6,Route de Bourges,47,
2.023E+11,28,2,2023,19:30,5,75,75111,2,3,1,6,RUE OBERKAMPF,48,
2.023E+11,23,6,2023,17:05,1,31,31561,2,2,1,3,Avenue de Toulouse,43,
2.023E+11,19,5,2023,20:00,1,6,6057,1,1,2,5,D2204,43,
2.023E+11,11,4,2023,08:30,1,33,33318,2,6,1,2,Avenue de Canéjan,44,
2.023E+11,8,11,2023,10:30,1,16,16167,1,3,1,7,carrefour D941 ,,
2.023E+11,20,5,2023,21:00,2,13,13022,1,1,2,1,D559,43,
2.023E+11,28,2,2023,18:40,5,75,75107,2,2,1,6,QUAI BRANLY,48,
2.023E+11,24,6,2023,14:30,1,2,2150,1,9,1,1,D967,49,
2.023E+11,11,4,2023,19:30,1,31,31555,1,1,1,4,VA007331 A620,43,
2.023E+11,20,5,2023,11:30,1,71,71588,1,1,1,6,Rue de Pouilly,46,
2.023E+11,28,2,2023,09:40,1,75,75114,2,2,1,6,BOULEVARD ADOLPHE PINARD,48,
2.023E+11,24,6,2023,09:07,1,2,2827,1,6,7,2,,49,
2.023E+11,3,11,2023,17:20,2,21,21498,1,3,2,2,D905,47,
2.023E+11,21,5,2023,04:30,4,51,51250,2,1,1,7,Route de Soissons,49,
2.023E+11,10,4,2023,16:35,1,31,31555,2,1,1,2,MINIMES (AV DES) DU 1AU 178,43,
2.023E+11,24,6,2023,12:45,1,2,2560,2,3,1,1,10 Rue du Calvaire,49,
2.023E+11,9,11,2023,13:10,1,6,6018,2,1,2,6,Avenue Roumanille,43,
2.023E+11,21,5,2023,11:03,1,68,68142,1,1,1,7,D5 bis,48,
2.023E+11,28,2,2023,14:45,1,94,94034,2,2,1,3,Avenue Edouard Herriot / Avenue de la Division Leclerc,48,
2.023E+11,8,4,2023,19:35,1,30,30189,1,1,1,1,ALES (ROUTE),43,
2.023E+11,10,11,2023,04:20,3,988,98811,1,1,1,6,RPN2,-21,
2.023E+11,21,5,2023,12:50,1,88,88196,1,1,1,1,D486,48,
2.023E+11,28,2,2023,21:25,5,93,93059,2,1,1,3,Boulevard Jean Mermoz,48,
2.023E+11,8,11,2023,02:10,3,974,97415,2,1,1,6,N1a,-21,
2.023E+11,11,4,2023,17:15,1,30,30007,2,2,1,6,Avenue Winston Churchill,44,
2.023E+11,24,6,2023,01:15,3,70,70509,2,1,1,6,3 Rue des Sombrelles,47,
2.023E+11,20,5,2023,17:29,1,57,57017,2,6,1,6,rue de la fontaine,49,
2.023E+11,24,6,2023,15:45,1,58,58309,1,1,1,6,D18,46,
2.023E+11,28,2,2023,18:00,1,93,93072,2,1,1,3,Avenue Jules Guesde,48,
2.023E+11,31,10,2023,18:45,3,29,29234,1,1,1,1,Kerfleury (Embranchement d'autoroute),47,
2.023E+11,11,4,2023,11:15,1,29,29232,2,9,1,6,Route du Loc'h,48,
2.023E+11,7,6,2023,12:57,1,6,6105,2,1,1,2,3339 RD 2081,43,
2.023E+11,29,10,2023,10:45,1,2A,2A163,1,1,1,6,rt40,41,
2.023E+11,19,5,2023,19:15,1,42,42155,2,3,1,3,Route de Saint Germain Laval,45,
2.023E+11,24,6,2023,05:19,3,60,60509,1,1,1,6,D200,49,
2.023E+11,28,2,2023,08:45,1,93,93070,2,1,1,2,61 Avenue Michelet,48,
2.023E+11,11,4,2023,08:40,1,22,22113,1,1,1,6,R.D.767,48,
2.023E+11,24,6,2023,20:30,1,36,36231,1,1,1,6,Les Maisons Neuves,46,
2.023E+11,19,5,2023,12:30,1,26,26023,1,1,2,7,Route du col,44,
2.023E+11,9,11,2023,13:50,1,2A,2A041,1,1,2,3,RT40,41,
2.023E+11,8,4,2023,09:30,1,12,12202,2,1,1,6,DE LATTRE DE TASSIGNY (BOULEVARD),44,
2.023E+11,24,6,2023,04:15,3,53,53106,1,1,1,6,la Dodinière,48,
2.023E+11,28,2,2023,19:00,5,93,93066,2,2,1,3,Rue Gabriel Péri / Rue Danielle Casanova,48,
2.023E+11,20,5,2023,14:25,1,9,9272,1,3,1,1,La plaine - route départemente 609,42,
2.023E+11,8,11,2023,20:05,5,11,11076,2,2,1,7,2 Rue des Batailleries,43,
2.023E+11,24,6,2023,16:45,1,53,53096,1,1,1,2,La foucherie,48,
2.023E+11,23,6,2023,11:45,1,40,40046,2,1,1,6,Avenue Marechal Lyautey,44,
2.023E+11,28,2,2023,16:50,1,93,93008,2,3,1,3,Avenue Paul Vaillant - Couturier / Rue d'Odessa,48,
2.023E+11,19,5,2023,16:15,1,9,9216,1,1,8,1,D15,42,
2.023E+11,6,5,2023,19:00,1,30,30114,1,9,1,6,107,43,
2.023E+11,9,11,2023,12:20,1,26,26084,1,1,2,3,Autoroute A7 PK 63.750,44,
2.023E+11,8,4,2023,18:25,1,12,12202,1,1,1,5,MONTPELLIER (AVENUE DE),44,
2.023E+11,28,2,2023,17:00,1,93,93050,2,9,1,3,LEON BLUM (AVENUE),48,
2.023E+11,24,6,2023,15:20,1,88,88426,2,2,1,3,4 Rue du Stade,47,
2.023E+11,19,5,2023,16:50,1,33,33328,1,2,1,3,D121e4,44,
2.023E+11,8,11,2023,12:30,1,88,88483,2,6,2,3,D36,48,
2.023E+11,23,6,2023,19:25,1,88,88027,1,1,1,6,gr la grande rue,48,
2.023E+11,28,2,2023,10:00,1,92,92078,1,1,1,6,JEAN JAURES (RUE) (N°PAIRS),48,
2.023E+11,10,4,2023,17:00,1,10,10387,2,3,1,3,ROBERT SCHUMANN (RUE),48,
2.023E+11,23,6,2023,16:04,1,42,42108,1,1,1,6,A72,45,
2.023E+11,24,6,2023,10:30,1,51,51027,1,1,1,7,A4 PK 199.049 vers PARIS,49,
2.023E+11,28,2,2023,18:55,5,92,92050,2,3,1,3,PICASSO PABLO AVENUE,48,
2.023E+11,6,4,2023,21:35,5,10,10387,2,1,1,6,REPUBLIQUE (RUE DE LA ),48,
2.023E+11,19,5,2023,20:30,1,22,22213,1,3,1,3,RD12,48,
2.023E+11,10,4,2023,20:10,1,9,9122,2,9,1,6,LABISTOUR (RUE),42,
2.023E+11,23,6,2023,16:20,1,51,51454,1,1,1,4,A344,49,
2.023E+11,26,2,2023,16:20,1,92,92036,2,3,1,6,RICHELIEU (RUE),48,
2.023E+11,20,5,2023,18:50,1,22,22054,1,2,1,3,D786,48,
2.023E+11,31,10,2023,11:35,1,26,26347,2,4,8,3,Avenue du President Roosevelt,45,
2.023E+11,24,6,2023,10:00,1,13,13114,1,1,1,5,Route de Roquefavour Rd 65,43,
2.023E+11,11,4,2023,15:10,1,6,6088,1,1,1,1,PENETRANTE DU PAILLON,43,
2.023E+11,19,5,2023,21:55,2,27,27676,1,2,1,2,Croisement RD65 et D135,49,
2.023E+11,5,4,2023,15:00,1,2,2408,2,3,1,6,N/A,49,
2.023E+11,24,6,2023,09:40,1,45,45024,1,1,1,6,A10 PR 116 + 760,47,
2.023E+11,20,5,2023,15:45,1,60,60212,2,1,1,2,Rue du Préau,49,
2.023E+11,9,4,2023,19:40,5,988,98818,2,1,1,2,PROMENADE PIERRE VERNIER,-22,
2.023E+11,23,6,2023,23:00,3,30,30333,1,1,1,1,A9,43,
2.023E+11,22,6,2023,12:00,1,987,98726,1,1,1,1,Makemo,-16,
2.023E+11,10,4,2023,20:50,5,974,97409,1,1,2,4,RN2 DIRECTION ST BENT SORTIE PETIT BAZAR,-20,
2.023E+11,24,6,2023,08:30,1,988,98819,1,1,1,7,St Michel,-20,
2.023E+11,23,6,2023,17:00,1,973,97305,1,1,1,6,pk 16+300,4,
2.023E+11,9,11,2023,12:45,1,69,69296,1,1,2,1,Rue du Rhône,45,
2.023E+11,10,4,2023,15:45,1,69,69387,2,1,1,1,Rue de l'Epargne,45,
2.023E+11,27,2,2023,21:35,3,60,60338,1,1,1,4,D200,49,
2.023E+11,21,6,2023,19:15,5,971,97128,1,1,1,2,Route de Bois Jolan,16,
2.023E+11,1,3,2023,07:55,1,81,81165,1,1,1,6,D600,44,
2.023E+11,4,3,2023,10:20,1,972,97209,2,1,1,6,CARAIBES (AVENUE DES),14,
2.023E+11,9,10,2023,08:45,1,31,31429,2,3,1,3,D813,43,
2.023E+11,20,5,2023,12:15,1,59,59581,1,3,1,5,Lieu Dit Grand Chemin,50,
2.023E+11,12,6,2023,12:10,1,971,97106,2,1,1,6,Route de la Lezarde,16,
2.023E+11,19,5,2023,17:50,1,13,13019,1,1,2,2,A51-Sens Aix en Provence vers Marseille,43,
2.023E+11,10,4,2023,20:00,5,69,69202,2,2,1,3,11 Avenue du 11 Novembre,45,
2.023E+11,1,3,2023,16:00,1,9,9181,2,1,1,6,16 Avenue de la Gare,43,
2.023E+11,22,6,2023,09:25,1,33,33234,2,1,2,3,RD113,44,