Num_Acc,jour,mois,an,hrmn,lum,dep,com,agg,int,atm,col,adr,lat,long
2.023E+11,9,11,2023,12:15,1,19,19146,1,1,2,3,D1120,45,
2.023E+11,23,6,2023,03:10,3,95,95054,1,1,1,6,D43,49,
2.023E+11,1,3,2023,07:15,1,95,95480,2,1,1,3,D4,49,
2.023E+11,16,5,2023,16:21,1,13,13214,1,1,1,2,A507 sens Aubagne- Marseille,43,
2.023E+11,10,4,2023,16:10,1,69,69389,2,3,1,3,Rue Joannès Carret,45,
2.023E+11,23,6,2023,09:52,1,91,91106,2,1,7,7,Route de Saint-chéron,48,
2.023E+11,9,11,2023,16:45,1,17,17064,2,1,2,1,Route de Royan,45,
2.023E+11,24,6,2023,19:15,2,2A,2A247,2,1,1,6,Rue Abbatucci,41,
2.023E+11,22,4,2023,08:35,1,69,69259,1,1,1,2,Boulevard Périphérique Laurent Bonnevay,45,
2.023E+11,23,6,2023,12:44,1,66,66088,2,1,1,6,,42,
2.023E+11,9,4,2023,18:24,1,69,69142,2,1,1,6,122 Rue Stéphane Déchant,45,
2.023E+11,25,2,2023,15:00,1,49,49163,1,2,1,3,Route Départementale 766,47,
2.023E+11,9,11,2023,08:30,1,35,35212,1,1,3,5,"Lieu-dit ""Beauvais"" RD 247 PR 5+800",47,
2.023E+11,10,4,2023,20:25,5,91,91589,2,1,3,7,AV DE LA REPUBLIQUE,48,
2.023E+11,9,11,2023,17:15,2,2,2505,1,1,2,6,Lieu Dit la Doultre,48,
2.023E+11,23,6,2023,13:20,1,83,83016,1,3,1,3,Dn8,43,
2.023E+11,20,5,2023,02:45,3,42,42218,1,1,3,7,N88,45,
2.023E+11,24,6,2023,00:10,3,83,83099,1,1,1,2,Dn7,43,
2.023E+11,28,2,2023,04:00,3,35,35139,1,1,1,2,,47,
2.023E+11,10,4,2023,17:45,1,91,91027,2,2,2,3,RTE NATIONALE 7,48,
2.023E+11,17,5,2023,18:25,1,57,57343,1,1,1,3,Autoroute A31,49,
2.023E+11,11,10,2023,19:10,2,13,13106,1,1,1,2,A7-Sens Lyon vers Marseille,43,
2.023E+11,23,6,2023,20:00,1,83,83107,1,3,1,3,Corniche des Issambres,43,
2.023E+11,1,3,2023,16:40,1,974,97410,1,1,1,6,Route du Butor (Pont),-21,
2.023E+11,11,5,2023,16:35,1,67,67152,1,1,8,2,M35,48,
2.023E+11,10,4,2023,19:40,1,69,69266,2,2,1,3,Avenue Roger Salengro,45,
2.023E+11,20,5,2023,20:15,2,91,91689,1,1,1,2,AUTOROUTE A6,48,
2.023E+11,28,2,2023,19:10,3,34,34270,2,3,1,3,M612,43,
2.023E+11,5,11,2023,03:50,3,69,69149,1,1,1,4,Route de Métropole 7,45,
2.023E+11,1,3,2023,14:10,1,62,62075,1,1,1,6,D240,50,
2.023E+11,24,6,2023,06:30,2,71,71393,1,1,1,6,D199,46,
2.023E+11,10,4,2023,12:45,1,59,59183,1,1,2,1,REPOS,51,
2.023E+11,19,5,2023,17:30,1,92,92002,1,1,1,4,Autoroute A10,48,
2.023E+11,8,11,2023,22:45,3,33,33330,1,1,1,2,ROUTE NATIONALE 89,44,
2.023E+11,23,6,2023,07:52,1,71,71371,1,1,1,1,RD17,46,
2.023E+11,25,2,2023,19:15,3,51,51662,1,1,1,2,D151,49,
2.023E+11,8,4,2023,18:00,1,50,50129,2,1,1,2,PARIS (AVENUE DE),49,
2.023E+11,19,5,2023,15:25,1,91,91339,1,1,1,2,RN 104,48,
2.023E+11,5,4,2023,16:25,1,43,43002,2,6,1,6,Giratoire des moulins,45,
2.023E+11,7,11,2023,08:25,1,33,33192,1,1,2,2,ROCADE A 630,44,
2.023E+11,26,2,2023,12:22,1,65,65070,2,9,4,6,16 Rue du Sasseriet,43,
2.023E+11,23,6,2023,16:10,1,67,67474,2,3,1,3,rue de strasbourg,48,
2.023E+11,19,5,2023,14:47,1,91,91161,1,1,1,2,AUTOROUTE A126,48,
2.023E+11,23,6,2023,20:55,2,67,67210,2,7,1,7,12 rue Principale,48,
2.023E+11,10,4,2023,09:10,1,38,38423,2,1,1,3,AVENUE GÉNÉRAL LECLERC,45,
2.023E+11,8,11,2023,09:30,1,91,91521,1,1,1,2,RN 441,48,
2.023E+11,24,2,2023,19:15,2,61,61278,1,2,1,2,Lieu Dit les Planches de Crocq,48,
2.023E+11,18,6,2023,02:20,5,63,63092,2,1,1,6,69 Route de Volvic - Paugnat,45,
2.023E+11,19,5,2023,23:37,3,92,92036,1,1,1,3,A86,48,
2.023E+11,8,11,2023,08:45,1,78,78423,1,1,1,3,RN12 EXT,48,
2.023E+11,20,5,2023,17:45,1,81,81140,2,1,1,6,Allées Ferréol Mazas,43,
2.023E+11,26,2,2023,17:10,1,42,42302,1,1,6,1,Route de la Gachet,45,
2.023E+11,18,5,2023,13:38,1,92,92064,1,1,1,7,A13,48,
2.023E+11,10,4,2023,15:10,1,33,33075,2,1,1,5,Avenue des 4 Ponts,44,
2.023E+11,8,11,2023,05:45,3,78,78007,1,1,1,2,A13 Y,48,
2.023E+11,1,3,2023,19:20,3,42,42224,1,1,1,6,Route du Col de la Republique,45,
2.023E+11,17,5,2023,11:38,1,92,92072,1,1,1,5,N118,48,
2.023E+11,28,2,2023,13:17,1,46,46072,1,1,1,7,D12,44,
2.023E+11,8,11,2023,00:45,5,92,92050,1,1,1,2,A14,48,
2.023E+11,24,6,2023,10:50,1,64,64139,1,1,1,2,D24,43,
2.023E+11,10,4,2023,02:58,5,28,28134,2,3,1,3,ORIELS (RUE DES),48,
2.023E+11,19,5,2023,20:20,1,95,95241,1,1,1,2,N104,49,
2.023E+11,23,6,2023,15:57,1,29,29058,1,1,1,6,Route de Mestrezec,47,
2.023E+11,7,11,2023,08:50,1,78,78043,1,1,1,3,A13W,48,
2.023E+11,23,6,2023,20:10,2,22,22045,1,1,1,7,Kerlabo,48,
2.023E+11,28,2,2023,23:00,5,41,41151,2,4,1,6,Boulevard Philippe Auguste,47,
2.023E+11,8,11,2023,19:50,3,92,92036,1,1,2,2,AUTOROUTE A86,48,
2.023E+11,24,6,2023,08:40,1,35,35360,1,2,1,3,lieu dit blairie,48,
2.023E+11,10,4,2023,02:30,3,17,17380,1,3,8,3,TAMARIS (AVENUE DES),45,
2.023E+11,1,2,2023,12:00,1,34,34284,2,1,1,6,Grand'Rue,43,
2.023E+11,11,5,2023,12:30,1,27,27249,1,2,1,3,D177 - D69,49,
2.023E+11,27,2,2023,08:10,1,29,29212,2,3,1,1,rue des Myosotis,48,
2.023E+11,8,11,2023,16:20,1,93,93027,1,1,1,2,AUTOROUTE A1,48,
2.023E+11,10,4,2023,23:20,5,15,15014,2,9,1,1,Parking de la Jordanne,44,
2.023E+11,24,6,2023,00:35,3,60,60504,1,1,1,2,D1001,49,
2.023E+11,27,2,2023,16:50,1,29,29069,2,3,1,1,rue Charles de Gaulle,48,
2.023E+11,8,11,2023,17:10,1,95,95527,1,1,2,2,A1,48,
2.023E+11,22,10,2023,05:50,3,95,95212,1,1,2,6,N104,49,
2.023E+11,10,4,2023,07:40,1,13,13215,2,6,1,5,SAINT ANTOINE A SAINT JOSEPH (CHEMIN DE),43,
2.023E+11,27,2,2023,15:45,1,38,38267,1,2,1,3,Route Napoléon,45,
2.023E+11,17,6,2023,02:18,3,13,13211,1,1,1,5,A50-Sens Marseille vers Aubagne,43,
2.023E+11,8,11,2023,18:40,3,94,94065,1,1,1,3,N186,48,
2.023E+11,28,2,2023,18:30,2,3,3082,2,3,1,3,23 Rue du Bois,46,
2.023E+11,28,2,2023,16:00,1,70,70326,1,1,1,5,RN 57 PK 67+220,47,
2.023E+11,10,4,2023,18:25,1,13,13001,2,2,1,3,POMPIDOU GEORGES (AVENUE),43,
2.023E+11,8,11,2023,18:40,3,77,77294,1,1,1,3,A104,48,
2.023E+11,1,3,2023,13:15,1,26,26118,1,1,1,6,Chemin de Beauregard,45,
2.023E+11,22,6,2023,14:15,1,38,38184,1,1,1,5,A43   15.971 A 18.875,45,
2.023E+11,8,11,2023,10:15,1,94,94017,1,1,1,3,A4,48,
2.023E+11,28,2,2023,09:15,1,64,64250,1,1,1,3,2940 Route de l' Adour - RD 261,43,
2.023E+11,10,4,2023,12:50,1,6,6088,2,2,1,3,BARBERIS (RUE),43,
2.023E+11,20,6,2023,21:19,1,67,67471,1,9,1,2,M35,48,
2.023E+11,28,2,2023,16:00,1,18,18135,1,9,1,7,,46,
2.023E+11,8,11,2023,08:00,2,94,94028,1,1,1,3,A86,48,
2.023E+11,23,6,2023,07:40,1,33,33487,1,1,1,4,AUTOROUTE A 10,44,
2.023E+11,1,3,2023,05:30,3,85,85147,1,1,1,6,D8,46,
2.023E+11,21,6,2023,23:10,3,62,62548,1,1,1,2,A16,50,
2.023E+11,7,11,2023,18:55,3,77,77058,1,1,1,5,A4,48,
2.023E+11,27,2,2023,12:30,1,67,67471,2,1,1,6,67 Route de Brumath,48,
2.023E+11,9,4,2023,13:15,1,75,75120,2,1,1,5,PORTE DE MONTREUIL,48,
2.023E+11,27,3,2023,15:15,1,6,6069,1,1,1,3,PEGOMAS (ROUTE DE),43,
2.023E+11,1,3,2023,05:25,5,971,97128,1,1,1,1,RN4 - POIRIER,16,
2.023E+11,11,4,2023,15:20,1,75,75119,2,7,1,2,PLACE DU COLONEL FABIEN,48,
2.023E+11,28,2,2023,11:00,1,78,78499,1,2,1,3,D988,48,
2.023E+11,7,11,2023,17:50,2,973,97302,2,3,1,3,BADUEL (ROUTE DE),4,
2.023E+11,19,6,2023,10:15,1,59,59532,1,1,1,2,AUTOROUTE A16,50,
2.023E+11,11,4,2023,11:20,1,75,75119,2,2,1,3,AVENUE JEAN JAURES,48,
2.023E+11,23,6,2023,19:40,1,77,77122,1,1,1,6,RN 105,48,
2.023E+11,28,2,2023,22:45,5,7,7348,2,1,1,1,630 Route de Ruoms,44,
2.023E+11,7,11,2023,05:55,2,973,97302,2,1,1,3,MONTABO (ROUTE DE) 1,4,
2.023E+11,23,6,2023,10:50,1,92,92025,1,1,1,7,A86,48,
2.023E+11,11,4,2023,08:50,1,75,75119,2,2,1,2,PLACE DE LA BATAILLE DE STALINGRAD,48,
2.023E+11,1,3,2023,07:35,1,33,33051,2,9,1,2,27 Avenue de la Côte d?Argent,44,
2.023E+11,7,11,2023,10:30,1,69,69387,2,2,1,3,Rue Montesquieu,45,
2.023E+11,23,6,2023,15:00,1,78,78297,1,1,1,2,RN12,48,
2.023E+11,11,4,2023,13:00,1,75,75118,2,3,1,6,BOULEVARD NEY,48,
2.023E+11,28,2,2023,16:30,1,22,22272,1,9,1,6,Avenue du Goelo,48,
2.023E+11,6,11,2023,09:00,1,69,69383,2,1,1,6,Avenue Lacassagne,45,
2.023E+11,23,6,2023,07:00,1,78,78158,1,1,1,3,A13,48,
2.023E+11,22,6,2023,14:45,1,92,92036,1,1,1,2,AUTOROUTE A15,48,
2.023E+11,28,2,2023,09:17,1,60,60409,1,1,1,4,D1016,49,
2.023E+11,11,4,2023,09:40,1,75,75115,2,3,1,6,QUAI BRANLY,48,
2.023E+11,28,2,2023,16:20,1,13,13215,1,1,1,2,A7-Sens Marseille vers Lyon,43,
2.023E+11,7,11,2023,17:00,1,972,97213,2,1,1,1,ROUTE DEPARTEMENTALE 15,14,
2.023E+11,11,4,2023,00:00,5,75,75115,2,2,2,3,RUE DE VAUGIRARD,48,
2.023E+11,6,11,2023,15:40,1,972,97209,1,3,1,3,FOLIE (ROUTE DE LA),14,
2.023E+11,28,2,2023,12:03,1,33,33192,1,1,1,2,AUTOROUTE A 63,44,
2.023E+11,11,4,2023,09:00,1,75,75114,2,2,1,7,BOULEVARD JOURDAN,48,
2.023E+11,11,4,2023,18:40,1,75,75111,2,1,2,6,RUE DU CHEMIN VERT,48,
2.023E+11,5,11,2023,18:10,5,972,97209,2,6,1,1,BEAUSEJOUR JAMBETTE (ROUTE DE ),14,
2.023E+11,27,2,2023,18:50,2,59,59508,1,1,1,6,AUTOROUTE A22,50,
2.023E+11,11,4,2023,10:20,1,75,75112,2,3,1,3,BOULEVARD PONIATOWSKI,48,
2.023E+11,7,11,2023,05:56,5,2B,2B033,1,4,1,3,TOUTES RUES,42,
2.023E+11,28,2,2023,13:35,1,91,91589,1,1,1,2,AUTOROUTE A6,48,
2.023E+11,6,11,2023,18:32,5,2B,2B033,2,1,1,6,GAUDIN - BLD AUGUSTE,42,
2.023E+11,11,4,2023,09:50,1,75,75112,2,2,1,3,PONT D AUSTERLITZ,48,
2.023E+11,28,2,2023,07:30,1,94,94034,1,1,1,2,A86,48,
2.023E+11,7,11,2023,16:47,1,971,97120,1,4,1,1,CIMETIERE (RUE DU),16,
2.023E+11,27,2,2023,22:51,4,91,91216,1,1,1,3,AUTOROUTE A6,48,
2.023E+11,28,2,2023,09:20,1,78,78498,1,1,1,2,A13,48,
2.023E+11,11,4,2023,12:25,1,75,75111,2,2,1,6,RUE DU CHEMIN VERT,48,
2.023E+11,7,11,2023,07:35,1,91,91223,2,1,1,6,SAINT MARTIN (RUE),48,
2.023E+11,3,11,2023,16:15,1,87,87114,1,1,3,6,PRESSEMANE (AVENUE ADRIEN-,45,
2.023E+11,27,2,2023,18:30,3,92,92064,1,1,1,2,A13,48,
2.023E+11,6,11,2023,14:00,1,86,86066,1,1,3,1,D161,46,
2.023E+11,27,2,2023,16:40,1,95,95572,1,1,1,2,A15,49,
2.023E+11,11,4,2023,21:45,5,75,75109,2,2,2,6,BOULEVARD DE CLICHY,48,
2.023E+11,27,2,2023,09:55,1,93,93066,1,1,1,3,AUTOROUTE A1,48,
2.023E+11,7,11,2023,11:50,1,83,83144,2,9,1,3,UNIVERSITE (AVE DE L'),43,
2.023E+11,28,2,2023,18:15,2,94,94028,1,1,1,2,A86,48,
2.023E+11,7,11,2023,14:10,1,83,83069,1,1,1,7,NICE (ROUTE DE),43,
2.023E+11,7,11,2023,17:50,2,81,81065,2,1,8,6,VOIE URBAINE SUD,43,
2.023E+11,28,2,2023,08:30,1,77,77373,1,1,1,2,RN104,48,
2.023E+11,27,2,2023,07:35,1,75,75116,2,1,1,2,ECHANGEUR MUETTE,48,
2.023E+11,7,11,2023,16:25,1,77,77390,1,1,1,3,D21,48,
2.023E+11,11,4,2023,19:15,1,75,75107,2,3,2,7,AVENUE DE TOURVILLE,48,
2.023E+11,27,2,2023,09:15,1,75,75117,2,1,1,2,BOULEVARD PERIPHERIQUE EXTERIEUR OUEST,48,
2.023E+11,7,11,2023,05:50,5,73,73029,1,5,1,3,D1006 CHALLES (ROUTE DE),45,
2.023E+11,27,2,2023,19:25,5,75,75119,2,1,1,6,BOULEVARD SERURIER,48,
2.023E+11,7,11,2023,19:35,5,73,73011,2,1,1,3,DUBOIS (RUE DU CDT)J.JAURES A J. MOULIN,45,
2.023E+11,27,2,2023,08:10,1,75,75119,2,2,1,3,RUE DE BELLEVILLE,48,
2.023E+11,10,4,2023,22:23,5,75,75107,2,2,2,3,QUAI D ORSAY,48,
2.023E+11,7,11,2023,22:27,5,72,72181,2,6,1,6,Robert Jarry (Bd),47,
2.023E+11,27,2,2023,01:30,5,75,75118,2,3,1,2,RUE CHAMPIONNET,48,
2.023E+11,11,4,2023,17:55,1,94,94044,2,1,3,6,Rue Georges Clémenceau,48,
2.023E+11,10,4,2023,15:38,1,94,94078,2,1,1,2,Avenue de Melun,48,
2.023E+11,27,2,2023,18:15,2,75,75117,2,7,1,3,PLACE DU GENERAL KOENIG,48,
2.023E+11,11,4,2023,14:30,1,94,94074,2,1,1,2,Avenue Henri Barbusse,48,
2.023E+11,20,2,2023,09:15,1,75,75116,2,4,1,1,ROUTE DE LA MUETTE A NEUILLY,48,
2.023E+11,10,4,2023,23:45,3,94,94076,2,1,2,6,Allée du Vercors,48,
2.023E+11,10,4,2023,11:26,1,94,94033,2,1,1,6,Rue la Fontaine,48,
2.023E+11,10,4,2023,18:45,1,94,94079,2,3,3,3,Route de Champigny,48,
2.023E+11,11,4,2023,22:50,5,93,93048,2,3,2,1,Rue Coli / Impasse le Brix,48,
2.023E+11,27,2,2023,15:50,1,75,75115,2,3,1,6,RUE OLIVIER DE SERRES,48,
2.023E+11,11,4,2023,17:30,1,93,93006,2,9,1,6,Avenue Gambetta,48,
2.023E+11,11,4,2023,08:30,1,93,93031,2,1,1,3,Route de Saint-leu,48,
2.023E+11,27,2,2023,11:51,1,75,75107,2,3,1,3,RUE DE SEVRES,48,
2.023E+11,11,4,2023,16:18,1,93,93010,2,1,1,6,Avenue Henri Barbusse,48,
2.023E+11,11,4,2023,17:35,1,92,92047,2,1,3,6,YVES CARIOU,48,
2.023E+11,27,2,2023,12:50,1,75,75103,2,2,1,2,RUE DE TURBIGO,48,
2.023E+11,27,2,2023,05:55,5,94,94052,2,1,1,6,31 Rue Hoche,48,
2.023E+11,11,4,2023,14:30,1,92,92050,2,1,1,2,PREMIER MAI RUE DU,48,
2.023E+11,11,4,2023,20:25,5,92,92020,2,1,2,6,VERDUN AVENUE DE AUTRES N°,48,
2.023E+11,27,2,2023,20:20,5,94,94034,2,1,1,6,1 Place Pierre et Marie Curie,48,
2.023E+11,11,4,2023,08:20,1,92,92044,2,2,8,6,ARISTIDE BRIAND(RUE)51A83  54A96,48,
2.023E+11,11,4,2023,17:10,1,92,92025,2,1,2,6,EUROPE (AV DE L'),48,
2.023E+11,27,2,2023,20:40,5,94,94054,2,1,1,3,119 Avenue de la Victoire,48,
2.023E+11,11,4,2023,10:33,1,92,92012,2,1,1,6,QUATRE SEPTEMBRE (QUAI DU),48,
2.023E+11,11,4,2023,07:50,1,92,92012,2,1,1,7,DENFERT ROCHEREAU (RUE),48,
2.023E+11,11,4,2023,09:17,1,92,92012,2,1,1,3,AUTEUIL (BOULEVARD D') - COTE IMPAIR,48,
2.023E+11,27,2,2023,14:10,1,94,94054,2,3,1,6,Avenue Molière / Av des Martyrs de Chateaubriant,48,
2.023E+11,11,4,2023,09:35,1,92,92004,2,1,1,3,BAS ( RUE DES ),48,
2.023E+11,27,2,2023,18:00,1,93,93070,2,1,1,6,Rue du Docteur Bauer,48,
2.023E+11,11,4,2023,14:20,1,92,92002,2,1,1,6,FRERES LUMIERES (AVENUE DES),48,
2.023E+11,3,4,2023,08:30,1,33,33352,2,3,1,3,1 Chemin de Blasignon,44,
2.023E+11,27,2,2023,17:45,1,93,93055,2,1,1,6,Rue Scandicci,48,
2.023E+11,12,4,2023,16:10,1,974,97422,2,3,8,3,Rue du Général de Gaulle,-21,
2.023E+11,27,2,2023,03:14,5,93,93072,2,1,1,6,Avenue de Stalingrad,48,
2.023E+11,11,4,2023,09:30,1,974,97404,2,6,1,3,Avenue Octave Bénard,-21,
2.023E+11,27,2,2023,22:10,5,93,93001,2,1,1,1,Avenue Jean Jaurès,48,
2.023E+11,11,4,2023,09:15,1,972,97232,2,1,1,1,D5,14,
2.023E+11,27,2,2023,14:40,1,92,92022,2,1,1,6,PAVE DES GARDES (ROUTE DU),48,
2.023E+11,12,4,2023,11:20,1,64,64410,2,1,8,6,Avenue Henri IV,43,
2.023E+11,27,2,2023,14:25,1,92,92048,2,3,1,6,MAL DE LATTRE DE TASSIGNY (AVENUE),48,
2.023E+11,11,4,2023,19:30,2,67,67117,1,9,1,1,D1004,48,
2.023E+11,23,2,2023,11:22,1,92,92004,2,1,1,3,HENIR BARBUSSE ( AVENUE ),48,
2.023E+11,5,9,2023,08:00,1,75,75113,2,1,1,7,BOULEVARD MASSENA,48,
2.023E+11,27,2,2023,16:50,1,35,35041,1,1,1,1,Le Jainet,47,
2.023E+11,11,4,2023,16:45,1,38,38400,2,1,1,1,637 Avenue Gaston Bonnardel,45,
2.023E+11,5,9,2023,08:41,1,75,75110,2,3,1,7,RUE DU FAUBOURG SAINT MARTIN,48,
2.023E+11,27,2,2023,08:00,1,54,54089,1,1,1,7,rd 37,48,
2.023E+11,11,4,2023,16:14,1,30,30225,1,1,1,6,RD 6,44,
2.023E+11,27,2,2023,11:50,1,58,58270,1,1,1,6,D955,47,
2.023E+11,5,9,2023,08:40,1,75,75108,2,7,7,3,PLACE DE L ALMA,48,
2.023E+11,7,4,2023,11:50,1,33,33236,2,1,1,3,171 Avenue de Bordeaux,44,
2.023E+11,26,2,2023,16:35,1,63,63404,1,9,1,3,A75,45,
2.023E+11,4,9,2023,09:17,1,75,75108,2,2,1,2,AVENUE MARCEAU,48,
2.023E+11,11,4,2023,17:20,1,32,32227,1,1,1,1,d931,43,
2.023E+11,27,2,2023,14:00,1,35,35193,1,2,1,3,D 82 - PK 28,48,
2.023E+11,11,4,2023,18:05,1,63,63234,1,1,1,7,"D 978 lieu-dit ""le rivalet""",45,
2.023E+11,5,9,2023,15:10,1,75,75104,2,1,1,2,BOULEVARD DE SEBASTOPOL,48,
2.023E+11,27,2,2023,21:05,3,57,57343,1,2,1,7,D1,49,
2.023E+11,5,9,2023,10:55,1,75,75104,2,2,1,3,RUE SAINT ANTOINE,48,
2.023E+11,12,4,2023,17:30,1,12,12203,1,1,2,1,D23,43,
2.023E+11,27,2,2023,18:35,4,51,51391,1,1,1,4,N31,49,
2.023E+11,6,4,2023,16:35,1,68,68374,2,1,1,3,avenue lorraine,48,
2.023E+11,5,9,2023,09:10,1,94,94037,2,3,1,3,Avenue Paul Vaillant-couturier,48,
2.023E+11,12,4,2023,14:45,1,38,38338,1,1,1,1,D1532,45,
2.023E+11,27,2,2023,07:50,1,51,51282,1,1,7,4,N31,49,
2.023E+11,5,9,2023,08:08,1,94,94022,2,2,1,6,Rue Jules Vallès,48,
2.023E+11,28,2,2023,17:40,1,61,61293,2,1,1,6,D9,48,
2.023E+11,11,4,2023,20:30,2,15,15087,1,1,1,7,D601,44,
2.023E+11,5,9,2023,10:20,1,93,93078,2,1,1,3,Avenue Vauban,48,
2.023E+11,17,2,2023,18:15,3,25,25220,1,1,1,5,D9,47,
2.023E+11,12,4,2023,06:45,1,5,5046,2,1,1,6,Rue de la Plaine sous le Roc,44,
2.023E+11,5,9,2023,12:30,1,93,93051,2,1,1,6,Rue du Marnois,48,
2.023E+11,15,1,2023,18:20,3,35,35264,1,4,3,1,Le Val,48,
2.023E+11,5,9,2023,08:17,1,93,93048,2,9,1,7,Rue de Rosny,48,
2.023E+11,11,4,2023,18:30,1,5,5012,1,2,1,3,RD40,44,
2.023E+11,27,2,2023,19:05,3,38,38118,1,1,1,6,Route de Lyon,45,
2.023E+11,12,4,2023,16:45,1,5,5132,1,1,2,7,Lac de l'Aullagnier (Eau),44,
2.023E+11,5,9,2023,18:00,1,93,93046,2,5,1,6,Avenue Benoit Malon / Avenue Winston Churchill,48,
2.023E+11,27,2,2023,17:00,1,70,70117,1,1,1,1,route départementale 218,47,
2.023E+11,5,9,2023,17:45,1,93,93046,2,9,1,3,Avenue Aristide Briand,48,
2.023E+11,27,2,2023,19:40,3,72,72344,1,1,1,1,D326,47,
2.023E+11,11,4,2023,22:05,3,64,64466,1,1,1,4,D23,43,
2.023E+11,4,9,2023,18:35,1,93,93046,2,2,1,3,Allée Vendome / Avenue Paul Bert,48,
2.023E+11,11,4,2023,20:40,2,16,16295,1,1,1,6,N/A,45,
2.023E+11,27,2,2023,17:55,2,5,5017,1,1,1,1,Route des Borels,44,
2.023E+11,4,9,2023,14:15,1,93,93029,2,1,1,1,Rue Hoche,48,
2.023E+11,28,2,2023,19:00,5,60,60245,2,2,1,6,4 Rue Georges Clemenceau,49,
2.023E+11,12,4,2023,08:27,1,68,68375,2,6,2,3,D19,47,
2.023E+11,26,2,2023,03:00,5,10,10328,2,4,1,6,D86,48,
2.023E+11,5,9,2023,18:10,1,92,92064,2,2,1,2,REPUBLIQUE,48,
2.023E+11,11,4,2023,19:28,1,67,67164,1,1,1,2,A 35 PK 420.700,48,
2.023E+11,26,2,2023,20:10,3,53,53140,1,1,1,7,Vaubernier,48,
2.023E+11,5,9,2023,08:15,1,92,92033,2,1,1,3,DOCTEUR DEBAT,48,
2.023E+11,27,2,2023,09:30,1,24,24214,2,2,1,6,D75,45,
2.023E+11,11,4,2023,08:50,1,987,98715,1,1,1,3,RDO sens PAPEETE - PUNAAUIA,-17,
2.023E+11,5,9,2023,16:50,1,92,92050,2,3,1,3,PICASSO PABLO AVENUE,48,
2.023E+11,27,2,2023,02:25,3,87,87059,1,1,1,6,D25,46,
2.023E+11,5,9,2023,08:15,1,92,92036,2,4,1,6,LAURENT CELY (AVENUE) (1/143),48,
2.023E+11,27,2,2023,14:40,1,30,30272,1,1,2,5,,43,
2.023E+11,5,9,2023,09:35,1,92,92026,2,3,7,3,RÉPUBLIQUE ( DE 82 A FIN ),48,
2.023E+11,11,4,2023,15:00,1,59,59377,1,1,1,2,A26 PK 139.6 sens CALAIS - REIMS,50,
2.023E+11,28,2,2023,10:25,1,8,8022,2,2,1,6,1 Route de Tournes,49,
2.023E+11,5,9,2023,16:20,1,92,92025,2,1,1,6,PIERRE DE COUBERTIN (BD),48,
2.023E+11,22,2,2023,08:54,1,78,78043,2,6,1,7,Rue de Maule,48,
2.023E+11,12,4,2023,07:50,1,77,77407,1,1,3,6,Autorute A6 PK 039+400 circulant vers LYON,48,
2.023E+11,5,9,2023,07:40,2,92,92025,2,9,1,6,BOURNARD (RUE DU),48,
2.023E+11,27,2,2023,09:46,1,1,1134,1,1,1,4,A406,,
2.023E+11,4,9,2023,14:00,1,92,92012,2,1,1,6,ANDRE MORIZET (AVENUE) 1/47 - 2/52,48,
2.023E+11,7,4,2023,03:25,5,987,98758,2,1,1,6,PK 3 cote ouest,-16,
2.023E+11,28,2,2023,08:00,1,971,97103,2,1,1,3,552 Rue de la Chapelle,16,
2.023E+11,4,9,2023,18:35,1,92,92007,2,1,1,3,PASTEUR (AVENUE LOUIS) N° 1 A 39 ET 2 A,48,
2.023E+11,12,4,2023,18:00,1,91,91568,1,1,1,1,D27,48,
2.023E+11,25,2,2023,10:00,1,84,84141,1,1,1,3,A7 PK191.300,43,
2.023E+11,1,9,2023,22:20,5,92,92004,2,1,1,3,ARGENTEUIL AV D',48,
2.023E+11,12,4,2023,10:15,1,83,83071,2,1,1,6,Avenue Georges Clémenceau,43,
2.023E+11,4,9,2023,17:45,1,92,92004,2,1,1,3,PIERRE BOUDOU,48,
2.023E+11,28,2,2023,01:15,5,77,77065,1,1,1,6,Autoroute A6,,
2.023E+11,4,9,2023,07:52,2,92,92004,2,4,1,1,PIERRE BOUDOU,48,
2.023E+11,25,2,2023,23:12,3,973,97311,1,1,2,7,Route de Saint Jean,5,
2.023E+11,11,4,2023,09:50,1,13,13093,2,1,1,3,D561,43,
2.023E+11,26,2,2023,16:30,1,45,45121,1,1,6,7,Rue de Châtillon,47,
2.023E+11,5,9,2023,18:45,1,92,92014,2,1,1,6,MARECHAL JOFFRE (BD DU) (43 A 97 - 58 A,48,
2.023E+11,11,4,2023,22:08,5,57,57484,2,6,1,7,67 Rue Nationale,49,
2.023E+11,3,9,2023,04:15,3,35,35151,1,1,1,6,D177,47,
2.023E+11,27,2,2023,15:05,1,78,78346,1,2,1,3,Rue de la Fortelle,48,
2.023E+11,5,9,2023,21:30,2,22,22049,1,1,1,6,D28 PK 7+900,48,
2.023E+11,12,4,2023,05:20,4,27,27275,2,3,2,1,Cote des Sables,49,
2.023E+11,5,9,2023,17:45,1,95,95313,2,1,1,6,D922,49,
2.023E+11,5,9,2023,12:58,1,95,95313,1,1,1,3,D64,49,
2.023E+11,11,4,2023,13:30,1,62,62560,2,1,1,6,Avenue Ferber,50,
2.023E+11,19,2,2023,09:43,1,13,13007,2,4,1,2,D45a,43,
2.023E+11,1,9,2023,17:10,1,33,33352,2,1,1,6,RD 670,44,
2.023E+11,11,4,2023,18:20,1,33,33192,1,1,1,3,ROCADE A 630,44,
2.023E+11,27,2,2023,09:55,1,69,69287,1,1,1,6,Rue des Alpes,45,
2.023E+11,5,9,2023,10:35,1,7,7191,1,6,1,3,RD 86H,44,