Num_Acc,jour,mois,an,hrmn,lum,dep,com,agg,int,atm,col,adr,lat,long
2.023E+11,27,2,2023,09:20,1,17,17056,1,2,1,3,Route de l'Ormeau Rouge,45,
2.023E+11,11,4,2023,09:00,1,91,91377,1,1,1,3,RN20,48,
2.023E+11,4,9,2023,20:40,5,6,6161,2,2,1,3,1495,,
2.023E+11,26,2,2023,01:45,5,85,85092,2,1,1,6,Rue de fontarabie,46,
2.023E+11,11,4,2023,18:45,1,92,92036,1,1,2,6,RN315 Y,48,
2.023E+11,5,9,2023,17:40,1,52,52282,1,1,1,3,A5,47,
2.023E+11,28,2,2023,06:45,2,60,60369,1,1,1,2,6 Rue de la Gare,49,
2.023E+11,11,4,2023,10:10,1,78,78571,1,1,1,6,A13,48,
2.023E+11,4,9,2023,14:45,1,1,1353,1,1,1,1,Route d'Ars,45,
2.023E+11,27,2,2023,06:55,5,33,33249,1,1,1,3,ROCADE A 630,44,
2.023E+11,6,9,2023,09:25,1,1,1354,2,6,1,7,D78a,46,
2.023E+11,17,2,2023,14:23,1,59,59646,1,1,1,6,ROUTE DEPARTEMENTALE 652,50,
2.023E+11,11,4,2023,09:20,1,92,92048,1,1,1,3,N118,48,
2.023E+11,5,9,2023,12:20,1,35,35012,1,1,1,6,Pommeniac,47,
2.023E+11,27,2,2023,14:00,1,91,91645,1,1,1,3,N385,48,
2.023E+11,10,4,2023,22:10,3,93,93066,1,1,2,2,AUTOROUTE A86,48,
2.023E+11,27,2,2023,01:40,3,78,78007,1,1,1,7,A13W,48,
2.023E+11,5,9,2023,14:55,1,14,14027,1,1,1,1,6 Route de Beauvais,49,
2.023E+11,11,4,2023,07:30,1,93,93051,1,1,1,3,A4,48,
2.023E+11,26,2,2023,06:55,3,78,78133,1,1,1,6,A13,48,
2.023E+11,5,9,2023,18:30,1,74,74112,1,1,1,4,RD1508 - Face à Jour de Fête,45,
2.023E+11,25,2,2023,23:08,5,78,78362,1,1,1,6,A13,48,
2.023E+11,5,9,2023,17:30,1,62,62808,1,1,1,6,D343,50,
2.023E+11,3,9,2023,23:00,4,62,62597,2,1,1,7,D32,50,
2.023E+11,26,2,2023,16:30,1,95,95500,1,1,1,2,A15,49,
2.023E+11,8,4,2023,04:07,5,75,75114,2,3,1,2,AVENUE DU GENERAL LECLERC,48,
2.023E+11,10,4,2023,23:00,5,75,75120,2,2,2,7,RUE DE LA BIDASSOA,48,
2.023E+11,5,9,2023,13:30,1,57,57389,1,9,1,1,D24,49,
2.023E+11,25,2,2023,14:50,1,93,93010,1,1,1,4,AUTOROUTE A3,48,
2.023E+11,10,4,2023,18:55,1,75,75119,2,3,2,7,AVENUE JEAN JAURES,48,
2.023E+11,4,9,2023,14:30,1,51,51543,1,1,1,7,D931,49,
2.023E+11,27,2,2023,16:30,1,94,94022,1,1,1,2,A86,48,
2.023E+11,6,9,2023,10:55,1,51,51393,1,1,7,1,D386,49,
2.023E+11,7,4,2023,13:00,1,75,75116,2,3,1,3,ROUTE DES TRIBUNES,48,
2.023E+11,19,8,2023,10:45,1,19,19049,1,3,1,3,Route Des Places,45,
2.023E+11,2,9,2023,18:50,1,56,56164,1,4,2,2,Penhouët,47,
2.023E+11,10,4,2023,02:55,5,75,75111,2,1,1,3,RUE DU FAUBOURG SAINT ANTOINE,48,
2.023E+11,5,9,2023,10:05,1,74,74208,1,1,1,7,Route de plaine joux,45,
2.023E+11,5,9,2023,12:05,1,2B,2B050,2,9,1,3,avenue christophe Colomb,42,
2.023E+11,5,9,2023,17:25,1,11,11304,1,1,1,1,N/A,42,
2.023E+11,6,9,2023,18:18,1,63,63338,1,1,1,6,32 Rue de Chez Ponet,46,
2.023E+11,5,9,2023,14:00,1,86,86139,1,1,1,1,Breuil,46,
2.023E+11,6,9,2023,16:35,1,25,25157,1,1,1,1,Lieu dit  le Creux,46,
2.023E+11,6,9,2023,07:48,1,25,25367,2,1,1,6,15 Rue de Beaulieu,47,
2.023E+11,6,9,2023,03:53,3,44,44206,1,1,1,7,le Poteau,46,
2.023E+11,4,9,2023,11:20,1,29,29217,2,1,1,6,4 rue des abbés tanguy,47,
2.023E+11,5,9,2023,20:40,3,2,2422,1,1,1,2,N/A,49,
2.023E+11,6,9,2023,11:30,1,1,1323,1,2,1,3,Route des 4 Vents,46,
2.023E+11,6,9,2023,11:10,1,1,1113,1,1,1,3,la Buissonnière,46,
2.023E+11,5,9,2023,19:38,1,70,70312,2,2,7,3,Rue Pierre Carmien et rue de la cotelotte,47,
2.023E+11,5,9,2023,19:45,1,26,26159,1,1,1,6,D514,44,
2.023E+11,6,9,2023,07:30,1,6,6059,1,1,1,2,M6007,43,
2.023E+11,6,9,2023,10:40,1,50,50353,2,1,1,6,Le Mont-Saint-Michel,48,
2.023E+11,4,9,2023,16:34,1,43,43005,1,1,1,7,Lieu-dit Gourlon,44,
2.023E+11,6,9,2023,14:10,1,36,36128,1,1,1,3,N/A,46,
2.023E+11,5,9,2023,16:00,1,53,53008,2,1,1,6,1 Rue de la Libération,48,
2.023E+11,6,9,2023,15:11,1,4,4121,1,1,1,1,D17,44,
2.023E+11,6,9,2023,17:50,1,85,85031,1,2,1,3,Carrefour RD 960BIS / RD 13,46,
2.023E+11,4,9,2023,13:30,1,37,37109,1,3,1,3,D76,47,
2.023E+11,3,9,2023,18:30,1,67,67083,1,4,1,3,D853,48,
2.023E+11,6,9,2023,03:10,3,24,24091,1,1,1,6,D46,44,
2.023E+11,4,9,2023,15:05,1,971,97103,2,1,1,3,Boulevard de Destrellan,16,
2.023E+11,5,9,2023,09:42,1,95,95580,1,6,1,3,D16,49,
2.023E+11,5,9,2023,16:40,1,59,59216,1,1,1,2,Autoroute A2,,
2.023E+11,4,9,2023,13:45,1,987,98729,1,1,2,1,PK 7,,
2.023E+11,6,9,2023,09:15,1,971,97106,2,1,7,3,Boulevard Front de Mer,16,
2.023E+11,5,9,2023,11:10,1,77,77005,1,1,1,2,D404,48,
2.023E+11,5,9,2023,08:55,1,77,77520,1,1,1,7,D104,48,
2.023E+11,6,9,2023,05:30,2,78,78499,1,2,1,3,D988,48,
2.023E+11,5,9,2023,15:30,1,34,34154,1,1,1,3,CD189,43,
2.023E+11,12,8,2023,22:30,3,13,13066,1,9,1,2,D7n,43,
2.023E+11,6,9,2023,17:06,1,25,25505,2,1,1,2,8 Route de Cuse,47,
2.023E+11,5,9,2023,18:30,1,71,71371,1,3,1,3,Route de Macon,46,
2.023E+11,6,9,2023,18:15,1,68,68111,1,1,1,7,D1.5,48,
2.023E+11,5,9,2023,07:30,1,42,42304,2,1,1,1,D8,45,
2.023E+11,5,9,2023,16:20,1,38,38246,2,1,1,2,D51,45,
2.023E+11,5,9,2023,19:06,1,38,38474,1,1,1,6,D531,45,
2.023E+11,3,9,2023,14:45,1,26,26170,1,2,1,3,D176,44,
2.023E+11,4,9,2023,19:05,1,33,33509,1,1,1,6,D138,44,
2.023E+11,4,9,2023,18:05,1,33,33494,1,1,1,1,D6,44,
2.023E+11,26,8,2023,18:00,1,33,33422,2,1,1,1,Avenue du Las,44,
2.023E+11,4,9,2023,07:25,1,14,14728,2,1,1,6,2 Route du Château,49,
2.023E+11,6,9,2023,10:40,1,29,29021,2,1,1,7,Route de Menhir,48,
2.023E+11,31,8,2023,23:10,3,29,29087,1,1,3,7,Route de Kermenguy,48,
2.023E+11,6,9,2023,18:10,1,59,59551,2,1,7,6,715 Rue Jean Rache,50,
2.023E+11,5,9,2023,15:00,1,59,59336,1,1,7,7,RD 47,50,
2.023E+11,4,9,2023,15:37,1,13,13212,1,1,1,2,A507 sens Marseille - Aubagne,43,
2.023E+11,5,9,2023,08:46,1,13,13202,1,1,1,3,A55-Sens Martigues vers Marseille,43,
2.023E+11,4,9,2023,11:28,1,13,13071,1,1,1,4,A7-Sens Marseille vers Lyon,43,
2.023E+11,4,9,2023,18:30,1,59,59196,1,1,1,6,AUTOROUTE A25,50,
2.023E+11,1,9,2023,07:50,2,59,59478,1,1,3,6,AUTOROUTE A25,50,
2.023E+11,1,9,2023,02:25,3,59,59155,1,1,2,6,AUTOROUTE A16,51,
2.023E+11,5,9,2023,00:40,3,94,94076,1,1,1,2,A6B,48,
2.023E+11,4,9,2023,15:48,1,91,91179,1,1,1,2,AUTOROUTE A6,48,
2.023E+11,4,9,2023,16:00,1,92,92036,1,1,1,3,A86,48,
2.023E+11,3,9,2023,01:20,3,95,95572,1,1,1,2,A15,49,
2.023E+11,5,9,2023,17:30,1,77,77258,1,1,1,4,A4.Y,48,
2.023E+11,5,7,2023,01:20,5,83,83069,2,2,1,7,FRONT DE MER (BOULEVARD),43,
2.023E+11,4,7,2023,19:05,1,83,83061,2,3,1,3,AVENUE DU HUIT MAI 1945,43,
2.023E+11,10,6,2023,15:40,1,94,94041,2,2,1,3,Rue Denis Papin,48,
2.023E+11,4,9,2023,17:10,2,988,98818,2,3,2,3,AVENUE BONAPARTE/RUE DE BOUZOULS,-22,
2.023E+11,4,9,2023,17:10,1,974,97416,2,1,1,6,SAVIGNY (CHEMIN EDOUARD),-21,
2.023E+11,4,9,2023,07:38,1,974,97416,1,1,1,2,BADAMIER(CHEMIN),-21,
2.023E+11,31,8,2023,17:20,1,974,97416,1,1,1,7,MAURICE THOREZ(CHEMIN),-21,
2.023E+11,4,9,2023,18:20,5,973,97302,2,4,1,3,CATAYEE (JUSTIN),4,
2.023E+11,4,9,2023,07:32,1,973,97302,2,1,1,3,CABASSOU (ROUTE DE),4,
2.023E+11,4,9,2023,20:36,5,2B,2B353,1,1,1,6,CAP - ROUTE DU CAP,42,
2.023E+11,3,9,2023,18:00,2,971,97113,2,1,1,7,SECTION GRANDE RAVINE,16,
2.023E+11,3,9,2023,18:20,2,971,97113,1,1,1,3,Morne Salines,16,
2.023E+11,15,8,2023,18:00,1,971,97101,1,4,1,3,ROUTE DE CHAZEAU,16,
2.023E+11,20,8,2023,08:34,1,95,95210,2,2,1,7,LIBERATION (RUE DE LA),48,
2.023E+11,4,9,2023,22:00,2,91,91216,2,4,1,2,GRAND VAUX (RUE),48,
2.023E+11,4,9,2023,12:45,1,91,91223,1,1,1,7,R.D.20,48,
2.023E+11,31,8,2023,16:50,1,89,89387,1,1,2,4,D606,48,
2.023E+11,2,9,2023,18:01,1,87,87085,2,1,1,6,PERRIN (RUE FRANCOIS),45,
2.023E+11,3,9,2023,03:10,5,86,86194,2,1,1,6,Rue Jean Valade,46,
2.023E+11,20,8,2023,12:00,1,83,83137,2,1,1,6,15EME CORPS (AVE DU),43,
2.023E+11,4,9,2023,15:45,1,78,78133,2,3,1,3,MANTES (ROUTE DE),48,
2.023E+11,4,9,2023,11:00,1,78,78350,2,1,1,2,CONTI (QUAI),48,
2.023E+11,4,9,2023,16:35,1,77,77284,2,2,7,2,MARNE (RUE DE LA),48,
2.023E+11,4,9,2023,12:00,1,77,77307,2,1,1,3,RUE DE ROME,48,
2.023E+11,4,9,2023,09:00,1,77,77042,2,7,1,3,RD 222,48,
2.023E+11,4,9,2023,11:20,1,76,76322,2,1,1,6,Avenue des Provinces,49,
2.023E+11,4,9,2023,09:30,1,76,76410,2,2,1,6,Rue Pasteur,49,
2.023E+11,2,9,2023,13:13,1,76,76351,2,1,1,2,LOUIS BLANC,49,
2.023E+11,1,9,2023,13:00,1,76,76447,2,1,1,6,LA LEZARDE (CENTRE COMMERCIAL),49,
2.023E+11,3,9,2023,17:20,1,72,72181,2,1,1,2,POITEVIN ALPHONSE (RUE),48,
2.023E+11,4,9,2023,08:00,1,69,69264,2,1,1,6,Avenue de l’Europe,45,
2.023E+11,3,9,2023,17:00,1,67,67482,2,1,1,7,WELSCH (RUE),48,
2.023E+11,2,9,2023,17:05,1,67,67043,2,3,1,3,PERIGUEUX (AVENUE DE),48,
2.023E+11,4,9,2023,10:08,1,63,63113,2,2,1,6,SAINT JEAN (BD)/rue Jules Verne,45,
2.023E+11,4,9,2023,13:30,1,60,60057,2,9,1,3,ROCADE NORD - CITE DES FLEURS,49,
2.023E+11,4,9,2023,12:50,1,60,60057,2,3,7,3,BINET  (RUE),49,
2.023E+11,4,9,2023,08:40,1,58,58194,2,1,7,6,SAINT EXUPERY (BOULEVARD),47,
2.023E+11,2,9,2023,23:20,3,56,56083,2,4,1,3,VANNES ( ROUTE DE ),47,
2.023E+11,4,9,2023,18:45,1,51,51454,2,1,1,1,VIGNOBLE (ALLEE),49,
2.023E+11,4,9,2023,22:55,5,51,51108,2,1,1,6,LOYER (RUE LIEUTENANT),48,
2.023E+11,4,9,2023,16:35,1,45,45234,2,6,1,3,1 Avenue de la Mouillère,47,
2.023E+11,16,8,2023,12:00,1,42,42123,2,1,1,6,Rue Font Flora,45,
2.023E+11,4,9,2023,14:00,1,38,38185,2,1,1,6,PLACE HUBERT DUBEDOUT,45,
2.023E+11,4,9,2023,13:50,1,38,38421,2,1,1,3,RUE DU TOUR DE L'EAU,45,
2.023E+11,5,9,2023,00:45,3,37,37208,2,1,1,6,PLACIERS (RUE DES),47,
2.023E+11,4,9,2023,15:00,1,37,37122,2,1,1,6,BRETONNIERES (BOULEVARD DES),47,
2.023E+11,3,9,2023,14:26,1,37,37261,2,6,1,3,SAINT-SAUVEUR (ROND POINT),47,
2.023E+11,4,9,2023,07:30,1,33,33039,2,2,1,3,Route de Toulouse,44,
2.023E+11,4,9,2023,17:45,1,32,32013,1,1,1,7,ARÇON (ROUTE),43,
2.023E+11,11,12,2023,18:42,3,10,10321,2,3,1,2,GENERAL LECLERC (RUE DU),48,
2.023E+11,5,9,2023,00:04,5,31,31069,2,1,1,7,PINS (AV DES),43,
2.023E+11,12,12,2023,23:34,5,1,1283,2,6,3,6,FERRIER (GENERAL),46,
2.023E+11,4,9,2023,19:00,1,28,28134,2,2,1,3,LIEVRE D'OR (RUE DU),48,
2.023E+11,12,12,2023,18:00,5,75,75116,2,1,1,4,BD PERIPHERIQUE INTERIEUR,48,
2.023E+11,4,9,2023,18:15,1,28,28134,2,3,1,1,PASTEUR (BOULEVARD),48,
2.023E+11,12,12,2023,17:45,5,75,75113,2,1,8,2,BD PERIPHERIQUE INTERIEUR,48,
2.023E+11,4,9,2023,13:45,1,25,25056,2,2,1,1,CHAILLOT RUE DE,47,
2.023E+11,12,12,2023,14:00,1,75,75112,2,1,2,3,BD PERIPHERIQUE INTERIEUR,48,
2.023E+11,4,9,2023,22:10,3,22,22215,1,1,1,7,Rue du Bois Joli,48,
2.023E+11,12,12,2023,08:15,2,75,75112,2,1,1,6,BD PERIPHERIQUE INTERIEUR,48,
2.023E+11,4,9,2023,13:00,1,14,14118,2,1,1,2,6 Rue des Vaux de la Folie,49,
2.023E+11,12,12,2023,11:05,1,75,75108,2,2,2,2,AVENUE DES CHAMPS ELYSEES,48,
2.023E+11,4,9,2023,22:45,5,13,13054,2,9,1,3,MARIUS RUINAT (AV ),43,
2.023E+11,11,12,2023,19:30,5,75,75114,2,1,1,6,BOULEVARD BRUNE,48,
2.023E+11,4,9,2023,07:42,1,13,13211,2,1,1,3,AUDIENCE (RUE DE L'),43,
2.023E+11,12,12,2023,18:40,5,75,75105,2,1,1,6,RUE POLIVEAU,48,
2.023E+11,4,9,2023,07:35,1,13,13001,2,1,1,1,ST CANADET (ROUTE) D.13,43,
2.023E+11,12,12,2023,15:30,1,75,75106,2,3,1,6,RUE D ASSAS,48,
2.023E+11,31,8,2023,17:30,1,12,12084,1,1,1,1,RD 41 A,44,
2.023E+11,11,12,2023,20:13,5,75,75105,2,3,1,1,RUE DES FOSSES SAINT BERNARD,48,
2.023E+11,12,12,2023,19:05,5,75,75119,2,4,1,2,AVENUE RENE FONCK,48,
2.023E+11,12,12,2023,09:50,1,75,75116,2,2,1,3,ALLEE DE LONGCHAMP,48,
2.023E+11,1,9,2023,18:00,1,11,11262,2,1,1,1,N/A,43,
2.023E+11,12,12,2023,11:26,1,75,75115,2,1,2,2,BOULEVARD DE VAUGIRARD,48,
2.023E+11,4,9,2023,13:45,1,6,6069,2,1,1,1,MARIGARDE (ROUTE DE LA),43,
2.023E+11,12,12,2023,09:42,1,75,75114,2,2,2,2,RUE DE LA LEGION ETRANGERE,48,
2.023E+11,4,9,2023,12:45,1,6,6069,2,1,1,7,CANNES (ROUTE DE)  -RD 6085-,43,
2.023E+11,12,12,2023,20:20,5,75,75113,2,3,1,3,BOULEVARD VINCENT AURIOL,48,
2.023E+11,3,9,2023,12:50,1,6,6027,2,1,1,3,MAURE CHEMIN DE LA,43,
2.023E+11,12,12,2023,12:15,1,75,75113,2,2,2,6,RUE DE LA GLACIERE,48,
2.023E+11,12,12,2023,08:05,5,75,75113,2,2,8,6,BOULEVARD MASSENA,48,
2.023E+11,4,9,2023,16:07,1,75,75120,2,4,1,3,PORTE DE BAGNOLET,48,
2.023E+11,12,12,2023,06:50,5,75,75113,2,2,2,3,RUE DE TOLBIAC,48,
2.023E+11,3,9,2023,14:45,1,75,75120,2,1,1,2,PORTE DES LILAS,48,
2.023E+11,12,12,2023,18:20,5,75,75103,2,3,9,3,BOULEVARD BEAUMARCHAIS,48,
2.023E+11,3,9,2023,03:29,5,75,75119,2,1,1,6,BOULEVARD MACDONALD,48,
2.023E+11,12,12,2023,10:35,1,75,75111,2,5,1,4,BOULEVARD VOLTAIRE,48,
2.023E+11,4,9,2023,18:42,1,75,75119,2,7,1,3,PLACE DU COLONEL FABIEN,48,
2.023E+11,12,12,2023,00:40,5,75,75110,2,2,1,3,QUAI DE VALMY,48,
2.023E+11,4,9,2023,02:50,5,75,75119,2,4,1,6,RUE DE MEAUX,48,
2.023E+11,12,12,2023,11:06,1,75,75107,2,1,1,3,QUAI ANATOLE FRANCE,48,
2.023E+11,4,9,2023,20:20,1,75,75118,2,3,1,6,RUE DAMREMONT,48,
2.023E+11,11,12,2023,17:00,5,75,75104,2,2,1,3,RUE SAINT LOUIS EN L ILE,48,
2.023E+11,4,9,2023,15:20,1,75,75117,2,2,1,3,RUE BOURSAULT,48,
2.023E+11,12,12,2023,21:18,5,94,94076,2,8,2,3,Avenue de Stalingrad,48,
2.023E+11,12,12,2023,18:25,5,94,94081,2,2,2,6,Rue Gabriel Péri,48,
2.023E+11,4,9,2023,16:50,1,75,75108,2,3,1,2,AVENUE DES CHAMPS ELYSEES,48,
2.023E+11,11,12,2023,11:00,1,94,94021,1,1,2,2,Rue d'Avignon,48,
2.023E+11,4,9,2023,16:45,1,75,75116,2,1,1,6,RUE BOILEAU,48,
2.023E+11,4,9,2023,14:10,1,75,75116,2,2,1,3,AVENUE KLEBER,48,
2.023E+11,12,12,2023,20:10,5,94,94033,2,1,1,6,Rue Edouard Maury,48,
2.023E+11,12,12,2023,06:54,5,94,94070,2,1,2,6,Rue de la Libération,48,
2.023E+11,4,9,2023,09:20,1,75,75115,2,1,1,3,QUAI D ISSY LES MOULINEAUX,48,
2.023E+11,12,12,2023,18:45,3,93,93071,2,9,2,6,Parking route des Petits Ponts,48,
2.023E+11,4,9,2023,01:00,5,75,75114,2,1,1,6,BOULEVARD JOURDAN,48,
2.023E+11,12,12,2023,18:05,2,93,93070,2,5,1,1,Avenue du Capitaine Glarner / Rue Palouzié,48,
2.023E+11,12,12,2023,07:50,2,93,93066,2,1,8,6,Avenue Paul Vaillant-couturier,48,
2.023E+11,3,9,2023,04:40,5,75,75114,2,3,1,6,RUE FROIDEVAUX,48,
2.023E+11,11,12,2023,18:15,5,93,93074,2,2,1,6,Rue de Meaux / Rue Pierre de Nolhac,48,
2.023E+11,4,9,2023,00:05,5,75,75113,2,3,1,6,AVENUE DE LA PORTE DE VITRY,48,
2.023E+11,12,12,2023,11:30,1,93,93001,2,1,2,6,Avenue Jean Jaurès,48,
2.023E+11,4,9,2023,17:30,1,75,75108,2,2,1,6,BOULEVARD HAUSSMANN,48,
2.023E+11,12,12,2023,18:00,5,92,92063,2,1,1,6,JUIN (AVENUE DU MARECHAL),48,
2.023E+11,12,12,2023,19:00,3,92,92051,2,1,1,4,CHARLES DE GAULLE (AVENUE,,
2.023E+11,4,9,2023,12:35,1,75,75108,2,3,7,3,RUE DE COURCELLES,48,
2.023E+11,12,12,2023,15:00,1,92,92050,2,2,1,3,CHATOU ROUTE DE,48,
2.023E+11,4,9,2023,20:55,5,75,75104,2,2,1,2,BOULEVARD HENRI IV,48,
2.023E+11,11,12,2023,10:05,1,92,92036,2,3,1,1,DECOUBERTE (RUE DE LA),48,
2.023E+11,4,9,2023,17:51,1,75,75101,2,3,1,2,RUE DE RIVOLI,48,
2.023E+11,12,12,2023,14:05,1,92,92035,2,3,8,3,MISSION MARCHAND (COTE PAIR),48,
2.023E+11,3,9,2023,13:00,1,75,75102,2,3,1,3,BOULEVARD MONTMARTRE,48,
2.023E+11,11,12,2023,17:45,5,92,92024,2,3,1,3,CLICHY (QUAI DE) DE (104 A 202),48,
2.023E+11,4,9,2023,14:20,1,94,94078,2,6,1,6,Carrefourt JEAN MOULIN,48,
2.023E+11,12,12,2023,21:00,5,92,92012,2,2,1,3,REINE (ROUTE DE LA) 1/37- 6/80,48,
2.023E+11,4,9,2023,12:30,1,94,94046,2,1,1,3,Avenue du Professeur Cadiot,48,
2.023E+11,12,12,2023,19:50,5,92,92012,2,1,2,7,POINT DU JOUR (QUAI DU),48,
2.023E+11,3,9,2023,21:00,3,94,94077,2,1,1,6,Rue Jean Pierre Timbaud,48,
2.023E+11,9,12,2023,14:15,1,14,14656,1,1,3,6,Route de Thury-Harcourt,48,
2.023E+11,3,9,2023,05:20,5,94,94002,2,2,1,6,Rue Paul Vaillant Couturier,48,
2.023E+11,11,12,2023,05:13,2,972,97227,1,9,1,5,Route nationale 5,14,
2.023E+11,4,9,2023,12:10,1,93,93073,2,3,1,6,Avenue de la Resistance / Rue Paul Langevin,48,
2.023E+11,13,12,2023,14:00,1,67,67097,1,1,1,1,D41,48,
2.023E+11,12,12,2023,22:40,3,50,50616,1,1,1,7,RN 175 PK 047+300 sens CAEN vers RENNES,48,
2.023E+11,4,9,2023,09:55,1,93,93073,2,1,1,2,Aeroport Charles de Gaulle,49,
2.023E+11,13,12,2023,09:33,1,85,85064,1,2,1,3,RD 62,46,
2.023E+11,12,12,2023,19:55,5,37,37266,1,1,1,4,a10,47,
2.023E+11,13,12,2023,00:15,3,37,37179,1,1,1,6,Echangeur A10/A28 SENS LEMANS-TOURS,47,
2.023E+11,12,12,2023,11:40,1,83,83057,1,1,1,1,pk 49 Dn7,43,
2.023E+11,13,12,2023,18:20,3,30,30117,1,1,1,1,D6113,43,
2.023E+11,4,9,2023,08:15,1,93,93077,2,4,1,2,Rue de Neuilly / Rue Simon Guitlevitch,48,
2.023E+11,12,12,2023,20:45,3,51,51200,1,1,2,2,RD 10,,
2.023E+11,11,12,2023,21:15,3,67,67235,1,1,8,7,route de seltz,48,
2.023E+11,12,12,2023,19:55,3,61,61345,1,1,2,6,D11 PR21+410,48,
2.023E+11,12,12,2023,21:43,5,49,49272,2,1,1,6,150 Port Cunault,47,
2.023E+11,12,12,2023,07:55,2,46,46132,2,1,1,6,hopital beaulieu,44,
2.023E+11,13,12,2023,16:10,1,86,86113,1,2,2,3,N10,46,
2.023E+11,12,12,2023,17:29,3,38,38130,1,1,3,1,D518a,45,
2.023E+11,12,12,2023,12:50,1,26,26165,2,2,1,3,Avenue albert mazade,44,
2.023E+11,13,12,2023,19:35,5,6,6105,2,3,1,3,D2085,43,
2.023E+11,12,12,2023,21:00,3,14,14160,1,1,1,5,D23,49,
2.023E+11,13,12,2023,11:40,1,64,64538,1,1,2,1,D933,43,
2.023E+11,6,12,2023,10:20,1,43,43257,1,1,1,2,N102,45,
2.023E+11,13,12,2023,15:29,1,10,10233,2,1,2,7,D373,48,
2.023E+11,12,12,2023,20:30,3,10,10055,1,1,1,1,D671,48,
2.023E+11,5,12,2023,08:40,1,7,7230,1,1,1,1,Route départementale 104,44,
2.023E+11,12,12,2023,07:48,5,53,53062,2,6,2,6,Rue Tréhut,47,
2.023E+11,13,12,2023,05:16,4,53,53062,2,1,8,6,RN162,47,
2.023E+11,11,12,2023,12:35,1,21,21456,1,1,2,7,D905,47,
2.023E+11,12,12,2023,21:20,3,24,24155,1,1,2,6,N21,45,
2.023E+11,13,12,2023,16:45,1,85,85108,1,1,3,2,D763,46,
2.023E+11,10,11,2023,21:00,5,85,85084,2,9,1,1,RD 160,46,
2.023E+11,12,12,2023,13:40,1,30,30173,2,3,1,3,Rue Centrale,44,
2.023E+11,8,12,2023,16:50,5,8,8365,2,1,3,6,1 RUE PASTEUR,49,
2.023E+11,11,12,2023,19:46,3,1,1151,1,1,2,2,B42 - PK 00+400,46,
2.023E+11,13,12,2023,07:45,2,69,69143,2,6,2,6,Avenue Gambetta,45,
2.023E+11,13,12,2023,07:45,2,68,68278,2,2,8,6,Avenue du Général de Gaulle,47,
2.023E+11,13,12,2023,10:50,1,69,69097,1,2,1,3,Route Départementale 28,45,
2.023E+11,10,12,2023,11:20,1,974,97406,1,1,1,7,RN3,-21,
2.023E+11,12,12,2023,21:30,5,973,97311,2,3,1,3,Avenue Paul Castaing,5,
2.023E+11,12,12,2023,16:00,1,973,97310,1,1,3,1,Point kilométrique 1 de la route de Cacao - RD 50,4,
2.023E+11,17,10,2023,07:50,1,973,97305,1,1,1,3,Route Nationale 1 PK13,4,
2.023E+11,12,12,2023,17:35,3,45,45171,1,1,1,3,D83 PR 14 + 346,47,
2.023E+11,12,12,2023,18:58,3,95,95509,1,1,1,6,D9,49,
2.023E+11,12,12,2023,18:20,3,34,34327,1,1,1,1,N113,43,
2.023E+11,12,12,2023,19:30,3,13,13099,2,6,1,1,rd952,43,
2.023E+11,12,12,2023,17:35,5,38,38449,2,1,2,6,345 Rue des Salvias,45,
2.023E+11,13,12,2023,12:40,1,46,46102,1,1,2,6,Lieu Dit la Vinadie,44,
2.023E+11,11,12,2023,08:00,5,56,56046,1,2,2,3,4 les Quatre Chemins de Kerizac,47,
2.023E+11,12,12,2023,16:15,1,35,35066,1,1,1,2,D44,48,
2.023E+11,12,12,2023,20:20,5,59,59136,2,1,1,3,Faubourg de Cambrai,50,
2.023E+11,12,12,2023,18:00,3,13,13215,1,1,1,2,A7-Sens Lyon vers Marseille,43,
2.023E+11,12,12,2023,00:30,3,69,69278,1,1,1,2,Autoroute 46,45,
2.023E+11,10,12,2023,06:45,3,54,54232,1,1,2,6,Autoroute A 31,48,
2.023E+11,11,12,2023,15:18,1,67,67131,1,1,1,1,N/A,48,
2.023E+11,12,12,2023,20:50,5,33,33249,1,1,1,2,ROUTE NATIONALE 230,44,
2.023E+11,12,12,2023,15:45,1,91,91136,1,1,2,6,AUTOROUTE A10,48,
2.023E+11,12,12,2023,13:15,1,91,91689,1,1,3,3,AUTOROUTE A6B,48,
2.023E+11,12,12,2023,08:20,1,78,78466,1,1,1,7,A13,48,
2.023E+11,12,12,2023,15:00,1,95,95394,1,1,1,7,N184,49,
2.023E+11,12,12,2023,15:00,1,77,77249,1,1,2,2,RN104,48,
2.023E+11,12,12,2023,08:00,2,94,94028,1,1,2,5,A86,48,
2.023E+11,12,12,2023,07:20,3,77,77249,1,1,2,3,RN104,48,
2.023E+11,29,9,2023,17:20,1,31,31445,2,1,7,6,76 Route de la Saune,43,
2.023E+11,27,11,2023,09:00,1,31,31555,2,1,1,6,87 Av. Jean Baylet,,
2.023E+11,9,10,2023,12:00,1,95,95369,2,3,1,6,NICOLAS KICHKINE (RUE),48,
2.023E+11,10,10,2023,21:10,3,74,74012,2,1,1,6,ROMAGNY (RUE DE),46,
2.023E+11,10,10,2023,21:10,5,74,74012,2,6,1,6,ROMAGNY (RUE DE),46,
2.023E+11,10,10,2023,08:50,1,71,71270,2,1,1,3,ROUTE DEPARTEMENTALE 906,46,
2.023E+11,10,10,2023,18:00,1,69,69276,2,6,1,3,Route de Chasse-sur-Rhône                 ,45,
2.023E+11,9,10,2023,20:10,5,67,67482,2,1,1,6,MELANIE (RUE),48,
2.023E+11,10,10,2023,16:55,1,64,64445,2,1,1,6,avenue de Saragosse,43,