Num_Acc,jour,mois,an,hrmn,lum,dep,com,agg,int,atm,col,adr,lat,long
2.023E+11,10,10,2023,17:45,1,51,51454,2,2,1,3,ANGLEMONT DE TASSIGNY (RUE LEON),49,
2.023E+11,9,10,2023,17:55,1,51,51454,2,1,1,4,EPERNAY (AVENUE D') COTE IMPAIR,49,
2.023E+11,11,10,2023,07:40,2,45,45234,2,1,1,3,51 Route d'Olivet,47,
2.023E+11,10,10,2023,16:25,1,45,45234,2,1,1,3,Quai du Fort des Tourelles,47,
2.023E+11,9,10,2023,07:45,2,42,42184,2,1,1,2,Allée Paul Forge,46,
2.023E+11,10,10,2023,11:20,1,27,27229,2,1,1,3,SEPTIEME CHASSEUR (RUE DU),49,
2.023E+11,10,10,2023,14:45,1,13,13215,2,1,1,1,LYON (RUE DE),43,
2.023E+11,10,10,2023,05:25,5,6,6069,2,1,1,6,MADELEINE,43,
2.023E+11,11,12,2023,07:40,1,974,97416,2,3,1,5,RN2 (1),-21,
2.023E+11,11,12,2023,23:50,5,69,69387,2,2,3,3,Rue Camille Roy,45,
2.023E+11,11,12,2023,12:00,1,69,69383,2,1,2,3,Pont de la Guillotière,45,
2.023E+11,11,12,2023,09:55,1,69,69202,1,1,2,6,156 Boulevard Baron du Marais,45,
2.023E+11,11,12,2023,08:20,1,69,69382,2,7,2,3,27 Quai Docteur Gailleton,45,
2.023E+11,11,12,2023,07:00,1,971,97101,1,1,2,5,BOULEVARD DES HEROS,16,
2.023E+11,10,12,2023,00:00,5,971,97113,1,1,1,3,RN4 - SECTION RIVIERA,16,
2.023E+11,10,12,2023,15:35,1,95,95598,1,1,2,6,FOSSE AUX MOINES (RUE DE LA),48,
2.023E+11,11,12,2023,07:20,2,91,91161,2,9,1,2,RUE DE LA PASSERELLE,48,
2.023E+11,11,12,2023,13:35,1,91,91201,2,3,8,3,RUE PIERRE BROSSOLETTE,48,
2.023E+11,11,12,2023,07:45,2,91,91201,2,5,1,6,ALL DES BERGERIES,48,
2.023E+11,6,12,2023,14:19,1,87,87085,2,1,1,7,PETINIAUD BEAUPEYRAT (RUE),45,
2.023E+11,10,12,2023,13:05,1,87,87085,2,1,1,1,PETIT TOUR (RUE DU),45,
2.023E+11,9,12,2023,18:26,5,87,87085,2,2,2,1,REVOLUTION (AVENUE DE LA),45,
2.023E+11,9,12,2023,17:23,2,87,87114,2,1,1,6,CLEMENCEAU (GEORGES-),45,
2.023E+11,8,12,2023,13:20,1,87,87065,2,1,1,2,VALIN (AVENUE MARTIAL),45,
2.023E+11,7,12,2023,16:52,1,87,87114,2,2,1,3,BLUM (AVENUE LEON-),45,
2.023E+11,12,12,2023,00:15,5,86,86194,2,1,2,6,Bd du Marechal de Lattre de Tassigny,46,
2.023E+11,10,12,2023,18:00,5,84,84007,2,1,1,6,PIERRE SEMARD (avenue),43,
2.023E+11,28,11,2023,15:00,1,83,83050,2,1,1,6,LECLERC(BOULEVARD GENERAL),43,
2.023E+11,11,12,2023,19:27,5,78,78650,2,9,1,5,SARTROUVILLE (ROUTE DE),48,
2.023E+11,9,12,2023,18:10,5,76,76351,2,2,1,6,GENERAL ARCHINARD (AVENUE),49,
2.023E+11,8,12,2023,11:01,1,76,76351,2,3,1,6,FLORIMOND LAURENT (RUE),49,
2.023E+11,8,12,2023,16:20,1,76,76351,2,2,1,3,ALEXANDRE RIBOT,49,
2.023E+11,8,12,2023,13:30,1,76,76351,2,3,1,6,JULES FERRY (PLACE),49,
2.023E+11,11,12,2023,18:30,5,69,69266,2,2,1,6,31 Avenue Roger Salengro,45,
2.023E+11,6,12,2023,12:15,1,69,69013,1,3,1,3,Route de Longsard,46,
2.023E+11,10,12,2023,17:10,5,69,69259,2,1,2,4,Boulevard Irène Joliot Curie,45,
2.023E+11,11,12,2023,19:15,5,67,67482,2,1,1,6,PAUL ELUARD (RUE),48,
2.023E+11,11,12,2023,04:50,3,64,64545,1,3,1,7,ELBARREN (CHEMIN D'),43,
2.023E+11,11,12,2023,08:55,1,64,64445,2,2,7,3,ALFRED NOBEL,43,
2.023E+11,11,12,2023,14:05,1,63,63113,2,1,1,6,LAFAYETTE (BD),45,
2.023E+11,17,11,2023,20:10,5,62,62041,2,1,1,6,D266,50,
2.023E+11,11,12,2023,08:20,1,59,59378,2,1,1,6,NATIONALE RUE,50,
2.023E+11,1,12,2023,20:20,5,58,58194,2,6,1,3,RENE MARLIN (CARREFOUR),46,
2.023E+11,7,12,2023,19:00,5,57,57283,2,3,1,6,METZ (RUE DE),49,
2.023E+11,9,12,2023,14:58,1,56,56121,2,1,2,7,LE BARILLEC (RUE  DU COLONEL ),47,
2.023E+11,11,12,2023,12:00,1,54,54079,2,2,1,6,Rue Saint-epvre,48,
2.023E+11,11,12,2023,19:05,5,51,51454,2,2,1,6,VOISIN (RUE GABRIEL),49,
2.023E+11,11,12,2023,07:50,3,49,49328,1,9,2,6,MARNE (BOULEVARD DE LA) D 93,47,
2.023E+11,8,12,2023,07:50,4,49,49099,2,3,3,2,MINEE(BOULEVARD DE LA),47,
2.023E+11,11,12,2023,08:15,2,45,45169,2,1,2,6,216 Route Nationale ,47,
2.023E+11,11,12,2023,17:30,5,44,44109,2,1,2,3,40 Boulevard de Sarrebruck,47,
2.023E+11,11,12,2023,20:10,5,37,37261,2,1,2,2,VAILLANT (RUE EDOUARD),47,
2.023E+11,11,12,2023,11:50,1,37,37261,2,1,9,6,EUROPE (AVENUE DE L'),47,
2.023E+11,10,12,2023,06:10,5,37,37261,2,1,1,6,VAILLANT (RUE EDOUARD),47,
2.023E+11,11,12,2023,19:30,5,35,35238,2,2,1,3,Rue de Châteaugiron,48,
2.023E+11,11,12,2023,14:20,1,35,35238,2,6,1,3,NORVEGE (DE),48,
2.023E+11,11,12,2023,15:40,1,34,34172,2,1,1,2,VIEUSSENS (BOULEVARD),43,
2.023E+11,11,12,2023,07:30,2,31,31149,2,1,1,3,CORNEBARRIEU (ROUTE DE),43,
2.023E+11,11,12,2023,15:20,1,30,30007,2,1,1,6,DE GAULLE (AVE DU GENERAL),44,
2.023E+11,11,12,2023,18:30,3,26,26313,2,9,1,6,LACRA RN532,44,
2.023E+11,11,12,2023,18:50,5,25,25056,2,3,1,6,FRANOIS ROUTE DE,47,
2.023E+11,10,10,2023,08:35,1,17,17028,2,1,1,3,RONFLAC   CHEMIN DE,46,
2.023E+11,10,12,2023,21:20,3,14,14327,1,1,1,5,N814,49,
2.023E+11,11,12,2023,19:40,5,13,13204,2,9,1,3,SAINT BRUNO (BOULEVARD),43,
2.023E+11,11,12,2023,17:00,5,13,13211,2,6,1,3,MENARD (PIERRE) (BOULEVARD),43,
2.023E+11,11,12,2023,10:40,1,12,12145,1,1,8,2,D911,44,
2.023E+11,10,12,2023,15:30,1,6,6155,1,1,1,3,SAINT BERNARD CH.,43,
2.023E+11,3,12,2023,17:55,5,3,3185,2,5,2,3,Rue Pierre Semard,46,
2.023E+11,11,12,2023,19:36,5,1,1053,2,3,2,3,HERRIOT ( BOULEVARD EDOUARD COTE PAIR),46,
2.023E+11,10,12,2023,04:50,5,75,75120,2,1,1,2,PORTE DE BAGNOLET,48,
2.023E+11,10,12,2023,23:20,5,75,75106,2,2,2,3,RUE DE VAUGIRARD,48,
2.023E+11,10,12,2023,21:00,5,75,75106,2,2,2,3,BOULEVARD DU MONTPARNASSE,48,
2.023E+11,11,12,2023,14:52,1,75,75119,2,3,8,6,RUE MATHIS,48,
2.023E+11,11,12,2023,15:35,1,75,75116,2,3,1,6,RUE DE REMUSAT,48,
2.023E+11,11,12,2023,09:41,1,75,75115,2,2,1,6,RUE DU COMMERCE,48,
2.023E+11,11,12,2023,13:05,1,75,75114,2,3,1,4,AVENUE DU MAINE,48,
2.023E+11,10,12,2023,19:20,5,75,75114,2,1,1,1,AVENUE PAUL VAILLANT COUTURIER,48,
2.023E+11,11,12,2023,08:52,1,75,75111,2,9,1,6,RUE DE MONTREUIL,48,
2.023E+11,11,12,2023,20:35,5,75,75108,2,3,1,6,RUE DE ROME,48,
2.023E+11,11,12,2023,18:50,5,94,94003,2,2,1,3,Rue Berthollet,48,
2.023E+11,11,12,2023,02:50,5,94,94073,2,9,2,3,Rue des Alouettes,48,
2.023E+11,6,10,2023,16:30,1,94,94044,2,6,1,2,66 Avenue de Verdun,48,
2.023E+11,5,10,2023,17:30,1,94,94068,2,2,1,6,Boulevard Rabelais,48,
2.023E+11,4,10,2023,18:25,1,94,94068,2,4,1,6,Rue Garibaldi,48,
2.023E+11,5,10,2023,12:50,1,94,94011,2,2,1,3,Route de Stains,48,
2.023E+11,5,10,2023,13:20,1,94,94028,2,9,1,3,Allee des Marronniers,48,
2.023E+11,5,10,2023,12:20,1,94,94028,2,1,1,3,Route de la Pompadour,48,
2.023E+11,6,10,2023,19:35,5,94,94017,1,4,1,3,Avenue Roger Salengro,48,
2.023E+11,6,10,2023,13:15,1,94,94071,2,3,1,3,Route de la Queue-en-brie,48,
2.023E+11,6,10,2023,15:30,1,93,93072,2,2,1,6,Boulevard Maxime Gorki / Avenue de Stalingrad,48,
2.023E+11,6,10,2023,18:30,1,93,93005,2,1,1,1,Av I et Frederic Joliot Curie,48,
2.023E+11,6,10,2023,19:25,5,93,93062,2,2,1,3,Avenue Thiers / Allée des Coteaux,48,
2.023E+11,5,10,2023,13:20,1,93,93048,2,1,1,3,Rue Dombasle,48,
2.023E+11,6,10,2023,01:20,5,93,93046,2,4,1,6,Boulevard Jean Jaurès / Avenue Charles de Gaulle,48,
2.023E+11,6,10,2023,18:20,1,93,93032,2,2,1,3,Avenue des Marronniers / Avenue Vaillant Couturier,48,
2.023E+11,6,10,2023,09:00,1,93,93029,2,3,1,3,Rue Victor Hugo / Rue de Drancy-cottage,48,
2.023E+11,6,10,2023,17:00,1,93,93030,2,2,1,3,Avenue Ambroise Croizat / Rue Henri Barbusse,48,
2.023E+11,6,10,2023,13:45,1,93,93010,2,1,1,3,Allee Gabriel Faure,48,
2.023E+11,6,10,2023,12:30,1,93,93008,2,1,1,6,Avenue Paul Vaillant - Couturier,48,
2.023E+11,6,10,2023,14:40,1,93,93007,2,9,1,1,Avenue Charles de Gaulle,48,
2.023E+11,6,10,2023,17:05,1,93,93005,2,9,1,6,Chemin du Moulin de la Ville,48,
2.023E+11,5,10,2023,13:40,1,92,92022,2,5,1,7,SALENGRO (AVENUE ROGER),48,
2.023E+11,6,10,2023,18:04,1,92,92063,2,1,1,6,GALLIENI (RUE),48,
2.023E+11,6,10,2023,08:30,1,92,92050,2,1,1,6,PROVINCES FRANCAISES BD DES,48,
2.023E+11,6,10,2023,19:30,5,92,92020,2,1,1,7,REPUBLIQUE AV. N°27 A 105 ET 26 A 178,48,
2.023E+11,6,10,2023,11:26,1,92,92048,2,3,1,6,VERTUGADINS (RUE DES) N° 1 A 11,48,
2.023E+11,6,10,2023,21:10,5,92,92035,2,9,1,3,National ( boulevard ),48,
2.023E+11,6,10,2023,20:50,5,92,92025,2,1,1,2,CHARLES DE GAULLE (BD),48,
2.023E+11,6,10,2023,18:50,2,92,92032,2,1,1,6,PERRIN JEAN (AVENUE),48,
2.023E+11,6,10,2023,06:00,5,92,92012,2,1,1,6,GENERAL LECLERC (AVENUE DU) 1/33 - 2/58,48,
2.023E+11,6,10,2023,11:25,1,92,92009,2,1,1,6,ARGENTEUIL ( AVENUE D' ),48,
2.023E+11,5,10,2023,11:34,1,92,92004,2,1,1,3,DOCTEUR DERVAUX  ( QUAI DU ),48,
2.023E+11,6,10,2023,22:30,3,976,97603,1,1,1,7,RN 3,-12,
2.023E+11,5,10,2023,22:36,3,13,13210,1,1,1,4,A507 sens Marseille - Aubagne,43,
2.023E+11,5,10,2023,09:25,1,13,13005,1,1,1,6,A50-Sens Marseille vers Aubagne,43,
2.023E+11,6,10,2023,15:42,1,33,33063,1,1,1,4,ROCADE A 630,44,
2.023E+11,6,10,2023,11:45,1,33,33096,1,1,1,2,AUTOROUTE A 10,44,
2.023E+11,6,10,2023,06:45,5,33,33397,1,1,1,2,AUTOROUTE A 10,44,
2.023E+11,6,10,2023,09:49,1,94,94038,1,1,1,2,A6B,48,
2.023E+11,6,10,2023,07:59,1,91,91689,1,1,1,5,AUTOROUTE A6,48,
2.023E+11,6,10,2023,01:15,3,91,91689,1,1,1,2,AUTOROUTE A6B,48,
2.023E+11,6,10,2023,18:22,1,92,92025,1,1,1,3,A86,48,
2.023E+11,6,10,2023,08:35,1,78,78640,1,1,1,2,N118,48,
2.023E+11,5,10,2023,20:53,5,92,92025,1,1,1,4,A86,48,
2.023E+11,5,10,2023,09:25,1,92,92036,1,1,1,3,RN315 W,48,
2.023E+11,5,10,2023,08:01,1,78,78043,1,1,1,2,A12 W,48,
2.023E+11,6,10,2023,16:00,1,93,93027,1,1,1,2,AUTOROUTE A86,48,
2.023E+11,6,10,2023,01:20,3,95,95252,1,1,1,2,A115,48,
2.023E+11,6,10,2023,14:30,1,94,94017,1,1,1,5,A4,48,
2.023E+11,6,10,2023,10:40,1,77,77249,1,1,1,2,RN104,48,
2.023E+11,6,10,2023,00:20,3,93,93064,1,1,1,6,A86,48,
2.023E+11,25,6,2023,11:30,1,26,26088,1,2,7,2,Route Louis Pasteur,45,
2.023E+11,5,10,2023,18:00,5,988,98818,2,3,1,3,ECHANGEUR IMPERIAL/VOIE RESERVEE NEOBUS,-22,
2.023E+11,5,10,2023,16:54,1,988,98818,2,1,1,6,Parking aérodrome de Magenta,-22,
2.023E+11,5,10,2023,15:55,1,976,97611,2,1,1,3,kaweni-Mangrove ( rue de la ),-12,
2.023E+11,5,10,2023,13:00,1,974,97416,1,1,1,6,CD 29,-21,
2.023E+11,5,10,2023,18:40,1,69,69383,2,2,1,3,Rue Mazenod,45,
2.023E+11,5,10,2023,07:20,1,69,69387,2,1,1,3,Avenue Leclerc,45,
2.023E+11,5,10,2023,05:50,2,972,97213,2,1,3,7,AUTOROUTE A1,14,
2.023E+11,4,10,2023,12:20,1,972,97213,1,1,1,6,ROUTE DEPARTEMENTALE 13,14,
2.023E+11,5,10,2023,15:30,1,69,69389,2,2,1,3,Rue Laure Diébold,45,
2.023E+11,5,10,2023,10:10,1,971,97113,2,3,2,1,SECTION DUNOYER,16,
2.023E+11,5,10,2023,08:10,1,95,95127,2,1,1,3,PETIT ALBI (RUE DU),49,
2.023E+11,5,10,2023,21:10,5,91,91286,2,4,1,2,R.N. 7,48,
2.023E+11,5,10,2023,11:55,1,91,91687,2,1,1,6, RN 104,48,
2.023E+11,4,10,2023,10:25,1,88,88160,2,5,1,3,ALLENDE (AV.SALVADOR-),48,
2.023E+11,5,10,2023,14:32,1,87,87085,2,3,1,3,ANTONY (RUE  ET CHEMIN D'),45,
2.023E+11,6,10,2023,23:20,3,86,86194,1,9,1,1,D6,46,
2.023E+11,3,10,2023,11:53,1,84,84007,2,1,1,7,OULLE (Boulevard de l'),43,
2.023E+11,2,10,2023,14:18,1,84,84007,2,4,1,3,DALADIER (Pont),43,
2.023E+11,4,10,2023,07:30,1,83,83137,2,1,1,1,FOURS A CHAUX (CHEMIN / IMP DES),43,
2.023E+11,5,10,2023,08:17,1,81,81065,2,1,7,6,CAPELANIE (AV.DE LA),43,
2.023E+11,5,10,2023,18:30,1,81,81004,2,1,1,6,THOMAS (AV ALBERT),43,
2.023E+11,16,1,2023,17:45,5,75,75103,2,2,1,6,RUE REAUMUR,48,
2.023E+11,29,9,2023,20:10,5,80,80021,2,1,1,3,ANDRE DUROUCHEZ (RUE),49,
2.023E+11,16,1,2023,09:15,1,75,75103,2,2,2,6,RUE DE TURENNE,48,
2.023E+11,16,1,2023,07:59,2,75,75101,2,2,3,3,RUE DE RIVOLI,48,
2.023E+11,28,9,2023,11:38,1,78,78646,2,2,1,6,PARIS (AVENUE DE),48,
2.023E+11,14,1,2023,15:00,1,94,94068,2,1,1,6,ELIAS HOWES (R),48,
2.023E+11,16,1,2023,07:30,5,94,94046,2,1,3,3,JEAN JAURES (R),48,
2.023E+11,16,1,2023,18:20,5,94,94041,2,8,2,6,Avenue de Verdun / Rue de Châteaudun,48,
2.023E+11,16,1,2023,09:20,2,94,94041,2,1,2,6,53 Rue Molière,48,
2.023E+11,12,1,2023,19:25,5,93,93051,2,1,1,6,Boulevard du Levant,48,
2.023E+11,4,10,2023,12:47,1,77,77358,1,6,1,6,RN 330,48,
2.023E+11,16,1,2023,10:05,1,93,93051,2,1,2,6,Route de Neuilly,48,
2.023E+11,16,1,2023,07:45,5,93,93048,2,3,2,3,Boulevard de Chanzy / Rue Parmentier,48,
2.023E+11,5,10,2023,07:55,2,76,76231,2,4,1,6,Place du Champ de Foire,49,
2.023E+11,16,1,2023,11:40,1,93,93063,2,1,2,6,Rue de la République,48,
2.023E+11,16,1,2023,09:45,1,93,93001,2,1,2,6,Boulevard Anatole France,48,
2.023E+11,5,10,2023,00:35,5,76,76351,2,1,1,7,JEAN MAUREL (RUE),49,
2.023E+11,16,1,2023,19:00,5,92,92075,2,3,2,6,MOULIN (RUE DU),48,
2.023E+11,16,1,2023,11:20,1,92,92064,2,1,2,2,PASTEUR,48,
2.023E+11,3,10,2023,20:30,5,76,76447,2,1,1,7,COMMUNE 1871 (DE LA),49,
2.023E+11,16,1,2023,08:55,1,92,92064,2,1,2,2,CAMP CANADIEN,48,
2.023E+11,15,1,2023,20:50,5,92,92063,2,2,1,3,MAUREPAS (RUE DE),48,
2.023E+11,3,10,2023,08:55,1,73,73065,2,3,1,3,D1 MOTTE SERVOLEX (AVENUE DE LA),45,
2.023E+11,16,1,2023,11:40,1,92,92026,2,3,3,6,22 SEPTEMBRE ( RUE DU ),48,
2.023E+11,5,10,2023,08:40,1,73,73008,2,7,1,6,BOUCHER ALFRED SQUARE,45,
2.023E+11,15,1,2023,15:00,1,92,92024,2,1,1,6,MARTRE (RUE) DE (59 A 109)   (58 A 120),48,
2.023E+11,16,1,2023,18:20,5,92,92007,2,9,8,3,BRIAND (AVENUE ARISTIDE) N° 2 A 98,48,
2.023E+11,4,10,2023,09:30,1,72,72003,1,9,1,3,RD 23 (RTE),47,
2.023E+11,16,1,2023,10:50,1,92,92002,2,3,2,3,MIRABEAU (RUE),48,
2.023E+11,4,10,2023,15:50,1,71,71270,2,9,1,3,LYON (ROUTE DE),46,
2.023E+11,16,1,2023,06:00,5,92,92002,2,7,2,3,LEON HARMEL (AVENUE),48,
2.023E+11,16,1,2023,21:35,3,72,72260,1,1,1,6,D338,47,
2.023E+11,17,1,2023,18:45,5,83,83054,1,1,1,3,Rue du Docteur Schweitzer,43,
2.023E+11,17,1,2023,10:46,1,56,56240,2,9,1,3,32 Route du Menez,47,
2.023E+11,5,10,2023,23:35,5,67,67447,2,1,1,3,GENERAL DE GAULLE (ROUTE DU),48,
2.023E+11,17,1,2023,07:45,2,19,19124,1,1,8,4,A89 PK 178.000,45,
2.023E+11,5,10,2023,18:30,1,67,67482,2,2,1,3,ROME (RUE DE),48,
2.023E+11,16,1,2023,11:50,1,80,80714,1,1,2,3,D925,50,
2.023E+11,5,10,2023,15:45,1,67,67482,2,1,1,3,VOSGES (AVENUE DES),48,
2.023E+11,16,1,2023,23:45,3,89,89018,1,1,2,6,,48,
2.023E+11,16,1,2023,11:50,1,63,63178,2,2,1,6,Boulevard de Barrière,45,
2.023E+11,4,10,2023,23:30,5,67,67218,2,3,1,2,STRASBOURG (AVENUE DE),48,
2.023E+11,17,1,2023,10:35,1,68,68140,1,2,1,3,Départementale 8,47,
2.023E+11,17,1,2023,13:40,1,39,39325,1,1,4,6,,46,
2.023E+11,17,1,2023,08:35,1,25,25258,1,1,2,6,D673,47,
2.023E+11,4,10,2023,15:10,1,66,66136,2,3,1,3,N/A,42,
2.023E+11,17,1,2023,14:50,1,44,44146,1,1,4,6,La Noë Bleue,47,
2.023E+11,16,1,2023,07:50,5,44,44213,2,1,8,3,Rue Pierre de Coubertin,47,
2.023E+11,4,10,2023,07:47,1,66,66136,2,6,1,3,N/A,42,
2.023E+11,17,1,2023,08:30,2,29,29235,2,1,8,6,rue de la Victoire,48,
2.023E+11,17,1,2023,04:06,3,70,70312,1,1,9,6,rn 19,47,
2.023E+11,17,1,2023,07:55,4,58,58095,2,1,4,6,12 Avenue du 14 Juillet,46,
2.023E+11,5,10,2023,11:55,1,64,64545,2,4,1,3,CAPITAINE PELLOT (RUE DU),43,
2.023E+11,16,1,2023,11:15,1,14,14299,1,2,2,3,214 Route du Theil,49,
2.023E+11,5,10,2023,01:15,5,64,64445,2,3,1,6,CHANTILLY,43,
2.023E+11,16,1,2023,11:06,1,5,5046,2,1,4,6,Rue du Saint Esprit,44,
2.023E+11,15,1,2023,13:25,1,43,43025,1,1,2,6,PIROLLES,45,
2.023E+11,6,10,2023,00:15,5,64,64024,2,9,1,1,BAB (BOULEVARD DU),43,
2.023E+11,16,1,2023,17:00,2,36,36200,1,1,4,6,,46,
2.023E+11,13,1,2023,18:30,5,85,85135,2,1,2,6,22 Rue des acacias,46,
2.023E+11,5,10,2023,10:40,1,64,64102,2,1,1,2,LOEB (AVENUE DE L'INTERNE JACQUES),43,
2.023E+11,16,1,2023,09:50,1,3,3075,1,1,6,7,A71 PK336+500,46,
2.023E+11,4,10,2023,17:15,1,64,64102,2,1,1,6,LABOURD (PONT DU),43,
2.023E+11,16,1,2023,20:10,4,34,34294,1,1,1,5,A9,43,
2.023E+11,4,10,2023,17:15,1,64,64102,2,1,1,6,PAULMY (AVENUE DES ALLEES),43,
2.023E+11,16,1,2023,08:50,2,27,27351,1,1,5,2,Autoroute A13 PK 100.000,49,
2.023E+11,5,10,2023,13:40,1,63,63113,2,9,1,3,MEUNIERS (RUE DES),45,
2.023E+11,16,1,2023,15:30,1,69,69189,1,3,1,3,Route Départementale 386,45,
2.023E+11,15,1,2023,15:45,1,988,98833,1,1,1,7,Méa Mébara (Tribu),-21,
2.023E+11,5,10,2023,00:05,3,62,62510,2,9,1,6,D58,50,
2.023E+11,17,1,2023,10:25,1,988,98802,1,1,1,4,RT1 Sortie col de Mo,,
2.023E+11,16,1,2023,22:55,5,29,29233,2,1,3,7,Rue Thiers,47,
2.023E+11,5,7,2023,14:30,1,60,60159,2,6,1,6,Rue Philéas Lebesgue,49,
2.023E+11,17,1,2023,08:12,3,45,45191,2,2,2,2,Rue de la Poterne,48,
2.023E+11,14,1,2023,18:30,3,13,13084,1,1,1,6,D23,43,
2.023E+11,16,1,2023,21:00,3,13,13048,1,1,1,6,D561,43,
2.023E+11,4,10,2023,08:57,1,56,56260,2,1,1,5,3 Rue Marcellin Berthelot,47,
2.023E+11,12,1,2023,15:20,1,67,67345,1,1,8,6,Rue du Commerce,48,
2.023E+11,13,1,2023,14:10,1,73,73215,1,3,1,6,D925 Avenue des alpes,45,
2.023E+11,4,10,2023,18:00,1,54,54184,2,2,1,3,MOENCH (RUE CHRISTIAN),48,
2.023E+11,17,1,2023,05:55,3,38,38415,1,1,2,1,D18,45,
2.023E+11,16,1,2023,16:30,1,26,26085,2,1,7,6,Place de la Grangette,44,
2.023E+11,16,1,2023,17:15,2,31,31499,2,1,2,6,Avenue du Languedoc,43,
2.023E+11,4,10,2023,21:07,4,51,51454,2,1,1,3,BLUM (AVENUE LEON),49,
2.023E+11,17,1,2023,17:45,1,29,29042,1,3,1,2,Pen ar Poul Tremet,48,
2.023E+11,16,1,2023,18:30,3,35,35191,1,1,8,2,D15,48,
2.023E+11,4,10,2023,19:40,5,51,51454,2,5,1,2,VENISE (RUE),49,
2.023E+11,17,1,2023,16:50,1,60,60575,2,1,1,7,1 Rue de l'Avenir,49,
2.023E+11,16,1,2023,12:20,1,60,60639,2,1,2,6,Tillé,49,
2.023E+11,3,10,2023,17:45,1,49,49099,2,3,1,3,MANCEAU (AVENUE ANATOLE),47,
2.023E+11,17,1,2023,15:30,1,2,2405,1,1,1,6,D291,49,
2.023E+11,17,1,2023,18:15,5,80,80561,2,1,1,6,16 Rue Amand de Vienne,49,
2.023E+11,4,10,2023,12:25,1,49,49353,2,1,1,2,CAMUS,47,
2.023E+11,12,1,2023,09:00,1,69,69276,1,1,1,3,Autoroute 7  ,45,
2.023E+11,5,10,2023,19:36,2,45,45284,2,1,1,1,44 Avenue de Verdun,47,
2.023E+11,16,1,2023,16:00,1,91,91312,1,1,1,1,RD 444,48,
2.023E+11,16,1,2023,05:30,3,91,91659,1,1,2,3,AUTOROUTE A6,48,
2.023E+11,5,10,2023,12:00,1,45,45286,2,1,1,2,D951 PR 89 + 661,47,
2.023E+11,16,1,2023,17:30,3,95,95212,1,1,1,4, A1,49,
2.023E+11,5,10,2023,08:45,1,45,45286,2,1,1,3,5 Levee des Capucins,47,
2.023E+11,16,1,2023,14:40,1,77,77372,1,1,2,6,A104,48,
2.023E+11,14,1,2023,20:35,5,75,75113,2,4,3,2,QUAI D IVRY,48,
2.023E+11,5,10,2023,09:58,1,44,44184,2,1,1,1,175 Boulevard Jean De Neyman,47,
2.023E+11,13,1,2023,19:25,5,75,75108,2,3,1,3,BOULEVARD MALESHERBES,48,
2.023E+11,15,1,2023,22:55,5,75,75119,2,1,1,6,BOULEVARD MACDONALD,48,
2.023E+11,4,10,2023,15:45,1,44,44109,2,1,1,7,68 Boulevard des Anglais,47,
2.023E+11,15,1,2023,00:23,3,75,75117,2,2,2,1,AVENUE DE NEUILLY,48,
2.023E+11,5,10,2023,18:18,1,37,37214,2,6,1,3,DE GAULLE (BD CHARLES),47,
2.023E+11,14,1,2023,18:10,5,75,75116,2,1,2,6,ALLEE DU BORD DE L EAU,48,
2.023E+11,15,1,2023,15:20,1,75,75115,2,7,1,6,PLACE RAOUL DAUTRY,48,
2.023E+11,5,10,2023,13:50,1,37,37261,2,1,1,6,BALZAC (PARC HONORE DE),47,
2.023E+11,15,1,2023,01:00,5,75,75113,2,1,2,3,RUE CLISSON,48,
2.023E+11,15,1,2023,15:45,1,75,75111,2,2,1,6,RUE DU CHEMIN VERT,48,
2.023E+11,4,10,2023,14:40,1,37,37122,2,1,1,2,JAURES (BOULEVARD JEAN),47,
2.023E+11,15,1,2023,07:12,5,75,75111,2,2,1,6,RUE SAINT MAUR,48,
2.023E+11,5,10,2023,19:15,2,35,35238,1,1,1,2,N136,48,
2.023E+11,15,1,2023,19:42,5,75,75110,2,3,1,3,BOULEVARD DE BONNE NOUVELLE,48,
2.023E+11,14,1,2023,19:55,5,75,75109,2,3,2,6,RUE RICHER,48,
2.023E+11,14,1,2023,19:45,5,75,75104,2,2,3,3,RUE DE LA CERISAIE,48,
2.023E+11,14,1,2023,18:32,5,75,75101,2,2,1,3,BOULEVARD DE SEBASTOPOL,48,
2.023E+11,4,10,2023,17:20,1,35,35051,1,1,1,2,RN157,48,
2.023E+11,15,1,2023,18:25,5,94,94038,2,3,1,3,Rue de la Futaie / Avenue Henri Barbusse,48,
2.023E+11,14,1,2023,21:30,5,93,93059,2,1,2,2,Avenue Elisée Reclus,48,
2.023E+11,5,10,2023,22:10,5,33,33192,2,3,1,2,Cours du Général de Gaulle,44,
2.023E+11,5,10,2023,16:05,1,33,33249,2,3,1,3,Avenue des Champs,44,
2.023E+11,5,10,2023,11:35,1,33,33063,2,1,1,6,Rue Eugène Tenot,44,
2.023E+11,14,1,2023,18:15,3,93,93079,2,1,2,2,Route de Saint-leu,48,
2.023E+11,15,1,2023,13:30,1,93,93029,2,3,1,3,Rue Sadi Carnot / Rue Jean Pierre Timbaud,48,
2.023E+11,5,10,2023,16:20,1,33,33529,2,1,7,3,rue Lagrua,44,
2.023E+11,5,10,2023,08:00,1,33,33529,1,1,1,3,RD 1250 (CAMICAS-OUSTALET),44,