Num_Acc,jour,mois,an,hrmn,lum,dep,com,agg,int,atm,col,adr,lat,long
2.023E+11,15,1,2023,15:20,1,93,93005,2,1,1,5,Rue du Bailly de Suffren,48,
2.023E+11,5,10,2023,19:30,1,31,31555,2,1,1,3,NARBONNE (ROUTE DE),43,
2.023E+11,15,1,2023,07:15,5,92,92026,2,3,1,6,PRÉSIDENT PAUL DOUMER (QUAI DU),48,
2.023E+11,15,1,2023,03:10,5,92,92032,2,2,2,3,DOLIVET J ET M (AVENUE),48,
2.023E+11,15,1,2023,20:15,3,14,14162,1,1,6,6,La Cage,48,
2.023E+11,5,10,2023,19:45,3,31,31555,2,1,1,5,VA007331 A620,43,
2.023E+11,14,1,2023,17:45,2,83,83072,1,3,1,3,3630 Route de Saint-antonin,43,
2.023E+11,4,1,2023,20:30,3,51,51425,1,3,2,1,D980,49,
2.023E+11,30,9,2023,18:45,1,30,30189,2,1,1,6,ALLENDE SALVADOR (RUE),43,
2.023E+11,8,1,2023,21:49,3,63,63181,1,1,3,7,Lieu dit Piory,46,
2.023E+11,5,10,2023,18:30,1,30,30007,2,1,1,2,Avenue des Frères Lumière,44,
2.023E+11,16,1,2023,06:00,3,41,41046,1,1,3,6,A71,47,
2.023E+11,15,1,2023,16:50,1,974,97410,1,3,1,7,Route Nationale 3,-21,
2.023E+11,16,1,2023,07:45,3,50,50616,1,1,6,1,N175 - Pr 43+800,48,
2.023E+11,1,10,2023,01:45,5,29,29051,2,1,1,2,Straed Paul Gauguin,47,
2.023E+11,16,1,2023,06:50,3,50,50592,1,1,6,1,D374,48,
2.023E+11,15,1,2023,22:20,3,47,47108,1,1,2,7,RD 116,44,
2.023E+11,16,1,2023,17:30,3,51,51627,1,1,3,1,D9,48,
2.023E+11,5,10,2023,18:00,1,27,27562,1,1,1,3,D 64,49,
2.023E+11,11,1,2023,19:00,3,56,56206,2,6,2,2,Giratoire de Kermelin,47,
2.023E+11,6,10,2023,00:00,3,25,25462,1,1,1,6,Rocade Georges Pompidou,46,
2.023E+11,16,1,2023,06:55,3,59,59054,1,1,2,6,RD 933,50,
2.023E+11,16,1,2023,06:54,3,59,59094,2,1,3,3,138 Rue de Bergues,50,
2.023E+11,4,10,2023,17:15,1,14,14271,1,9,1,3,N814,49,
2.023E+11,15,1,2023,20:35,3,61,61412,1,1,2,6,D912,48,
2.023E+11,14,1,2023,14:45,1,41,41099,1,1,2,3,D59,47,
2.023E+11,5,10,2023,13:25,1,13,13075,2,1,1,7,GARDANENS (MONTEE DES),43,
2.023E+11,5,10,2023,11:15,1,13,13203,2,1,1,7,CHARVET (RUE),43,
2.023E+11,5,10,2023,08:30,1,13,13213,2,1,1,1,FRANÇOIS MIGNET (AVENUE),43,
2.023E+11,14,1,2023,15:25,1,34,34338,1,1,1,4,D908,43,
2.023E+11,14,1,2023,15:45,1,68,68325,1,1,2,7,Fichten,47,
2.023E+11,5,10,2023,09:35,1,13,13204,2,1,1,1,DE ROUX (BD ET IMPASSE),43,
2.023E+11,4,1,2023,18:20,3,68,68293,2,1,2,1,Rue Principale,47,
2.023E+11,4,10,2023,07:41,1,10,10333,2,9,1,6,NOTRE DAME DES PRES (RUE DE),48,
2.023E+11,15,1,2023,01:05,3,29,29171,1,1,8,6,D785,47,
2.023E+11,5,10,2023,11:45,1,6,6029,2,9,1,2,TURKHEIM (RUE DE),43,
2.023E+11,14,1,2023,20:45,3,3,3280,1,1,2,1,Lieu Dit le Mont,46,
2.023E+11,12,1,2023,16:20,1,58,58302,1,1,1,3,Rue des Minerottes,47,
2.023E+11,5,10,2023,13:45,1,6,6029,2,1,1,2,GRASSE (AVENUE DE),43,
2.023E+11,16,1,2023,17:41,3,54,54076,2,6,3,6,8 Route de Mont sur Meurthe,48,
2.023E+11,16,1,2023,13:00,1,14,14371,1,1,3,7,2431 Rue du Général Leclerc,48,
2.023E+11,4,10,2023,15:22,1,5,5061,2,1,1,6,EMBRUN ( AVENUE D'),44,
2.023E+11,14,1,2023,18:45,2,14,14119,1,3,2,4,1bis Route de Paris,49,
2.023E+11,16,1,2023,07:40,2,90,90049,2,1,1,6,3 Faubourg Saint-Antoine,47,
2.023E+11,6,1,2023,23:30,5,9,9264,2,1,1,7,D624,43,
2.023E+11,5,10,2023,20:55,3,4,4070,1,1,1,7,RN 85 ( route ),44,
2.023E+11,16,1,2023,10:50,1,36,36047,1,2,8,3,La Brumalerie,46,
2.023E+11,28,9,2023,16:30,1,2,2064,1,1,1,1,N/A,49,
2.023E+11,16,1,2023,18:15,5,21,21502,1,1,9,6,D996,47,
2.023E+11,5,10,2023,00:10,5,75,75119,2,1,1,7,ECHANGEUR PORTE DE PANTIN,48,
2.023E+11,13,1,2023,17:45,3,21,21414,1,3,1,4,RD 981 RD 17L,47,
2.023E+11,13,1,2023,23:40,5,85,85051,2,6,2,7,RD 2949B,46,
2.023E+11,4,10,2023,22:30,3,75,75116,2,1,1,3,PORTE MAILLOT,48,
2.023E+11,14,1,2023,18:00,5,27,27056,2,1,2,6,rue bernard gombert,49,
2.023E+11,16,1,2023,17:30,1,30,30059,1,1,1,6,D6572,43,
2.023E+11,15,1,2023,18:30,3,24,24523,1,2,2,3,pk 5+150 RD 14,44,
2.023E+11,15,1,2023,22:55,3,31,31483,1,1,8,6,Autoroute A64 PK 202.000,43,
2.023E+11,4,10,2023,08:50,1,75,75119,2,1,1,4,PORTE DE LA VILLETTE,48,
2.023E+11,15,1,2023,22:10,3,69,69013,1,1,1,5,Autoroute 6 ,46,
2.023E+11,5,10,2023,10:00,1,75,75120,2,3,1,6,RUE DE BELLEVILLE,48,
2.023E+11,16,1,2023,01:00,3,973,97305,1,1,1,2,Belle Humeur,4,
2.023E+11,13,1,2023,17:30,1,971,97116,2,1,1,6,Rue du Débarcadère,16,
2.023E+11,16,1,2023,10:50,1,29,29297,1,1,1,3,Rue de Quimperle,47,
2.023E+11,5,10,2023,09:25,1,75,75120,2,4,1,5,AVENUE DU PROFESSEUR ANDRE LEMIERE,48,
2.023E+11,5,10,2023,18:30,1,75,75117,2,3,1,7,AVENUE DES TERNES,48,
2.023E+11,16,1,2023,07:00,5,67,67240,2,3,1,1,Rue d?Odratzheim,48,
2.023E+11,15,1,2023,13:30,1,88,88101,1,1,2,1,D159,48,
2.023E+11,14,1,2023,16:04,2,57,57256,2,1,3,1,D603,49,
2.023E+11,5,10,2023,11:30,1,75,75116,2,5,1,3,AVENUE PAUL DOUMER,48,
2.023E+11,15,1,2023,06:55,3,87,87156,1,1,3,1,Rue des Grands Rieux,45,
2.023E+11,16,1,2023,07:10,3,33,33439,1,1,6,6,au caillou,45,
2.023E+11,16,1,2023,17:40,2,85,85003,1,1,1,6,RD948,46,
2.023E+11,5,10,2023,10:05,1,75,75114,2,3,1,3,AVENUE PAUL VAILLANT COUTURIER,48,
2.023E+11,16,1,2023,05:40,5,29,29103,2,6,9,3,quai de Léon,48,
2.023E+11,5,10,2023,02:20,5,75,75113,2,3,1,7,AVENUE PIERRE MENDES FRANCE,48,
2.023E+11,14,1,2023,18:15,3,27,27165,1,2,3,3,RD840,48,
2.023E+11,5,10,2023,09:40,1,75,75120,2,3,1,3,RUE DU COMMANDANT L HERMINIER,48,
2.023E+11,12,1,2023,05:50,3,60,60589,2,1,1,6,D162,49,
2.023E+11,16,1,2023,08:30,1,60,60103,1,2,2,3,Bresles,49,
2.023E+11,5,10,2023,18:30,2,75,75104,2,3,1,3,RUE DE LOBAU,48,
2.023E+11,13,1,2023,18:05,5,59,59571,2,1,1,5,Rue du Général de Gaulle,50,
2.023E+11,13,1,2023,17:20,2,13,13214,1,1,1,4,A7-Sens Marseille vers Lyon,43,
2.023E+11,15,1,2023,15:45,1,83,83047,1,1,1,7,A570,43,
2.023E+11,5,10,2023,18:40,1,75,75101,2,2,1,3,RUE DE RIVOLI,48,
2.023E+11,15,1,2023,06:20,3,67,67482,1,1,2,7,M351,48,
2.023E+11,5,10,2023,17:00,1,75,75103,2,3,1,6,RUE DU TEMPLE,48,
2.023E+11,15,1,2023,11:15,1,91,91064,1,1,1,2,RN 118,48,
2.023E+11,5,10,2023,15:10,1,75,75101,2,3,1,7,AVENUE DE L OPERA,48,
2.023E+11,15,1,2023,03:45,5,92,92064,1,1,2,2,A13,48,
2.023E+11,14,1,2023,20:30,5,92,92036,1,1,3,6,AUTOROUTE A15,48,
2.023E+11,5,10,2023,09:15,1,75,75104,2,3,1,3,RUE SAINT ANTOINE,48,
2.023E+11,13,1,2023,08:10,1,95,95682,1,1,1,4,N104,49,
2.023E+11,5,10,2023,02:10,5,75,75104,2,3,1,7,RUE DE RIVOLI,48,
2.023E+11,15,1,2023,11:00,1,94,94022,1,1,1,3,A86,48,
2.023E+11,4,10,2023,18:15,1,75,75101,2,2,1,6,BOULEVARD DE SEBASTOPOL,48,
2.023E+11,15,1,2023,02:55,3,94,94069,1,1,2,2,A4,48,
2.023E+11,14,1,2023,15:55,1,77,77294,1,1,2,4,A104,48,
2.023E+11,14,1,2023,20:26,5,78,78440,2,1,2,6,HENRI DUNANT (RUE),48,
2.023E+11,4,10,2023,14:19,1,75,75103,2,1,1,6,RUE DU PONT AUX CHOUX,48,
2.023E+11,14,1,2023,15:53,1,72,72003,2,1,2,6,GAULLE CHARLES DE (AV),47,
2.023E+11,5,10,2023,16:05,1,94,94041,2,9,1,6,9 Rue Louis Rousseau,48,
2.023E+11,14,1,2023,18:15,5,69,69290,2,9,1,6,211 Route de Grenoble,45,
2.023E+11,5,10,2023,11:50,1,94,94058,2,6,1,3,Rdpt du Général Leclerc,48,
2.023E+11,14,1,2023,17:50,5,54,54395,2,1,3,6,Avenue de la Libération,48,
2.023E+11,14,1,2023,12:00,1,54,54274,2,1,2,6,Avenue de la Malgrange,48,
2.023E+11,5,10,2023,22:45,5,94,94041,2,2,1,3,190 Boulevard de Stalingrad,48,
2.023E+11,13,1,2023,15:05,1,54,54528,2,1,2,6,RD 400,48,
2.023E+11,14,1,2023,13:30,1,974,97411,2,9,1,6,AUBER (RUE JULES),-20,
2.023E+11,5,10,2023,05:40,5,94,94043,2,1,1,3,Avenue Eugène Thomas,48,
2.023E+11,14,1,2023,18:50,1,974,97409,2,1,1,7,DIORE(CHEMIN),-20,
2.023E+11,14,1,2023,14:40,1,973,97302,2,2,3,3,VOLTAIRE(AVENUE),4,
2.023E+11,5,10,2023,18:00,1,94,94065,2,1,1,2,Avenue Charles Lindbergh,48,
2.023E+11,14,1,2023,21:00,5,69,69387,2,2,2,3,Grande Rue de la Guillotière,45,
2.023E+11,14,1,2023,19:05,5,69,69387,2,1,1,7,36 Rue Croix-Barret,45,
2.023E+11,5,10,2023,12:13,1,94,94077,2,2,1,3,Avenue Poincaré,48,
2.023E+11,14,1,2023,16:20,1,69,69388,2,2,1,6,132 Avenue des Frères Lumière,45,
2.023E+11,14,1,2023,23:39,5,95,95019,2,1,2,6,D208,48,
2.023E+11,4,10,2023,07:26,2,94,94019,2,1,1,3,Rue des Bordes,48,
2.023E+11,14,1,2023,20:59,5,95,95277,1,1,3,4,D317,48,
2.023E+11,14,1,2023,17:50,5,95,95219,2,1,2,1,D401,48,
2.023E+11,5,10,2023,11:36,1,94,94017,2,2,1,6,Rue Alexandre Fourny,48,
2.023E+11,13,1,2023,18:00,5,95,95218,2,1,1,2,N184,49,
2.023E+11,5,10,2023,07:40,1,93,93078,2,2,1,3,Avenue des Nations / Mail des Peupliers,48,
2.023E+11,14,1,2023,07:45,5,91,91345,2,3,2,7,RUE MICHEL DE GAILLARD,48,
2.023E+11,13,1,2023,16:45,2,88,88429,1,1,3,7,RN 57,48,
2.023E+11,5,10,2023,20:40,5,93,93072,2,1,1,6,Boulevard Maxime Gorki,48,
2.023E+11,5,10,2023,11:25,1,93,93059,2,3,1,3,Avenue Elisée Reclus / Rue Séverin Tuleu,48,
2.023E+11,14,1,2023,18:50,5,76,76429,2,2,2,6,Route de Paris,49,
2.023E+11,5,10,2023,21:30,5,93,93070,2,1,1,3,Avenue Gabriel Péri,48,
2.023E+11,14,1,2023,11:00,1,76,76497,1,4,2,3,Avenue des Canadiens,49,
2.023E+11,5,10,2023,19:50,5,93,93070,2,2,1,2,Rue Albert Dhalenne / Rue Soubise,48,
2.023E+11,13,1,2023,18:55,5,76,76217,2,1,2,6,GRANDE RUE,49,
2.023E+11,13,1,2023,17:25,5,73,73011,2,1,9,1,CHARRETTE (CHEMIN DE LA),45,
2.023E+11,5,10,2023,17:45,1,93,93066,2,3,1,6,Rue Charles Michels / Place Jean Poulmarch,48,
2.023E+11,14,1,2023,17:55,5,73,73008,2,6,1,3,Avenue Daniel Rops,45,
2.023E+11,14,1,2023,18:30,2,62,62133,2,1,2,6,D46,50,
2.023E+11,5,10,2023,09:10,1,93,93066,2,3,1,3,Rue du Plouich / Rue Georges Bizet,48,
2.023E+11,13,1,2023,16:30,2,59,59507,2,1,1,6,LAVOISIER RUE,50,
2.023E+11,13,1,2023,20:40,3,57,57463,2,1,9,1,GENERAL METMAN,49,
2.023E+11,5,10,2023,22:45,5,93,93055,2,3,1,1,Avenue du Général Leclerc / Rue Diderot,48,
2.023E+11,14,1,2023,11:35,1,54,54321,2,1,1,2,Avenue du Luxembourg,49,
2.023E+11,5,10,2023,11:40,1,93,93031,2,3,1,6,Rue Lacépède / Rue de Paris,48,
2.023E+11,14,1,2023,19:12,3,53,53130,2,1,3,6,Rue de Beausoleil,48,
2.023E+11,13,1,2023,17:00,1,49,49007,2,1,2,7,GAULLE BOULEVARD CHARLES DE,47,
2.023E+11,14,1,2023,18:37,3,45,45338,1,1,2,6,D42 PR 2 + 635,47,
2.023E+11,5,10,2023,15:40,1,93,93027,2,5,1,1,Avenue Paul Vaillant Couturier / Rue Edouard Renard,48,
2.023E+11,14,1,2023,18:30,5,44,44109,2,1,2,6,103 Boulevard de la Liberté,47,
2.023E+11,14,1,2023,06:00,5,38,38185,2,9,5,6,ROND-POINT PIERRE ET MARIE CURIE,45,
2.023E+11,10,6,2023,20:25,1,92,92063,2,3,1,6,HOPITAL STELL (BOULEVARD DE L'),48,
2.023E+11,14,1,2023,19:05,3,37,37233,2,1,3,6,DUCLOS (AVENUE JACQUES),47,
2.023E+11,5,10,2023,20:10,5,92,92051,2,2,1,2,GRAVIERS (RUE DES),48,
2.023E+11,14,1,2023,18:50,5,37,37261,2,3,3,6,SAINT BARTHELEMY (RUE ET ALLEE),47,
2.023E+11,14,1,2023,19:20,5,35,35278,2,6,3,6,ROBIQUETTE (ROND POINT DE LA),48,
2.023E+11,5,10,2023,22:18,5,92,92044,2,5,1,3,VIC. HUGO(RUE)115A149 ET 148A178,48,
2.023E+11,14,1,2023,08:45,1,33,33013,1,3,1,3,Rocade Rive Droite - Ech24,44,
2.023E+11,5,10,2023,12:41,1,92,92044,2,2,1,6,P.V.COUTURIER(RUE)81A113ET60A100,48,
2.023E+11,14,1,2023,08:53,1,32,32013,1,1,1,2,TOULOUSE (ROUTE DE),43,
2.023E+11,5,1,2023,16:00,1,30,30028,2,1,1,6,Avenue de l'Ancyse,44,
2.023E+11,5,10,2023,09:30,1,92,92036,2,6,1,6,MARCEL PAUL (AVENUE) (1/103),48,
2.023E+11,14,1,2023,13:00,1,29,29232,2,2,2,3,Avenue de Keradennec,47,
2.023E+11,4,10,2023,18:05,1,92,92026,2,1,1,7,PRÉSIDENT PAUL DOUMER (QUAI DU),48,
2.023E+11,14,1,2023,11:15,1,29,29232,2,1,2,6,Rue Le Déan,47,
2.023E+11,6,10,2023,06:20,3,40,40133,1,1,1,6,A 63 PK 161+800,43,
2.023E+11,13,1,2023,08:10,5,29,29232,2,6,1,2,Route du Petit Guelen,47,
2.023E+11,6,10,2023,17:00,1,974,97415,1,1,1,2,Chemin de Ligne,-21,
2.023E+11,6,10,2023,16:30,1,1,1235,1,1,1,3,D1083,46,
2.023E+11,11,1,2023,19:21,5,29,29019,2,3,1,1,rue Victor Hugo,48,
2.023E+11,6,10,2023,18:30,2,38,38157,2,2,1,1,Lotissement les Hauts du Michalin,45,
2.023E+11,13,1,2023,23:30,5,28,28085,2,2,2,2,LECLERC (RUE DU MARECHAL),48,
2.023E+11,6,10,2023,10:15,1,6,6149,2,1,1,3,M2204c,43,
2.023E+11,6,10,2023,08:00,1,6,6161,2,2,1,3,2507 RD6007,43,
2.023E+11,14,1,2023,19:20,5,22,22278,2,2,2,1,REPUBLIQUE (DE LA),48,
2.023E+11,5,10,2023,19:15,1,31,31567,1,1,1,2,D826,43,
2.023E+11,6,10,2023,15:50,1,974,97412,2,1,1,7,Route de Grand Coude,-21,
2.023E+11,19,9,2023,23:19,3,91,91661,1,1,1,1,D118,48,
2.023E+11,11,1,2023,18:10,5,21,21054,2,2,8,1,Rue du Clos du Roy,47,
2.023E+11,6,10,2023,09:50,1,26,26333,1,9,1,5,Saint-Vallier,45,
2.023E+11,5,10,2023,18:10,1,974,97413,1,1,1,3,N1a,-21,
2.023E+11,3,10,2023,08:45,1,974,97413,2,1,7,6,Rue Gaspard,-21,
2.023E+11,5,10,2023,18:55,2,12,12270,1,1,1,2,A75,44,
2.023E+11,6,10,2023,15:20,1,69,69100,2,3,1,7,Rue des Selettes,45,
2.023E+11,5,10,2023,15:57,1,51,51302,1,1,1,7,D337,48,
2.023E+11,6,10,2023,08:30,1,56,56091,2,3,1,3,Rue des Saulniers,47,
2.023E+11,5,10,2023,11:30,1,56,56036,2,3,1,1,Rue Daniel Trudaine,47,
2.023E+11,6,10,2023,11:50,1,76,76070,1,1,1,4,Route de la Briqueterie,49,
2.023E+11,3,10,2023,09:45,1,79,79174,1,1,1,7,N/A,46,
2.023E+11,28,7,2023,07:10,1,34,34064,1,1,1,6,A75,43,
2.023E+11,28,7,2023,12:20,1,62,62042,1,1,1,1,D950,50,
2.023E+11,27,7,2023,12:00,1,83,83116,2,1,1,6,Chemin d?Aix,43,
2.023E+11,28,7,2023,12:30,1,95,95652,1,1,1,3,D922,49,
2.023E+11,25,7,2023,03:00,3,89,89456,1,1,2,3,N/A,48,
2.023E+11,20,7,2023,13:52,1,49,49359,2,3,7,3,Rue de l'Ancien Commerce,47,
2.023E+11,28,7,2023,02:15,5,42,42279,2,1,1,6,Route de Saint Victor,45,
2.023E+11,22,7,2023,01:45,3,46,46281,1,1,1,3,pk 29 D807,44,
2.023E+11,26,7,2023,17:09,1,47,47265,1,1,2,1,D413,44,
2.023E+11,23,7,2023,09:00,1,41,41080,2,1,1,6,24bis Route des Hayes,47,
2.023E+11,18,7,2023,18:08,1,22,22166,1,3,1,2,Ty Glaz,48,
2.023E+11,27,7,2023,21:15,3,39,39017,1,3,1,1,N/A,46,
2.023E+11,26,7,2023,17:45,1,35,35299,1,1,1,6,les nielles,48,
2.023E+11,28,7,2023,18:00,1,2,2292,2,1,1,6,Avenue Ernest Couvrecelle,49,
2.023E+11,25,7,2023,13:00,1,84,84133,2,6,1,1,Boulevard de Saint Roch,43,
2.023E+11,25,7,2023,21:30,2,3,3108,1,1,1,7,D998,46,
2.023E+11,28,7,2023,13:00,1,54,54162,1,1,2,6,D960A,48,
2.023E+11,28,7,2023,11:32,1,6,6059,1,1,1,1,Tunnel du Cap Estel Avenue Raymond Poincaré,43,
2.023E+11,28,7,2023,08:10,1,6,6148,1,1,1,1,Chemin de la Papeterie,43,
2.023E+11,28,7,2023,07:19,1,50,50290,1,1,1,1,D106,48,
2.023E+11,28,7,2023,17:25,1,64,64038,2,1,1,1,6 Route de Lanchipiette,43,
2.023E+11,24,7,2023,18:20,1,10,10323,2,6,1,3,17 avenue Georges Pompidou,48,
2.023E+11,28,7,2023,02:45,3,21,21205,2,4,1,6,Rue de la Liberté,47,
2.023E+11,26,7,2023,22:45,3,24,24087,1,1,1,6,Départementale 703,44,
2.023E+11,28,7,2023,11:35,1,4,4088,1,1,1,3,RD16,43,
2.023E+11,25,7,2023,18:00,1,27,27204,1,1,1,1,D14b,49,
2.023E+11,22,7,2023,12:35,1,17,17241,1,3,1,4,Route du Pont de Ricot,45,
2.023E+11,26,7,2023,19:05,1,23,23223,1,1,1,1,la Vialle,45,
2.023E+11,26,7,2023,16:41,1,68,68037,1,1,1,3,A35 PR 79+400,47,
2.023E+11,28,7,2023,02:40,5,30,30169,2,2,2,1,37 Route de Nîmes,43,
2.023E+11,28,7,2023,14:40,1,89,89379,1,1,2,6,N/A,47,
2.023E+11,26,7,2023,18:45,1,38,38289,1,3,1,1,route de sardonne,45,
2.023E+11,27,7,2023,22:00,5,78,78537,1,1,2,2,A 10,48,
2.023E+11,27,7,2023,15:15,2,11,11086,2,3,1,3,5 rue des grenaches,42,
2.023E+11,27,7,2023,14:00,1,77,77364,1,2,2,3,pk DS D54,49,
2.023E+11,27,7,2023,20:30,2,77,77343,1,1,2,7,D401,49,
2.023E+11,22,7,2023,14:30,1,78,78655,2,1,1,6,12 Route de Rambouillet,48,
2.023E+11,28,7,2023,00:35,3,34,34299,1,1,3,6,Route de la Maïre,43,
2.023E+11,28,7,2023,12:10,1,5,5058,1,2,1,3,D38,44,
2.023E+11,27,7,2023,19:30,2,5,5070,2,6,1,3,D1075,44,
2.023E+11,14,7,2023,21:35,2,13,13014,1,1,1,3,D21,43,
2.023E+11,27,7,2023,16:49,1,13,13074,1,3,7,3,D96,43,
2.023E+11,27,7,2023,15:35,1,57,57008,1,1,1,1,D20 pk 24+160,49,
2.023E+11,27,7,2023,15:20,1,42,42037,1,1,1,6,D8,45,
2.023E+11,22,7,2023,18:20,1,38,38153,1,1,1,6,Route de Villard de Lans,45,
2.023E+11,28,7,2023,13:15,1,69,69157,2,1,1,6,Place Jean XXIII,45,
2.023E+11,27,7,2023,12:55,1,69,69117,1,3,1,3,Route de Limonest,45,
2.023E+11,28,7,2023,08:00,1,19,19101,1,1,1,1,Route des Vignes (Laguenne),45,
2.023E+11,27,7,2023,20:46,2,17,17225,1,9,1,3,RD 25,,
2.023E+11,23,7,2023,09:00,1,44,44159,1,1,8,1,4 beau site,47,
2.023E+11,27,7,2023,16:35,1,59,59212,2,1,2,1,Rue Emile Roche,50,
2.023E+11,27,7,2023,17:10,1,13,13026,1,1,1,2,A55-Sens Martigues vers Marseille,43,
2.023E+11,25,7,2023,00:50,3,69,69163,1,1,1,6,Autoroute 46,45,
2.023E+11,27,7,2023,18:00,1,33,33397,1,1,1,2,AUTOROUTE A 10,44,
2.023E+11,27,7,2023,10:35,1,33,33487,1,1,1,2,AUTOROUTE A 10,44,
2.023E+11,26,7,2023,23:20,5,33,33550,1,1,1,3,ROCADE A 630,44,
2.023E+11,27,7,2023,18:30,1,91,91340,1,1,2,2,RN 104,48,
2.023E+11,27,7,2023,08:40,1,91,91687,1,1,1,7,AUTOROUTE A6,48,
2.023E+11,26,7,2023,17:30,1,75,75116,1,1,1,6,A13W,48,
2.023E+11,26,7,2023,18:45,1,95,95256,1,1,1,3,N184,49,
2.023E+11,26,7,2023,14:05,1,95,95277,1,1,1,2,A3,48,
2.023E+11,26,7,2023,09:30,1,93,93029,1,1,1,3,AUTOROUTE A86,48,
2.023E+11,26,7,2023,05:00,3,93,93027,1,1,1,3,AUTOROUTE A1,48,
2.023E+11,25,7,2023,09:15,1,95,95018,1,1,1,6,D311,48,
2.023E+11,24,7,2023,08:00,1,95,95018,1,1,2,6,D311,48,
2.023E+11,27,7,2023,19:00,1,94,94022,1,1,2,1,A86,48,
2.023E+11,26,7,2023,18:40,1,93,93051,1,1,1,3,A4,48,
2.023E+11,7,4,2023,15:00,1,74,74077,1,1,4,4,A40,46,
2.023E+11,18,5,2023,12:16,1,74,74010,1,9,1,5,A41,45,
2.023E+11,28,3,2023,18:15,1,19,19275,2,1,1,6,CARNOT (AVENUE) N° PAIRS,45,
2.023E+11,23,3,2023,04:40,5,19,19275,2,2,1,3,CARNOT (AVENUE) N° PAIRS,45,
2.023E+11,27,7,2023,22:00,2,26,26362,2,1,1,1,Avenue de Chabeuil,44,
2.023E+11,19,7,2023,16:35,1,24,24256,1,1,1,6,SUDER (AVENUE LOUIS),45,
2.023E+11,26,7,2023,16:40,1,988,98818,2,3,1,1,RUE ARMAND OHLEN/RUE BRASSENS,-22,
2.023E+11,26,7,2023,13:45,1,974,97416,2,9,1,6,LIGNE DES BAMBOUS(ROUTE),-21,
2.023E+11,26,7,2023,06:25,1,974,97416,1,9,1,5,ANCIENNE RN 1,-21,
2.023E+11,26,7,2023,19:40,4,973,97302,2,1,1,2,GRANT (CITE),4,
2.023E+11,26,7,2023,15:25,1,973,97302,2,1,1,7,FELIX EBOUE(ROCADE),4,
2.023E+11,26,7,2023,18:40,1,69,69388,2,1,1,6,Rue Philippe Fabia,45,
2.023E+11,26,7,2023,13:30,1,69,69386,2,3,1,3,Avenue Thiers,45,
2.023E+11,26,7,2023,16:20,1,972,97209,1,1,1,6,CHATEAUBOEUF (ROUTE DE),14,
2.023E+11,26,7,2023,10:00,1,972,97209,2,3,1,3,BOUILLE (RUE),14,
2.023E+11,27,7,2023,00:29,5,2B,2B033,2,1,1,6,CHANOINE LESCHI - RUE,42,
2.023E+11,26,7,2023,13:40,1,971,97113,1,1,1,1,PONT DE POUCET,16,
2.023E+11,26,7,2023,09:45,1,91,91434,2,2,1,3,AVENIR (AVENUE DE L'),48,
2.023E+11,26,7,2023,09:30,1,91,91432,2,2,1,3,AV ARISTIDE BRIAND,48,
2.023E+11,25,7,2023,07:50,1,87,87065,1,1,1,6,AUTOROUTE A20,45,
2.023E+11,23,7,2023,02:15,4,86,86194,2,5,1,3,Boulevard Anatole France,46,
2.023E+11,25,7,2023,18:45,1,86,86066,2,2,1,3,Avenue de Velbert,46,
2.023E+11,26,7,2023,17:55,1,76,76474,2,3,1,5,Rue de l'Avenir,49,
2.023E+11,25,7,2023,22:10,3,76,76351,1,1,1,7,RD 940,49,
2.023E+11,25,7,2023,10:20,1,72,72181,2,9,1,2,LEFAUCHEUX PIERRE (BD),47,
2.023E+11,26,7,2023,15:15,1,67,67482,2,1,8,3,LANDSBERG (RUE DU),48,
2.023E+11,26,7,2023,12:20,1,64,64260,2,1,1,6,ALLEES (RUE DES),43,
2.023E+11,26,7,2023,09:30,1,64,64545,2,4,1,1,RD810,43,
2.023E+11,23,7,2023,21:35,2,57,57306,2,1,1,6,WENDEL (RUE DE),49,
2.023E+11,26,7,2023,16:26,1,57,57463,2,2,1,6,ROI GEORGE (PLACE DU ),49,
2.023E+11,23,7,2023,09:28,1,54,54079,2,1,1,7,Avenue Victor Claude,48,
2.023E+11,26,7,2023,14:15,1,51,51454,2,1,1,6,CARRE GENERAL (RUE),49,
2.023E+11,26,7,2023,03:00,5,51,51454,2,1,1,6,LEDRU ROLLIN (RUE) DU N°1 A 171 ET 2 A 1,49,
2.023E+11,26,7,2023,00:53,5,51,51454,2,2,1,6,ALBERT 1ER (BOULEVARD),49,
2.023E+11,26,7,2023,04:30,5,49,49007,2,1,1,7,COUBERTIN BOULEVARD,47,
2.023E+11,25,7,2023,16:14,1,49,49267,1,1,1,5,A87N,47,
2.023E+11,25,7,2023,13:46,1,49,49007,2,2,1,3,LAFAYETTE PLACE,47,
2.023E+11,26,7,2023,12:40,1,47,47001,2,1,1,3,REPUBLIQUE (BOULEVARD DE LA),44,
2.023E+11,25,7,2023,22:55,5,46,46042,2,1,1,6,ZOLA (RUE EMILE),44,
2.023E+11,13,3,2023,14:50,1,44,44109,2,1,1,2,Boulevard Martin Luther King,47,
2.023E+11,26,7,2023,15:35,1,37,37261,2,1,1,6,GRAMMONT (AVENUE DE),47,
2.023E+11,25,7,2023,16:45,1,34,34003,1,1,6,7,Lieu-dit Les Verdisses,43,
2.023E+11,26,7,2023,04:25,3,28,28209,1,1,1,1,RN 1154,48,