Num_Acc,jour,mois,an,hrmn,lum,dep,com,agg,int,atm,col,adr,lat,long
2.023E+11,18,5,2023,16:15,1,91,91174,2,1,9,1,AV GENERAL DE GAULLE,48,
2.023E+11,22,6,2023,17:20,1,35,35047,2,1,1,7,Avenue Lavoisier,48,
2.023E+11,5,11,2023,09:59,1,49,49007,2,1,1,6,GAULLE BOULEVARD CHARLES DE,47,
2.023E+11,22,6,2023,17:45,1,35,35047,2,1,1,7,Rue des Fresnais,48,
2.023E+11,5,11,2023,23:11,3,49,49246,2,1,1,2,A87N,47,
2.023E+11,23,6,2023,09:20,1,29,29181,1,1,1,5,Guernévez,48,
2.023E+11,6,11,2023,09:11,1,49,49007,2,1,1,2,CHAUMIN BOULEVARD,47,
2.023E+11,23,6,2023,11:50,1,42,42158,1,1,1,3,Impasse des Forges,46,
2.023E+11,22,6,2023,23:30,3,974,97414,1,1,2,7,route nationale 5,-21,
2.023E+11,7,11,2023,16:49,1,47,47001,2,1,1,2,COLMAR (AV. DE),44,
2.023E+11,18,5,2023,06:45,2,77,77449,1,6,1,4,D345,48,
2.023E+11,23,6,2023,16:27,1,72,72200,1,9,1,3,D139,47,
2.023E+11,19,6,2023,07:45,1,72,72124,2,1,1,7,Route de Mayet,47,
2.023E+11,18,5,2023,17:10,1,77,77186,1,3,1,3,RD58,,
2.023E+11,7,11,2023,09:20,1,45,45232,2,1,1,6,42 Rue Marcel Belot,47,
2.023E+11,20,6,2023,05:45,2,44,44076,1,2,1,3,Le Chatenay,47,
2.023E+11,18,5,2023,15:25,1,77,77186,1,1,1,1,RD607 de Barbizon à pavé du roi,48,
2.023E+11,22,6,2023,16:30,1,4,4102,1,1,1,6,D900,44,
2.023E+11,7,11,2023,08:30,1,45,45286,2,1,9,2,174 Rue de la Cornaillère,47,
2.023E+11,19,5,2023,01:00,5,69,69266,2,1,1,3,Rond-Point des Charpennes,45,
2.023E+11,22,6,2023,16:45,1,56,56052,1,1,1,2,39 Boulevard Saint Guerin,47,
2.023E+11,6,11,2023,17:25,5,45,45234,2,1,1,3,10 Rue du 11 Novembre,47,
2.023E+11,23,6,2023,12:00,1,77,77239,1,2,1,3,D231,48,
2.023E+11,23,6,2023,10:00,1,76,76709,2,1,1,6,742 Rue du Maréchal Foch,49,
2.023E+11,6,11,2023,15:15,1,45,45075,2,1,1,3,69 Route d'Orléans,47,
2.023E+11,18,5,2023,11:30,1,69,69256,2,1,1,1,52 Rue Lamartine,45,
2.023E+11,23,6,2023,08:10,1,79,79207,2,4,1,3,,46,
2.023E+11,6,11,2023,17:15,1,45,45068,2,1,1,3,17 Avenue Jean Jaurès,48,
2.023E+11,23,6,2023,14:03,1,71,71263,1,1,1,6,rue des industries,46,
2.023E+11,18,5,2023,15:30,1,67,67218,2,3,1,3,STRASBOURG (AVENUE DE),48,
2.023E+11,22,6,2023,16:00,1,71,71079,1,1,1,6,Route de Goz du Haut,46,
2.023E+11,6,11,2023,17:43,2,43,43157,2,1,1,3,31 Boulevard Marechal Joffre,45,
2.023E+11,17,5,2023,12:35,1,59,59360,2,9,1,2,PARE AMBROISE RUE,50,
2.023E+11,21,6,2023,23:50,3,63,63381,1,1,5,6,D943,45,
2.023E+11,7,11,2023,10:30,1,42,42127,2,2,1,3,Rue Beaumarchais,46,
2.023E+11,20,6,2023,16:00,1,55,55263,1,1,1,7,D7,48,
2.023E+11,18,5,2023,09:35,1,58,58194,2,9,1,3,MARZY,46,
2.023E+11,7,11,2023,17:15,2,41,41018,2,1,1,6,WILSON (AVENUE DU PRESIDENT),47,
2.023E+11,22,6,2023,08:45,1,42,42020,2,2,2,7,Route de la Gare,45,
2.023E+11,18,5,2023,16:50,1,51,51242,1,1,1,7,D933,48,
2.023E+11,22,6,2023,16:20,1,42,42313,1,2,2,3,Route des Coteaux,45,
2.023E+11,7,11,2023,18:05,2,38,38053,2,2,1,6,SCOTTO (VINCENT),45,
2.023E+11,18,5,2023,11:58,1,50,50218,2,1,1,3,MATIGNON (AV DES),48,
2.023E+11,19,6,2023,17:17,1,34,34197,1,3,1,3,RD128,43,
2.023E+11,22,6,2023,18:40,1,34,34074,1,3,1,1,RD14,43,
2.023E+11,18,5,2023,19:50,1,49,49099,1,1,1,3,ATLANTIQUE (AVENUE DE L'),47,
2.023E+11,7,11,2023,08:40,1,35,35238,2,2,1,3,CHATEAUGIRON (DE),48,
2.023E+11,22,6,2023,17:50,1,25,25228,2,1,1,6,Place du 8 Mai,47,
2.023E+11,17,5,2023,16:25,1,45,45234,2,1,1,6,18 Boulevard Alexandre Martin,47,
2.023E+11,17,5,2023,17:00,1,43,43041,2,1,1,2,129 Avenue Charles Dupuy,45,
2.023E+11,7,11,2023,22:15,5,34,34172,2,1,1,1,MILHAUD (BOULEVARD BENJAMIN),43,
2.023E+11,22,6,2023,12:30,1,44,44211,1,1,1,1,Boulevard de Lauvergnac,47,
2.023E+11,28,5,2023,14:45,1,29,29259,2,3,1,3,D769,48,
2.023E+11,17,5,2023,12:15,1,43,43041,2,1,1,5,8 Cote de Tireboeuf,45,
2.023E+11,7,11,2023,14:10,1,34,34172,2,6,1,2,ZENITH (ROND POINT DU),43,
2.023E+11,23,6,2023,17:40,1,29,29284,2,1,1,6,Rue du Capitaine le Drezen,47,
2.023E+11,18,5,2023,12:20,1,42,42275,2,3,3,1,Avenue Albert Raimond,45,
2.023E+11,22,6,2023,18:45,1,29,29174,2,6,1,1,Rue de Canapé,47,
2.023E+11,7,11,2023,08:15,1,34,34129,2,1,1,1,PLATANES (AVENUES DES),43,
2.023E+11,18,5,2023,04:18,5,35,35238,2,1,1,6,PATTON (AVENUE DU GENERAL SIR GEORGES),48,
2.023E+11,22,6,2023,08:15,1,3,3118,2,1,8,3,29 Rue Jules Bertin,46,
2.023E+11,7,11,2023,06:50,2,34,34172,2,1,1,1,LODEVE (ROUTE DE),43,
2.023E+11,18,5,2023,18:45,1,33,33200,2,4,1,1,Rue Colbert,44,
2.023E+11,23,6,2023,18:10,1,70,70240,2,1,1,2,95 Rue Marquiset,47,
2.023E+11,7,11,2023,18:30,5,33,33522,2,2,2,3,Rue du Général Bordas,44,
2.023E+11,17,5,2023,13:10,1,31,31483,2,3,1,3,REPUBLIQUE (RUE DE LA),43,
2.023E+11,23,6,2023,15:50,1,58,58177,1,3,1,3,D944,47,
2.023E+11,7,11,2023,16:30,1,33,33192,2,1,8,6,RUE DES FONTAINES DE MONJOUS,44,
2.023E+11,18,5,2023,17:05,1,29,29232,2,1,1,6,Rue de Douarnenez,47,
2.023E+11,1,6,2023,08:20,1,58,58095,2,1,1,6,Boulevard Voltaire,46,
2.023E+11,6,11,2023,15:50,1,33,33119,2,1,2,6,Avenue Jean Jaurès,44,
2.023E+11,13,6,2023,15:11,1,54,54102,1,3,7,7,D118a,48,
2.023E+11,17,5,2023,11:10,1,17,17415,2,6,7,2,DICONCHE,45,
2.023E+11,23,6,2023,19:45,1,50,50074,1,1,1,1,le buisson,48,
2.023E+11,19,8,2023,20:10,1,33,33249,2,2,1,3,Rue Joachim du Bellay,44,
2.023E+11,23,6,2023,17:05,1,64,64106,2,1,1,3,399 Route de Mauléon,43,
2.023E+11,17,5,2023,18:05,1,17,17306,2,2,1,1,PONTAILLAC (DE) (AVENUE),45,
2.023E+11,17,5,2023,11:37,1,15,15014,2,1,1,6,RD 120,44,
2.023E+11,23,6,2023,06:30,2,16,16286,1,2,5,3,D382,45,
2.023E+11,7,11,2023,19:15,5,29,29232,2,9,1,5,Boulevard Louis le Guennec,47,
2.023E+11,6,11,2023,14:20,1,29,29232,2,9,1,7,Rond-Point de Ludugris,47,
2.023E+11,17,5,2023,08:45,1,15,15014,2,1,1,2,JAURES (BOULEVARD JEAN),44,
2.023E+11,7,11,2023,10:45,1,29,29051,2,1,1,1,Avenue du Rouillen,47,
2.023E+11,6,6,2023,17:05,1,24,24547,1,1,1,4,D6089,45,
2.023E+11,17,5,2023,14:30,1,15,15014,2,6,1,3,GARRIC (AVENUE DU),44,
2.023E+11,7,11,2023,17:35,5,28,28404,1,1,1,3,RD 828A,48,
2.023E+11,18,5,2023,11:05,1,14,14536,1,1,1,6,D580,49,
2.023E+11,7,11,2023,12:45,1,28,28134,2,9,1,6,FENOTS (AVENUE DES),48,
2.023E+11,23,6,2023,08:00,1,27,27290,1,2,1,3,D24,49,
2.023E+11,18,5,2023,21:10,5,13,13215,2,1,2,2,LYON (RUE DE),43,
2.023E+11,18,5,2023,13:22,1,13,13206,2,1,2,2,PARADIS (RUE),43,
2.023E+11,7,11,2023,11:30,1,25,25056,1,1,1,3,GRAY ROUTE DE,47,
2.023E+11,5,11,2023,14:30,1,22,22278,2,1,2,6,MONGE,48,
2.023E+11,18,5,2023,19:40,1,8,8480,2,9,1,7,,49,
2.023E+11,27,2,2023,00:35,3,94,94074,1,1,1,2,N406,48,
2.023E+11,17,5,2023,16:11,1,6,6027,2,1,1,2,PASTEUR RUE,43,
2.023E+11,5,11,2023,03:10,3,22,22278,2,1,2,1,WALDECK-ROUSSEAU (BD ET PT),48,
2.023E+11,25,2,2023,22:20,5,54,54578,2,2,1,6,AIGUILLETTES  (BD 5A A 17A),48,
2.023E+11,18,5,2023,12:55,1,4,4070,2,2,2,2,ONZE NOVEMBRE 1918 (RD PT DU),44,
2.023E+11,6,11,2023,08:34,1,19,19272,1,3,3,3,Brive (Route),45,
2.023E+11,25,2,2023,04:25,5,13,13208,2,1,1,3,PRADO (AVENUE DU),43,
2.023E+11,3,11,2023,18:25,2,19,19031,2,1,2,6,Avenue Jacques Et Bernadette Chirac,45,
2.023E+11,28,4,2023,11:00,1,2,2408,2,2,1,3,,49,
2.023E+11,26,2,2023,19:00,5,974,97407,1,1,1,1,ROND POINT TAMATAVE,-20,
2.023E+11,17,5,2023,00:05,4,75,75120,2,1,9,2,ECHANGEUR BAGNOLET,48,
2.023E+11,3,11,2023,17:35,2,19,19031,2,1,1,6,SEMARD (AVENUE PIERRE) JUSQU'A N° 73 - 6,45,
2.023E+11,26,2,2023,20:10,3,974,97407,2,1,1,6,VOIE DE LIAISON PORTUAIRE EST/ OUEST,-20,
2.023E+11,6,11,2023,12:15,1,15,15014,1,1,2,7,RD 117,44,
2.023E+11,17,5,2023,15:16,1,75,75108,2,4,1,3,VOIE GEORGES POMPIDOU,48,
2.023E+11,26,2,2023,02:50,5,973,97302,2,2,3,1,FELIX EBOUE(ROCADE),4,
2.023E+11,18,5,2023,13:50,1,75,75117,2,3,1,6,PLACE GENERAL CATROUX,48,
2.023E+11,7,11,2023,16:30,1,13,13054,2,2,1,3,HENRI BARRELET (RUE ),43,
2.023E+11,18,5,2023,16:00,2,75,75116,2,1,1,6,QUAI LOUIS BLERIOT,48,
2.023E+11,26,2,2023,19:55,5,69,69383,2,3,6,1,Rue Ferdinand Buisson,45,
2.023E+11,7,11,2023,19:00,5,13,13005,2,1,1,6,LEGION ETRANGERE,43,
2.023E+11,18,5,2023,17:00,1,75,75115,2,3,1,6,BOULEVARD DE GRENELLE,48,
2.023E+11,6,2,2023,05:10,4,972,97213,2,6,1,6,MAHAULT,14,
2.023E+11,18,5,2023,13:50,1,75,75113,2,3,1,7,AVENUE DE LA PORTE DE CHOISY,48,
2.023E+11,28,10,2023,16:55,1,12,12145,2,9,1,6,REC,44,
2.023E+11,26,2,2023,07:30,1,82,82121,2,1,1,7,MOLIERES (ROUTE DE),44,
2.023E+11,7,11,2023,10:45,1,11,11069,2,1,1,2,Avenue du Marechal Foch,43,
2.023E+11,26,2,2023,19:20,5,81,81004,2,6,1,6,LUDE (BD ET ALLEE DU),43,
2.023E+11,18,5,2023,10:30,1,75,75111,2,3,1,3,AVENUE DE LA REPUBLIQUE,48,
2.023E+11,6,11,2023,06:50,2,11,11069,1,6,2,2,N/A,43,
2.023E+11,26,2,2023,20:00,3,77,77114,1,1,1,2,RTE NATIONALE N 4,48,
2.023E+11,18,5,2023,18:00,1,75,75110,2,2,1,2,QUAI DE VALMY,48,
2.023E+11,6,11,2023,08:41,1,10,10081,1,1,2,2,PENETRANTE NORD,48,
2.023E+11,18,5,2023,17:38,1,75,75108,2,3,1,2,RUE FRANCOIS 1ER,48,
2.023E+11,25,2,2023,12:25,1,76,76545,2,1,2,6,Route du Vallon,49,
2.023E+11,18,5,2023,03:15,5,75,75107,2,1,1,6,BOULEVARD SAINT GERMAIN,48,
2.023E+11,6,11,2023,11:33,1,5,5061,1,1,2,5,VALSERRES ( RUE DE ),44,
2.023E+11,25,2,2023,15:02,1,69,69266,2,1,1,1,49 Rue Octavie,45,
2.023E+11,18,5,2023,16:00,1,94,94042,2,1,1,2,Boulevard de l'Europe,48,
2.023E+11,6,11,2023,13:28,1,5,5023,1,1,1,2,MAISONS BLANCHES (RUE DES),44,
2.023E+11,18,5,2023,15:25,1,94,94041,2,1,1,6,Avenue de la République,48,
2.023E+11,25,2,2023,10:15,1,60,60175,2,3,1,3,Avenue Leonard de Vinci,49,
2.023E+11,17,5,2023,21:40,5,94,94078,2,2,1,3,Rue Diderot / Rue Voltaire,48,
2.023E+11,7,11,2023,11:55,1,4,4112,2,3,1,2,ROUGIER (BD.),43,
2.023E+11,26,2,2023,14:45,1,59,59512,2,2,1,3,NATIONS UNIES (AVENUE DES),50,
2.023E+11,18,5,2023,11:30,1,94,94004,2,2,1,1,Rue de Paris / Rue de Valenton,48,
2.023E+11,7,11,2023,16:20,1,75,75119,2,1,1,3,PORTE DE PANTIN,48,
2.023E+11,26,2,2023,17:00,1,59,59560,2,1,1,6,EPINETTE RUE DE L,50,
2.023E+11,26,2,2023,08:55,1,59,59378,2,1,1,6,TORGUE ADOLPHE RUE,50,
2.023E+11,7,11,2023,08:15,2,75,75119,2,1,1,2,PORTE DE PANTIN,48,
2.023E+11,18,5,2023,02:37,5,93,93066,2,2,1,3,Avenue Lénine / Avenue Jean Moulin,48,
2.023E+11,26,2,2023,06:20,3,54,54174,2,1,1,6,FORT (CHEMIN DU ),48,
2.023E+11,7,11,2023,00:15,5,75,75120,2,4,2,6,ECHANGEUR BAGNOLET,48,
2.023E+11,18,5,2023,13:25,1,93,93055,2,1,1,3,Avenue Jean Jaurès,48,
2.023E+11,26,2,2023,15:10,1,38,38185,2,2,1,6,JOSEPH VALLIER (BOULEVARD),45,
2.023E+11,6,11,2023,21:30,5,75,75112,2,1,2,5,PORTE DE CHARENTON,48,
2.023E+11,18,5,2023,01:27,5,92,92063,2,1,1,6,DOUMER (AVENUE PAUL) NORD,48,
2.023E+11,26,2,2023,13:30,1,38,38423,2,1,1,2,RUE DE BROTTERODE,45,
2.023E+11,6,11,2023,16:00,1,75,75117,2,1,1,2,PORTE DE SAINT OUEN,48,
2.023E+11,18,5,2023,19:20,1,92,92051,2,3,1,2,BINEAU (BOULEVARD,,
2.023E+11,26,2,2023,16:30,1,31,31555,2,1,1,2,FAUBOURG BONNEFOY (RUE DU) DU 1AU 231,43,
2.023E+11,26,2,2023,02:20,3,19,19272,1,1,1,6,RD 9 ,45,
2.023E+11,18,5,2023,13:30,1,92,92050,2,9,1,3,JOFFRE MARECHAL AVENUE DU,48,
2.023E+11,6,11,2023,16:15,1,75,75116,2,1,1,5,PORTE DAUPHINE,48,
2.023E+11,18,5,2023,18:16,1,92,92020,2,9,1,7,DIVISION LECLERC AVENUE DE LA,48,
2.023E+11,26,2,2023,22:35,3,13,13103,1,1,4,3,ROUTE DE JEAN MOULIN-RN 538,43,
2.023E+11,17,5,2023,12:05,1,92,92019,2,1,1,3,DIVISION LECLERC (AVENUE DE LA),48,
2.023E+11,6,11,2023,08:20,1,75,75114,2,4,1,5,PORTE D ORLEANS,48,
2.023E+11,27,2,2023,00:05,5,13,13213,2,9,2,3,POILUS (AVENUE DES),43,
2.023E+11,26,2,2023,02:15,3,13,13207,2,1,1,1,CHARLES LIVON (BOULEVARD),43,
2.023E+11,6,11,2023,07:25,1,75,75119,2,1,1,3,PORTE DE PANTIN,48,
2.023E+11,19,5,2023,12:15,1,54,54345,1,2,7,3,RD112,48,
2.023E+11,25,2,2023,22:30,5,13,13215,2,1,1,1,VISTE (AVENUE DE LA),43,
2.023E+11,18,5,2023,19:45,1,62,62547,2,1,1,6,D113E3,50,
2.023E+11,26,2,2023,10:20,1,13,13005,2,3,1,3,RN 96 (ROUTE NATIONALE ),43,
2.023E+11,6,11,2023,21:24,5,75,75105,2,3,9,5,QUAI SAINT BERNARD,48,
2.023E+11,19,5,2023,16:35,1,2A,2A272,1,1,1,1,RT40,41,
2.023E+11,26,2,2023,19:49,3,9,9122,1,1,1,6,CADIRAC (AVENUE DE),42,
2.023E+11,6,11,2023,23:17,5,75,75119,2,2,2,3,RUE DU PRE SAINT GERVAIS,48,
2.023E+11,26,2,2023,20:25,5,2,2304,2,1,1,6,,49,
2.023E+11,19,5,2023,09:25,1,2A,2A189,1,1,1,6,D157,41,
2.023E+11,18,5,2023,12:50,1,62,62245,1,1,1,6,rue du royaume,50,
2.023E+11,22,2,2023,08:00,1,83,83126,2,2,1,6,ALLENDE (AV. SALVADOR),43,
2.023E+11,7,11,2023,20:50,5,75,75117,2,3,1,6,RUE MARGUERITTE,48,
2.023E+11,17,5,2023,18:00,1,86,86111,1,1,1,7,D161,46,
2.023E+11,25,2,2023,23:00,5,974,97409,2,3,2,6,MASCAREIGNES (Avenue des),-20,
2.023E+11,7,11,2023,15:30,1,75,75116,2,1,1,6,AVENUE DE L HIPPODROME,48,
2.023E+11,18,5,2023,00:50,3,67,67392,1,1,1,7,D157,48,
2.023E+11,24,2,2023,16:50,1,2B,2B037,2,2,2,3,TOUTES RUES,42,
2.023E+11,7,11,2023,09:40,1,75,75116,2,3,1,3,AVENUE DE NEW YORK,48,
2.023E+11,18,5,2023,21:20,2,49,49174,1,1,1,3,Route des Sintonnieres,47,
2.023E+11,25,2,2023,11:50,1,971,97101,1,1,1,7,ROUTE DE CHAZEAU,16,
2.023E+11,7,11,2023,02:25,5,75,75116,2,2,2,3,ALLEE DE LONGCHAMP,48,
2.023E+11,25,2,2023,14:30,1,2A,2A004,2,1,8,2,Rue Colonel Colonna d'Istria,41,
2.023E+11,18,5,2023,18:15,1,62,62906,2,1,9,1,D2191E1,50,
2.023E+11,18,5,2023,12:14,1,12,12064,1,1,1,1,Route de l’Aubrac,44,
2.023E+11,6,11,2023,18:24,5,75,75116,2,2,2,3,ALLEE DE LONGCHAMP,48,
2.023E+11,25,2,2023,11:20,1,95,95277,2,2,7,2,D970,48,
2.023E+11,6,11,2023,14:30,1,75,75116,2,1,1,1,AVENUE KLEBER,48,
2.023E+11,24,2,2023,14:25,1,95,95280,2,3,1,3,Rue Gaston Coute,49,
2.023E+11,18,5,2023,12:33,1,21,21406,1,1,1,2,Autoroute A38 - PK16+300,47,
2.023E+11,25,2,2023,08:20,1,95,95427,2,1,1,6,Rue d’Épinay,48,
2.023E+11,7,11,2023,13:45,1,75,75115,2,3,1,1,RUE OLIVIER DE SERRES,48,
2.023E+11,16,5,2023,18:15,1,62,62338,1,2,1,3,Rue du Quesne,50,
2.023E+11,7,11,2023,10:30,1,75,75114,2,1,1,3,BOULEVARD PERIPHERIQUE,48,
2.023E+11,8,5,2023,23:30,3,35,35139,1,1,2,7,RN137 - PR 031.000,47,
2.023E+11,24,2,2023,11:00,1,88,88383,2,9,1,6,D 23,48,
2.023E+11,17,5,2023,22:00,3,25,25246,1,1,1,6,A36,47,
2.023E+11,6,11,2023,08:30,2,75,75114,2,1,1,3,RUE DES PLANTES,48,
2.023E+11,25,2,2023,14:00,1,85,85191,1,1,1,1,RD160,46,
2.023E+11,19,5,2023,00:05,3,62,62031,1,1,1,6,D231,50,
2.023E+11,7,11,2023,12:05,1,75,75113,2,5,1,6,BOULEVARD MASSENA,48,
2.023E+11,19,5,2023,15:00,1,54,54593,1,1,1,1,D28,49,
2.023E+11,25,2,2023,17:00,2,83,83137,1,1,1,1,TRIBUS COMMONIS (ROUTE DES),43,
2.023E+11,19,5,2023,00:30,3,22,22032,1,9,1,7,Le Bechaix,48,
2.023E+11,7,11,2023,13:30,1,75,75111,2,5,1,3,BOULEVARD DE MENILMONTANT,48,
2.023E+11,24,2,2023,14:40,1,83,83126,2,1,1,3,ARMANDO (AV. ESPRIT),43,
2.023E+11,7,11,2023,16:55,2,75,75107,2,3,1,3,RUE DE SEVRES,48,
2.023E+11,25,2,2023,13:49,1,77,77372,2,1,1,3,D86,48,
2.023E+11,18,5,2023,16:02,1,77,77002,1,2,1,1,D 12 Amillis,48,
2.023E+11,18,5,2023,22:00,3,57,57038,1,1,1,6,Rue Napoléon 1er,49,
2.023E+11,7,11,2023,12:45,1,75,75107,2,1,1,3,AVENUE DE LA MOTTE PICQUET,48,
2.023E+11,25,2,2023,10:32,1,77,77058,2,2,1,3,D5,48,
2.023E+11,19,5,2023,12:35,1,57,57661,1,3,1,1,ROUTE DE WISSEMBOURG,49,
2.023E+11,6,11,2023,17:10,1,75,75107,2,3,2,3,AVENUE DE SUFFREN,48,
2.023E+11,25,2,2023,15:20,1,76,76681,1,3,1,2,Boulevard Industriel,49,
2.023E+11,18,5,2023,11:00,1,51,51662,2,3,1,2,avenue de Reims,49,
2.023E+11,7,11,2023,12:40,1,75,75104,2,3,1,3,RUE DE LA COUTELLERIE,48,
2.023E+11,24,2,2023,20:30,5,74,74012,2,2,1,3,VIEUX CHATEAU (RUE DU),46,
2.023E+11,18,5,2023,17:40,1,19,19123,2,1,1,6,Avenue De La Riante Borie,45,
2.023E+11,7,11,2023,19:30,5,94,94044,2,1,1,1,62 Avenue de Verdun,48,
2.023E+11,25,2,2023,13:20,1,72,72181,2,9,1,6,MOULIN JEAN (BD) N° IMP,47,
2.023E+11,18,5,2023,13:00,1,67,67066,1,1,7,3,D1420,48,
2.023E+11,7,11,2023,21:07,5,94,94041,2,9,9,3,Quai Marcel Boyer,48,
2.023E+11,25,2,2023,15:40,1,69,69275,2,3,8,3,Rue de l'Egalité,45,
2.023E+11,17,5,2023,10:00,1,76,76312,2,1,1,6,2 Rue Charles de Gaulle,49,
2.023E+11,7,11,2023,18:30,5,94,94022,2,9,1,3,Avenue de Versailles,48,
2.023E+11,25,2,2023,01:50,5,69,69256,2,2,1,3,Avenue Paul Marcellin,45,
2.023E+11,19,5,2023,13:00,1,2B,2B327,1,1,2,1,d80,42,
2.023E+11,25,2,2023,15:30,1,64,64189,2,1,1,3,RD810,43,
2.023E+11,6,11,2023,11:45,1,94,94073,2,9,1,3,Boulevard de Stalingrad,48,
2.023E+11,18,5,2023,16:00,1,65,65099,1,1,8,3,D618,42,
2.023E+11,18,5,2023,15:45,1,81,81128,1,1,1,6,4 route de Burlats,43,
2.023E+11,25,2,2023,16:05,1,64,64140,2,1,1,3,GAULLE (AV CHARLES DE),43,
2.023E+11,6,11,2023,17:15,2,94,94028,2,1,1,6,Rue René Arcos,48,
2.023E+11,18,5,2023,20:00,1,71,71482,2,1,1,6,Rue des Sources,46,
2.023E+11,7,11,2023,16:20,1,94,94017,2,1,1,6,Avenue Roger Salengro,48,
2.023E+11,25,2,2023,15:20,1,59,59599,2,2,1,3,RACINE (RUE),50,
2.023E+11,18,5,2023,23:40,3,61,61484,1,1,1,6,D11 PR6+240,48,
2.023E+11,7,11,2023,09:00,1,93,93051,2,2,1,6,Rue du Marnois / Rue de Malnoue,48,
2.023E+11,22,2,2023,14:40,1,59,59178,2,6,1,3,FLERS (RUE DE),50,
2.023E+11,19,5,2023,03:30,3,49,49176,1,1,1,1,Route de la Tremblais,47,
2.023E+11,7,11,2023,17:30,5,93,93046,2,2,1,3,Avenue César Collavéri / Rue Pachot Lainé,48,
2.023E+11,25,2,2023,03:24,3,56,56260,2,1,1,6,DEFFORGES(RUE DE L'AMIRAL),47,
2.023E+11,18,5,2023,19:45,1,49,49214,2,6,1,6,1 Rue Suzanne Hiltermann,47,
2.023E+11,16,11,2023,08:20,2,93,93032,2,3,3,6,Rue du 19 Mars 1962 / Avenue des Dahlias,48,
2.023E+11,25,2,2023,21:15,5,54,54304,2,2,1,3,Avenue de la Résistance,48,
2.023E+11,18,5,2023,15:45,1,42,42228,1,2,1,1,Route de Montbrison,45,
2.023E+11,7,11,2023,13:12,1,93,93027,2,1,1,3,Avenue Jean Jaurès,48,
2.023E+11,25,2,2023,16:30,1,54,54547,2,1,1,2,ARC (AVENUE JEANNE D'),48,
2.023E+11,16,5,2023,13:15,1,34,34142,2,1,1,6,72 Avenue de Premerlet,43,
2.023E+11,26,2,2023,02:04,5,49,49007,2,1,1,6,CHATEAUGONTIER,47,
2.023E+11,7,11,2023,19:30,5,93,93007,2,2,1,3,Avenue de la République / Avenue Louis Lemesle,48,
2.023E+11,7,11,2023,18:00,2,93,93005,2,1,1,6,Rue Jacques Duclos,48,
2.023E+11,18,5,2023,14:36,1,22,22203,1,1,1,6,D700,48,
2.023E+11,24,2,2023,19:30,3,45,45338,1,1,1,4,D2060 PR 31 + 211,47,
2.023E+11,7,11,2023,16:15,1,93,93005,2,2,1,3,Rue Maxime Gorki / Rue de Pimodan,48,
2.023E+11,25,2,2023,18:45,1,44,44109,2,8,1,6,39 Boulevard Louis Millet,47,
2.023E+11,18,5,2023,19:30,1,25,25287,1,1,1,2,D673,47,
2.023E+11,25,2,2023,01:25,3,42,42044,1,1,2,6,M10,45,
2.023E+11,18,5,2023,14:25,1,44,44154,2,6,1,3,Rond-point d'Ayent - Anzère,47,
2.023E+11,7,11,2023,08:45,1,92,92076,2,2,1,3,HENRI BERGSON,48,
2.023E+11,24,2,2023,16:30,1,37,37122,2,1,2,6,DOUZILLIERE (RUE DE LA),47,
2.023E+11,18,5,2023,14:45,1,29,29264,1,1,1,6,Cité Yan d'Argent,48,
2.023E+11,7,11,2023,10:15,1,92,92051,2,1,1,2,ROULE (AVENUE DU,,
2.023E+11,24,2,2023,16:50,1,37,37261,2,1,2,7,POMPIDOU (AVENUE GEORGES),47,
2.023E+11,18,5,2023,10:45,1,29,29235,2,3,1,3,rue Alexis Carrel,48,
2.023E+11,25,2,2023,13:35,1,33,33249,2,1,1,6,Avenue du Pdt Salvador Allende,44,
2.023E+11,7,11,2023,16:00,1,92,92050,2,2,1,3,PORT RUE DU,48,
2.023E+11,19,5,2023,13:40,1,1,1066,1,1,1,6,D1504,45,
2.023E+11,7,11,2023,15:42,1,92,92036,2,3,1,6,CAMELINAT (BOULEVARD) (1/47),48,
2.023E+11,25,2,2023,09:40,1,33,33167,2,1,1,2,Rue Raoul Dufy,44,
2.023E+11,18,5,2023,15:48,1,54,54054,1,1,1,7,D9,48,
2.023E+11,25,2,2023,04:15,5,31,31555,1,9,1,6,ECHANGEUR L'UNION  (A61/A62),43,
2.023E+11,18,5,2023,18:05,1,6,6023,1,1,1,7,Route du Col de Brouis,43,
2.023E+11,7,11,2023,15:00,1,92,92036,2,3,1,6,GENERAL DE GAULLE (AVENUE) (43/129),48,
2.023E+11,25,2,2023,05:00,5,31,31483,2,1,1,6,FRANCOIS MITTERAND ( AVENUE),43,
2.023E+11,6,11,2023,04:26,3,92,92036,2,1,1,6,LOUIS ROCHE (AVENUE) (2/44),48,
2.023E+11,19,5,2023,12:05,1,50,50162,1,3,1,3,44 Route de la Croix Fresville,49,
2.023E+11,24,2,2023,15:20,1,29,29232,1,1,1,2,Route de Brest,48,
2.023E+11,7,11,2023,18:25,5,92,92035,2,6,1,6,Europe ( rond point de l' ),48,
2.023E+11,19,5,2023,12:00,1,50,50410,1,1,1,7,La Rue au Bis,48,
2.023E+11,12,2,2023,17:10,1,29,29019,2,3,1,3,rue Jules Ferry,48,
2.023E+11,6,11,2023,13:00,1,92,92026,2,2,1,6,FAUVELLES ( RUE DES ),48,
2.023E+11,17,5,2023,17:45,1,90,90090,1,1,1,1,,47,
2.023E+11,18,5,2023,22:10,3,64,64168,1,1,1,6,route départementale 17,43,