Num_Acc,jour,mois,an,hrmn,lum,dep,com,agg,int,atm,col,adr,lat,long
2.023E+11,11,4,2023,04:20,3,988,98827,1,3,1,6,RT1/VU 48 (Route de GOHAPIN),-21,
2.023E+11,6,2,2023,19:50,3,64,64269,1,1,1,2,ROUTE DE TARBES RD 817,43,
2.023E+11,25,2,2023,22:00,3,16,16419,1,1,1,6,CD 737,45,
2.023E+11,10,4,2023,19:10,3,971,97118,1,1,1,6,Route nationale 1 - Arnouville,16,
2.023E+11,25,2,2023,16:30,1,40,40161,1,1,1,6,lieu dit le tremblant,44,
2.023E+11,25,2,2023,02:45,3,85,85021,1,1,2,7,RD102,47,
2.023E+11,11,4,2023,07:15,1,971,97115,2,2,1,3,N2,16,
2.023E+11,25,2,2023,03:45,3,85,85089,2,1,1,6,RD160,46,
2.023E+11,10,4,2023,23:00,3,77,77277,1,1,3,2,RD 436 - PK 012+900,48,
2.023E+11,25,2,2023,16:00,1,30,30095,2,6,1,7,,43,
2.023E+11,25,2,2023,19:15,2,8,8086,1,1,1,6,,49,
2.023E+11,11,4,2023,10:20,1,2A,2A041,2,1,1,2,rue sauveur paul etienne,41,
2.023E+11,26,2,2023,16:30,1,8,8092,1,1,1,6,D315,49,
2.023E+11,11,4,2023,09:15,1,66,66037,2,1,1,6,N/A,42,
2.023E+11,24,2,2023,19:10,5,38,38193,2,1,3,6,D312,45,
2.023E+11,9,4,2023,14:45,1,84,84136,2,1,1,1,Chemin du Tombadou,44,
2.023E+11,24,2,2023,14:45,1,38,38485,2,3,1,3,Rue de l'industrie,45,
2.023E+11,10,4,2023,17:00,1,13,13073,1,1,1,1,D8,43,
2.023E+11,25,2,2023,16:00,1,21,21590,1,1,1,7,autoroute A6 PK 291+500,47,
2.023E+11,7,4,2023,20:20,2,13,13097,1,1,1,7,Route Nationale 568,43,
2.023E+11,8,2,2023,09:50,1,45,45244,2,7,1,6,parking Intermarché,47,
2.023E+11,10,4,2023,19:10,1,13,13059,1,1,1,1,Route Departementale 561,43,
2.023E+11,11,2,2023,21:45,5,91,91546,2,1,1,6,Rue de Bandeville,48,
2.023E+11,27,1,2023,11:40,1,83,83047,1,1,1,3,Avenue Jean Monnet,43,
2.023E+11,9,4,2023,16:00,1,88,88196,2,9,1,1,Boulevard de la Jamagne,48,
2.023E+11,26,2,2023,05:15,5,83,83099,2,6,1,6,Dn7,43,
2.023E+11,18,2,2023,10:20,1,13,13100,2,3,1,2,D99,43,
2.023E+11,11,4,2023,13:40,1,3,3298,1,1,1,1,D46,46,
2.023E+11,26,2,2023,13:00,1,3,3200,1,1,6,6,Avenue Edmond Michelet,46,
2.023E+11,9,4,2023,16:00,1,73,73123,1,1,1,7,D909,45,
2.023E+11,26,2,2023,15:18,1,38,38215,2,3,1,7,Rue des Marchands,45,
2.023E+11,11,4,2023,17:50,1,1,1043,2,1,1,6,Rue des Barronieres,45,
2.023E+11,25,2,2023,19:05,2,44,44209,2,1,1,3,149 Rue de Nantes,47,
2.023E+11,26,2,2023,01:15,3,38,38565,2,1,1,6,D1075,45,
2.023E+11,4,9,2023,09:40,1,93,93050,2,3,1,6,Rue du 11 Novembre / Rue de la Liberation,48,
2.023E+11,7,4,2023,17:50,1,79,79049,1,2,1,3,N/A,46,
2.023E+11,3,9,2023,13:40,1,93,93049,2,1,1,6,Rue Pasteur,48,
2.023E+11,25,2,2023,18:30,1,69,69090,1,2,1,3,Bois Bourland,45,
2.023E+11,25,2,2023,08:30,1,22,22272,2,9,2,6,9 Rue Hent Meur,48,
2.023E+11,4,9,2023,19:30,1,93,93031,2,1,1,3,Boulevard Foch,48,
2.023E+11,24,2,2023,17:40,1,60,60619,1,9,1,2,N2,49,
2.023E+11,11,4,2023,15:45,1,40,40246,1,2,1,2,D44 PK 33 + 500,44,
2.023E+11,2,9,2023,20:10,1,93,93014,2,3,1,3,Allée Etienne Laurent/ Allée du Renouveau,48,
2.023E+11,25,2,2023,19:45,3,60,60045,1,6,1,3,Route de Crépy,49,
2.023E+11,4,9,2023,13:00,1,92,92033,2,1,1,3,GENERAL DE GAULLE,48,
2.023E+11,10,4,2023,18:20,1,85,85035,2,3,1,1,28 Rue des marsouins,46,
2.023E+11,26,2,2023,20:00,3,62,62714,1,4,1,5,D263,50,
2.023E+11,4,9,2023,09:50,1,92,92063,2,1,1,3,SEINE (AVENUE DE),48,
2.023E+11,25,2,2023,03:50,3,59,59055,2,1,1,6,Rue du Cateau,50,
2.023E+11,10,2,2023,16:48,1,13,13056,1,1,1,7,A55-Sens Martigues vers Marseille,43,
2.023E+11,9,4,2023,17:30,1,72,72264,1,1,1,3,D24,47,
2.023E+11,4,9,2023,14:49,1,92,92026,2,2,1,3,VERDUN (DE 01 A 61),48,
2.023E+11,25,2,2023,10:00,1,69,69115,1,1,1,3,Autoroute 6,45,
2.023E+11,10,4,2023,20:00,2,35,35347,1,1,2,6,D179,48,
2.023E+11,4,9,2023,12:50,1,92,92012,2,1,1,6,ANDRE MORIZET (AVENUE) 1/47 - 2/52,48,
2.023E+11,20,2,2023,09:15,1,69,69275,1,1,1,4,Rocade Est,45,
2.023E+11,4,9,2023,17:15,1,92,92014,2,1,1,3,GENERAL LECLERC (AV.) (1 A 55BIS - 2 A 4,48,
2.023E+11,9,4,2023,22:20,3,974,97416,1,9,1,6,RN1(BRETELLE ACCES),-21,
2.023E+11,24,2,2023,07:40,1,67,67447,1,1,1,3,M35,48,
2.023E+11,5,9,2023,07:48,2,60,60318,1,1,7,2,d13,49,
2.023E+11,9,4,2023,13:30,1,974,97416,1,1,1,7,RN3 (3),-21,
2.023E+11,25,2,2023,20:30,3,33,33448,1,1,1,2,,44,
2.023E+11,4,9,2023,06:30,3,60,60590,1,1,1,6,D901,49,
2.023E+11,25,2,2023,02:52,3,91,91689,1,1,1,2,AUTOROUTE A10,48,
2.023E+11,3,9,2023,22:00,3,60,60609,1,1,1,6,Rte de Saint Germain la Poterie,49,
2.023E+11,25,2,2023,01:45,3,91,91689,1,1,1,7,AUTOROUTE A6A,48,
2.023E+11,10,8,2023,14:30,1,80,80047,1,1,9,2,D50,50,
2.023E+11,9,4,2023,13:15,1,974,97411,2,2,1,3,GARROS (ROLAND),-20,
2.023E+11,5,9,2023,10:55,1,50,50117,1,1,1,7,25 Route des Falaises,48,
2.023E+11,25,2,2023,19:00,3,78,78291,1,1,1,2,A13,48,
2.023E+11,1,9,2023,17:00,1,37,37010,1,1,1,6,Aubigne,47,
2.023E+11,25,2,2023,00:55,3,92,92036,1,1,1,2,A86,48,
2.023E+11,9,4,2023,01:10,4,974,97411,2,1,1,2,LANCASTEL (BOULEVARD),-20,
2.023E+11,4,9,2023,07:50,1,54,54456,2,1,1,6,Rue Charles Berlet,48,
2.023E+11,3,9,2023,14:40,1,14,14656,1,1,7,1,Rue de Bailly,48,
2.023E+11,25,2,2023,04:40,3,95,95582,1,1,1,6,RD 170,48,
2.023E+11,9,4,2023,18:05,1,69,69388,2,1,1,6,Avenue Jean Mermoz,45,
2.023E+11,3,9,2023,12:20,1,2A,2A186,1,1,1,6,D69,41,
2.023E+11,4,9,2023,17:00,1,26,26294,1,1,7,6,D114A,45,
2.023E+11,9,4,2023,16:45,1,69,69383,2,1,1,3,Quai Victor Augagneur,45,
2.023E+11,9,4,2023,08:20,1,972,97209,1,1,2,7,RD 41 (ROCADE),14,
2.023E+11,4,9,2023,18:35,1,66,66190,1,1,1,3,N/A,42,
2.023E+11,9,4,2023,03:30,3,69,69384,2,1,1,7,67 Quai Joseph Gillet,45,
2.023E+11,4,9,2023,04:10,5,66,66144,1,1,1,2,N/A,42,
2.023E+11,8,4,2023,12:26,1,971,97120,2,9,1,3,Amitié des peuples,16,
2.023E+11,5,9,2023,02:00,3,11,11195,1,9,1,2,N/A,43,
2.023E+11,9,4,2023,13:56,1,2A,2A004,2,1,1,6,GRANDE ARMEE AVENUE,41,
2.023E+11,4,9,2023,16:40,1,31,31082,1,4,1,5,D826,43,
2.023E+11,8,4,2023,23:20,5,91,91377,2,3,1,7,AV DU M DE LATTRE DE TASSIGNY,48,
2.023E+11,3,9,2023,20:55,5,1,1143,2,1,1,6,Avenue de Genève,46,
2.023E+11,9,4,2023,17:45,1,91,91657,2,1,1,6,AV HENRI CHARON,48,
2.023E+11,4,9,2023,18:50,1,67,67190,1,1,9,1,D117,48,
2.023E+11,9,4,2023,12:00,1,77,77131,2,9,1,6,GRAND MORIN (RUE DU),48,
2.023E+11,5,9,2023,11:05,1,22,22206,1,1,1,6,route nationale 12 pr 74+0300,48,
2.023E+11,9,4,2023,11:45,1,77,77042,2,2,1,3,RD 222,48,
2.023E+11,9,4,2023,12:25,1,76,76217,2,1,1,6,REPUBLIQUE (AVENUE DE LA),49,
2.023E+11,3,9,2023,09:00,1,14,14061,1,1,7,4,18 Route de Beaumesnil,48,
2.023E+11,8,4,2023,16:23,1,74,74281,2,3,1,3,GENEVE (AVE DE) JUSQUE CROISEE ANTHY,46,
2.023E+11,2,9,2023,22:00,5,74,74231,1,3,1,3,D38,45,
2.023E+11,8,4,2023,17:50,1,74,74012,2,3,1,1,GIFFRE (AVENUE DU),46,
2.023E+11,3,9,2023,16:43,1,59,59641,1,1,1,7,D403,50,
2.023E+11,3,9,2023,13:38,1,68,68315,1,1,1,7,D431,47,
2.023E+11,9,4,2023,18:55,1,72,72181,2,1,1,7,ANTARES (AV),47,
2.023E+11,3,9,2023,15:33,1,48,48002,1,1,1,6,AUTOROUTE A75 - PK 119+270 - SENS NORD / SUD - DIRECTION MILLAU (12),44,
2.023E+11,8,4,2023,17:30,1,71,71270,2,1,1,6,LATTRE DE TASSIGNY (QUAI  MARECHAL DE),46,
2.023E+11,8,4,2023,09:13,1,70,70550,2,1,1,1,MOREL (RUE PAUL),47,
2.023E+11,4,9,2023,10:05,1,36,36150,1,2,1,3,N/A,46,
2.023E+11,4,9,2023,11:10,1,41,41171,1,1,1,7,RD 917,47,
2.023E+11,9,4,2023,22:30,5,69,69029,2,2,1,3,Avenue François Mitterrand,45,
2.023E+11,3,9,2023,16:30,1,30,30338,1,1,1,7,N/A,44,
2.023E+11,9,4,2023,21:45,5,64,64102,2,7,1,2,REDUIT (PLACE DU),43,
2.023E+11,3,9,2023,19:10,2,62,62216,1,1,1,7,D8,50,
2.023E+11,5,9,2023,14:40,1,40,40246,1,1,1,1,D384,44,
2.023E+11,9,4,2023,18:20,1,64,64024,2,9,1,1,COLLINE (IMPASSE DE LA),43,
2.023E+11,3,9,2023,09:00,1,51,51139,1,1,1,7,D982,49,
2.023E+11,5,9,2023,07:00,2,51,51171,1,1,1,2,D944,49,
2.023E+11,8,4,2023,14:00,1,62,62617,2,3,1,3,Rue Béharelle,50,
2.023E+11,9,4,2023,23:15,3,62,62479,1,1,1,7,D181E5,50,
2.023E+11,3,9,2023,14:00,1,19,19093,1,1,1,3,Route Du Pont De Coudert,45,
2.023E+11,4,9,2023,15:38,1,56,56159,1,2,1,6,La Villa des Pins,47,
2.023E+11,4,4,2023,16:45,1,59,59328,2,9,1,3,Avenue du Maréchal Foch,50,
2.023E+11,2,9,2023,12:00,1,56,56089,1,1,1,1,Le Clandy,47,
2.023E+11,8,4,2023,15:45,1,59,59220,1,1,1,3,EGALITE RUE DE L,50,
2.023E+11,4,9,2023,11:00,1,31,31150,2,1,1,7,Route d'Aussonne,43,
2.023E+11,9,4,2023,04:17,5,59,59122,2,6,5,6,PARIS (ROUTE DE),50,
2.023E+11,5,9,2023,14:40,1,80,80639,2,3,1,3,12 Route Nationale,49,
2.023E+11,9,4,2023,22:05,5,57,57660,2,4,1,3,NATIONALE(RUE)R.SCHOENECK A LIMITE CIRCO,49,
2.023E+11,9,4,2023,14:28,1,51,51454,2,1,1,7,rue Jeanne Jugan,49,
2.023E+11,4,9,2023,17:15,1,80,80639,2,1,1,3,Chemin de Vaux,49,
2.023E+11,8,4,2023,17:45,1,51,51454,2,1,1,2,rue d'Estienne d'Orves,49,
2.023E+11,4,9,2023,14:15,1,65,65450,1,1,1,7,D929,42,
2.023E+11,4,9,2023,16:45,1,65,65258,1,1,1,6,D939,43,
2.023E+11,30,8,2023,10:30,1,81,81182,1,1,1,6,Route des Mines,43,
2.023E+11,8,4,2023,13:55,1,50,50129,2,4,1,2,SALINE (RUE DE LA),49,
2.023E+11,8,4,2023,12:50,1,50,50129,2,1,1,3,CORNAT (RUE HENRI),49,
2.023E+11,9,4,2023,00:55,5,45,45285,2,1,1,3,Avenue Pierre Mendès France,47,
2.023E+11,1,9,2023,19:55,2,71,71484,1,3,1,3,D13,46,
2.023E+11,8,4,2023,17:00,1,43,43002,2,6,1,6,Giratoire des moulins,45,
2.023E+11,3,9,2023,12:30,1,71,71346,2,1,1,5,Chaussée de l'Etang,46,
2.023E+11,9,4,2023,15:45,1,37,37261,2,1,1,6,TONNELLE (BOULEVARD),47,
2.023E+11,9,4,2023,11:05,1,34,34301,2,3,1,1,934 Boulevard de Verdun,43,
2.023E+11,3,9,2023,13:45,1,71,71535,1,2,1,3,Route de Château Chinon,47,
2.023E+11,8,4,2023,19:45,1,33,33529,1,9,1,3,rue Pierre et Marie CURIE,44,
2.023E+11,4,9,2023,20:00,2,61,61405,1,1,1,6,D286,48,
2.023E+11,9,4,2023,19:10,1,26,26064,2,3,1,6,Chemin de Peyrus,44,
2.023E+11,9,4,2023,14:29,1,17,17300,2,1,1,6,GUITON   AVENUE JEAN (343-371),46,
2.023E+11,10,12,2023,15:10,1,94,94073,1,1,2,6,Rue des Alouettes,48,
2.023E+11,9,4,2023,05:53,3,17,17300,1,1,1,7,09 PK RN237 MOULIN JUSTICE RE,46,
2.023E+11,3,9,2023,03:00,3,49,49002,1,3,1,7,Route de Saumur,47,
2.023E+11,11,12,2023,09:15,2,94,94075,2,1,8,3,Rue de Valenton,48,
2.023E+11,4,9,2023,14:45,1,49,49228,1,1,1,6,Route départementale 86,47,
2.023E+11,10,4,2023,00:15,5,13,13215,2,1,1,2,ALBIN MEYLAN (RUE),43,
2.023E+11,11,12,2023,13:23,1,93,93078,2,6,1,2,Avenue Georges Clémenceau / Boulevard Robert Ballanger,48,
2.023E+11,11,12,2023,09:10,1,93,93066,2,3,2,1,Rue du Fort de la Briche /Chemin du Fort de la Briche,48,
2.023E+11,9,4,2023,15:30,1,13,13212,2,2,1,3,CAILLOLS (AVENUE DES),43,
2.023E+11,5,9,2023,13:30,1,46,46271,1,1,1,1,D673,44,
2.023E+11,9,4,2023,03:55,5,13,13213,2,1,1,6,MAURELLE (RUE DE LA),43,
2.023E+11,11,12,2023,12:20,1,93,93051,2,6,1,3,Boulevard du Mont d'Est / Route de Villiers,48,
2.023E+11,3,9,2023,21:00,3,86,86180,1,1,1,7,Lieu dit Availles,46,
2.023E+11,8,4,2023,21:30,5,13,13002,2,1,1,2,GENERAL LECLERC (AVENUE DU),43,
2.023E+11,28,8,2023,12:15,1,34,34332,1,1,1,2,route departementale 612,43,
2.023E+11,10,12,2023,16:45,3,93,93046,1,1,2,1,Route Strategique,48,
2.023E+11,9,4,2023,17:30,1,13,13005,2,1,1,3,CHARREL (ZAC DU),43,
2.023E+11,10,12,2023,20:20,5,92,92036,2,3,2,1,HENRI VUILLEMIN (RUE),48,
2.023E+11,3,9,2023,14:45,1,68,68055,1,1,7,1,PK21 + 5,47,
2.023E+11,9,4,2023,13:03,1,10,10387,2,1,1,3,LOMBARDS (AVENUE),48,
2.023E+11,11,12,2023,16:45,2,92,92026,2,1,1,6,COLOMBES,48,
2.023E+11,9,4,2023,07:50,1,7,7316,1,1,1,6,PONT DES LONES,44,
2.023E+11,9,4,2023,17:25,1,75,75116,2,1,1,2,PORTE D AUTEUIL,48,
2.023E+11,10,12,2023,23:20,5,92,92025,2,8,1,3,CHARLES DE GAULLE (BD),48,
2.023E+11,3,9,2023,21:45,3,29,29146,1,1,1,4,D70,47,
2.023E+11,11,12,2023,18:20,5,92,92007,2,1,1,3,VAILLANT-COUTURIER (AVENU PAUL),48,
2.023E+11,7,4,2023,21:45,5,75,75119,2,1,1,4,PORTE DES LILAS,48,
2.023E+11,11,12,2023,13:10,1,92,92004,2,1,1,3,REDOUTE ( AVENUE DE LA  ),48,
2.023E+11,2,9,2023,16:30,1,29,29175,1,1,1,5,D36,48,
2.023E+11,11,12,2023,16:00,1,92,92002,2,3,1,3,ARISTIDE BRIAND (AVENUE),48,
2.023E+11,9,4,2023,11:10,1,75,75119,2,1,1,3,AVENUE DE LA PORTE DE LA VILLETTE,48,
2.023E+11,2,9,2023,18:28,1,29,29035,1,3,1,7,D26,48,
2.023E+11,11,12,2023,17:00,2,60,60254,1,2,1,3,D26,49,
2.023E+11,9,4,2023,07:35,1,75,75119,2,4,1,1,QUAI DE LA MARNE,48,
2.023E+11,25,11,2023,23:15,4,86,86290,2,1,1,2,20 Rue Nationale,46,
2.023E+11,2,9,2023,22:30,4,29,29215,2,1,1,6,Rue d’Audierne,47,
2.023E+11,9,4,2023,19:30,1,75,75118,2,2,1,3,RUE EUGENE SUE,48,
2.023E+11,9,12,2023,20:50,3,30,30060,1,1,1,7,Chemin de Bellecoste,43,
2.023E+11,3,9,2023,08:40,2,31,31416,1,1,1,7,D37,43,
2.023E+11,9,12,2023,09:00,1,62,62080,2,1,3,6,Rue de Peronne,50,
2.023E+11,9,4,2023,16:35,1,75,75116,2,1,1,3,RUE CHARDON LAGACHE,48,
2.023E+11,11,12,2023,15:37,1,56,56066,1,1,2,2,prad ar wern,48,
2.023E+11,12,12,2023,08:40,3,56,56140,1,1,2,6,Le Guernevin,47,
2.023E+11,9,4,2023,01:25,5,75,75112,2,2,1,1,AVENUE DE NOGENT,48,
2.023E+11,3,9,2023,18:20,1,31,31584,1,3,1,3,Chemin de Pellaussy,43,
2.023E+11,11,12,2023,16:00,1,2A,2A040,1,1,5,6,Route territoriale 20,42,
2.023E+11,9,4,2023,14:05,1,94,94016,2,1,1,3,Avenue Carnot,48,
2.023E+11,8,12,2023,17:54,5,47,47203,1,1,5,1,D661,44,
2.023E+11,10,12,2023,13:20,1,39,39582,1,1,7,7,N/A,46,
2.023E+11,9,4,2023,18:10,1,94,94041,2,2,1,2,Avenue Henri Barbusse,48,
2.023E+11,4,9,2023,17:35,1,38,38284,1,2,1,5,D518,45,
2.023E+11,10,12,2023,17:30,3,39,39574,1,1,2,3,N/A,46,
2.023E+11,9,4,2023,18:00,1,94,94004,2,1,1,6,Rue du 8 Mai 1945,48,
2.023E+11,4,9,2023,09:48,1,2,2067,2,1,1,7,35 Rue du Général de Gaulle,50,
2.023E+11,12,12,2023,08:00,5,35,35069,2,3,8,6,37 Rue Dorel,48,
2.023E+11,9,4,2023,15:15,1,93,93051,2,3,1,3,Rue du Centre / Boulevard du Mont d'Est,48,
2.023E+11,12,12,2023,09:18,1,2,2506,1,1,2,6,D2,49,
2.023E+11,21,8,2023,10:55,1,84,84133,2,1,1,3,rue marcel Pagnol,43,
2.023E+11,12,12,2023,07:55,2,3,3279,1,1,8,7,D993,46,
2.023E+11,8,4,2023,22:50,5,93,93005,2,2,1,3,Rue de Toulouse / Rue Séverine,48,
2.023E+11,4,9,2023,15:45,1,15,15185,1,1,7,6,D3,45,
2.023E+11,12,12,2023,20:30,3,15,15122,2,3,2,3,RN 122,44,
2.023E+11,9,4,2023,14:07,1,75,75114,2,3,1,6,GAMBETTA (RUE),48,
2.023E+11,3,9,2023,19:16,2,15,15267,1,1,1,1,rue pierre et marie curie,44,
2.023E+11,10,12,2023,19:20,3,85,85146,1,1,2,6,A83,46,
2.023E+11,9,4,2023,17:30,1,92,92050,2,1,1,3,CLEMENCEAU GEORGES AVENUE N° PAIR,48,
2.023E+11,11,12,2023,15:25,1,72,72173,1,1,2,6,D305,47,
2.023E+11,4,9,2023,10:55,1,1,1274,2,3,1,2,Route de Geneve,46,
2.023E+11,9,4,2023,16:10,1,92,92025,2,1,1,2,PONT DE BEZONS,48,
2.023E+11,6,12,2023,19:00,3,64,64558,1,1,2,1,route de St pierre d'Irube,43,
2.023E+11,5,9,2023,16:00,1,1,1057,1,2,7,6,route de pont de vaux,46,
2.023E+11,9,4,2023,13:15,1,92,92002,2,1,1,7,RAYMON ARON (AVENUE),48,
2.023E+11,9,4,2023,17:57,1,71,71166,1,1,1,6,985,46,
2.023E+11,11,12,2023,18:45,3,73,73058,1,1,2,1,D921e,45,
2.023E+11,4,9,2023,17:00,1,72,72346,1,1,1,7,31 Route de Roeze,47,
2.023E+11,11,12,2023,19:00,5,10,10323,2,2,1,3,Avenue du Val Thibault,48,
2.023E+11,8,4,2023,14:05,1,49,49381,2,1,1,3,les mazeries,47,
2.023E+11,4,9,2023,23:00,3,14,14478,1,1,1,6,377 Route de Vimoutiers,49,
2.023E+11,11,12,2023,17:50,3,53,53147,2,1,2,6,Impasse de la Petite Croix,48,
2.023E+11,11,12,2023,20:35,3,30,30346,1,1,1,7,137 Chemin des Terraillers,43,
2.023E+11,8,4,2023,13:45,1,83,83033,1,1,1,1,route departementale 97,43,
2.023E+11,12,12,2023,06:09,3,24,24225,2,8,1,3,d936,44,
2.023E+11,3,9,2023,17:40,2,50,50463,2,2,7,5,RD 13,48,
2.023E+11,10,4,2023,06:50,2,41,41278,1,1,1,1,La foucherie,47,
2.023E+11,11,12,2023,17:00,2,1,1031,1,1,3,5,A404,,
2.023E+11,4,9,2023,19:25,1,50,50118,1,1,1,6,Route de l?Hebarbe,48,
2.023E+11,11,12,2023,04:55,3,95,95678,1,1,2,6,N184,49,
2.023E+11,9,4,2023,15:45,1,34,34217,2,9,1,3,808 Route de Mende,43,
2.023E+11,9,4,2023,13:30,1,57,57162,2,1,1,7,Rue des Vignottes,49,
2.023E+11,11,12,2023,12:00,1,13,13038,2,1,1,2,Avenue des Moulins,43,
2.023E+11,2,9,2023,16:45,1,83,83007,2,3,1,3,RD22,43,
2.023E+11,12,12,2023,10:35,1,11,11262,1,3,1,3,N/A,43,
2.023E+11,7,4,2023,16:16,1,56,56231,1,1,1,7,N/A,47,
2.023E+11,2,9,2023,21:30,3,60,60536,1,1,1,7,D123,49,
2.023E+11,9,4,2023,18:40,1,65,65025,1,1,1,1,Soum d'Ourout – Route d’Aubisque,42,
2.023E+11,11,12,2023,18:10,3,34,34202,1,1,9,3,Départementale 5,43,
2.023E+11,10,4,2023,00:20,3,65,65261,1,1,1,7,2 route d'Auch,43,
2.023E+11,3,9,2023,18:05,1,64,64320,1,2,1,4,D934,43,
2.023E+11,9,12,2023,19:00,4,987,98747,1,1,3,1,PK 1+800  - RT4,-17,
2.023E+11,10,4,2023,16:00,1,55,55035,1,1,1,1,D152,48,
2.023E+11,10,12,2023,08:00,1,988,98822,1,1,1,6,Galilée (Tribu),-20,
2.023E+11,10,4,2023,06:00,3,47,47289,1,1,1,6,D215,44,
2.023E+11,8,4,2023,23:15,5,68,68042,2,1,1,7,Rue du 19 Novembre,47,
2.023E+11,11,12,2023,08:25,1,973,97305,1,3,1,3,RN1 croisement CD5,5,
2.023E+11,4,9,2023,07:45,1,73,73247,1,3,1,3,D1006,45,
2.023E+11,8,12,2023,15:54,1,971,97124,1,1,1,6,Route de Morin,16,
2.023E+11,7,4,2023,12:45,1,39,39470,1,1,4,1,N/A,46,
2.023E+11,9,12,2023,04:55,3,972,97224,1,1,9,1,N4,14,
2.023E+11,3,9,2023,14:55,1,18,18028,2,6,1,1,2 Rue du Stade,47,
2.023E+11,8,4,2023,10:45,1,25,25532,1,1,1,1,RD67,,
2.023E+11,9,4,2023,03:32,3,29,29187,1,3,1,6,Pont Amis,48,
2.023E+11,12,12,2023,07:20,3,45,45082,1,1,2,7,D2060 PR 73 + 381,47,
2.023E+11,3,9,2023,14:00,1,18,18195,1,1,1,1,N/A,46,
2.023E+11,9,4,2023,11:44,1,29,29076,2,2,1,3,Rue du Léon,48,
2.023E+11,10,12,2023,03:50,3,2A,2A247,1,1,1,1,D859,41,
2.023E+11,3,9,2023,08:18,1,10,10323,2,6,1,3,Pl des Martyrs de la Liberation,48,
2.023E+11,12,12,2023,19:00,3,66,66026,1,1,1,7,N/A,42,
2.023E+11,9,4,2023,18:30,1,31,31079,2,2,1,3,Rue Jean Jaurès,43,
2.023E+11,4,9,2023,18:25,1,10,10165,1,1,1,1,D43,48,
2.023E+11,9,4,2023,18:00,1,26,26321,1,1,1,6,RD 135,44,
2.023E+11,3,9,2023,18:30,1,36,36169,1,1,1,6,N/A,46,
2.023E+11,2,9,2023,19:40,2,7,7213,1,1,1,1,607 chemin de Lablachère,44,
2.023E+11,11,12,2023,17:45,3,54,54463,1,2,1,3,carrefour des quatre vents,48,
2.023E+11,9,4,2023,10:50,1,58,58303,2,1,1,6,Rue des Grands Jardins,47,
2.023E+11,2,9,2023,04:15,5,7,7346,2,1,1,6,8 Faubourg Les Sautelles,44,
2.023E+11,9,4,2023,21:25,3,58,58046,1,1,1,1,Route de Decize,46,
2.023E+11,10,12,2023,20:30,3,54,54557,1,4,2,3,D400,48,
2.023E+11,10,4,2023,11:20,1,14,14371,1,1,1,3,2139 Avenue de Neuville,48,
2.023E+11,8,12,2023,20:50,3,42,42326,2,1,2,6,Chemin la Combe,45,
2.023E+11,9,4,2023,16:45,1,83,83082,1,1,1,2,D955,,
2.023E+11,10,12,2023,18:15,3,26,26084,1,1,2,1,Route du Péage,45,
2.023E+11,1,9,2023,17:30,1,53,53104,2,2,2,3,Rue de la Division Leclerc,47,
2.023E+11,12,12,2023,11:05,1,65,65059,2,1,1,2,Rue du Monné,43,
2.023E+11,10,4,2023,12:10,1,73,73105,1,1,1,6,D1006,45,
2.023E+11,12,12,2023,08:10,1,64,64067,2,3,1,3,Rue de la Poste,43,
2.023E+11,9,4,2023,12:10,1,43,43037,1,1,1,6,Chemin communal,44,
2.023E+11,4,9,2023,14:30,1,21,21393,1,2,1,2,D965,47,
2.023E+11,12,12,2023,01:40,4,56,56178,1,1,2,7,Avenue du General Leclerc,48,
2.023E+11,9,4,2023,18:25,1,7,7338,2,3,1,7,D2,44,
2.023E+11,11,12,2023,13:45,1,27,27331,1,2,1,3,pk 5 D1,49,
2.023E+11,10,4,2023,17:30,1,53,53043,1,1,1,3,D32,48,
2.023E+11,3,9,2023,12:40,1,21,21035,1,3,1,2,D996,47,
2.023E+11,9,4,2023,16:55,1,27,27558,1,4,1,3,RD124,49,
2.023E+11,10,12,2023,21:45,3,62,62654,1,1,8,4,A16,50,
2.023E+11,9,4,2023,22:20,3,28,28327,1,1,1,6,D13.3,48,
2.023E+11,4,9,2023,15:55,1,40,40228,2,1,1,1,Avenue Jean Barbé,43,
2.023E+11,11,12,2023,08:30,1,91,91136,1,1,1,2,AUTOROUTE A10,48,
2.023E+11,10,12,2023,23:00,3,91,91471,1,1,1,6,RN 118,48,
2.023E+11,9,4,2023,16:15,1,37,37245,2,2,1,6,17 Avenue des Tilleuls 37360,47,
2.023E+11,3,9,2023,06:30,2,40,40046,2,1,1,7,316 Avenue de Laouadie,44,
2.023E+11,16,3,2023,22:20,5,52,52550,2,2,1,6,Rue du Mal de Lattre de Tassigny,48,
2.023E+11,11,12,2023,17:35,3,78,78362,1,1,1,4,A13,48,
2.023E+11,9,4,2023,20:00,1,8,8365,2,1,1,7,Rue Jean Jaures,49,
2.023E+11,11,12,2023,12:08,1,92,92050,1,1,1,3,A86,48,
2.023E+11,4,9,2023,19:46,1,4,4188,1,1,1,7,D13,43,
2.023E+11,9,4,2023,18:30,1,38,38339,1,1,1,1,Route d'Artas,45,
2.023E+11,11,12,2023,17:20,3,95,95018,1,1,1,4,A15,48,
2.023E+11,4,9,2023,18:40,1,85,85095,1,2,1,3,D76,46,