Num_Acc,jour,mois,an,hrmn,lum,dep,com,agg,int,atm,col,adr,lat,long
2.023E+11,14,1,2023,14:30,1,94,94071,2,2,2,4,Rue de Champigny / Rue de Paris,48,
2.023E+11,6,10,2023,13:30,1,33,33252,2,1,1,1,22 Route de Créon,44,
2.023E+11,6,10,2023,16:30,1,81,81108,1,1,1,6,D15,44,
2.023E+11,14,1,2023,11:20,1,94,94075,1,3,2,6,Av du Mal de Lattre de Tassigny / Route de la Grange,48,
2.023E+11,14,1,2023,19:10,4,93,93064,2,1,2,6,Parking centre commercial Rue Leon Blum,48,
2.023E+11,6,10,2023,05:30,5,55,55398,1,1,1,1,RN4,48,
2.023E+11,14,1,2023,18:00,5,93,93014,2,2,2,6,Allée de Gagny / Chemin de la Tourelle,48,
2.023E+11,5,10,2023,16:45,1,12,12188,1,1,1,1,RD 911 - PK 041+400,44,
2.023E+11,13,1,2023,22:30,5,93,93008,2,1,8,6,Rue Pablo Picasso,48,
2.023E+11,5,10,2023,07:10,3,41,41044,2,1,1,2,Rue du 11 Novembre 1918,47,
2.023E+11,14,1,2023,16:30,1,93,93007,2,2,2,3,Avenue du Professeur Paul Langevin / Rue Emile Kahn,48,
2.023E+11,5,10,2023,17:52,1,68,68258,1,9,1,4,D430,47,
2.023E+11,14,1,2023,15:36,1,92,92073,2,1,2,3,VERDUN (RUE DE),48,
2.023E+11,14,1,2023,11:55,1,92,92050,2,5,2,6,SEINE BOULEVARD DE,48,
2.023E+11,6,10,2023,07:15,2,44,44154,1,5,1,3,N/A,47,
2.023E+11,14,1,2023,21:49,5,92,92049,2,1,3,6,PERI RUE GABRIEL N°2 A 36,48,
2.023E+11,5,10,2023,16:30,1,29,29163,1,1,1,7,Kergalein,48,
2.023E+11,13,1,2023,22:50,5,92,92025,2,1,2,3,HENRI BARBUSSE (AV),48,
2.023E+11,6,10,2023,10:50,1,31,31396,1,1,1,3,D622,43,
2.023E+11,14,1,2023,11:05,1,12,12096,2,1,1,6,Avenue d'Estaing,44,
2.023E+11,5,10,2023,13:50,1,31,31232,2,1,1,6,33 Allee Alsace Lorraine,43,
2.023E+11,15,1,2023,00:39,3,22,22020,1,1,2,2,RN12,48,
2.023E+11,2,10,2023,03:25,3,31,31341,1,1,1,1,D2,43,
2.023E+11,15,1,2023,14:20,1,68,68122,1,1,1,7,Route de Cernay,47,
2.023E+11,15,1,2023,00:15,3,30,30315,1,1,1,6,N/A,43,
2.023E+11,3,10,2023,19:15,1,31,31490,2,6,1,3,Chemin de Ladoux,43,
2.023E+11,14,1,2023,05:55,3,57,57599,2,1,2,6,Rue Jeanne d'Arc,49,
2.023E+11,14,1,2023,15:30,1,56,56240,2,1,2,1,17 Rue Raymond Marcellin,47,
2.023E+11,6,10,2023,09:40,2,38,38314,1,1,5,5,D525b,45,
2.023E+11,15,1,2023,16:08,1,77,77137,2,2,1,3,D204 / N4,48,
2.023E+11,5,10,2023,09:15,1,1,1305,1,1,7,2,D933a,46,
2.023E+11,15,1,2023,08:45,1,80,80318,2,1,1,6,2 Rue Gambetta,50,
2.023E+11,1,10,2023,10:45,1,66,66149,1,1,1,4,RN116,42,
2.023E+11,15,1,2023,12:00,1,63,63415,1,3,2,3,Route de Sugères /imp des vergers,45,
2.023E+11,5,10,2023,17:45,1,66,66009,1,1,1,1,N/A,42,
2.023E+11,5,10,2023,21:40,4,72,72078,1,9,1,7,D118,48,
2.023E+11,14,1,2023,17:05,1,12,12215,1,2,2,1,Zone d'Activités du Vallon (Zone commerciale),44,
2.023E+11,6,10,2023,14:45,1,50,50443,1,1,1,2,Les Vignes,48,
2.023E+11,13,1,2023,11:30,1,12,12254,1,1,2,7,RD 901,44,
2.023E+11,6,10,2023,14:00,1,64,64519,2,3,1,1,Chemin de Devèzes,43,
2.023E+11,5,10,2023,13:15,1,36,36088,1,1,1,6,116 Route de la Châtre,46,
2.023E+11,15,1,2023,17:00,2,42,42150,1,2,1,1,Route du Pont de Fonte,45,
2.023E+11,6,10,2023,14:00,1,16,16216,1,1,1,6,RN 141,45,
2.023E+11,13,1,2023,13:39,1,86,86293,1,2,1,3,N10,46,
2.023E+11,6,10,2023,08:05,1,21,21212,2,3,1,3,D980 ROUTE DE SEMUR,47,
2.023E+11,15,1,2023,08:10,2,68,68138,1,1,2,7,D432,47,
2.023E+11,6,10,2023,07:15,3,21,21317,2,1,1,6,22 Route de Dijon,47,
2.023E+11,15,1,2023,11:45,1,29,29122,2,1,2,7,Poulouler,48,
2.023E+11,14,1,2023,17:15,1,31,31231,1,1,1,6,D12,43,
2.023E+11,1,10,2023,14:45,1,85,85210,1,1,1,6,RD 978,46,
2.023E+11,15,1,2023,10:30,1,50,50550,1,1,4,6,route de lastelle,49,
2.023E+11,15,1,2023,19:30,3,50,50101,1,2,2,3,La Rue,49,
2.023E+11,6,10,2023,09:40,1,85,85133,2,3,7,3,Rue du col magloire normand,46,
2.023E+11,15,1,2023,10:00,1,85,85284,1,6,7,1,RD 205,46,
2.023E+11,15,1,2023,09:20,1,85,85190,1,1,1,2,RD753,46,
2.023E+11,5,10,2023,17:45,1,85,85051,2,1,1,3,11 Rue des soupirs,46,
2.023E+11,14,1,2023,17:30,3,27,27224,1,1,3,6,D133,49,
2.023E+11,15,1,2023,02:05,3,30,30235,1,1,1,6,,43,
2.023E+11,5,10,2023,19:50,2,85,85142,1,1,1,7,D47,46,
2.023E+11,14,1,2023,17:45,2,30,30104,1,1,1,7,D8,43,
2.023E+11,15,1,2023,13:35,1,52,52050,2,3,1,3,D417,48,
2.023E+11,6,10,2023,12:45,1,27,27106,2,2,1,1,D138,49,
2.023E+11,14,1,2023,17:15,3,8,8185,1,1,3,1,D8051,49,
2.023E+11,6,10,2023,11:45,1,23,23259,1,2,1,3,Le Mas,46,
2.023E+11,11,9,2023,10:00,1,24,24194,2,1,1,3,Rue des Poétes,44,
2.023E+11,14,1,2023,17:56,3,73,73151,1,1,1,5,A41,45,
2.023E+11,4,10,2023,15:30,1,13,13038,1,1,1,3,Route départementale 17,43,
2.023E+11,13,1,2023,17:05,1,40,40210,1,1,1,2,A63 PK091+300 N/S,44,
2.023E+11,4,10,2023,15:40,1,17,17044,1,1,1,2,autoroute A10 Pk 454.000 sens BORDEAUX/PARIS,45,
2.023E+11,15,1,2023,06:43,3,69,69112,1,1,1,4,Autoroute 89 ,45,
2.023E+11,14,1,2023,04:45,3,64,64335,1,1,1,7,A64 - PK 095.300,43,
2.023E+11,21,9,2023,15:30,1,17,17407,1,3,1,5,route de Nantes Rd 137,46,
2.023E+11,14,1,2023,20:10,3,13,13001,1,1,1,4,autoroute A8,,
2.023E+11,15,1,2023,07:35,1,974,97415,1,1,1,1,Route du Théâtre,-21,
2.023E+11,5,10,2023,18:15,1,27,27107,1,1,1,5,A13,49,
2.023E+11,14,1,2023,18:45,3,77,77383,1,1,2,7,D62,48,
2.023E+11,13,1,2023,10:10,1,91,91115,2,1,1,7,45 Rue de la Libération,48,
2.023E+11,14,1,2023,23:40,3,2B,2B148,1,1,1,7,D107,42,
2.023E+11,14,1,2023,04:50,3,83,83150,2,1,1,7,Chemin de Pellonière,43,
2.023E+11,6,10,2023,17:15,1,13,13103,1,1,1,5,A54 - PK 071.600 - SENS OUEST EST,43,
2.023E+11,14,1,2023,15:07,1,64,64139,1,1,1,7,7085 Route des Pindats,43,
2.023E+11,5,10,2023,20:50,3,13,13118,1,1,1,2,Autoroute A8 PK 003.000,43,
2.023E+11,14,1,2023,14:25,1,59,59136,1,1,2,7,Avenue Simone Veil,50,
2.023E+11,6,10,2023,16:10,1,77,77104,1,1,1,3,N4,48,
2.023E+11,13,1,2023,07:07,3,13,13081,1,1,1,2,A7-Sens Lyon vers Marseille,43,
2.023E+11,14,1,2023,16:20,1,95,95582,1,1,2,6,D170,48,
2.023E+11,6,10,2023,17:25,1,77,77128,2,9,1,3,Avenue Constant Coquelin,48,
2.023E+11,6,10,2023,12:30,1,78,78380,2,3,1,3,Route de Mantes,48,
2.023E+11,13,1,2023,16:17,1,76,76540,2,2,1,6,Rue d'Elbeuf,49,
2.023E+11,13,1,2023,13:45,1,974,97411,1,9,1,3,MONTAGNE (ROUTE DE LA),-20,
2.023E+11,5,10,2023,07:50,2,78,78668,1,2,1,3,1 route nationale,49,
2.023E+11,5,10,2023,18:00,1,2B,2B007,1,1,1,6,RD 84,,
2.023E+11,12,1,2023,08:15,1,974,97411,2,3,2,3,RIVIERE DES PLUIES (ROUTE DE LA),-20,
2.023E+11,6,10,2023,11:10,1,66,66164,1,3,1,3,5 Avenue Jean Henri Bertin,42,
2.023E+11,13,1,2023,11:40,1,973,97302,2,3,1,3,BADUEL (ROUTE DE),4,
2.023E+11,13,1,2023,08:15,1,973,97302,1,7,1,7,CRIQUE FOUILLEE (ROND POINT),4,
2.023E+11,1,10,2023,12:50,1,83,83055,1,1,1,1,Route de Mons,43,
2.023E+11,11,1,2023,08:45,1,973,97302,2,1,2,2,GALMOT (ROND-POINT),4,
2.023E+11,13,1,2023,20:10,5,69,69266,2,1,2,6,Quai Charles de Gaulle,45,
2.023E+11,5,10,2023,18:40,1,71,71354,1,4,1,6,D34,46,
2.023E+11,12,1,2023,00:50,3,972,97209,2,4,1,1,RD 41 (ROCADE),14,
2.023E+11,13,1,2023,01:50,5,69,69389,2,1,2,6,Quai Jayr,45,
2.023E+11,6,10,2023,17:35,1,42,42188,2,9,7,6,Rue des Mensonges,45,
2.023E+11,12,1,2023,14:00,1,69,69385,2,1,1,7,21 Quai Fulchiron,45,
2.023E+11,13,1,2023,10:30,1,971,97101,2,9,1,2,DE MARIE GALANTE - RAIZET (RUE),16,
2.023E+11,4,10,2023,16:00,1,1,1386,1,6,1,3,D1075,45,
2.023E+11,12,1,2023,12:15,1,95,95210,2,2,2,3,D928,48,
2.023E+11,6,10,2023,15:45,1,69,69159,2,4,1,1,892 Route de Pouilly,45,
2.023E+11,14,1,2023,00:20,5,91,91114,2,2,2,7,RUE DES BOSQUETS,48,
2.023E+11,6,10,2023,05:30,3,46,46055,1,1,1,1,D840,44,
2.023E+11,13,1,2023,19:25,2,85,85191,1,1,2,7,RD160,46,
2.023E+11,1,10,2023,21:00,5,31,31433,2,1,1,1,D42,43,
2.023E+11,13,1,2023,07:10,4,83,83137,2,1,1,4,15EME CORPS (AVE DU),43,
2.023E+11,5,10,2023,19:00,2,33,33056,1,3,1,3,Avenue du Général de Gaulle,44,
2.023E+11,13,1,2023,16:46,1,81,81257,2,1,1,6,ANDRIEU ( RUE EMILE ),43,
2.023E+11,5,9,2023,15:25,1,49,49332,1,6,1,3,D752,47,
2.023E+11,6,10,2023,08:35,2,2,2133,1,1,1,1,D60,49,
2.023E+11,12,1,2023,07:45,5,78,78498,2,2,6,6,FOCH AV,48,
2.023E+11,4,10,2023,07:00,2,83,83090,1,9,1,3,A50,43,
2.023E+11,4,10,2023,18:50,1,33,33550,1,1,1,6,ROCADE A 630,44,
2.023E+11,5,10,2023,18:20,1,91,91549,1,1,1,3,RN 104,48,
2.023E+11,5,10,2023,12:45,1,94,94076,1,1,1,2,A6B,48,
2.023E+11,13,1,2023,11:30,1,77,77243,2,1,1,6,FREYCINET  (RUE   ),48,
2.023E+11,4,10,2023,07:15,1,94,94003,1,1,1,2,A6A,48,
2.023E+11,12,1,2023,21:05,5,76,76575,2,1,2,2,Rue des Cateliers,49,
2.023E+11,5,10,2023,07:30,1,92,92047,1,1,1,2,A13,48,
2.023E+11,13,1,2023,07:40,2,76,76351,2,3,1,3,ARISTIDE BRIAND,49,
2.023E+11,4,10,2023,18:00,1,78,78140,1,1,1,5,A13,48,
2.023E+11,13,1,2023,10:10,1,74,74012,2,2,2,6,AMOUREUX (RUE DES),46,
2.023E+11,4,10,2023,16:00,1,92,92036,1,1,1,3,A86,48,
2.023E+11,12,1,2023,19:46,5,74,74012,2,1,1,6,ETREMBIERES (ROUTE D'),46,
2.023E+11,4,10,2023,09:20,1,78,78640,1,1,1,4,N118,48,
2.023E+11,13,1,2023,07:33,5,74,74010,2,3,2,6,ALOUETTES,45,
2.023E+11,4,10,2023,09:20,1,92,92072,1,9,1,3,N118,48,
2.023E+11,13,1,2023,22:05,5,72,72181,2,1,1,2,COURBOULAY PAUL (RUE),48,
2.023E+11,4,10,2023,10:07,1,78,78133,1,1,1,5,A13,48,
2.023E+11,13,1,2023,23:22,5,72,72181,2,1,2,3,RHIN ET DANUBE (AV) N° PAIRS 2 A 192,48,
2.023E+11,5,10,2023,20:25,3,93,93010,1,1,1,5,AUTOROUTE A3,48,
2.023E+11,13,1,2023,08:00,1,72,72181,2,9,1,3,CHAMPION HENRI (RUE) N° PAIRS,47,
2.023E+11,5,10,2023,14:40,1,93,93005,1,1,1,3,AUTOROUTE A1,48,
2.023E+11,12,1,2023,20:20,5,72,72181,2,9,2,3,JAURES JEAN (AV) N° IMP 35 A 179,47,
2.023E+11,5,10,2023,15:10,1,95,95277,1,1,1,2,A1,48,
2.023E+11,12,1,2023,08:30,2,72,72181,2,1,1,2,MESSIAEN OLIVIER (AV) PAIRS,48,
2.023E+11,13,1,2023,21:30,5,69,69266,2,1,1,1,11 Rue Eugène Pottier,45,
2.023E+11,5,10,2023,07:30,1,93,93078,1,1,1,5,AUTOROUTE A104,48,
2.023E+11,5,10,2023,08:20,1,92,92036,1,1,1,2,AUTOROUTE A86,48,
2.023E+11,13,1,2023,18:20,5,69,69029,2,3,1,1,Rue du 35ème Régiment d'Aviation,45,
2.023E+11,4,10,2023,07:20,2,93,93066,1,1,1,2,AUTOROUTE A86,48,
2.023E+11,13,1,2023,16:50,2,69,69029,2,8,2,3,Avenue Pierre Mendès France,45,
2.023E+11,5,10,2023,09:00,1,94,94015,1,1,1,2,A4,48,
2.023E+11,5,10,2023,09:00,1,94,94079,1,1,1,2,A4,48,
2.023E+11,13,1,2023,07:25,2,67,67482,2,3,1,1,PEAGE (RUE DU),48,
2.023E+11,5,10,2023,06:30,5,93,93051,1,1,1,3,A4,48,
2.023E+11,12,1,2023,10:35,1,67,67482,2,1,6,2,VAUBAN (PONT),48,
2.023E+11,4,10,2023,23:20,3,94,94069,1,1,1,2,A4,48,
2.023E+11,13,1,2023,08:41,1,64,64445,2,1,2,2,rue d'Étigny,43,
2.023E+11,8,9,2023,09:40,1,987,98735,2,1,1,2,POMARE (BVD),17,
2.023E+11,12,1,2023,07:50,1,64,64284,1,6,1,7,avenue du 18 juin 1940,43,
2.023E+11,4,10,2023,01:20,3,974,97416,1,1,2,7,RN1,-21,
2.023E+11,3,10,2023,07:00,1,974,97411,2,1,1,6,LECONTE DE LISLE (AVENUE),-20,
2.023E+11,8,1,2023,02:35,5,62,62724,2,1,1,6,Rue Henri Barbusse,50,
2.023E+11,4,10,2023,09:00,1,974,97409,2,1,2,6,ROCADE SUD(RUE),-20,
2.023E+11,12,1,2023,18:10,5,62,62178,2,1,3,6,Rue Alfred Leroy,50,
2.023E+11,4,10,2023,09:30,1,973,97302,2,6,1,3,SUZINI (CARREFOUR),4,
2.023E+11,13,1,2023,05:30,5,59,59599,2,1,1,6,BERNARD (RUE CLAUDE),50,
2.023E+11,3,10,2023,21:55,3,973,97302,2,1,1,1,FELIX EBOUE(ROCADE),4,
2.023E+11,13,1,2023,04:05,5,59,59378,2,1,2,4,REPUBLIQUE AV DE LA (N°512-832),50,
2.023E+11,4,10,2023,19:25,4,69,69386,2,2,1,6,Rue Vendôme,45,
2.023E+11,13,1,2023,18:20,5,59,59183,2,9,1,6,MENDES FRANCE - BOULEVARD,51,
2.023E+11,4,10,2023,11:35,1,69,69387,2,1,1,5,Cours Gambetta,45,
2.023E+11,13,1,2023,19:00,5,59,59244,2,9,1,6,ROUTE NATIONALE,50,
2.023E+11,4,10,2023,09:20,1,69,69388,2,2,1,3,Rue Professeur Beauvisage,45,
2.023E+11,13,1,2023,17:30,5,54,54395,2,1,8,6,Rue Grand Rabbin Haguenauer,48,
2.023E+11,4,10,2023,08:45,1,972,97213,1,1,1,4,AUTOROUTE A1,14,
2.023E+11,13,1,2023,13:40,1,54,54547,2,3,1,6,JAURES (AVENUE JEAN),48,
2.023E+11,12,1,2023,22:20,5,54,54395,2,1,2,6,SAINT DIZIER (RUE 82 ET 113 A FIN),48,
2.023E+11,3,10,2023,11:50,1,91,91691,2,1,8,3,RAYMOND POINCARE(RUE),48,
2.023E+11,12,1,2023,16:50,2,54,54547,2,1,2,6,Rue Bernard Palissy,48,
2.023E+11,4,10,2023,15:08,1,91,91479,2,3,1,3,RUE ROGER SALENGRO,48,
2.023E+11,12,1,2023,17:00,5,54,54395,2,1,2,6,Rue Grand Rabbin Haguenauer,48,
2.023E+11,4,10,2023,07:17,1,91,91174,2,3,1,6,ARMEE PATTON (PONT DE L'),48,
2.023E+11,4,10,2023,14:00,1,89,89387,2,1,1,6,CHAMBONAS (COURS),48,
2.023E+11,12,1,2023,17:40,3,52,52448,1,1,8,3,VILLIERS EN LIEU (ROUTE DE),48,
2.023E+11,3,10,2023,07:56,1,87,87085,2,1,1,2,LEGENDRE (RUE CHARLES),45,
2.023E+11,13,1,2023,20:00,5,49,49246,2,1,2,6,PYRAMIDE ROUTE,47,
2.023E+11,3,10,2023,04:47,5,86,86194,1,1,1,3,Route de Bonnes,46,
2.023E+11,12,1,2023,19:11,5,49,49353,2,2,1,3,REPUBLIQUE AVENUE,47,
2.023E+11,4,10,2023,16:30,1,82,82033,2,1,1,6,BELLEPERCHE RD 45 (ROUTE DE),44,
2.023E+11,12,1,2023,17:49,2,49,49267,2,1,2,2,D347,47,
2.023E+11,4,10,2023,08:15,1,78,78650,2,2,1,1,BELLOY (AVENUE DE),48,
2.023E+11,13,1,2023,14:40,1,44,44109,2,6,2,3,3 Boulevard René Cassin,47,
2.023E+11,1,10,2023,02:45,5,78,78138,2,5,1,3,POISSY (AVENUE DE),48,
2.023E+11,13,1,2023,19:25,3,41,41018,1,3,8,3,CHAILLES (LEVEE DE),47,
2.023E+11,4,10,2023,14:01,1,78,78172,2,1,1,6,LIBERTE (PLACE DE LA),49,
2.023E+11,13,1,2023,16:00,1,37,37261,2,9,1,3,GRAMMONT (AVENUE DE),47,
2.023E+11,26,9,2023,14:25,1,78,78172,2,2,1,3,DE GAULLE (BD DU GENERAL),49,
2.023E+11,13,1,2023,19:15,5,35,35238,2,3,2,3,ALBERT 1ER (BD),48,
2.023E+11,4,10,2023,11:55,1,76,76322,2,2,6,3,Boulevard Pierre Brossolette,49,
2.023E+11,13,1,2023,13:40,1,35,35238,2,6,1,6,LANGEVIN (PAUL),48,
2.023E+11,13,1,2023,01:10,5,35,35238,2,2,1,5,ZOLA (QUAI EMILE),48,
2.023E+11,4,10,2023,15:40,1,71,71306,2,1,1,3,CHAMP DU MOULIN (RUE DU ),46,
2.023E+11,13,1,2023,01:10,5,35,35238,2,1,2,6,MAGINOT (AVENUE SERGENT),48,
2.023E+11,3,10,2023,12:25,1,71,71270,2,6,1,1,EUROPE (RUE DE L'),46,
2.023E+11,13,1,2023,23:20,5,34,34172,2,2,1,3,Place du Huit Mai 1945,43,
2.023E+11,4,10,2023,20:50,5,69,69256,2,4,1,7,Avenue Paul Marcellin,45,
2.023E+11,13,1,2023,08:20,1,34,34172,2,1,1,5,255 Avenue des Garrats,43,
2.023E+11,4,10,2023,11:00,1,69,69013,1,4,1,1,Avenue de Joux,46,
2.023E+11,11,1,2023,16:00,2,33,33063,2,1,7,3,Pont Saint-Jean,44,
2.023E+11,4,10,2023,17:10,1,69,69259,2,1,1,6,Avenue Marcel Cachin,45,
2.023E+11,4,10,2023,12:35,1,69,69259,2,2,1,3,Boulevard Irène Joliot Curie,45,
2.023E+11,13,1,2023,08:10,3,33,33529,1,2,9,3,EIFFEL (RUE GUSTAVE) DU 243 ET +,44,
2.023E+11,4,10,2023,09:00,1,69,69290,2,4,1,3,Chemin de Saint Bonnet de Mure,45,
2.023E+11,12,1,2023,13:00,1,27,27681,2,3,2,5,IVRY (ROUTE D'),49,
2.023E+11,3,10,2023,18:30,1,69,69290,2,1,1,7,76 Route de Grenoble,45,
2.023E+11,12,1,2023,10:50,1,27,27562,2,9,2,6,PRES (RUE DES),49,
2.023E+11,3,10,2023,21:58,5,67,67482,2,8,1,1,ROMAINS (ROUTE DES),48,
2.023E+11,4,10,2023,11:30,1,64,64348,1,1,1,2,MARTYRS DU PONT LONG DES,43,
2.023E+11,4,10,2023,07:25,3,64,64445,2,3,1,3,EUROPE DE L',43,
2.023E+11,13,1,2023,11:45,1,13,13208,2,1,1,6,CLOT BEY (AVENUE),43,
2.023E+11,12,1,2023,12:30,1,11,11069,2,1,1,7,Route de Saint Hilaire,43,
2.023E+11,4,10,2023,05:32,5,63,63113,2,6,1,6,BERTHELOT (BOULEVARD),45,
2.023E+11,13,1,2023,07:58,2,10,10081,2,1,2,3,JEAN BAPTISTE COLBERT (RUE),48,
2.023E+11,4,10,2023,20:30,5,62,62907,1,1,1,6,D 919,50,
2.023E+11,4,10,2023,08:40,2,58,58194,2,6,7,6,MARECHAL LECLERC,47,
2.023E+11,12,1,2023,14:59,1,10,10362,2,2,2,3,GENERAL LECLERC (RUE DU),48,
2.023E+11,13,1,2023,10:35,1,9,9122,2,1,2,6,FAURE (COURS GABRIEL),42,
2.023E+11,3,10,2023,13:40,1,56,56121,2,3,1,3,Boulevard Yves Demaine,47,
2.023E+11,3,10,2023,17:00,1,54,54357,2,1,1,1,Avenue de la Meurthe,48,
2.023E+11,13,1,2023,14:20,1,6,6159,2,3,1,2,MARECHAL FOCH (AVENUE),43,
2.023E+11,3,10,2023,13:15,1,54,54395,2,3,1,6,Rue Jeannot,48,
2.023E+11,12,1,2023,11:30,1,6,6069,2,2,1,3,SAINT EXUPERY (AVENUE ANTOINE DE),43,
2.023E+11,4,10,2023,07:40,1,54,54159,1,4,5,3,Avenue de Lunéville,48,
2.023E+11,4,10,2023,13:00,1,51,51454,2,1,1,6,FOCH (BOULEVARD),49,
2.023E+11,13,1,2023,18:52,5,1,1014,2,1,2,3,CD 31,46,
2.023E+11,4,10,2023,19:05,1,50,50502,2,1,1,3,PARIS,49,
2.023E+11,12,1,2023,00:30,5,75,75114,2,4,1,2,ECHANGEUR BRANCION,48,
2.023E+11,3,10,2023,21:10,3,50,50129,1,1,1,7,RN 13,49,
2.023E+11,13,1,2023,12:45,1,75,75119,2,1,1,1,RUE MANIN,48,
2.023E+11,3,10,2023,13:10,1,50,50129,2,3,1,6,VEXIN (RUE DU),49,
2.023E+11,13,1,2023,18:00,5,75,75118,2,2,1,6,RUE FEUTRIER,48,
2.023E+11,4,10,2023,19:47,5,45,45302,2,1,1,1,609 ROUTE NATIONALE 20,47,
2.023E+11,13,1,2023,20:10,5,75,75115,2,1,1,6,AVENUE FELIX FAURE,48,
2.023E+11,4,10,2023,16:15,1,42,42186,2,1,1,6,Rue du Pilat,45,
2.023E+11,4,10,2023,11:50,1,37,37195,2,1,1,6,LOUIS XI (BOULEVARD),47,
2.023E+11,13,1,2023,12:40,1,75,75111,2,3,1,3,BOULEVARD VOLTAIRE,48,
2.023E+11,3,10,2023,17:10,1,37,37122,1,1,1,2,RD 37,47,
2.023E+11,13,1,2023,16:35,1,75,75110,2,2,1,6,RUE LA FAYETTE,48,
2.023E+11,4,10,2023,13:45,1,35,35238,2,6,1,6,LITTRE (EMILE),48,
2.023E+11,26,9,2023,07:50,2,30,30189,2,3,1,6,Rue de Sauve,43,
2.023E+11,13,1,2023,09:55,1,75,75108,2,1,1,2,COURS LA REINE,48,
2.023E+11,4,10,2023,18:25,1,29,29039,1,9,1,3,RD 783,47,
2.023E+11,13,1,2023,00:05,5,75,75101,2,3,2,7,BOULEVARD DE SEBASTOPOL,48,
2.023E+11,3,10,2023,19:15,5,29,29019,2,2,1,3,rue Albert Thibaudet,48,
2.023E+11,12,1,2023,08:55,2,75,75101,2,2,1,6,BOULEVARD DE SEBASTOPOL,48,
2.023E+11,4,10,2023,12:15,1,27,27229,2,6,1,2,SAINT LEGER (RUE DU FAUBOURG),49,
2.023E+11,13,1,2023,22:00,5,94,94042,2,2,8,3,Avenue du Général Galliéni,48,
2.023E+11,2,10,2023,11:45,1,19,19272,2,1,1,7,Fontaines (Lieu dit),45,
2.023E+11,3,10,2023,17:55,1,19,19031,2,1,1,2,BALUZE (RUE),45,
2.023E+11,12,1,2023,07:55,5,94,94068,2,1,2,3,VARENNE (R DE LA),48,
2.023E+11,11,1,2023,16:55,1,94,94068,2,2,1,3,LOUIS BLANC (AV),48,
2.023E+11,4,10,2023,18:30,1,13,13071,2,9,1,1,ROUTE NATIONALE 368 (PLAN DES PENNES),43,
2.023E+11,29,9,2023,20:00,2,13,13216,2,1,1,1,LE PELLETIE (RUE),43,
2.023E+11,13,1,2023,18:30,5,94,94076,2,3,1,3,Boulevard Maxime Gorki,48,
2.023E+11,4,10,2023,18:30,1,13,13210,2,1,1,3,ICARD (BOULEVARD),43,
2.023E+11,12,1,2023,09:30,1,94,94028,2,1,1,6,Rue de Falkirk,48,
2.023E+11,4,10,2023,15:20,1,13,13201,2,1,1,3,ATHENES (BOULEVARD D'),43,
2.023E+11,13,1,2023,21:15,5,94,94054,2,2,1,3,Avenue de la Victoire / Avenue Henri Barbusse,48,
2.023E+11,4,10,2023,12:56,1,13,13213,2,4,1,3,SAINT PAUL (AVENUE),43,
2.023E+11,12,1,2023,16:50,2,94,94018,2,1,1,7,80 Quai des Carrieres,48,
2.023E+11,4,10,2023,11:45,1,13,13214,2,1,1,5,BASILE BARRELIER (BOULEVARD),43,
2.023E+11,4,10,2023,10:05,1,13,13205,2,1,1,6,BAILLE (BOULEVARD),43,
2.023E+11,13,1,2023,21:30,5,93,93072,2,1,1,2,Boulevard Maxime Gorki,48,
2.023E+11,4,10,2023,01:30,5,13,13210,2,5,1,2,AVE FLORIAN,43,
2.023E+11,13,1,2023,11:35,1,93,93070,2,1,1,1,Rue Lafontaine,48,
2.023E+11,3,10,2023,21:30,5,13,13208,2,3,1,3,MAZARGUES (AVENUE DE),43,
2.023E+11,13,1,2023,18:00,3,93,93066,2,1,1,3,Boulevard Marcel Sembat,48,
2.023E+11,20,8,2023,19:00,1,13,13005,2,1,1,3,GEMENOS (ROUTE DE CD2),43,
2.023E+11,3,10,2023,19:35,5,10,10387,2,1,1,3,PONTS (RUE DES),48,
2.023E+11,3,10,2023,07:50,1,10,10387,2,1,1,6,VOULDY (CHAUSSEE DU),48,
2.023E+11,13,1,2023,00:30,5,93,93066,2,1,2,4,Boulevard Félix Faure,48,
2.023E+11,4,10,2023,15:50,1,4,4070,2,1,1,7,ST VERAN (AV),44,
2.023E+11,13,1,2023,07:50,2,93,93077,2,2,2,1,Avenue du Raincy / Rue de Bondy,48,
2.023E+11,4,10,2023,21:48,5,75,75111,2,5,1,3,AVENUE DE LA REPUBLIQUE,48,
2.023E+11,4,10,2023,18:47,5,75,75113,2,3,1,7,RUE EMILE DURKHEIM,48,
2.023E+11,13,1,2023,08:57,1,93,93055,2,1,2,1,Avenue du Général Leclerc,48,
2.023E+11,4,10,2023,15:20,1,75,75120,2,2,1,3,RUE ALEXANDRE DUMAS,48,
2.023E+11,13,1,2023,12:50,1,93,93006,2,9,1,3,42 Rue François Mitterrand,48,
2.023E+11,3,10,2023,12:40,1,75,75120,2,2,1,3,RUE DES PYRENEES,48,
2.023E+11,4,10,2023,19:30,1,75,75117,2,2,1,3,AVENUE DES TERNES,48,
2.023E+11,13,1,2023,08:15,1,93,93029,2,1,6,3,Avenue Henri Barbusse,48,
2.023E+11,4,10,2023,19:10,2,75,75117,2,2,1,3,RUE DE LA JONQUIERE,48,
2.023E+11,13,1,2023,07:50,2,93,93008,2,1,1,6,Rue Rene Camier,48,