Num_Acc,jour,mois,an,hrmn,lum,dep,com,agg,int,atm,col,adr,lat,long
2.023E+11,4,10,2023,18:55,1,75,75116,2,1,1,2,AVENUE PAUL DOUMER,48,
2.023E+11,13,1,2023,22:00,5,92,92078,2,3,1,3,MARECHAL LECLERC (AVENUE) (N° IMPAIRS),48,
2.023E+11,4,10,2023,16:30,1,75,75116,2,1,1,3,VOIE GEORGES POMPIDOU,48,
2.023E+11,3,10,2023,17:00,1,75,75116,2,1,1,6,AVENUE DE MALAKOFF,48,
2.023E+11,12,1,2023,19:45,5,92,92064,2,3,2,3,MARCEL DASSAULT,48,
2.023E+11,4,10,2023,18:40,1,75,75115,2,1,1,7,BOULEVARD GENERAL MARTIAL VALIN,48,
2.023E+11,4,10,2023,16:30,1,75,75115,2,1,1,2,RUE DE VAUGIRARD,48,
2.023E+11,12,1,2023,13:35,1,92,92076,2,1,8,3,PUITS,48,
2.023E+11,4,10,2023,12:15,1,75,75115,2,2,1,2,QUAI DE GRENELLE,48,
2.023E+11,13,1,2023,18:00,5,92,92051,2,9,1,6,ARGENSON (BOULEVARD,,
2.023E+11,4,10,2023,15:25,1,75,75112,2,1,1,6,AVENUE DAUMESNIL,48,
2.023E+11,4,10,2023,10:40,1,75,75112,2,1,1,3,RUE DE REUILLY,48,
2.023E+11,13,1,2023,20:14,5,92,92051,2,3,2,7,GENERAL KOENIG (BOULEVARD DU),48,
2.023E+11,3,10,2023,22:30,5,75,75111,2,3,1,3,BOULEVARD BEAUMARCHAIS,48,
2.023E+11,13,1,2023,03:40,5,92,92040,2,1,2,2,VOLTAIRE (BOULEVARD),48,
2.023E+11,4,10,2023,11:57,1,75,75110,2,4,1,3,RUE DU FAUBOURG SAINT MARTIN,48,
2.023E+11,4,10,2023,19:00,1,75,75108,2,2,1,3,BOULEVARD MALESHERBES,48,
2.023E+11,12,1,2023,14:05,1,92,92036,2,1,2,6,GENERAL DE GAULLE (AVENUE) (PAIRS),48,
2.023E+11,12,1,2023,12:45,1,92,92036,2,1,1,6,MARCEL PAUL (AVENUE) (2/50),48,
2.023E+11,4,10,2023,10:48,1,75,75108,2,1,1,3,PLACE DE LA CONCORDE,48,
2.023E+11,13,1,2023,20:30,5,92,92026,2,1,1,6,ALMA,48,
2.023E+11,4,10,2023,18:40,1,94,94078,2,1,1,6,Place Pierre Semard,48,
2.023E+11,4,10,2023,09:50,1,94,94078,2,1,1,3,Place Pierre Semard,48,
2.023E+11,13,1,2023,21:07,3,92,92026,2,1,1,6,PIERRE CURIE,48,
2.023E+11,4,10,2023,18:00,1,94,94015,2,9,1,2,Boulevard Georges Méliès,48,
2.023E+11,12,1,2023,18:35,5,92,92023,2,1,1,6,ROISSIS (RUE DES),48,
2.023E+11,3,10,2023,16:10,1,94,94042,2,1,1,3,Avenue du Général Galliéni,48,
2.023E+11,3,10,2023,20:40,5,92,92007,2,1,1,3,169 Avenue Aristide Briand,48,
2.023E+11,3,10,2023,18:30,1,94,94003,2,1,1,3,17 Avenue Paul Vaillant-couturier,48,
2.023E+11,3,10,2023,21:15,5,94,94033,2,1,1,1,Avenue Foch,48,
2.023E+11,3,10,2023,13:00,1,94,94028,1,1,2,3,avenue Bernard Halpern,48,
2.023E+11,4,10,2023,09:20,1,94,94022,2,1,1,3,132 Boulevard de Stalingrad,48,
2.023E+11,4,10,2023,22:30,5,93,93071,2,3,1,3,Boulevard Westinghouse / Allee de Bir Hakeim,48,
2.023E+11,4,10,2023,13:20,1,93,93066,2,1,1,6,Boulevard Marcel Sembat,48,
2.023E+11,13,1,2023,15:41,1,31,31446,2,1,1,6,3 Rue Louis Braille,43,
2.023E+11,4,10,2023,10:00,1,93,93029,2,3,1,3,Avenue Marceau / Rue du Bon Houdart,48,
2.023E+11,4,10,2023,05:50,5,93,93014,2,1,1,3,Boulevard Emile Zola,48,
2.023E+11,4,10,2023,14:50,1,92,92072,2,1,1,2,GRANDE RUE,48,
2.023E+11,4,10,2023,13:50,1,92,92064,2,1,1,7,EGLISE,48,
2.023E+11,4,10,2023,08:45,1,92,92063,2,3,1,3,CHATAIGNERAIE (AVENUE DE LA),48,
2.023E+11,4,10,2023,09:34,1,92,92063,2,3,1,4,FLOQUET (RUE CHARLES) NORD,48,
2.023E+11,4,10,2023,15:40,1,92,92051,2,2,1,3,ACHILLE PERETTI (PLACE),48,
2.023E+11,2,10,2023,23:35,5,92,92051,2,9,1,3,GENERAL KOENIG (BOULEVARD DU),48,
2.023E+11,4,10,2023,11:20,1,92,92020,2,1,1,2,VERDUN AVENUE DE AUTRES N°,48,
2.023E+11,4,10,2023,09:35,1,92,92044,2,6,1,6,CHARLES PASQUA (QUAI) 32 A 58,48,
2.023E+11,4,10,2023,16:00,1,92,92036,2,6,1,2,MARCEL PAUL (AVENUE) (1/103),48,
2.023E+11,3,10,2023,15:30,1,92,92036,2,1,2,2,LOUIS CALMEL (RUE) (2/16),48,
2.023E+11,2,10,2023,17:20,1,92,92025,2,2,1,3,CHARLES DE GAULLE (BD),48,
2.023E+11,4,10,2023,14:00,1,92,92071,2,1,1,3,GENERAL DE GAULLE (PLACE),48,
2.023E+11,3,10,2023,18:25,1,92,92036,2,1,1,3,GRESILLONS ( AVENUE DES  ),48,
2.023E+11,5,10,2023,19:05,5,67,67372,2,6,1,6,151 Grand Rue,48,
2.023E+11,8,9,2023,13:30,1,67,67372,2,1,1,3,1 Rue Principale,48,
2.023E+11,4,10,2023,17:30,1,31,31445,2,1,1,2,Chemin de Ribaute,43,
2.023E+11,5,10,2023,07:30,2,22,22025,1,3,1,3,le maes,48,
2.023E+11,22,7,2023,20:20,1,14,14712,1,1,1,7,Rue de Janville,49,
2.023E+11,26,7,2023,16:50,1,22,22050,1,3,8,3,D12 route de Calorguen,48,
2.023E+11,27,7,2023,07:23,1,60,60103,1,2,2,3,D931,49,
2.023E+11,26,7,2023,18:05,1,62,62711,2,1,1,2,Rue Raymond Sulliger,50,
2.023E+11,26,7,2023,17:25,1,13,13071,1,1,1,2,A7-Sens Lyon vers Marseille,43,
2.023E+11,25,7,2023,23:10,3,13,13211,1,1,1,2,A50-Sens Aubagne vers Marseille,43,
2.023E+11,26,7,2023,12:55,1,33,33167,1,1,1,2,ROUTE NATIONALE 230,44,
2.023E+11,26,7,2023,12:15,1,33,33143,1,1,1,2,AUTOROUTE A 10,44,
2.023E+11,15,6,2023,19:10,1,33,33063,1,1,1,3,N/A,44,
2.023E+11,25,7,2023,14:20,1,59,59378,1,1,1,6,AUTOROUTE A22,50,
2.023E+11,25,7,2023,03:05,3,91,91570,1,1,3,7,RN 104,48,
2.023E+11,25,7,2023,21:26,2,92,92023,1,1,1,3,RN385,48,
2.023E+11,26,5,2023,20:00,1,74,74010,1,1,1,1,CD16,45,
2.023E+11,24,5,2023,10:25,1,74,74010,2,3,1,2,Route de frangy,45,
2.023E+11,23,5,2023,19:57,1,74,74147,1,9,1,3,Lathuile,45,
2.023E+11,22,5,2023,09:00,1,74,74043,2,1,1,6,130 Avenue du leman,46,
2.023E+11,19,5,2023,13:00,1,74,74236,2,1,8,7,1095 Route du prarion,45,
2.023E+11,18,5,2023,18:00,1,74,74104,2,1,1,5,Route d'annecy,45,
2.023E+11,18,5,2023,12:54,1,74,74298,2,1,1,1,BONNEVILLE (ROUTE DE ),46,
2.023E+11,7,5,2023,04:50,5,74,74172,2,1,1,1,NATIONALE (ROUTE),46,
2.023E+11,4,5,2023,08:55,1,74,74218,2,1,1,2,NOAILLES (AVENUE ANNA DE),46,
2.023E+11,4,5,2023,07:35,1,74,74281,2,1,1,2,GENEVRIERS (AVENUE DES),46,
2.023E+11,24,7,2023,09:00,1,29,29232,2,1,1,6,Rue de Kervillou,47,
2.023E+11,25,7,2023,08:08,1,976,97611,2,1,1,6,kaweni-Mahabourini ( rue ),-12,
2.023E+11,25,7,2023,10:40,1,974,97411,2,1,1,3,JAURES (BOULEVARD JEAN),-20,
2.023E+11,25,7,2023,16:50,1,69,69388,2,4,2,1,Route de Vienne,45,
2.023E+11,25,7,2023,09:40,1,69,69388,2,1,1,6,Rue Challemel Lacour,45,
2.023E+11,25,7,2023,16:20,1,972,97213,1,1,8,2,AUTOROUTE A1,14,
2.023E+11,25,7,2023,00:37,5,971,97101,2,6,2,7,RN11,16,
2.023E+11,24,7,2023,20:30,5,971,97101,1,1,2,4,BESSON,16,
2.023E+11,24,7,2023,16:15,1,971,97120,1,2,1,3,NELSON MANDELA,16,
2.023E+11,20,7,2023,09:50,1,91,91549,2,1,1,6,DOCTEUR PHILLIPE PINEL (RUE DU),48,
2.023E+11,25,7,2023,15:23,1,91,91421,2,3,1,3,CORBEIL (ROUTE DE),48,
2.023E+11,24,7,2023,16:30,1,83,83137,2,1,1,2,BAZEILLES (BD / ROND POINT DE),43,
2.023E+11,25,7,2023,08:25,1,77,77186,1,6,2,7,RD606. de la rochette à l'obélisque,48,
2.023E+11,24,7,2023,20:25,1,76,76270,1,1,1,6,RD 6382,49,
2.023E+11,24,7,2023,11:55,1,67,67462,2,2,2,3,LIBERTE (AVENUE DE LA),48,
2.023E+11,22,7,2023,21:43,2,66,66136,1,6,1,6,N/A,42,
2.023E+11,22,7,2023,06:17,2,66,66136,1,1,1,1,N/A,42,
2.023E+11,21,7,2023,10:42,1,66,66136,2,3,1,6,N/A,42,
2.023E+11,25,7,2023,17:05,1,64,64545,2,1,2,6,ROUTE D'IBARDIN,43,
2.023E+11,25,7,2023,10:05,1,64,64335,1,3,2,3,SALIE,43,
2.023E+11,25,7,2023,16:25,1,61,61006,1,1,1,4,D958,48,
2.023E+11,25,7,2023,16:15,1,58,58194,2,2,1,3,MARZY,46,
2.023E+11,24,7,2023,15:10,1,50,50647,2,1,1,2,EUROPE (AVENUE DE L'),48,
2.023E+11,24,7,2023,22:25,5,50,50129,2,2,1,1,ATLANTIQUE (BOULEVARD DE L'),49,
2.023E+11,24,7,2023,14:34,1,49,49015,2,2,2,4,MENDES FRANCE AVENUE PIERRE,47,
2.023E+11,24,7,2023,12:09,1,49,49007,1,1,1,7,A87N,47,
2.023E+11,25,7,2023,11:55,1,35,35238,2,3,1,3,FEUILLEE (MARTIN),48,
2.023E+11,25,7,2023,06:45,1,35,35238,2,2,2,6,VERN (DE),48,
2.023E+11,24,7,2023,18:10,1,35,35281,1,1,3,2,BENOIT (RUE FREDERIC),48,
2.023E+11,25,7,2023,19:00,1,33,33550,2,3,1,3,Avenue Pierre Proudhon,44,
2.023E+11,25,7,2023,08:31,1,33,33200,2,2,1,3,Rue Joliot Curie,44,
2.023E+11,23,7,2023,18:49,1,33,33318,2,3,1,6,Rue des Fuchsias,44,
2.023E+11,25,7,2023,09:55,1,33,33529,2,3,1,3,LAGRUA (RUE),44,
2.023E+11,25,7,2023,15:45,1,31,31555,1,1,1,2,A621 (SEPT DENIERS-ANCELY),43,
2.023E+11,24,7,2023,16:50,1,31,31555,2,3,1,3,RUE JEAN AICARD,43,
2.023E+11,2,7,2023,20:00,2,30,30189,2,1,1,6,PUCCINI (RUE),43,
2.023E+11,22,7,2023,20:20,1,30,30007,2,6,1,3,Avenue Monge,44,
2.023E+11,25,7,2023,13:50,1,28,28223,2,4,1,6,PASTEUR (RUE),48,
2.023E+11,24,7,2023,14:55,1,27,27681,2,6,2,3,CAPUCINS (AVENUE DES),49,
2.023E+11,24,7,2023,18:20,1,27,27229,2,2,1,1,FERRY (RUE JULES),49,
2.023E+11,25,7,2023,11:10,1,25,25580,1,1,2,3,BANNOT (LE),47,
2.023E+11,25,7,2023,18:50,1,25,25056,2,6,2,6,N/A,47,
2.023E+11,25,7,2023,08:10,1,22,22278,2,1,7,2,ATLANTIQUE (BD) N°58/71 A FIN,48,
2.023E+11,24,7,2023,08:30,1,16,16102,2,2,1,3,SEGONZAC (RUE DE),45,
2.023E+11,19,7,2023,18:45,1,15,15012,2,1,1,1,TOYRE (RUE JEAN),44,
2.023E+11,25,7,2023,17:45,2,13,13201,2,1,1,6,CHARLES NEDELEC (BOULEVARD),43,
2.023E+11,25,7,2023,13:33,1,10,10265,2,1,2,7,LAMARTINE (RUE),48,
2.023E+11,25,7,2023,11:45,1,10,10387,2,2,2,1,PIERRE BROSSOLETTE (RUE),48,
2.023E+11,25,7,2023,21:50,5,6,6088,2,1,1,6,KIRCHNER (SQUARE M.),43,
2.023E+11,24,7,2023,07:05,1,6,6069,1,1,1,3,ZILLER (AVENUE PIERRE),43,
2.023E+11,25,7,2023,15:15,1,75,75116,2,1,1,2,BD PERIPHERIQUE EXTERIEUR,48,
2.023E+11,25,7,2023,06:00,5,75,75112,2,1,2,2,BD PERIPHERIQUE INTERIEUR,48,
2.023E+11,25,7,2023,03:05,5,75,75117,2,1,3,6,BD PERIPHERIQUE EXTERIEUR,48,
2.023E+11,24,7,2023,18:35,1,75,75116,2,1,2,2,PORTE DAUPHINE,48,
2.023E+11,25,7,2023,11:30,1,75,75119,2,1,2,6,RUE DE CRIMEE,48,
2.023E+11,25,7,2023,10:15,1,75,75119,2,4,2,6,RUE COMPANS,48,
2.023E+11,25,7,2023,09:00,1,75,75119,2,9,8,2,BOULEVARD D ALGERIE,48,
2.023E+11,25,7,2023,07:00,2,75,75117,2,3,2,7,AVENUE DES TERNES,48,
2.023E+11,25,7,2023,10:20,1,75,75113,2,3,2,6,BOULEVARD DE L HOPITAL,48,
2.023E+11,25,7,2023,01:50,5,75,75111,2,2,2,3,AVENUE PARMENTIER,48,
2.023E+11,25,7,2023,18:03,1,75,75108,2,3,1,2,AVENUE WINSTON CHURCHILL,48,
2.023E+11,24,7,2023,21:00,2,94,94079,1,6,2,2,Boulevard Jean Monnet,48,
2.023E+11,25,7,2023,16:00,1,95,95527,1,1,1,4,N104,49,
2.023E+11,25,7,2023,17:40,1,93,93066,2,3,1,3,Rue du Landy / Rue de Tunis,48,
2.023E+11,25,7,2023,19:00,1,93,93050,2,3,2,3,Boulevard du Marechal Foch / Rue Jules Lamant et Ses Fils,48,
2.023E+11,24,7,2023,22:56,5,93,93048,2,2,8,3,Avenue du Colonel Fabien / Avenue du Docteur Fernand Lamaze,48,
2.023E+11,25,7,2023,16:15,1,93,93057,2,2,2,6,Boulevard de Paris / Avenue du Quatorze Juillet,48,
2.023E+11,25,7,2023,15:50,1,92,92062,2,1,2,1,PDT WILSON (Avenue),48,
2.023E+11,24,7,2023,05:35,5,92,92024,2,2,2,3,JEAN JAURES (BD) DE (1 A 45)   (2 A 54),48,
2.023E+11,23,7,2023,19:05,1,92,92023,2,6,1,5,TRIVAUX (CARREFOUR DE),48,
2.023E+11,26,7,2023,08:25,1,38,38157,1,6,1,3,D502,45,
2.023E+11,25,7,2023,15:14,1,22,22209,1,1,1,2,les roches,48,
2.023E+11,25,7,2023,09:57,1,22,22094,1,3,1,3,rue du Moulin,48,
2.023E+11,26,7,2023,10:40,1,49,49110,1,1,1,3,D74,47,
2.023E+11,25,6,2023,12:20,1,974,97414,2,9,1,6,Avenue Pasteur,-21,
2.023E+11,22,7,2023,17:15,1,58,58270,1,2,1,3,La Courge,47,
2.023E+11,25,7,2023,19:00,1,83,83100,1,3,6,2,D97,43,
2.023E+11,25,7,2023,15:04,1,87,87020,1,1,1,2,A20,45,
2.023E+11,25,7,2023,14:45,1,40,40246,1,1,1,3,Route de Mont de Marsan,44,
2.023E+11,25,7,2023,17:35,1,95,95316,1,1,8,6,D47,49,
2.023E+11,26,7,2023,05:50,2,62,62096,1,2,1,3,D930,50,
2.023E+11,22,7,2023,00:15,5,59,59580,2,1,1,6,38 Rue de Poperinghe,50,
2.023E+11,24,7,2023,07:30,1,79,79334,1,2,1,3,N/A,46,
2.023E+11,25,7,2023,13:50,1,2B,2B043,1,1,1,1,Hameau de Mausoléo,42,
2.023E+11,26,7,2023,01:35,3,32,32012,1,1,1,6,RN 124 PK 37+716,43,
2.023E+11,25,7,2023,20:45,3,63,63443,1,1,8,6,Route de Riom,45,
2.023E+11,26,7,2023,11:45,1,63,63321,1,1,1,1,D14,45,
2.023E+11,25,7,2023,22:35,3,2,2095,1,1,1,2,D8,50,
2.023E+11,26,7,2023,18:00,1,3,3236,1,1,1,1,D67,46,
2.023E+11,26,7,2023,08:15,1,70,70149,1,1,8,1,Départementale 16 PK/PR 008+450,47,
2.023E+11,23,7,2023,21:50,2,66,66160,2,1,1,1,N/A,42,
2.023E+11,25,7,2023,21:30,2,50,50243,1,1,1,7,10 Route Belle Croix,49,
2.023E+11,25,7,2023,07:00,2,43,43114,2,1,1,6,825 Route de Saint Jeures,45,
2.023E+11,25,7,2023,20:35,1,36,36012,1,1,2,6,N/A,46,
2.023E+11,25,7,2023,22:15,5,36,36071,2,1,1,6,N/A,46,
2.023E+11,26,7,2023,16:57,1,24,24352,1,1,1,2,pk 2 D710,45,
2.023E+11,24,7,2023,17:38,1,24,24484,1,1,1,1,D6089,45,
2.023E+11,25,7,2023,22:52,3,27,27655,1,1,1,6,Ancienne route de bernay,49,
2.023E+11,26,7,2023,10:15,1,27,27116,1,4,1,3,D 438,49,
2.023E+11,26,7,2023,07:40,1,66,66228,1,4,1,3,N/A,42,
2.023E+11,26,7,2023,12:20,1,6,6088,1,1,1,1,A8 PK 190.700 - Chaussée Sud,43,
2.023E+11,26,7,2023,19:45,2,11,11262,1,1,1,1,Domaine de Moujan (Corps de ferme),43,
2.023E+11,24,7,2023,03:55,3,30,30189,1,1,1,6,A9 PK 54+300,43,
2.023E+11,17,3,2023,15:25,1,34,34146,1,1,1,6,A9 PK 82.700,43,
2.023E+11,26,7,2023,18:30,3,976,97617,1,1,1,3,CCD1 Soulou,-12,
2.023E+11,26,7,2023,07:45,1,27,27563,1,1,1,6,A13,49,
2.023E+11,25,7,2023,14:40,1,987,98744,1,1,1,6,Avera,-22,
2.023E+11,27,5,2023,12:15,1,988,98821,1,1,1,1,RT1,-22,
2.023E+11,26,7,2023,07:25,1,41,41136,2,1,7,1,Rue Maryse Bastié,47,
2.023E+11,25,7,2023,04:20,3,45,45089,1,1,1,6,D2060 PR 88 + 713,47,
2.023E+11,26,7,2023,09:10,1,77,77031,1,3,1,3,D211,48,
2.023E+11,26,7,2023,11:30,1,83,83068,1,1,1,6,Route du Littoral,43,
2.023E+11,26,7,2023,15:00,1,4,4063,1,1,1,3,Lieu lit Les rochettes,43,
2.023E+11,19,7,2023,16:22,1,71,71176,2,3,1,1,Route de Roanne,46,
2.023E+11,26,7,2023,07:50,1,71,71571,1,1,1,1,route des pierres,46,
2.023E+11,26,7,2023,13:30,1,71,71236,1,1,1,2,D85,46,
2.023E+11,24,7,2023,12:28,1,54,54348,1,1,2,6,D907,48,
2.023E+11,26,7,2023,06:00,2,31,31193,1,1,1,3,D8,43,
2.023E+11,26,7,2023,06:50,1,86,86197,1,2,1,3,D61,47,
2.023E+11,24,7,2023,16:20,1,33,33284,1,1,1,6,rue des quatre routes,44,
2.023E+11,25,7,2023,11:35,1,49,49021,1,1,1,3,D59,47,
2.023E+11,25,7,2023,02:50,3,60,60685,1,1,2,7,RD 620,49,
2.023E+11,21,7,2023,19:30,2,59,59400,1,1,1,7,rue Barra,50,
2.023E+11,20,7,2023,17:11,1,13,13070,1,1,1,4,A50-Sens Aubagne vers Marseille,43,
2.023E+11,25,7,2023,09:16,1,13,13211,1,1,1,6,A50-Sens Marseille vers Aubagne,43,
2.023E+11,24,7,2023,19:23,1,83,83144,1,1,1,2,A57,43,
2.023E+11,24,7,2023,13:40,1,33,33249,1,1,1,2,ROUTE NATIONALE 230,44,
2.023E+11,24,7,2023,17:14,1,59,59386,1,1,2,6,ROUTE DEPARTEMENTALE 652,50,
2.023E+11,17,6,2023,10:27,1,78,78217,1,1,1,2,A13,48,
2.023E+11,24,7,2023,09:15,1,95,95582,1,1,1,5,D170,48,
2.023E+11,24,7,2023,07:30,1,93,93078,1,1,8,2,AUTOROUTE A104,48,
2.023E+11,24,7,2023,07:00,1,93,93027,1,1,8,6,BDL,48,
2.023E+11,24,7,2023,06:20,1,95,95582,1,1,2,6,A15,48,
2.023E+11,23,7,2023,23:10,3,95,95241,1,1,1,2,RN 104,49,
2.023E+11,25,7,2023,17:00,1,94,94028,1,1,1,4,A86,48,
2.023E+11,25,7,2023,13:30,1,77,77018,1,1,2,6,A4,48,
2.023E+11,25,7,2023,07:15,1,94,94022,1,1,3,7,A86,48,
2.023E+11,25,7,2023,08:22,1,94,94017,1,1,2,3,A4,48,
2.023E+11,25,7,2023,05:37,3,77,77495,1,1,3,5,A5b,48,
2.023E+11,24,7,2023,20:00,1,94,94074,1,1,3,3,N406,48,
2.023E+11,24,7,2023,17:15,1,63,63113,2,1,2,3,Parking Lidl /rue Lesage,45,
2.023E+11,23,7,2023,17:45,1,83,83123,2,1,1,1,ROUTE DE BANDOL,43,
2.023E+11,24,7,2023,22:25,5,974,97411,2,9,1,2,JAURES (BLD 1 JEAN),-20,
2.023E+11,24,7,2023,22:35,3,974,97411,1,1,1,6,LITTORAL (ROUTE 2 DU),-20,
2.023E+11,24,7,2023,14:00,1,973,97302,2,1,1,3,MADELEINE (ROUTE DE LA),4,
2.023E+11,24,7,2023,12:30,1,2B,2B264,1,1,1,4,TOUTES RUES,42,
2.023E+11,24,7,2023,09:40,1,2B,2B120,1,1,1,3,IMPERIALE (Route) D464 ,42,
2.023E+11,24,7,2023,02:30,3,971,97113,1,9,1,2,RN4 - SECTION RIVIERA,16,
2.023E+11,22,7,2023,11:45,1,91,91421,2,1,1,3,JEAN JAURES (AVENUE),48,
2.023E+11,24,7,2023,22:45,5,91,91223,2,1,2,7,LYS (RUE DES),48,
2.023E+11,22,7,2023,16:57,1,90,90010,2,1,1,7,PREMIERE ARMEE FRANCAISE (AVENUE DE LA),47,
2.023E+11,22,7,2023,19:30,1,87,87085,2,6,1,6,DUSSOUBS (PLACE DENIS),45,
2.023E+11,20,7,2023,12:34,1,83,83009,1,1,1,6,ROCADE NORD,43,
2.023E+11,22,7,2023,19:35,1,83,83123,2,3,1,3,AVENIR (BD),43,
2.023E+11,24,7,2023,07:15,1,77,77449,1,1,2,6,RD 231,48,
2.023E+11,23,7,2023,15:00,1,76,76540,2,3,2,6,Quai de Boisguilbert,49,
2.023E+11,24,7,2023,06:55,1,69,69264,2,1,2,7,Avenue de l’Europe,45,
2.023E+11,24,7,2023,11:45,1,64,64284,2,1,1,2,CHARLES DE GAULLE,43,
2.023E+11,24,7,2023,11:20,1,64,64140,2,1,2,3,NOVEMBRE (RUE DU 11),43,
2.023E+11,15,7,2023,20:50,1,59,59560,2,6,1,1,EPINETTE RUE DE L,50,
2.023E+11,21,7,2023,20:02,1,58,58194,2,6,1,3,VAUZELLES,47,
2.023E+11,20,7,2023,22:50,5,58,58194,2,3,1,3,CHARLEVILLE,46,
2.023E+11,22,7,2023,21:25,2,57,57672,2,1,1,7,AURIGES (RUE DES),49,
2.023E+11,24,7,2023,16:10,1,56,56121,2,1,1,2,INDES (PONT DES),47,
2.023E+11,16,7,2023,11:00,1,56,56162,1,1,1,6,Rue des Deux Soeurs,47,
2.023E+11,24,7,2023,19:20,1,54,54395,2,2,1,3,Avenue de la Libération,48,
2.023E+11,23,7,2023,10:30,1,54,54274,2,3,1,3,Rue de la République,48,
2.023E+11,24,7,2023,09:55,1,45,45234,2,1,1,3,SECRETAIN (AVENUE ROGER),47,
2.023E+11,24,7,2023,20:24,2,45,45004,1,1,2,6,D2060 PR 28 + 42,47,
2.023E+11,23,7,2023,17:40,1,43,43046,2,1,1,1,15 Boulevard Montgiraud,45,
2.023E+11,22,7,2023,16:20,1,39,39198,2,1,1,6,54 Rue des Commards,47,
2.023E+11,24,7,2023,15:43,1,37,37214,2,6,1,3,BORDIERS (RUE DES),47,
2.023E+11,24,7,2023,11:58,1,37,37261,2,2,1,3,NATIONALE (RUE),47,
2.023E+11,23,6,2023,06:00,2,30,30102,1,1,1,6,D225,43,
2.023E+11,21,6,2023,15:25,1,88,88319,2,1,1,2,Avenue du Général de Gaulle,48,
2.023E+11,20,6,2023,15:50,1,88,88148,1,2,1,3,Rue de la Faxette,47,
2.023E+11,23,6,2023,09:45,1,42,42155,1,1,1,6,A89,45,
2.023E+11,22,6,2023,15:44,1,83,83116,1,1,1,5,point kilométrique 62.800 sens Est-ouest,43,
2.023E+11,9,6,2023,06:20,2,974,97418,2,1,1,1,117 Rue Roger Payet,-20,
2.023E+11,21,6,2023,11:25,1,971,97107,1,1,1,3,RN1 - Saint Sauveur,16,
2.023E+11,23,6,2023,15:30,1,33,33203,1,3,1,3,ROUTE DÉPARTEMENTALE 3,45,
2.023E+11,21,6,2023,16:45,1,45,45270,1,1,1,6,D60 PR 8 + 611,47,
2.023E+11,21,6,2023,23:30,4,77,77413,2,1,1,7,D934,48,
2.023E+11,23,6,2023,08:00,1,91,91494,1,6,1,4,rond point percé,,
2.023E+11,23,6,2023,15:45,1,13,13073,1,1,1,1,D8,43,
2.023E+11,22,6,2023,14:25,1,13,13027,2,2,1,3,D34,43,
2.023E+11,21,6,2023,13:20,1,26,26165,1,1,1,2,,44,
2.023E+11,23,6,2023,02:45,4,55,55514,2,1,1,7,49 Rue Raymond Poincaré,48,
2.023E+11,23,6,2023,10:52,1,57,57620,2,1,1,7,D181,49,
2.023E+11,23,6,2023,15:03,1,38,38468,1,1,1,4,Route Nationale 7,45,
2.023E+11,23,6,2023,12:00,1,65,65123,1,1,1,3,la Séoube,42,
2.023E+11,22,6,2023,12:00,1,9,9293,1,1,1,1,D21,42,
2.023E+11,22,6,2023,07:10,1,79,79049,2,1,2,7,,46,
2.023E+11,21,6,2023,17:50,1,79,79049,2,1,1,7,,46,
2.023E+11,22,6,2023,21:15,2,60,60452,1,1,1,7,Rue du Moulin,49,
2.023E+11,1,6,2023,15:30,1,59,59190,1,1,1,1,Rue de Boussois,50,
2.023E+11,23,6,2023,17:30,1,59,59080,2,1,1,3,Rue du Saulzoir,50,
2.023E+11,18,6,2023,12:26,1,13,13202,1,1,1,2,A55-Sens Marseille vers Martigues,43,
2.023E+11,18,6,2023,17:30,1,13,13005,1,1,1,7,A50-Sens Aubagne vers Marseille,43,
2.023E+11,21,6,2023,17:30,1,69,69276,1,1,1,7,Autoroute 7  ,45,
2.023E+11,18,6,2023,11:40,1,67,67365,1,1,1,6,M35,48,
2.023E+11,22,6,2023,17:30,1,33,33318,1,1,1,2,AUTOROUTE A 63,44,
2.023E+11,19,6,2023,17:28,1,62,62274,1,1,1,6,A1,50,
2.023E+11,22,6,2023,20:01,1,91,91136,1,1,1,3,AUTOROUTE A10,48,
2.023E+11,22,6,2023,18:45,1,94,94065,1,1,1,2,A106,48,
2.023E+11,22,6,2023,18:10,1,94,94038,1,1,1,2,A6A,48,
2.023E+11,22,6,2023,10:45,1,92,92064,1,1,2,7,A13,48,
2.023E+11,21,6,2023,20:40,1,95,95252,1,1,1,3,A15,48,
2.023E+11,20,6,2023,18:30,1,93,93005,1,1,8,6,AUTOROUTE A1,48,
2.023E+11,20,6,2023,17:50,1,95,95018,1,1,1,2,A15,48,
2.023E+11,20,6,2023,13:50,1,95,95154,1,1,1,3,A1,49,
2.023E+11,18,6,2023,13:00,1,93,93006,1,1,1,2,AUTOROUTE A3,48,
2.023E+11,18,6,2023,04:20,5,95,95527,1,1,3,3,A1,49,
2.023E+11,22,6,2023,20:00,1,94,94004,1,1,1,2,N19,48,
2.023E+11,17,6,2023,10:35,1,94,94017,1,1,1,4,A4,48,
2.023E+11,22,3,2023,22:50,3,38,38297,1,1,1,7,Chemin de Morgier,45,
2.023E+11,21,6,2023,19:20,5,971,97105,2,9,8,6,BD GERTY ARCHIMEDE,15,
2.023E+11,21,6,2023,09:25,1,78,78029,2,3,1,3,JULES FERRY(RUE),48,
2.023E+11,21,6,2023,07:50,1,76,76108,2,1,1,6,Avenue du Maréchal Juin,49,
2.023E+11,21,6,2023,15:05,1,67,67482,2,1,1,6,PREMIERE ARMEE (RUE DE LA),48,