Num_Acc,jour,mois,an,hrmn,lum,dep,com,agg,int,atm,col,adr,lat,long
2.023E+11,24,2,2023,18:39,2,92,92002,2,3,1,6,FONTAINE MOUTON (AVENUE DE LA),48,
2.023E+11,15,5,2023,08:40,1,56,56098,2,1,1,4,SAINT-CHRISTOPHE ( PONT ),47,
2.023E+11,25,2,2023,16:00,1,44,44180,2,1,1,7,119 Rue du Moulin du Bourg,47,
2.023E+11,5,11,2023,01:20,5,92,92064,2,1,2,6,DAILLY,48,
2.023E+11,15,5,2023,17:30,1,54,54371,1,1,1,7,RD 136,49,
2.023E+11,25,2,2023,14:35,1,8,8435,1,1,1,7,Chemin Communal PK 80,49,
2.023E+11,15,5,2023,16:07,1,52,52121,2,1,1,1,SOUVENIR FRANCAIS (AVENUE DU),48,
2.023E+11,24,2,2023,18:27,1,86,86258,1,2,1,6,D725,46,
2.023E+11,16,5,2023,18:15,1,51,51454,2,3,1,3,avenue du Maréchal Juin,49,
2.023E+11,25,2,2023,05:55,3,2,2060,1,1,1,6,A29,49,
2.023E+11,16,5,2023,20:00,1,44,44132,2,2,1,3,30 Avenue Gravelais,47,
2.023E+11,24,2,2023,19:15,3,62,62078,1,1,2,1,D231,50,
2.023E+11,23,2,2023,18:00,2,27,27230,1,1,1,6,Z.A. Parc de Coutumel (Zone industrielle),48,
2.023E+11,17,5,2023,02:15,5,37,37261,2,2,1,6,PREUILLY (BOULEVARD),47,
2.023E+11,24,2,2023,22:20,3,84,84029,1,1,2,7,D975,44,
2.023E+11,16,5,2023,19:40,1,37,37261,2,1,1,2,BOYER (RUE LEON),47,
2.023E+11,16,5,2023,11:00,1,37,37214,2,1,1,6,CHANTERIE (RUE DE LA),47,
2.023E+11,24,2,2023,16:00,1,62,62491,1,3,1,4,D947,50,
2.023E+11,16,5,2023,08:00,1,37,37261,2,1,1,3,BERT (QUAI PAUL),47,
2.023E+11,20,2,2023,16:30,1,87,87202,1,1,1,6,Route de la Chatrusse,45,
2.023E+11,16,5,2023,17:10,1,35,35278,1,1,1,4,RD 137,48,
2.023E+11,25,2,2023,01:00,3,19,19176,1,1,1,6,Route Departementale 16,45,
2.023E+11,16,5,2023,13:30,1,35,35051,1,1,1,6,RN136,48,
2.023E+11,24,2,2023,15:30,1,65,65350,1,1,1,7,D393,43,
2.023E+11,15,5,2023,14:00,1,35,35150,1,1,2,6,CHAUNIERE (LA) LIEUX-DITS,48,
2.023E+11,15,5,2023,16:45,1,34,34172,2,2,1,3,15bis Avenue Charles Flahault,43,
2.023E+11,16,5,2023,20:30,1,33,33063,2,1,7,6,Avenue du Maréchal de Lattre de Tassigny,44,
2.023E+11,24,2,2023,15:00,1,55,55431,1,2,1,3,voie publique,48,
2.023E+11,16,5,2023,17:30,1,33,33063,2,1,1,3,Rue Achard,44,
2.023E+11,25,2,2023,10:20,1,46,46066,1,2,1,3,Lieu-dit la TUQUE,44,
2.023E+11,25,2,2023,02:30,3,86,86100,1,1,1,6,D611,46,
2.023E+11,16,5,2023,15:30,1,33,33318,2,2,1,6,Avenue du Pont de l'Orient,44,
2.023E+11,25,2,2023,03:30,3,68,68176,2,9,2,7,1 Rue de Luffendorf,47,
2.023E+11,24,2,2023,16:10,1,44,44131,1,1,8,7,4 Les Bleuets,47,
2.023E+11,14,5,2023,19:00,1,33,33063,2,2,1,2,Cours de l'Yser,44,
2.023E+11,24,2,2023,18:00,2,3,3018,1,1,1,7,RD 35,46,
2.023E+11,16,5,2023,19:40,1,29,29232,2,6,1,1,Rue du Cosquer,48,
2.023E+11,16,5,2023,08:36,1,27,27681,2,9,1,7,CAPUCINS (AVENUE DES),49,
2.023E+11,15,5,2023,17:25,1,27,27562,1,1,1,7,D64E (voie nouvelle),49,
2.023E+11,24,2,2023,19:45,3,14,14193,1,2,1,3,1906 Route Henri Deslandes,49,
2.023E+11,14,5,2023,23:33,5,27,27681,2,1,1,6,IVRY (ROUTE D'),49,
2.023E+11,24,2,2023,16:50,1,14,14303,1,1,1,1,500 Chemin de la Quesse,49,
2.023E+11,24,2,2023,07:35,1,14,14454,2,2,1,2,38 Chemin de la Hoguette,49,
2.023E+11,16,5,2023,17:00,1,18,18033,2,6,1,7,Rue des Alouettes,47,
2.023E+11,25,2,2023,04:10,3,60,60272,1,1,1,7,d332,49,
2.023E+11,21,2,2023,21:30,3,85,85145,1,1,1,6,RD113 ,46,
2.023E+11,24,2,2023,19:25,3,30,30012,1,1,2,7,d126,43,
2.023E+11,16,5,2023,08:55,1,15,15014,2,1,1,4,N 122,44,
2.023E+11,15,5,2023,09:30,1,14,14366,2,1,1,6,82 Boulevard Sainte Anne,49,
2.023E+11,24,2,2023,18:15,3,88,88037,1,1,2,1,Cd 34 de Planois,47,
2.023E+11,16,5,2023,17:15,1,14,14437,2,1,1,6,6 Rue Calmette,49,
2.023E+11,25,2,2023,12:40,1,88,88304,2,3,1,6,,48,
2.023E+11,16,5,2023,09:10,1,13,13210,2,1,1,3,CORPS EXPEDITIONNAIRE FRANCAIS (AV DU),43,
2.023E+11,24,2,2023,20:12,5,974,97402,1,1,1,1,Rue des Poivriers,-20,
2.023E+11,5,2,2023,20:00,4,49,49266,1,1,1,7,A11  - PK 283,47,
2.023E+11,15,5,2023,16:20,1,13,13001,2,1,1,6,ATTARD SERGE (ALLEE),43,
2.023E+11,15,5,2023,12:04,1,11,11262,2,2,1,3,44 Boulevard de 1848,43,
2.023E+11,24,2,2023,18:30,3,988,98822,1,3,8,7,Tiéti (Tribu),-20,
2.023E+11,14,5,2023,10:55,1,11,11069,2,1,1,1,5 Chemin de Montlegun,43,
2.023E+11,16,5,2023,07:13,1,6,6088,2,1,1,6,ANGLAIS (DU N° 114 AU N° 263),43,
2.023E+11,24,2,2023,14:00,1,988,98821,1,1,3,1,RT1 La Tamoa,-22,
2.023E+11,16,5,2023,04:00,5,6,6069,2,6,1,7,ROUQUIER (BOULEVARD EMMANUEL),43,
2.023E+11,25,2,2023,00:00,5,973,97311,2,4,1,1,Avenue Christophe Colomb,5,
2.023E+11,15,5,2023,16:30,1,6,6069,2,1,2,4,ROUQUIER (BOULEVARD EMMANUEL),43,
2.023E+11,25,2,2023,11:30,1,66,66108,2,3,1,3,,42,
2.023E+11,16,5,2023,06:45,1,6,6029,2,1,1,3,GABRES (PONT DES),43,
2.023E+11,24,2,2023,17:00,1,84,84026,1,1,1,5,Route de Marseille,43,
2.023E+11,10,5,2023,16:45,1,4,4112,2,1,1,3,SAINT JOSEPH(BOULEVARD),43,
2.023E+11,24,2,2023,08:30,1,71,71090,1,1,5,1,1068 Route de Julienas,46,
2.023E+11,16,5,2023,19:00,1,75,75119,2,1,1,2,PORTE D AUBERVILLIERS,48,
2.023E+11,16,5,2023,16:10,1,75,75113,2,1,1,2,PORTE DE GENTILLY,48,
2.023E+11,9,2,2023,17:45,2,67,67118,2,2,1,3,Rue d'Oberhausbergen,48,
2.023E+11,16,5,2023,14:30,1,75,75115,2,1,1,3,PORTE DE LA PLAINE,48,
2.023E+11,25,2,2023,03:15,3,26,26064,1,6,2,7,RD68,44,
2.023E+11,15,5,2023,13:10,1,75,75117,2,1,2,2,BD PERIPHERIQUE INTERIEUR,48,
2.023E+11,24,2,2023,16:45,1,24,24361,1,1,1,1,route de la Plaine,44,
2.023E+11,24,2,2023,20:15,3,33,33433,1,1,1,6,Chemin de l'Esventat,44,
2.023E+11,15,5,2023,11:25,1,75,75114,2,1,1,2,BD PERIPHERIQUE EXTERIEUR,48,
2.023E+11,14,5,2023,15:00,1,75,75120,2,1,1,6,BD PERIPHERIQUE EXTERIEUR,48,
2.023E+11,23,2,2023,18:26,3,13,13211,1,1,1,2,A50-Sens Marseille vers Aubagne,43,
2.023E+11,16,5,2023,18:20,1,75,75114,2,1,1,6,RUE VERCINGETORIX,48,
2.023E+11,23,2,2023,12:44,1,13,13214,1,1,1,2,A507 sens Marseille - Aubagne,43,
2.023E+11,15,5,2023,09:45,1,75,75120,2,1,1,2,BD PERIPHERIQUE INTERIEUR ,48,
2.023E+11,24,2,2023,17:15,1,94,94038,1,1,1,4,A6A,48,
2.023E+11,14,5,2023,13:20,1,75,75106,2,4,1,2,BOULEVARD DU MONTPARNASSE,48,
2.023E+11,24,2,2023,16:40,1,91,91161,1,1,1,3,AUTOROUTE A6,48,
2.023E+11,16,5,2023,08:55,1,75,75120,2,1,1,3,AVENUE IBSEN,48,
2.023E+11,16,5,2023,14:00,1,75,75118,2,1,1,6,RUE HERMEL,48,
2.023E+11,24,2,2023,06:14,3,91,91687,1,1,1,4,AUTOROUTE A6,48,
2.023E+11,23,2,2023,15:00,1,68,68056,2,1,1,6,AV D'ALTKIRCH,47,
2.023E+11,16,5,2023,08:10,1,75,75118,2,2,1,3,RUE CUSTINE,48,
2.023E+11,16,5,2023,10:56,1,75,75116,2,1,1,6,AVENUE D EYLAU,48,
2.023E+11,3,2,2023,19:20,5,62,62510,2,6,1,6,Rue Chevalier de la Barre,50,
2.023E+11,23,2,2023,16:00,1,974,97416,1,1,1,1,ENTRE DEUX (CHEMIN) CD26,-21,
2.023E+11,23,2,2023,11:55,1,974,97416,1,1,1,7,BADAMIER (CHEMIN),-21,
2.023E+11,23,2,2023,08:10,1,974,97411,1,1,1,2,LITTORAL (ROUTE 1 DU),-20,
2.023E+11,23,2,2023,08:30,1,973,97302,1,6,2,7,MARINGOUINS (ROND-POINT),4,
2.023E+11,22,2,2023,23:25,5,973,97302,2,1,1,3,MANGUES (RUE DES - CITE MANGUIERS),4,
2.023E+11,23,2,2023,21:00,5,69,69388,2,2,2,3,Rue de l'Epargne,45,
2.023E+11,23,2,2023,19:10,2,69,69388,2,3,2,6,Rue Paul Cazeneuve,45,
2.023E+11,23,2,2023,18:45,2,69,69386,2,3,1,3,Boulevard des Belges,45,
2.023E+11,23,2,2023,10:15,1,69,69388,2,1,1,3,24 Avenue Rockefeller,45,
2.023E+11,22,2,2023,22:26,4,972,97213,2,6,1,6,RUE DU 24 MARS 1961,14,
2.023E+11,17,2,2023,04:50,4,972,97213,2,1,1,6,NELSON MANDELA,14,
2.023E+11,23,2,2023,16:05,1,2B,2B033,2,1,1,1,ROUTE ROYALE,42,
2.023E+11,23,2,2023,15:00,1,971,97113,2,1,1,2,RN4 - SECTION RIVIERA,16,
2.023E+11,23,2,2023,00:40,5,971,97120,2,1,1,2,GENERAL DE GAULLE,16,
2.023E+11,22,2,2023,20:30,5,971,97101,2,1,1,6,FELIX EBOUE,16,
2.023E+11,21,2,2023,18:35,5,971,97105,2,6,1,6,BOLOGNE (ROUTE DE),16,
2.023E+11,23,2,2023,08:00,1,95,95280,2,2,1,3,Route de Roissy,49,
2.023E+11,8,4,2023,22:30,3,94,94021,1,1,1,2,A6A,48,
2.023E+11,23,2,2023,18:30,5,95,95555,2,1,1,6,Rue du Général Leclerc,48,
2.023E+11,8,4,2023,16:20,1,91,91340,1,1,1,2,RN 104,48,
2.023E+11,23,2,2023,12:15,1,88,88462,2,1,1,1,D 43,48,
2.023E+11,22,2,2023,12:07,1,87,87075,1,1,2,6,PERIGUEUX (ROUTE DE),45,
2.023E+11,23,2,2023,18:53,2,81,81004,2,2,8,2,KENNEDY (AV PRESIDENT),43,
2.023E+11,19,2,2023,23:35,5,80,80489,2,1,1,6,PAUL BAROUX (RUE),49,
2.023E+11,9,4,2023,12:50,1,78,78402,1,1,1,4,A13,48,
2.023E+11,8,4,2023,21:00,3,78,78140,1,1,1,7,A13,48,
2.023E+11,23,2,2023,09:15,1,79,79191,2,2,1,3,,46,
2.023E+11,9,4,2023,11:04,1,78,78402,1,1,1,2,A13,48,
2.023E+11,23,2,2023,07:40,2,79,79191,2,2,2,6,N/A,46,
2.023E+11,23,2,2023,14:40,1,78,78624,1,1,1,3,POISSY AVENUE DE,48,
2.023E+11,9,4,2023,15:00,1,93,93006,1,1,1,2,A3,48,
2.023E+11,23,2,2023,06:30,5,77,77390,2,1,1,1,AV DE LA MALIBRAN,48,
2.023E+11,23,2,2023,15:50,1,76,76114,2,1,1,2,DEBRAY  LOUIS (AVENUE),49,
2.023E+11,8,4,2023,12:30,1,93,93010,1,1,1,2,AUTOROUTE A3,48,
2.023E+11,23,2,2023,18:45,5,69,69266,2,1,2,3,Rue du 4 Août 1789,45,
2.023E+11,9,4,2023,02:35,5,94,94052,1,1,1,1,A86,48,
2.023E+11,23,2,2023,11:30,1,69,69266,2,1,1,6,338 Cours Emile Zola,45,
2.023E+11,23,2,2023,20:00,5,69,69266,1,1,2,6,Route Départementale 29,45,
2.023E+11,8,4,2023,17:30,1,77,77251,2,1,1,2,RN104,48,
2.023E+11,23,2,2023,09:40,1,64,64129,2,6,2,3,VIGNES DES,43,
2.023E+11,8,4,2023,10:20,1,83,83137,2,1,1,3,CARNOT (AVE LAZARE),43,
2.023E+11,21,2,2023,17:30,1,64,64122,2,1,1,6,GENERAL DE GAULLE (BD DU),43,
2.023E+11,23,2,2023,07:23,5,64,64102,2,1,2,6,ALSACE LORRAINE (BOULEVARD),43,
2.023E+11,8,4,2023,12:10,1,974,97411,2,1,1,3,NEUF (CHEMIN),-20,
2.023E+11,12,2,2023,18:00,2,63,63113,2,1,1,7,AURIOL (BOULEBARD VINCENT),45,
2.023E+11,8,4,2023,18:05,2,973,97302,2,2,1,3,DIGUE RONJON,4,
2.023E+11,3,9,2023,18:10,1,75,75113,2,1,1,2,BD PERIPHERIQUE EXTERIEUR QUAI D IVRY,48,
2.023E+11,14,2,2023,10:33,1,63,63113,2,2,1,2,PARLETTE / Bd J Moulin,45,
2.023E+11,8,4,2023,14:40,1,69,69387,2,2,1,1,Grande Rue de la Guillotière,45,
2.023E+11,2,9,2023,19:25,1,75,75114,2,1,1,2,BD PERIPHERIQUE EXTERIEUR,48,
2.023E+11,8,4,2023,13:55,1,2B,2B120,1,1,1,1,11 - RT,42,
2.023E+11,2,9,2023,10:25,1,75,75119,2,1,1,2,BD PERIPHERIQUE INTERIEUR,48,
2.023E+11,8,4,2023,04:10,3,95,95510,1,1,1,3,N14,49,
2.023E+11,23,2,2023,19:00,5,59,59090,2,1,1,2,GAULLE (AVENUE DU GENERAL DE),50,
2.023E+11,23,3,2023,19:34,5,86,86066,2,1,1,2,Rue du Champ de la Croix,46,
2.023E+11,2,9,2023,14:35,1,75,75112,2,2,1,3,AVENUE DE SAINT MANDE,48,
2.023E+11,3,9,2023,03:29,5,75,75105,2,2,1,3,RUE BROCA,48,
2.023E+11,22,2,2023,19:10,2,59,59410,2,1,2,6,THÉODORE MONOD,50,
2.023E+11,8,4,2023,18:40,1,81,81065,1,3,1,3,ALBI (RD612 - RTE D'),43,
2.023E+11,3,9,2023,12:35,1,75,75120,2,1,1,3,RUE D AVRON,48,
2.023E+11,3,9,2023,01:45,5,75,75119,2,3,1,3,AVENUE DE FLANDRE,48,
2.023E+11,7,4,2023,17:40,1,79,79191,2,1,1,1,N/A,46,
2.023E+11,22,2,2023,18:30,5,59,59350,2,2,2,3,SALENGRO ROGER RUE,50,
2.023E+11,2,9,2023,22:40,5,75,75115,2,9,1,3,AVENUE DE LA PORTE DE SEVRES,48,
2.023E+11,2,9,2023,17:10,1,75,75113,2,1,1,4,AVENUE D ITALIE,48,
2.023E+11,8,4,2023,04:45,3,79,79191,2,1,1,1,N/A,46,
2.023E+11,22,2,2023,19:33,5,57,57306,2,1,2,1,MARNE (RUE DE LA),49,
2.023E+11,3,9,2023,17:55,1,75,75112,2,2,1,6,RUE DE WATTIGNIES,48,
2.023E+11,23,2,2023,15:00,1,57,57751,2,9,1,6,THIONVILLE (AVENUE ),49,
2.023E+11,3,9,2023,02:18,5,75,75111,2,2,1,6,AVENUE DE LA REPUBLIQUE,48,
2.023E+11,23,2,2023,10:50,1,51,51454,2,1,2,1,rue du Général Koenig,49,
2.023E+11,2,9,2023,19:05,1,75,75108,2,3,1,3,RUE SAINT HONORE,48,
2.023E+11,22,2,2023,17:20,1,49,49007,2,1,2,2,ATLANTIQUE  AVENUE DE L',47,
2.023E+11,8,4,2023,20:20,1,77,77152,1,9,1,3,CIMETIERE VOSVES,48,
2.023E+11,3,9,2023,20:20,2,75,75102,2,2,1,3,BOULEVARD DE SEBASTOPOL,48,
2.023E+11,22,2,2023,13:55,1,49,49353,2,1,1,3,Rue Ferdinand Vest,47,
2.023E+11,8,4,2023,08:50,1,77,77152,2,1,1,3,AMPERE(AVENUE ANDRE),48,
2.023E+11,3,9,2023,17:16,1,75,75104,2,2,1,3,RUE DES TOURNELLES,48,
2.023E+11,23,2,2023,06:55,5,45,45286,1,1,1,1,Avenue Gaston Galloux,47,
2.023E+11,3,9,2023,11:20,1,75,75104,2,1,1,6,SOUTERRAIN HENRI IV,48,
2.023E+11,23,2,2023,08:10,1,44,44184,2,2,1,6,83 Boulevard Pierre de Maupertuis,47,
2.023E+11,8,4,2023,13:50,1,77,77014,2,9,1,2,D138,48,
2.023E+11,8,4,2023,09:10,1,71,71270,2,1,1,6,GAMBETTA (RUE),46,
2.023E+11,3,9,2023,19:40,1,94,94043,2,1,1,2,116 Avenue de Fontainebleau,48,
2.023E+11,18,2,2023,16:55,1,42,42207,1,4,1,6,Route de Fouay,45,
2.023E+11,8,4,2023,13:30,1,71,71445,2,1,1,6,GRANDE RUE,46,
2.023E+11,2,9,2023,22:10,5,93,93051,2,3,1,3,Avenue des Graviers / Chemin de la Noisette,48,
2.023E+11,21,2,2023,18:50,5,38,38185,2,3,1,3,GAMBETTA ( BOULEVARD)      1 A 21-12 BIS,45,
2.023E+11,9,4,2023,00:15,3,69,69275,2,2,1,7,17 Rue de la Fraternité,45,
2.023E+11,3,9,2023,19:10,1,93,93048,2,1,1,3,Rue de Paris,48,
2.023E+11,23,2,2023,19:05,5,37,37261,2,1,2,3,EIFFEL (AVENUE GUSTAVE),47,
2.023E+11,8,4,2023,18:34,1,69,69266,2,1,1,6,Cours Emile Zola,45,
2.023E+11,23,2,2023,14:45,1,35,35238,2,1,2,2,VERN (DE),48,
2.023E+11,2,9,2023,22:30,3,92,92051,2,1,1,5,CHARLES DE GAULLE (AVENUE,,
2.023E+11,23,2,2023,01:25,5,34,34032,2,1,1,6,Route d’Agde,43,
2.023E+11,8,4,2023,03:05,5,69,69259,2,1,1,2,Avenue Francis de Pressensé,45,
2.023E+11,30,7,2023,10:50,1,34,34032,1,1,1,2,A75,43,
2.023E+11,23,2,2023,11:10,1,33,33529,2,2,2,3,INDUSTRIE (BD DE L') DU 01 ET +,44,
2.023E+11,8,4,2023,18:15,1,64,64024,2,1,1,2,LAPORTE (AVENUE JEAN LEON),43,
2.023E+11,3,9,2023,13:00,1,13,13028,1,1,1,4,A50-Sens Aubagne vers Toulon,43,
2.023E+11,23,2,2023,11:20,1,29,29232,2,6,1,3,Rond-Point de Prad Ar C'hras,48,
2.023E+11,3,9,2023,10:30,1,83,83027,1,1,1,7,A50,43,
2.023E+11,7,4,2023,17:25,1,64,64102,2,1,1,2,SOULT (AVENUE MARECHAL),43,
2.023E+11,22,2,2023,09:45,1,29,29039,2,2,1,3,rue de Penanguer,47,
2.023E+11,8,4,2023,22:50,3,62,62277,1,1,1,6,D40,50,
2.023E+11,3,9,2023,06:18,3,91,91689,1,1,1,2,AUTOROUTE A6,48,
2.023E+11,23,2,2023,08:55,1,26,26198,2,1,1,6,Rue Rene Cassin,44,
2.023E+11,3,9,2023,17:30,1,93,93027,1,1,1,6,AUTOROUTE A1,48,
2.023E+11,23,2,2023,07:20,1,25,25056,2,1,1,2,OUEST BOULEVARD,47,
2.023E+11,8,4,2023,21:40,3,62,62628,2,2,1,3,Rue de Bourganeuf,50,
2.023E+11,3,9,2023,16:45,1,94,94033,1,1,1,2,A86,48,
2.023E+11,10,2,2023,11:50,1,24,24557,1,1,1,6,POMPIDOU (AVENUE GEORGES),45,
2.023E+11,3,9,2023,09:00,1,94,94069,1,1,1,3,A4,48,
2.023E+11,22,2,2023,13:15,1,30,30032,2,1,1,3,Quai de la Paix,43,
2.023E+11,8,4,2023,02:00,3,60,60382,1,1,1,5,N31,49,
2.023E+11,2,9,2023,16:45,1,75,75112,1,1,3,2,A4,48,
2.023E+11,23,2,2023,20:30,5,13,13210,2,3,1,3,FLORIAN (AVENUE),43,
2.023E+11,8,4,2023,09:00,1,60,60057,2,1,1,3,Av du Pdt J Fitzgerald Kennedy,49,
2.023E+11,23,2,2023,18:20,2,13,13209,2,1,1,1,GAYE (TRAVERSE DE LA),43,
2.023E+11,4,6,2023,10:45,1,89,89307,1,2,7,3,N/A,47,
2.023E+11,7,4,2023,16:50,1,59,59360,2,3,1,3,KUHLMANN AVENUE,50,
2.023E+11,8,4,2023,13:50,1,59,59183,2,1,1,6,VANCAUWENBERGHE - RUE,51,
2.023E+11,3,5,2023,16:20,1,88,88496,1,2,1,1,départemnat 164,48,
2.023E+11,19,4,2023,02:57,5,10,10362,2,1,1,6,GENERAL GALLIENI (RUE DU),48,
2.023E+11,5,4,2023,17:10,1,57,57227,2,1,1,6,NATIONALE(RUE) R.DLA  CHAPELLE N.C./CARR,49,
2.023E+11,2,9,2023,14:00,1,974,97411,2,1,1,2,ECOLE (DE L'),-20,
2.023E+11,8,4,2023,20:30,1,44,44109,2,1,1,3,18 Boulevard de l'Estuaire,47,
2.023E+11,2,9,2023,16:31,1,973,97302,2,2,1,3,AMUSANT (PAUL),4,
2.023E+11,8,4,2023,19:00,1,44,44109,2,1,1,7,18 Route de Paris,47,
2.023E+11,2,9,2023,11:30,1,69,69386,2,2,1,3,Rue Barrême,45,
2.023E+11,9,4,2023,01:30,5,38,38185,2,1,1,6,GAMBETTA (BOULEVARD),45,
2.023E+11,1,9,2023,22:40,5,972,97209,1,1,1,6,AUTOROUTE (A1),14,
2.023E+11,7,4,2023,17:20,1,38,38185,2,1,1,6,RHIN ET DANUBE (AVENUE),45,
2.023E+11,2,9,2023,05:50,1,971,97101,2,1,2,6,PATRICK SAINT ELOI ( AVENUE ),16,
2.023E+11,7,4,2023,16:00,1,35,35288,2,1,1,6,Boulevard Chateaubriand,48,
2.023E+11,2,9,2023,13:45,1,91,91201,2,1,1,4,RUE EUGENE DELACROIX,48,
2.023E+11,2,9,2023,14:35,1,91,91286,2,5,1,2,GRANDE BORNE (RUE DE LA),48,
2.023E+11,7,4,2023,17:55,1,35,35238,2,1,1,5,ROCADE 3-4,48,
2.023E+11,2,9,2023,02:41,3,77,77288,1,1,1,2,R.N6 - PENETRANTE,48,
2.023E+11,7,4,2023,16:15,1,33,33063,2,3,1,3,Rue Fondaudege,44,
2.023E+11,8,4,2023,21:05,5,29,29232,2,1,1,6,Rue Paul Borrossi,47,
2.023E+11,31,8,2023,23:30,3,77,77450,1,9,1,6,N104,48,
2.023E+11,2,9,2023,14:30,1,76,76474,2,1,1,3,Route de Dieppe,49,
2.023E+11,8,4,2023,15:26,1,29,29232,1,6,1,3,Rond-Point de Kerustum,47,
2.023E+11,8,4,2023,12:20,1,28,28404,1,1,1,5,RD 828A,48,
2.023E+11,2,9,2023,10:00,1,71,71076,2,2,1,1,LEDRU ROLLIN (RUE),46,
2.023E+11,8,4,2023,17:59,1,27,27684,1,1,1,6,RN 13,49,
2.023E+11,2,9,2023,23:00,5,69,69264,2,2,1,3,Rue de la Quarantaine,45,
2.023E+11,8,4,2023,09:00,1,27,27229,2,1,1,2,MONOD (RUE JACQUES),49,
2.023E+11,1,9,2023,14:20,1,69,69264,2,1,1,2,Boulevard Gambetta,45,
2.023E+11,2,9,2023,10:00,1,69,69259,2,9,1,6,Rue Président Edouard Herriot,45,
2.023E+11,7,4,2023,22:08,4,22,22106,2,3,1,3,EIFFEL (RUE GUSTAVE),48,
2.023E+11,1,9,2023,08:16,1,63,63224,1,1,1,5,RD 2009,45,
2.023E+11,7,4,2023,17:50,1,17,17028,1,1,1,4,114 PK RN137 JUSTICE ROCHEFORT,46,
2.023E+11,23,8,2023,07:35,1,62,62160,2,1,1,6,Boulevard Auguste Mariette,50,
2.023E+11,8,4,2023,05:55,5,17,17274,2,6,1,3,D108,46,
2.023E+11,1,9,2023,14:42,1,60,60175,2,1,3,6,Avenue Marie et Pierre Curie,49,
2.023E+11,2,9,2023,10:05,1,59,59152,2,1,1,6,HURLUPIN (RUE D'),50,
2.023E+11,8,4,2023,13:15,1,13,13214,2,2,1,3,CAPITAINE GEZE (BOULEVARD),43,
2.023E+11,2,9,2023,13:45,1,54,54578,2,2,1,3,AIGUILLETTES  (BD 5 A 73-2 A 94),48,
2.023E+11,8,4,2023,11:00,1,13,13215,2,1,1,6,BOURRELY (CHEMIN DES),43,
2.023E+11,2,9,2023,13:32,1,49,49007,2,2,1,3,ARAGO BOULEVARD,47,
2.023E+11,8,4,2023,18:20,1,13,13028,2,1,1,3,KENNEDY (AVENUE PRESIDENT JOHN FITZGERAL,43,
2.023E+11,8,4,2023,13:45,1,11,11069,2,1,1,6,3 Impasse de l'Alaric,43,
2.023E+11,3,9,2023,00:00,5,45,45302,2,2,1,3,609 Rue Nationale 20,47,
2.023E+11,8,4,2023,02:10,5,11,11069,2,1,1,6,Route de Maquens,43,
2.023E+11,2,9,2023,06:50,3,44,44184,1,1,1,2,N/A,47,
2.023E+11,2,9,2023,19:55,1,44,44109,2,1,7,6,10 Boulevard Maréchal Alphonse Juin,47,
2.023E+11,2,9,2023,19:50,1,35,35238,2,1,7,6,LEROUX (BD OSCAR),48,
2.023E+11,7,4,2023,17:00,1,11,11069,2,1,1,5,5 Route de Montreal,43,
2.023E+11,8,4,2023,05:00,3,9,9207,1,1,1,6,20 (R.N.) COTE SUD DU TUNNEL,42,
2.023E+11,1,9,2023,18:25,1,35,35115,2,2,1,3,CANROBERT (RUE),48,
2.023E+11,2,9,2023,21:05,5,33,33063,2,1,3,6,Avenue de Nontraste,44,
2.023E+11,8,4,2023,14:00,1,6,6069,2,1,1,3,DRAGONNIERE (CHEMIN DE LA),43,
2.023E+11,2,9,2023,18:30,1,33,33069,2,2,1,3,Boulevard Pierre 1er,44,
2.023E+11,2,4,2023,11:30,1,6,6069,2,1,1,2,CANNES (ROUTE DE)  -VC 6085-,43,
2.023E+11,1,9,2023,17:20,1,31,31483,2,3,1,2,KENNEDY (AVENUE),43,
2.023E+11,2,9,2023,12:05,1,27,27229,2,1,1,3,SAINT ANDRE (ROUTE DE),49,
2.023E+11,7,4,2023,15:30,1,6,6069,2,1,1,4,CANNES (ROUTE DE)  -RD 6085-,43,
2.023E+11,2,9,2023,05:25,4,26,26198,1,1,1,6,SAUZET (Route ),44,
2.023E+11,2,9,2023,09:50,1,26,26198,1,3,1,3,Chemin de Fortuneau,44,
2.023E+11,7,4,2023,18:10,1,4,4112,2,1,1,2,DELATTRE DE TASSIGNY (AV. MAL.),43,
2.023E+11,2,9,2023,11:50,1,25,25056,2,4,1,6,AUBEPINES RUE DES,47,
2.023E+11,1,9,2023,19:10,1,22,22113,2,1,1,6,LE DANTEC (RUE FELIX),48,
2.023E+11,7,4,2023,18:20,5,988,98818,2,3,1,3,ROUTE MENANT AU DEBARCADERE/PROMENADE PIERRE VERNIER,-22,
2.023E+11,1,9,2023,14:05,1,16,16271,1,1,1,2,TORSAC (ROUTE DE),45,
2.023E+11,7,4,2023,11:50,1,976,97611,2,1,1,3,passamanty-Vahibé ( route ),-12,
2.023E+11,2,9,2023,19:00,1,14,14220,2,1,1,2,14 Boulevard Eugène Cornuché,49,
2.023E+11,7,4,2023,19:20,3,974,97411,1,3,1,6,JAURES (BOULEVARD JEAN),-20,
2.023E+11,2,9,2023,13:25,1,13,13207,2,1,1,2,Corniche John Fitzgérald Kennedy,43,
2.023E+11,7,4,2023,09:25,1,974,97411,2,1,1,6,OCEAN (BOULEVARD DE L'),-20,
2.023E+11,2,9,2023,01:45,5,11,11069,2,9,1,6,96 Avenue Bunau Varilla,43,
2.023E+11,7,4,2023,06:50,1,974,97411,2,1,1,3,LATTRE DE TASSIGNY (AVENUE MARECHAL DE),-20,
2.023E+11,1,9,2023,17:50,1,11,11069,1,1,1,2,N/A,43,
2.023E+11,7,4,2023,07:45,1,974,97411,2,1,1,6,JAURES (BOULEVARD JEAN),-20,