Num_Acc,jour,mois,an,hrmn,lum,dep,com,agg,int,atm,col,adr,lat,long
2.023E+11,1,9,2023,16:30,1,2,2408,2,6,1,3,N/A,49,
2.023E+11,2,9,2023,00:00,5,75,75114,2,1,1,7,BRETELLE PORTE DE VANVES,48,
2.023E+11,6,4,2023,16:15,1,974,97407,1,1,1,2,AXE MIXTE DE CAMBAIE,-20,
2.023E+11,7,4,2023,13:03,1,973,97302,2,3,1,3,MADELEINE (ROUTE DE LA),4,
2.023E+11,2,9,2023,06:14,2,75,75116,2,1,1,5,BD PERIPHERIQUE EXTERIEUR,48,
2.023E+11,7,4,2023,19:30,1,69,69388,2,2,1,3,Rue Emile Combes,45,
2.023E+11,2,9,2023,20:00,1,75,75105,2,2,1,3,QUAI SAINT MICHEL,48,
2.023E+11,2,9,2023,05:50,5,75,75114,2,3,1,6,BOULEVARD RASPAIL,48,
2.023E+11,7,4,2023,14:50,1,69,69383,2,3,1,2,Rue Rabelais,45,
2.023E+11,2,9,2023,18:15,1,75,75115,2,2,1,6,RUE LINOIS,48,
2.023E+11,1,9,2023,13:00,1,75,75114,2,3,1,6,AVENUE DU MAINE,48,
2.023E+11,1,9,2023,18:10,1,75,75114,2,3,1,3,AVENUE DU MAINE,48,
2.023E+11,7,4,2023,03:05,5,69,69389,2,2,1,3,Avenue Sidoine Apollinaire,45,
2.023E+11,2,9,2023,00:15,5,75,75113,2,1,1,1,RUE JEAN BAPTISTE BERLIER,48,
2.023E+11,7,4,2023,13:45,1,2A,2A004,2,3,1,3,CALVI  ROUTE,41,
2.023E+11,2,9,2023,04:45,5,75,75111,2,3,1,6,RUE DE CHARONNE,48,
2.023E+11,7,4,2023,08:20,1,95,95051,2,3,7,1,DENIS PAPIN (RUE),49,
2.023E+11,2,9,2023,01:20,5,75,75111,2,2,1,6,BOULEVARD DE CHARONNE,48,
2.023E+11,6,4,2023,16:50,1,91,91215,2,1,1,6,AV VICTOR HUGO,48,
2.023E+11,9,12,2023,22:15,3,93,93064,1,1,8,4,AUTOROUTE A86,48,
2.023E+11,10,12,2023,20:15,3,94,94011,1,1,2,6,N406,48,
2.023E+11,2,9,2023,15:15,1,75,75101,2,2,1,3,BOULEVARD DE SEBASTOPOL,48,
2.023E+11,4,4,2023,17:05,1,91,91174,2,3,1,4,RUE EMILE ZOLA,48,
2.023E+11,10,12,2023,19:15,3,94,94042,1,1,3,6,A4,48,
2.023E+11,2,9,2023,17:00,1,94,94046,2,1,1,1,Avenue Georges Clémenceau,48,
2.023E+11,7,4,2023,12:45,1,88,88160,2,1,8,3,Ruelle du Maroc,48,
2.023E+11,2,9,2023,08:50,1,94,94022,2,1,1,6,88 Avenue Victor Hugo,48,
2.023E+11,9,12,2023,22:00,3,77,77372,1,1,1,5,A104,48,
2.023E+11,19,3,2023,09:42,1,78,78172,2,1,1,6,LIBERTE (PLACE DE LA),49,
2.023E+11,9,12,2023,15:50,1,94,94028,1,1,3,6,A86,48,
2.023E+11,2,9,2023,19:00,1,93,93071,2,2,1,3,Rue Edison / Allée du Jura,48,
2.023E+11,8,12,2023,18:45,3,77,77258,1,1,1,3,A4.W,48,
2.023E+11,2,9,2023,02:48,5,93,93048,2,1,1,6,Rue de la Patte d’Oie,48,
2.023E+11,7,4,2023,10:05,1,77,77053,2,1,1,6,RD 319,48,
2.023E+11,9,10,2023,07:15,2,74,74159,1,1,1,2,A40,46,
2.023E+11,6,4,2023,20:30,2,77,77378,2,1,1,6,Rue de Boissise,48,
2.023E+11,10,12,2023,04:00,5,988,98818,2,1,1,6,AVENUE JAMES COOK,-22,
2.023E+11,1,9,2023,23:49,5,93,93077,2,1,1,1,Rue de Neuilly,48,
2.023E+11,6,4,2023,16:30,1,77,77226,2,2,1,3,D110,48,
2.023E+11,8,12,2023,22:20,5,988,98818,2,1,1,6,PROMENADE ROGER LAROQUE,-22,
2.023E+11,2,9,2023,05:30,3,93,93050,2,5,1,1,Rue de Neuilly / Rue Gabrielle,48,
2.023E+11,7,4,2023,07:35,1,76,76561,2,2,1,3,Avenue Louis Pasteur,49,
2.023E+11,9,12,2023,11:40,1,974,97411,2,1,1,4,JAURES (BOULEVARD JEAN),-20,
2.023E+11,2,9,2023,18:15,1,93,93015,2,4,1,6,Rue Jean Baptiste Clement / Rue de la Faisanderie,48,
2.023E+11,9,12,2023,01:30,4,973,97302,2,1,1,6,GALMOT (AVENUE),4,
2.023E+11,7,4,2023,10:40,1,72,72181,2,1,1,4,CUGNOT NICOLAS (BD),47,
2.023E+11,7,4,2023,06:30,5,72,72181,2,6,8,3,EDISON THOMAS (RUE),48,
2.023E+11,2,9,2023,17:00,1,93,93047,2,2,1,6,Avenue Emile Cossonneau / Avenue du Muguet,48,
2.023E+11,9,12,2023,22:40,3,69,69386,2,9,1,3,Rue Juliette Récamier,45,
2.023E+11,2,9,2023,17:50,1,92,92078,2,1,1,3,MARC SANGNIER (AVENUE),48,
2.023E+11,6,4,2023,14:20,1,72,72181,2,6,8,3,DELAGENIERE HENRY (RUE),48,
2.023E+11,9,12,2023,16:00,2,69,69386,2,2,2,6,Rue Bellecombe,45,
2.023E+11,9,12,2023,21:04,5,69,69389,2,1,2,6,80 Avenue Sidoine Apollinaire,45,
2.023E+11,7,4,2023,18:00,1,69,69259,2,3,1,3,Rue Saint Exupéry,45,
2.023E+11,2,9,2023,00:45,5,92,92078,2,1,1,4,LONGUE BERTRANE (RUE),48,
2.023E+11,2,9,2023,21:52,3,92,92033,2,1,1,6,VERGERS,48,
2.023E+11,9,12,2023,03:05,5,69,69384,2,1,5,2,20 Cours d'Herbouville,45,
2.023E+11,7,4,2023,17:00,1,69,69259,2,2,1,3,Boulevard Marcel Sembat,45,
2.023E+11,2,9,2023,15:48,1,92,92064,2,1,1,3,REPUBLIQUE,48,
2.023E+11,9,12,2023,05:24,3,2B,2B037,1,9,3,1,TOUTES RUES,42,
2.023E+11,2,9,2023,12:30,1,92,92051,2,1,1,6,CHEZY (RUE DE,,
2.023E+11,7,4,2023,08:30,1,69,69029,2,3,1,3,78 Avenue Camille Rousset,45,
2.023E+11,9,12,2023,17:10,5,2B,2B033,1,4,9,3,ROUTE ROYALE,42,
2.023E+11,2,9,2023,18:15,2,972,97222,1,1,1,3,Route du Port,14,
2.023E+11,7,4,2023,11:00,1,66,66136,2,1,1,6,N/A,42,
2.023E+11,6,4,2023,14:37,1,66,66136,2,1,1,6,N/A,42,
2.023E+11,9,12,2023,08:45,1,95,95018,2,1,3,6,GABRIEL PERI (AVENUE),48,
2.023E+11,7,4,2023,08:50,1,65,65286,2,1,1,6,Rue Martyrs de la Deportation,43,
2.023E+11,2,9,2023,19:40,1,62,62706,1,2,1,3,D947,50,
2.023E+11,9,12,2023,20:00,5,91,91421,2,1,2,2,REPUBLIQUE (AVENUE DE LA),48,
2.023E+11,3,9,2023,09:50,1,71,71118,1,1,1,2,A6,,
2.023E+11,9,12,2023,22:30,5,91,91228,1,3,8,3,AV PAUL DELOUVRIER,48,
2.023E+11,7,4,2023,13:25,1,64,64260,2,1,1,3,INDUSTRIE (RUE DE L'),43,
2.023E+11,2,9,2023,13:10,1,974,97410,1,1,1,7,D53,-21,
2.023E+11,9,12,2023,19:00,5,91,91521,2,1,8,2,ARAGON (AVENUE LOUIS),48,
2.023E+11,7,4,2023,08:30,1,64,64483,1,1,1,6,ITHURRALDE ANDRE (AVENUE),43,
2.023E+11,9,12,2023,05:43,5,30,30351,2,1,9,5,GENERAL LECLERC AVENUE DU,43,
2.023E+11,7,4,2023,23:20,4,64,64024,2,1,1,7,LAC (AVENUE DU),43,
2.023E+11,3,9,2023,06:15,1,974,97414,1,1,1,1,route nationale 5,-21,
2.023E+11,6,4,2023,14:20,1,64,64102,2,1,1,6,NAVARRE (AVENUE HENRI DE),43,
2.023E+11,9,12,2023,06:35,5,83,83137,2,3,1,3,PICOT (AVE DU COLONEL),43,
2.023E+11,29,3,2023,11:10,1,62,62413,2,1,1,6,Rue de Wattignies,50,
2.023E+11,6,12,2023,20:55,5,83,83129,2,3,1,3,BRUSC (CHE DU),43,
2.023E+11,7,4,2023,09:15,1,62,62413,1,3,1,3,D917,50,
2.023E+11,8,12,2023,23:06,5,77,77108,2,9,9,2,D934,48,
2.023E+11,2,9,2023,01:45,3,34,34163,1,1,1,5,A750 PK 17.000,43,
2.023E+11,7,4,2023,16:45,1,59,59352,2,1,2,6,ROUBAIX (RUE DE),50,
2.023E+11,9,12,2023,16:10,1,77,77251,1,1,1,6,ALL DE LA CITOYENNETE,48,
2.023E+11,7,4,2023,15:45,1,59,59599,2,1,8,6,GRAMME (CHAUSSEE),50,
2.023E+11,1,9,2023,18:15,1,87,87001,2,3,1,3,40 Avenue du Président Wilson,45,
2.023E+11,9,12,2023,15:12,1,77,77122,2,7,2,6,D50,48,
2.023E+11,7,4,2023,07:15,5,59,59033,2,1,2,6,MAUBEUGE (RUE DE),50,
2.023E+11,2,9,2023,18:35,1,21,21679,1,1,1,7,D905,47,
2.023E+11,7,4,2023,21:30,5,59,59220,2,1,1,6,FRANCE ANATOLE RUE,50,
2.023E+11,9,12,2023,20:00,3,77,77209,1,2,8,6,D217B,48,
2.023E+11,3,4,2023,10:30,1,59,59122,2,1,1,6,RIBECOURT (RUE DE),50,
2.023E+11,9,12,2023,20:15,5,76,76329,2,2,2,3,COTY RENE (RUE),49,
2.023E+11,1,9,2023,21:40,5,57,57287,2,1,1,1,Route Departementale 654,49,
2.023E+11,7,4,2023,21:15,5,57,57240,1,9,9,1,CD 26,49,
2.023E+11,2,9,2023,18:11,1,57,57079,1,1,1,6,D63,49,
2.023E+11,9,12,2023,19:04,5,72,72181,1,1,1,5,CUGNOT NICOLAS (BD),47,
2.023E+11,6,4,2023,07:05,2,56,56121,2,6,2,2,SCORFF ( BD DU ),47,
2.023E+11,9,12,2023,13:50,1,72,72181,1,9,2,3,EINSTEIN ALBERT (RUE),48,
2.023E+11,3,9,2023,03:40,3,59,59502,1,5,1,1,d942,50,
2.023E+11,7,4,2023,13:55,1,54,54357,2,1,1,1,PATTON (AV. DU GENERAL),48,
2.023E+11,1,9,2023,17:00,1,46,46304,2,1,1,6,D801,44,
2.023E+11,6,4,2023,13:50,1,54,54300,2,2,1,6,GALTIER (RUE LUCIEN),48,
2.023E+11,9,12,2023,10:40,1,64,64122,2,1,1,3,ALAN SEEGER (AVENUE),43,
2.023E+11,6,4,2023,13:40,1,50,50129,2,1,1,6,COURBET (RUE AMIRAL),49,
2.023E+11,8,12,2023,19:20,5,62,62555,2,1,8,6,Boulevard Leon Gambetta,50,
2.023E+11,3,9,2023,04:00,3,68,68155,2,1,1,7,D10,48,
2.023E+11,6,4,2023,18:40,1,50,50129,2,3,1,3,COUPLETS (RUE DES),49,
2.023E+11,9,12,2023,19:10,5,54,54578,2,3,2,3,Boulevard des Aiguillettes,48,
2.023E+11,3,9,2023,12:20,1,25,25254,1,1,1,6,D6,46,
2.023E+11,9,12,2023,17:13,3,49,49267,2,1,2,1,A87N,47,
2.023E+11,2,9,2023,15:20,1,35,35222,1,1,1,7,Ville Cunan,48,
2.023E+11,7,4,2023,18:13,1,49,49007,2,2,1,3,SAINT MICHEL BOULEVARD,47,
2.023E+11,8,12,2023,17:20,5,42,42218,2,6,2,6,Rue Marc Charras,45,
2.023E+11,3,9,2023,11:30,1,29,29241,2,6,1,7,Rue de Scaër,47,
2.023E+11,6,4,2023,12:20,1,49,49007,2,1,1,2,GRAND LAUNAY,47,
2.023E+11,4,12,2023,08:02,2,38,38185,1,1,1,2,A480,45,
2.023E+11,3,9,2023,06:30,2,2,2081,2,1,1,6,25 Rue du Buat,49,
2.023E+11,7,4,2023,12:55,1,47,47001,2,1,1,2,DELPECH (AV. GEORGES),44,
2.023E+11,9,12,2023,14:55,1,33,33167,2,2,3,3,Rue du Mascaret,44,
2.023E+11,3,9,2023,14:00,1,3,3268,1,1,7,6,rd 2009,46,
2.023E+11,7,4,2023,18:30,1,44,44109,1,1,1,2,N/A,47,
2.023E+11,3,9,2023,00:00,3,15,15221,1,6,1,6,N122,44,
2.023E+11,9,12,2023,10:10,1,33,33063,2,2,1,3,Boulevard Albert Brandenburg,44,
2.023E+11,7,4,2023,13:05,1,44,44190,2,1,7,6,13 Rue du Docteur Paul Michaux,47,
2.023E+11,2,9,2023,18:50,1,70,70120,1,1,7,2,RD4,47,
2.023E+11,9,12,2023,14:35,1,31,31149,2,1,8,6,RN124,43,
2.023E+11,7,4,2023,13:00,1,44,44109,2,1,1,6,9 Rue Copernic,47,
2.023E+11,3,9,2023,09:00,1,72,72064,1,1,7,6,Lieu Dit Les Paturieres,47,
2.023E+11,8,12,2023,15:45,1,31,31555,2,9,1,2,AV DE REYNERIE,43,
2.023E+11,7,4,2023,19:48,1,43,43157,2,1,1,4,33 Place du Breuil,45,
2.023E+11,3,9,2023,02:45,3,5,5045,1,1,1,6,route nationale 94 - PK/PR: 101+700,44,
2.023E+11,8,12,2023,21:00,3,31,31565,2,1,2,6,VALENTINE (PONT DE),43,
2.023E+11,7,4,2023,15:20,1,43,43251,1,1,1,7,Chemin d'Eycenac,45,
2.023E+11,7,4,2023,17:45,1,35,35281,1,6,1,3,DODIN (AVENUE ROGER),48,
2.023E+11,2,9,2023,20:20,2,90,90053,1,1,1,6,N/A,47,
2.023E+11,3,9,2023,07:55,1,17,17466,1,1,1,7,D109,46,
2.023E+11,7,4,2023,07:30,1,35,35238,2,1,1,6,SUEDE (DE),48,
2.023E+11,2,9,2023,17:30,1,48,48037,1,1,1,7,D901,44,
2.023E+11,9,12,2023,15:50,1,27,27528,2,1,6,7,Av des Anciens Combattants d’Afn,49,
2.023E+11,7,4,2023,09:00,1,34,34172,2,6,1,3,CHATEAU D'O (ROND-POINT DU),43,
2.023E+11,8,12,2023,17:50,5,27,27229,2,9,2,3,ALLENDE (BOULEVARD DU PRESIDENT),49,
2.023E+11,7,4,2023,22:15,5,34,34003,2,1,1,2,9 Rue de l’Oliveraie,43,
2.023E+11,2,9,2023,21:00,3,60,60100,1,1,1,3,A1,49,
2.023E+11,9,12,2023,14:55,1,25,25056,2,9,2,1,DOLE RUE DE (sup 200),47,
2.023E+11,7,4,2023,22:36,5,33,33192,2,2,1,5,Cours du Général de Gaulle,44,
2.023E+11,8,12,2023,14:45,1,15,15012,2,1,1,3,RD 320,44,
2.023E+11,25,8,2023,17:50,1,987,98714,2,1,1,6,Vaitapé,-16,
2.023E+11,10,12,2023,01:10,5,13,13075,2,1,1,1,FRÉDÉRIC CHEVILLON (AVENUE),43,
2.023E+11,7,4,2023,18:30,1,33,33281,2,1,1,3,Rue Roland Dorgelès,44,
2.023E+11,8,4,2023,00:25,4,29,29232,1,6,1,7,Route de Benodet,47,
2.023E+11,2,9,2023,19:45,3,988,98808,1,1,1,6,Nessa Kouya (Tribu),-21,
2.023E+11,9,12,2023,10:00,1,13,13213,2,1,1,2,JEAN PAUL SARTRE (AVENUE),43,
2.023E+11,7,4,2023,08:50,1,29,29039,1,1,1,4,N165 - Roz Bihan,47,
2.023E+11,2,9,2023,23:30,4,71,71069,1,1,1,7,Route du Moulin Cabot,46,
2.023E+11,9,12,2023,08:50,1,13,13210,2,1,1,1,ROMAIN ROLLAND (BOULEVARD),43,
2.023E+11,7,4,2023,17:15,1,28,28134,1,1,1,3,N12 (DESCENTE ET PONT FERMAINCOURT),48,
2.023E+11,9,12,2023,16:05,1,10,10387,2,1,2,3,MAJOR GENERAL VANIER (AVENUE),48,
2.023E+11,7,4,2023,19:45,1,27,27229,2,1,1,4,CITES UNIES (BOULEVARD DES),49,
2.023E+11,3,9,2023,03:05,3,44,44201,1,1,1,7,272 la Maillère,47,
2.023E+11,8,12,2023,17:10,5,10,10387,2,2,8,3,PIERRE BROSSOLETTE (RUE),48,
2.023E+11,9,12,2023,17:05,5,6,6069,2,1,1,2,MOULIN DE BRUN (CHEMIN ET TRAVERSE DU),43,
2.023E+11,3,9,2023,03:55,3,7,7241,1,1,1,6,Départementale 103,44,
2.023E+11,7,4,2023,15:55,1,25,25204,2,1,8,1,Ville  (rue de la),46,
2.023E+11,9,12,2023,18:10,5,6,6004,1,9,1,6,CLAUDE CH.DE ST,43,
2.023E+11,7,4,2023,08:35,1,24,24037,2,1,1,6,BEAUFERRIER (RUE),44,
2.023E+11,30,8,2023,14:47,1,1,1281,2,2,1,1,D1005,46,
2.023E+11,8,12,2023,07:08,5,5,5061,2,1,3,6,JEAN JAURES ( AVENUE ),44,
2.023E+11,6,4,2023,17:35,1,16,16102,2,6,1,6,JAVREZAC (BOULEVARD DE),45,
2.023E+11,28,8,2023,07:30,1,33,33498,2,1,1,6,Chemin d'Arnautille,44,
2.023E+11,9,12,2023,10:30,1,4,4112,2,1,8,3,MAJORAL ARNAUD (AV.),43,
2.023E+11,3,9,2023,09:10,1,35,35178,1,1,1,6,RD 102,48,
2.023E+11,8,12,2023,08:05,1,4,4070,2,1,3,3,avenue Simone-Pellissier,44,
2.023E+11,8,12,2023,20:10,5,75,75118,2,1,1,2,BD PERIPHERIQUE EXTERIEUR,48,
2.023E+11,3,9,2023,15:30,1,59,59430,2,1,1,6,Rue de la Bonnette,50,
2.023E+11,7,4,2023,19:30,1,13,13103,2,1,1,1,AVENUE LECLERC - DU MARECHAL,43,
2.023E+11,9,12,2023,16:45,1,75,75117,2,3,1,2,AVENUE DE CLICHY,48,
2.023E+11,8,8,2023,10:05,1,59,59177,1,1,1,1,Route d’Aulnoye,50,
2.023E+11,7,4,2023,22:20,5,13,13208,2,3,1,3,CARMAGNOLES (BD),43,
2.023E+11,9,12,2023,09:25,1,75,75112,2,3,3,1,RUE DE CHARENTON,48,
2.023E+11,7,4,2023,19:05,1,13,13047,1,1,1,2,RD 569,43,
2.023E+11,1,9,2023,18:25,1,13,13005,1,1,1,2,A50-Sens Marseille vers Aubagne,43,
2.023E+11,9,12,2023,16:55,1,75,75111,2,3,8,6,RUE JEAN PIERRE TIMBAUD,48,
2.023E+11,2,9,2023,08:54,1,13,13026,1,1,1,1,A55-Sens Marseille vers Martigues,43,
2.023E+11,3,4,2023,19:45,1,10,10325,2,9,1,3,Rue Victor Hugo,48,
2.023E+11,9,12,2023,09:50,1,75,75110,2,3,3,6,RUE ALEXANDRE PARODI,48,
2.023E+11,7,4,2023,15:35,1,10,10387,2,1,1,4,VICTOR HUGO (RUE),48,
2.023E+11,2,9,2023,03:45,5,69,69204,1,1,1,2,Autoroute 450,45,
2.023E+11,9,12,2023,07:24,5,75,75108,2,2,2,3,PLACE DE LA CONCORDE,48,
2.023E+11,7,4,2023,04:27,5,8,8480,2,1,9,6,NATIONALE ROUTE,49,
2.023E+11,9,12,2023,06:30,2,75,75104,2,2,2,6,QUAI DE L HOTEL DE VILLE,48,
2.023E+11,7,4,2023,22:16,5,6,6088,2,1,1,3,DELFINO (BD GENERAL),43,
2.023E+11,7,4,2023,14:10,1,6,6104,2,1,1,3,CAP MARTIN (PROMENADE DU),43,
2.023E+11,9,12,2023,11:50,1,94,94052,2,3,2,3,Avenue de Joinville,48,
2.023E+11,2,9,2023,00:35,3,33,33162,1,9,3,3,ROCADE A 630,44,
2.023E+11,9,12,2023,07:55,5,94,94052,2,1,2,6,Boulevard de Strasbourg,48,
2.023E+11,7,4,2023,08:20,1,6,6069,2,1,1,3,GRILLONS (RUE DES),43,
2.023E+11,2,9,2023,12:20,1,92,92002,1,1,1,2,AUTOROUTE A10,48,
2.023E+11,9,12,2023,07:00,4,94,94017,2,1,2,6,Avenue du Général de Gaulle,48,
2.023E+11,7,4,2023,19:45,1,6,6123,2,1,1,3,PUGETS MOYENNE CORNICHE DES,43,
2.023E+11,8,12,2023,17:30,5,94,94071,2,2,2,6,Rue Jean Moulin,48,
2.023E+11,2,9,2023,14:10,1,91,91136,1,1,1,2,AUTOROUTE A126,48,
2.023E+11,7,4,2023,15:40,1,1,1053,2,2,7,1,MONTESQUIEU (RUE),46,
2.023E+11,9,12,2023,12:00,1,93,93051,2,3,2,6,Rue de l’Universite / Boulevard du Levant,48,
2.023E+11,8,4,2023,15:25,1,75,75112,2,1,1,2,PORTE DE CHARENTON,48,
2.023E+11,2,9,2023,11:20,1,91,91689,1,1,1,4,AUTOROUTE A6A,48,
2.023E+11,8,4,2023,01:10,5,75,75112,2,1,1,7,PORTE DE VINCENNES,48,
2.023E+11,9,12,2023,10:30,1,93,93050,2,3,3,6,Avenue Léon Blum / Avenue Winston Churchill,48,
2.023E+11,2,9,2023,19:30,2,93,93006,1,1,1,2,AUTOROUTE A3,48,
2.023E+11,8,4,2023,19:20,1,75,75117,2,3,1,3,AVENUE DES TERNES,48,
2.023E+11,9,12,2023,14:22,1,92,92048,2,3,2,3,CAPUCINS (RUE DES) N° 1 A 31,48,
2.023E+11,8,4,2023,00:45,5,75,75117,2,1,1,6,BOULEVARD PERIPHERIQUE INTERIEUR OUEST,48,
2.023E+11,9,12,2023,18:51,4,92,92036,2,1,2,6,GENEAL DE GAULLE (AVENUE) (1/41),48,
2.023E+11,8,4,2023,18:15,1,75,75116,2,1,1,7,ALLEE DU BORD DE L EAU,48,
2.023E+11,2,9,2023,10:40,1,93,93064,1,1,1,2,AUTOROUTE A86,48,
2.023E+11,9,12,2023,16:49,2,92,92012,2,1,8,6,GENERAL LECLERC (AVENUE DU) 35/FIN - 60/,48,
2.023E+11,10,12,2023,03:17,3,56,56186,2,1,2,6,Boulevard René Cassin,47,
2.023E+11,8,4,2023,19:50,2,75,75114,2,2,1,3,AVENUE PAUL APPELL,48,
2.023E+11,10,12,2023,02:00,3,81,81139,1,1,1,6,Route de Grayssac,43,
2.023E+11,8,4,2023,16:15,1,75,75114,2,1,1,6,AVENUE REILLE,48,
2.023E+11,2,9,2023,00:17,3,95,95582,1,1,1,4,A15,48,
2.023E+11,2,9,2023,02:45,3,95,95582,1,1,1,7,A115,48,
2.023E+11,8,4,2023,18:30,1,75,75113,2,3,1,2,AVENUE D ITALIE,48,
2.023E+11,7,12,2023,15:40,1,26,26085,1,1,8,4,A7,44,
2.023E+11,9,12,2023,18:00,3,51,51559,1,1,2,2,D931,49,
2.023E+11,7,4,2023,23:30,5,75,75109,2,3,1,6,RUE DE CAUMARTIN,48,
2.023E+11,2,9,2023,06:45,1,94,94028,1,1,1,4,A86,48,
2.023E+11,9,12,2023,19:30,3,60,60430,1,1,6,1,D335,49,
2.023E+11,8,4,2023,18:00,1,75,75107,2,3,1,3,AVENUE DE SEGUR,48,
2.023E+11,18,6,2023,04:45,5,93,93066,2,1,2,2,42 Avenue de Stalingrad,48,
2.023E+11,10,12,2023,03:55,4,65,65258,2,1,1,6,Rue Alsace-Lorraine,43,
2.023E+11,7,4,2023,11:45,1,94,94073,2,1,1,3,164 Avenue de Versailles,48,
2.023E+11,9,12,2023,01:50,3,33,33093,1,1,2,6,D13,44,
2.023E+11,9,6,2023,20:30,1,93,93066,2,9,1,1,Avenue du Colonel Fabien,48,
2.023E+11,8,12,2023,11:30,1,61,61339,2,1,1,6,D909,48,
2.023E+11,8,4,2023,13:59,1,94,94017,2,1,1,4,Voie Sonia Delaunay,48,
2.023E+11,1,9,2023,06:45,1,974,97411,2,1,1,7,JAURES (BLD 2 JEAN),-20,
2.023E+11,9,12,2023,12:00,1,68,68201,2,9,1,6,8 Rue du Général de Gaulle,47,
2.023E+11,8,4,2023,18:00,1,93,93064,2,1,1,3,Avenue du Général de Gaulle,48,
2.023E+11,1,9,2023,19:30,5,974,97407,2,3,1,6,ROUTE DU SACRE COEUR,-20,
2.023E+11,8,12,2023,18:20,5,68,68060,2,6,2,3,Pont d'Aspach,47,
2.023E+11,1,9,2023,11:00,1,973,97302,2,3,1,3,MANDARINES(RUE DES),4,
2.023E+11,8,4,2023,15:50,1,93,93064,2,6,1,4,Rond-Point de l'Europe / Boulevard Gabriel Péri,48,
2.023E+11,10,12,2023,09:00,1,34,34154,2,5,1,3,D62e2,43,
2.023E+11,1,9,2023,07:30,1,973,97302,1,1,1,3,MARINGOUINS (ROND-POINT),4,
2.023E+11,8,4,2023,18:00,1,93,93029,2,1,1,3,Avenue Henri Barbusse,48,
2.023E+11,9,12,2023,10:28,1,29,29236,1,1,3,3,RN165,47,
2.023E+11,1,9,2023,12:00,1,69,69383,2,1,1,6,Cours Lafayette,45,
2.023E+11,8,4,2023,10:55,1,93,93005,2,1,1,6,Route de Bondy,48,
2.023E+11,9,12,2023,18:15,3,29,29204,1,1,1,1,Route de Keradoret,48,
2.023E+11,31,8,2023,11:55,1,972,97209,2,1,1,6,RD 41 (ROCADE),14,
2.023E+11,10,12,2023,03:25,4,66,66149,1,6,1,7,Rond Point du Canigou,42,
2.023E+11,8,4,2023,12:20,1,92,92064,2,1,1,2,MARCEL DASSAULT,48,
2.023E+11,31,8,2023,12:30,1,971,97101,1,1,1,1,CARAQUE,16,
2.023E+11,1,9,2023,11:20,1,2A,2A004,2,9,1,3,NAPOLEON COURS AVANT BEVERINI,41,
2.023E+11,9,12,2023,17:05,3,73,73124,2,1,3,6,Avenue georges pompidou,45,
2.023E+11,8,4,2023,13:40,1,92,92050,2,1,1,3,JOFFRE MARECHAL AVENUE DU,48,
2.023E+11,9,12,2023,23:50,3,21,21562,1,1,2,6,D30,47,
2.023E+11,1,9,2023,13:45,1,95,95428,2,1,1,4,D125,48,
2.023E+11,8,4,2023,10:14,1,92,92044,2,2,1,3,ED.VAILLANT(RUE) 75A117 ET80A96,48,
2.023E+11,10,12,2023,00:15,3,4,4031,1,1,2,6,d907,43,
2.023E+11,1,9,2023,02:30,5,95,95018,2,1,1,6,D311,48,
2.023E+11,8,4,2023,19:00,1,92,92026,2,1,1,1,EUROPE (AVENUE),48,
2.023E+11,9,12,2023,23:50,5,42,42279,2,3,1,3,Chemin du Pré La Farge,45,
2.023E+11,1,9,2023,13:13,1,91,91570,2,1,2,4,CONDORCET (AVENUE),48,
2.023E+11,5,4,2023,15:40,1,17,17413,2,4,1,3,intersection D113 - D203E5,46,
2.023E+11,10,12,2023,06:20,2,1,1290,1,1,1,6,A42 sens LYON/GENÈVE PK 022+800,45,
2.023E+11,7,4,2023,07:35,1,76,76238,1,1,1,6,D489,49,
2.023E+11,1,9,2023,12:00,1,91,91479,2,1,1,3,AV FRANCOIS MITTERRAND,48,
2.023E+11,8,4,2023,16:00,1,42,42003,1,1,1,6,Route de Changy,46,
2.023E+11,26,8,2023,22:50,3,84,84080,1,1,1,2,SARRIANS ROUTE DE,44,
2.023E+11,8,12,2023,19:14,3,45,45317,1,1,8,7,A10 PR 124 + 3,47,
2.023E+11,1,9,2023,13:00,1,83,83098,1,1,1,1,FOUX (CHEMIN DE LA),43,
2.023E+11,15,2,2023,18:20,3,68,68343,1,1,1,1,D44,47,
2.023E+11,10,12,2023,21:00,3,988,98827,1,1,1,7,RT4,-21,
2.023E+11,9,4,2023,10:55,1,60,60176,2,1,1,3,Avenue Gérard de Nerval,49,
2.023E+11,1,9,2023,03:40,5,83,83069,2,6,1,7,ALMANARRE (ROUTE DE L'),43,
2.023E+11,10,12,2023,06:15,2,971,97129,1,1,1,6,Lieu Dit Viard,16,
2.023E+11,8,4,2023,11:10,1,30,30134,1,1,1,7,D901,44,
2.023E+11,10,12,2023,04:45,3,6,6092,2,1,1,6,Boulevard de la Vallée,43,
2.023E+11,1,9,2023,14:35,1,78,78498,2,1,1,6,BERTEAUX MAURICE AVENUE,48,
2.023E+11,9,4,2023,01:15,3,83,83067,1,1,1,7,Route du Luc,43,
2.023E+11,9,4,2023,09:21,1,91,91617,2,1,1,7,Route de Corbeil,48,
2.023E+11,10,12,2023,05:00,3,4,4063,1,1,2,7,D4096,43,
2.023E+11,1,9,2023,18:00,1,77,77374,1,1,1,2,DEPARTEMENTALE 471 (ROUTE),48,
2.023E+11,9,4,2023,09:05,1,91,91553,2,6,1,3,Avenue Charles de Gaulle,48,
2.023E+11,9,12,2023,00:00,3,21,21609,1,1,9,6,RD905,47,
2.023E+11,1,9,2023,10:30,1,77,77350,2,3,2,6,RUE DE CHEVRY,48,
2.023E+11,9,12,2023,13:50,1,68,68185,1,1,2,7,D1059,48,