Num_Acc,jour,mois,an,hrmn,lum,dep,com,agg,int,atm,col,adr,lat,long
2.023E+11,20,6,2023,12:20,1,75,75118,2,3,8,2,RUE DE LA CHAPELLE,48,
2.023E+11,20,6,2023,16:00,1,75,75117,2,1,1,3,BOULEVARD PERIPHERIQUE INTERIEUR OUEST,48,
2.023E+11,20,6,2023,09:10,1,75,75117,2,3,1,3,AVENUE DE LA PORTE D ASNIERES,48,
2.023E+11,6,11,2023,18:05,3,77,77347,1,1,1,6,Chemin de la Croix,48,
2.023E+11,20,6,2023,09:25,1,75,75116,2,3,1,3,AVENUE DU PRESIDENT KENNEDY,48,
2.023E+11,3,11,2023,12:20,1,79,79179,1,2,2,3,N/A,46,
2.023E+11,20,6,2023,09:20,1,75,75116,2,7,1,3,RUE DE REMUSAT,48,
2.023E+11,20,6,2023,20:40,1,75,75114,2,2,1,6,RUE RAYMOND LOSSERAND,48,
2.023E+11,6,11,2023,08:00,1,65,65408,2,1,1,6,Route des Nestes,42,
2.023E+11,20,6,2023,08:30,1,75,75114,2,2,1,3,AVENUE GEORGES LAFENESTRE,48,
2.023E+11,29,10,2023,08:15,1,33,33289,1,1,2,6,N/A,44,
2.023E+11,20,6,2023,03:16,5,75,75114,2,1,1,7,RUE D ALESIA,48,
2.023E+11,20,6,2023,18:40,1,75,75112,2,3,1,6,RUE CLAUDE DECAEN,48,
2.023E+11,6,11,2023,12:45,1,32,32210,1,2,8,1,Carrefour RD121 et RD 535,43,
2.023E+11,20,6,2023,13:30,1,75,75111,2,1,1,3,BOULEVARD DES FILLES DU CALVAIRE,48,
2.023E+11,6,11,2023,08:30,1,44,44005,1,1,2,2,N/A,47,
2.023E+11,20,6,2023,12:00,1,75,75111,2,3,1,3,BOULEVARD BEAUMARCHAIS,48,
2.023E+11,5,11,2023,15:55,1,44,44068,1,2,3,3,N/A,47,
2.023E+11,20,6,2023,19:45,1,75,75109,2,4,1,6,RUE LA FAYETTE,48,
2.023E+11,20,6,2023,18:45,1,75,75107,2,3,1,7,QUAI D ORSAY,48,
2.023E+11,6,11,2023,07:10,3,29,29206,1,3,6,3,Lann ar Bourg,48,
2.023E+11,18,6,2023,04:15,5,75,75107,2,7,2,3,PLACE LE CORBUSIER,48,
2.023E+11,4,11,2023,07:00,2,26,26052,1,1,8,7,D74,44,
2.023E+11,19,6,2023,06:20,1,75,75104,2,3,1,7,RUE SAINT MARTIN,48,
2.023E+11,18,6,2023,13:10,1,75,75104,2,2,1,6,QUAI DE GESVRES,48,
2.023E+11,5,11,2023,16:20,1,54,54055,1,1,2,7,D952,49,
2.023E+11,16,6,2023,00:15,5,75,75103,2,9,1,3,BOULEVARD BEAUMARCHAIS,48,
2.023E+11,20,6,2023,14:30,1,94,94080,2,1,1,2,Rue de Montreuil,48,
2.023E+11,5,11,2023,17:15,2,83,83040,1,1,1,1,D4085,43,
2.023E+11,19,6,2023,18:45,1,94,94015,2,2,1,3,Rue Pierre Curie,48,
2.023E+11,22,10,2023,20:00,3,64,64138,2,2,2,3,Avenue de la Bigorre,43,
2.023E+11,20,6,2023,00:50,5,94,94016,2,6,1,6,Rue Camille Desmoulins,48,
2.023E+11,4,11,2023,16:15,1,18,18172,2,2,8,7,32 Route de Lignières,46,
2.023E+11,20,6,2023,08:00,1,94,94073,1,1,1,3,ROUTE NATIONALE 186,48,
2.023E+11,5,11,2023,21:15,3,18,18145,1,1,2,7,N/A,47,
2.023E+11,20,6,2023,15:10,1,94,94011,2,5,1,3,Avenue de la République,48,
2.023E+11,6,11,2023,12:30,1,7,7334,1,1,1,6,chemin de la villarde,44,
2.023E+11,19,6,2023,17:56,1,94,94022,2,1,8,3,Avenue du 8 Mai 1945,48,
2.023E+11,6,11,2023,13:50,1,53,53147,2,2,8,3,Rue de la Peyennière,48,
2.023E+11,20,6,2023,08:35,1,94,94019,2,1,1,3,Route de la Libération,48,
2.023E+11,6,11,2023,09:45,1,17,17211,1,1,2,7,D150,46,
2.023E+11,20,6,2023,20:00,1,93,93071,2,3,1,3,Avenue Youri Gagarine,48,
2.023E+11,19,10,2023,11:10,1,17,17323,2,7,1,6,Place du Général de Gaulle,46,
2.023E+11,20,6,2023,20:00,1,93,93050,2,1,1,6,Rue du Gen Lecorguillier,48,
2.023E+11,19,6,2023,14:30,1,93,93032,2,1,8,6,Rue du Docteur Vaillant,48,
2.023E+11,6,11,2023,07:30,3,17,17253,1,2,2,3,D911,45,
2.023E+11,18,6,2023,14:40,1,93,93032,2,1,1,3,Chemin des Bourdons,48,
2.023E+11,20,6,2023,09:45,1,93,93079,2,1,1,3,Route de Saint-leu,48,
2.023E+11,6,11,2023,16:30,1,37,37245,1,2,2,3,Route départemantle 959,47,
2.023E+11,20,6,2023,16:30,1,93,93057,2,3,1,5,Allée Edgar-quinet / Allée Michelet,48,
2.023E+11,4,11,2023,21:00,3,987,98735,1,1,2,3,PK 11.5 Ouest - Côté Montagne - District de Tapuamu,-16,
2.023E+11,20,6,2023,10:35,1,92,92046,2,1,1,6,PIERRE BROSSOLETTE (AVENUE),48,
2.023E+11,2,11,2023,12:55,1,34,34270,1,1,1,3,Autoroute A9,43,
2.023E+11,15,6,2023,16:00,1,92,92072,2,3,1,3,CROIX BOSSET (RUE DE LA),48,
2.023E+11,2,11,2023,14:50,1,28,28121,1,1,2,7,autoroute A10 point kilométrique 074+150 direction province,48,
2.023E+11,20,6,2023,09:05,1,92,92076,2,1,1,3,GARE,48,
2.023E+11,20,6,2023,17:28,1,92,92051,2,1,8,6,INKERMANN (BOULEVARD D'),48,
2.023E+11,4,11,2023,12:35,1,17,17415,1,1,1,7,A10,45,
2.023E+11,19,6,2023,23:10,5,92,92051,2,1,1,1,CHARLES DE GAULLE (AVENUE,,
2.023E+11,20,6,2023,19:00,1,92,92050,2,3,1,3,LEMAITRE THOMAS RUE,48,
2.023E+11,5,11,2023,21:30,3,988,98821,1,1,1,7,ROUTE TERRITORIALE N°1,-22,
2.023E+11,19,6,2023,23:00,5,92,92050,2,9,1,3,CLEMENCEAU GEORGES AVENUE N°IMPAIR,48,
2.023E+11,5,11,2023,17:10,1,77,77339,2,1,8,7,12 Allee du Jeu de Paume,48,
2.023E+11,20,6,2023,17:15,1,92,92049,2,1,1,7,ARNOUX AVENUE MAURICE AUTRES N°,48,
2.023E+11,16,6,2023,16:30,1,92,92049,2,2,1,3,BRIAND AVENUE ARISTIDE N°2 A 114,48,
2.023E+11,6,11,2023,17:49,3,34,34023,1,1,1,3,RD600,43,
2.023E+11,16,6,2023,20:50,1,92,92025,2,3,1,1,ORGEMONT (AV D'),48,
2.023E+11,30,10,2023,15:40,1,34,34176,1,2,1,3,d106,43,
2.023E+11,6,11,2023,00:50,3,83,83115,2,1,1,6,Av du General Touzet du Vigier,43,
2.023E+11,16,6,2023,16:20,1,92,92025,2,3,1,6,CHARLES DE GAULLE (BD),48,
2.023E+11,20,6,2023,16:30,1,92,92002,2,1,1,6,RAYMON ARON (AVENUE),48,
2.023E+11,31,10,2023,07:40,1,13,13066,1,1,1,1,Route de Noves,43,
2.023E+11,6,11,2023,00:00,3,58,58126,1,1,8,6,Rue des Barillets,46,
2.023E+11,20,6,2023,17:15,1,85,85306,2,3,1,1,2 impasse de la cure,46,
2.023E+11,20,6,2023,09:00,1,22,22237,2,3,1,3,Place Abbé Oléron,48,
2.023E+11,20,6,2023,19:15,1,41,41118,1,9,1,7,Route de Romorantin,47,
2.023E+11,20,6,2023,08:22,1,68,68058,2,6,2,6,D430,47,
2.023E+11,5,11,2023,18:55,3,54,54272,1,2,2,3,RD611,48,
2.023E+11,18,6,2023,22:41,3,49,49092,1,1,1,6,La Cailleterie (Valanjou),47,
2.023E+11,21,6,2023,15:10,1,67,67283,1,1,1,1,D1004,48,
2.023E+11,20,6,2023,17:05,1,56,56118,2,1,1,6,32 Route de Port Louis,47,
2.023E+11,10,6,2023,16:14,1,56,56240,1,1,1,7,Rue du Rial Vraz,47,
2.023E+11,6,11,2023,12:25,1,81,81140,1,1,1,7,Route de Flamarens,43,
2.023E+11,16,5,2023,23:30,5,56,56184,2,1,1,6,1 Rue du Chanoine Niol,47,
2.023E+11,5,11,2023,10:00,1,31,31324,2,1,2,6,Chemin de Labessan,43,
2.023E+11,21,6,2023,08:20,1,76,76407,1,1,1,1,D925,49,
2.023E+11,21,6,2023,08:30,1,2A,2A085,1,1,1,7,rt40,41,
2.023E+11,4,11,2023,08:30,1,40,40125,1,1,2,6,Route de Dax D6,43,
2.023E+11,5,11,2023,12:00,1,85,85155,2,3,1,3,RD 2,46,
2.023E+11,21,6,2023,07:20,1,2A,2A330,2,1,1,1,VILLAGE,42,
2.023E+11,21,6,2023,06:40,1,31,31032,1,1,8,6,Chemin de l'Enseigure,43,
2.023E+11,3,11,2023,20:28,3,22,22208,1,3,2,7,les ruaux,48,
2.023E+11,5,11,2023,21:17,3,60,60589,1,1,1,2,D1016,49,
2.023E+11,5,11,2023,17:15,1,13,13085,2,1,1,3,A50 - Sens Aubagne vers Marseille,43,
2.023E+11,4,11,2023,16:50,1,13,13071,1,1,2,2,A51-Sens Marseille vers Aix en Provence,43,
2.023E+11,5,11,2023,01:18,3,13,13001,1,1,1,5,A51-Sens Marseille vers Aix en Provence,43,
2.023E+11,31,10,2023,17:12,2,13,13071,1,1,1,3,A7-Sens Lyon vers Marseille,43,
2.023E+11,16,5,2023,08:00,1,75,75116,2,2,1,3,ROUTE DE SURESNES,48,
2.023E+11,31,10,2023,18:42,3,13,13015,1,1,1,4,A51-Sens Aix en Provence vers Marseille,43,
2.023E+11,16,5,2023,00:25,5,75,75116,2,1,1,3,ALLEE DE LA REINE MARGUERITE,48,
2.023E+11,16,5,2023,19:40,1,75,75114,2,1,1,2,AVENUE DENFERT ROCHEREAU,48,
2.023E+11,5,11,2023,02:45,3,69,69116,1,1,1,4,Autoroute 6,45,
2.023E+11,16,5,2023,17:35,1,75,75113,2,1,1,6,RUE DES PEUPLIERS,48,
2.023E+11,4,11,2023,21:30,3,42,42110,1,1,2,6,M288,45,
2.023E+11,16,5,2023,08:15,1,75,75113,2,1,1,3,BOULEVARD VINCENT AURIOL,48,
2.023E+11,5,11,2023,10:15,1,33,33249,2,1,1,6,ROUTE NATIONALE 230,44,
2.023E+11,16,5,2023,20:20,1,75,75112,2,1,1,3,QUAI DE LA RAPEE,48,
2.023E+11,5,11,2023,14:40,1,91,91161,1,1,1,4,AUTOROUTE A126,48,
2.023E+11,16,5,2023,15:20,1,75,75111,2,1,1,1,AVENUE PARMENTIER,48,
2.023E+11,5,11,2023,11:00,1,91,91136,1,1,2,6,AUTOROUTE A10,48,
2.023E+11,5,11,2023,07:30,2,94,94037,1,1,2,6,A6A,48,
2.023E+11,16,5,2023,20:50,1,75,75110,2,1,1,4,BOULEVARD DE LA VILLETTE,48,
2.023E+11,4,11,2023,22:45,3,91,91363,1,1,2,6,RN 104,48,
2.023E+11,15,5,2023,01:19,3,75,75109,2,1,1,6,RUE DE CHATEAUDUN,48,
2.023E+11,5,11,2023,19:45,3,92,92078,1,1,1,4,AUTOROUTE A86,48,
2.023E+11,16,5,2023,17:40,1,75,75116,2,7,1,3,PLACE CHARLES DE GAULLE,48,
2.023E+11,5,11,2023,15:30,1,93,93027,1,1,8,6,AUTOROUTE A1,48,
2.023E+11,16,5,2023,10:55,1,75,75107,2,3,1,3,AVENUE DE SUFFREN,48,
2.023E+11,5,11,2023,12:15,1,92,92036,1,1,2,7,AUTOROUTE A15,48,
2.023E+11,15,5,2023,23:00,5,75,75114,2,1,1,7,AVENUE DU GENERAL LECLERC,48,
2.023E+11,5,11,2023,00:20,3,95,95306,1,1,2,6,A15,48,
2.023E+11,14,5,2023,17:13,1,75,75104,2,2,1,3,BOULEVARD HENRI IV,48,
2.023E+11,4,11,2023,22:15,3,92,92078,1,1,3,6,AUTOROUTE A86,48,
2.023E+11,4,11,2023,20:20,3,93,93010,1,1,2,7,AUTOROUTE A3,48,
2.023E+11,15,5,2023,13:30,1,94,94068,2,3,1,1,Rue Garibaldi,48,
2.023E+11,16,5,2023,08:35,1,94,94021,2,1,1,6,1 Rue des Ecoles,48,
2.023E+11,5,11,2023,14:40,1,94,94033,1,1,3,3,A86,48,
2.023E+11,5,11,2023,05:14,3,77,77059,1,1,2,6,A104,48,
2.023E+11,16,5,2023,07:00,1,94,94004,2,1,2,7,Avenue du Général Leclerc,48,
2.023E+11,4,11,2023,10:13,1,94,94044,1,1,2,7,N406,48,
2.023E+11,16,5,2023,18:50,1,93,93073,2,1,1,3,Avenue Pasteur,48,
2.023E+11,16,5,2023,11:00,1,93,93073,1,1,1,7,Rue de la Belle Etoile,48,
2.023E+11,3,11,2023,18:18,3,94,94046,1,1,1,5,A86,48,
2.023E+11,16,5,2023,10:50,1,93,93001,2,1,1,6,Rue de la Haie Coq,48,
2.023E+11,27,2,2023,20:00,5,35,35288,2,3,1,1,35 boulevard de Rotheneuf,48,
2.023E+11,16,5,2023,08:20,1,93,93051,2,2,1,6,Boulevard du Mont d'Est / Avenue Montaigne,48,
2.023E+11,16,10,2023,18:30,2,13,13208,2,1,1,3,POURRIERE (traverse),43,
2.023E+11,16,5,2023,18:45,1,93,93048,2,1,1,3,Rue Desgranges,48,
2.023E+11,3,11,2023,16:45,1,62,62548,2,3,8,7,RUE DU CANAL,50,
2.023E+11,16,5,2023,15:33,1,93,93045,2,1,1,6,Rue de Paris,48,
2.023E+11,3,11,2023,10:06,1,83,83137,2,1,3,6,CHURCHILL (AVE WINSTON),43,
2.023E+11,16,5,2023,11:15,1,93,93030,2,1,1,5,Avenue du Maréchal Leclerc de Hauteclocque,48,
2.023E+11,1,11,2023,03:33,5,75,75110,2,1,1,6,BOULEVARD DE LA VILLETTE,48,
2.023E+11,16,5,2023,17:25,1,93,93007,2,6,1,3,Rond Point Saint Pierre,48,
2.023E+11,28,10,2023,21:50,5,62,62186,2,2,2,3,Rue Edmond Debeaumont,50,
2.023E+11,16,5,2023,20:15,1,92,92049,2,2,1,6,BRIAND AVENUE ARISTIDE N°2 A 114,48,
2.023E+11,25,10,2023,06:20,1,972,97209,1,1,1,6,BALATA (ROUTE DE),14,
2.023E+11,16,5,2023,13:00,1,92,92025,2,2,1,3,VALMY (BD DE),48,
2.023E+11,16,5,2023,15:00,1,92,92024,2,1,7,3,GENERAL LECLERC (RUE DU) DE (81 A 109)  ,48,
2.023E+11,20,10,2023,14:00,1,30,30028,2,9,1,3,DE LATTRE DE TASSIGNY (AVENUE DU MAL),44,
2.023E+11,16,5,2023,16:55,1,49,49063,2,2,1,3,D751,47,
2.023E+11,4,11,2023,07:40,1,974,97409,1,9,8,7,PAYET(RUE),-20,
2.023E+11,13,5,2023,10:50,1,26,26344,1,1,1,1,Route de Bois Vieux,44,
2.023E+11,3,11,2023,09:24,1,973,97302,2,9,1,6,SOURCE DE BADUEL (CHEMIN DE LA),4,
2.023E+11,16,5,2023,21:55,3,71,71047,1,1,1,2,D979,46,
2.023E+11,4,11,2023,00:20,5,973,97302,2,2,1,3,DE GAULLE (AVENUE),4,
2.023E+11,13,5,2023,09:18,1,28,28410,1,1,1,1,D955,48,
2.023E+11,4,11,2023,18:00,5,69,69383,2,1,2,6,Rue Général Mouton-Duvernet,45,
2.023E+11,12,5,2023,21:13,2,35,35206,1,1,2,5,N137,48,
2.023E+11,4,11,2023,22:35,5,95,95277,2,3,2,3,HOTEL DIEU P DU THILLAY (RUE DE L'),48,
2.023E+11,12,5,2023,06:30,3,43,43103,1,1,2,6,A75,45,
2.023E+11,3,11,2023,12:15,1,95,95127,2,7,1,6,CROIX DES MAHEUX (RUE DE LA),49,
2.023E+11,17,5,2023,12:15,1,87,87001,2,1,1,7,Avenue François Mitterrand,45,
2.023E+11,4,11,2023,06:05,5,91,91161,2,9,3,1,AV PIERRE BROSSOLETTE,48,
2.023E+11,16,5,2023,13:45,1,56,56011,1,1,1,6,La Ville Chatal,47,
2.023E+11,4,11,2023,16:55,1,86,86194,2,1,8,6,Avenue Robert Schuman,46,
2.023E+11,17,5,2023,04:00,3,76,76482,1,1,1,3,Rue de la Libération,49,
2.023E+11,17,5,2023,14:25,1,79,79034,1,1,1,5,N/A,46,
2.023E+11,4,11,2023,20:45,3,84,84035,1,2,2,1,ISLE/SORGUE-RD 938 (ROUTE DE L'),43,
2.023E+11,17,5,2023,13:30,1,65,65006,1,1,1,7,D 113,42,
2.023E+11,3,11,2023,17:50,5,83,83137,2,1,1,3,15EME CORPS (AVE DU),43,
2.023E+11,17,5,2023,07:15,1,71,71332,1,2,1,3,D933,46,
2.023E+11,13,5,2023,17:20,1,61,61300,1,2,1,3,RD36 - RD280,48,
2.023E+11,3,11,2023,18:30,5,83,83090,2,3,8,3,GARE (ROUTE),43,
2.023E+11,16,5,2023,13:30,1,49,49214,2,3,1,3,28 Rue Victor Hugo,47,
2.023E+11,16,5,2023,20:55,2,68,68332,2,1,8,7,35 Rue de Rollingen,47,
2.023E+11,16,5,2023,19:00,1,44,44154,2,1,1,6,11 Rue du Général de Gaulle,47,
2.023E+11,4,11,2023,06:20,4,77,77083,2,6,2,1,PYRAMIDES (AVENUE DES),48,
2.023E+11,16,5,2023,16:55,1,2,2532,2,3,1,2,22 Rue Gambetta,49,
2.023E+11,14,5,2023,09:55,1,58,58031,1,1,1,6,rd 978 PR 23+100,47,
2.023E+11,14,5,2023,10:00,1,58,58232,2,1,1,6,RD 172 PR 00+250,46,
2.023E+11,3,11,2023,17:50,3,77,77013,1,1,1,6,D402,48,
2.023E+11,17,5,2023,11:15,1,72,72276,1,1,1,1,lieu dit le petit garancher,48,
2.023E+11,4,11,2023,18:20,2,76,76540,2,4,2,3,Rue Repainville,49,
2.023E+11,4,11,2023,22:30,5,74,74010,2,3,2,2,PONT-NEUF (AVENUE DU),45,
2.023E+11,16,5,2023,18:30,1,5,5106,1,1,6,5,N94 pk092.350,44,
2.023E+11,16,5,2023,19:55,1,50,50550,2,1,1,7,8 Rue Charles Reynolds,49,
2.023E+11,3,11,2023,16:35,2,74,74010,2,6,3,2,PARMELAN,45,
2.023E+11,17,5,2023,11:15,1,50,50410,1,1,1,7,D30,48,
2.023E+11,17,5,2023,07:15,1,90,90005,2,1,1,7,Rue des Corvées,47,
2.023E+11,4,11,2023,13:10,1,64,64260,2,6,3,3,EMPEREUR (BOULEVARD DE ),43,
2.023E+11,17,5,2023,12:46,1,60,60667,2,2,1,6,Rue du Maréchal Leclerc,49,
2.023E+11,4,11,2023,12:20,1,63,63113,2,9,2,2,MERMOZ (AVENUE JEAN),45,
2.023E+11,3,11,2023,14:45,1,60,60463,2,1,1,6,EUROPE (AVENUE DE L'),49,
2.023E+11,17,5,2023,09:10,1,60,60635,2,3,1,2,D92 - Le Petit Thérain,49,
2.023E+11,16,5,2023,18:00,1,64,64191,2,1,8,3,17 Avenue de la Gare,43,
2.023E+11,3,11,2023,16:13,1,59,59286,2,4,7,1,POTIE AUGUSTE RUE,50,
2.023E+11,16,5,2023,10:50,1,64,64068,1,1,1,2,15 Route d?Ossau,43,
2.023E+11,4,11,2023,15:45,1,54,54395,2,1,1,4,Boulevard Albert 1er,48,
2.023E+11,16,5,2023,21:30,3,4,4094,1,1,8,1,Route Départementale 4,43,
2.023E+11,3,11,2023,22:50,5,54,54547,1,1,1,6,M674,48,
2.023E+11,16,5,2023,20:15,1,85,85234,1,2,1,3,Chemin des chaussées,46,
2.023E+11,4,11,2023,11:00,1,51,51474,1,1,2,6,CROIX MAURENCIENNE (RUE DE LA),49,
2.023E+11,16,5,2023,18:30,2,85,85273,1,3,7,3,RD 103 les cochets,46,
2.023E+11,17,5,2023,12:00,1,13,13051,1,1,1,6,D 19,43,
2.023E+11,16,5,2023,21:30,2,35,35210,1,1,1,6,RN 12 sens SAINT BRIEUC vers RENNES,48,
2.023E+11,4,11,2023,23:05,4,51,51108,2,2,3,3,JAURES (RUE JEAN) (N° INFERIEUR A 59-34),48,
2.023E+11,16,5,2023,14:55,1,53,53131,1,1,1,7,ROUTE DEPARTEMENTALE 118,48,
2.023E+11,17,5,2023,07:35,1,77,77273,1,1,7,1,D401,49,
2.023E+11,4,11,2023,20:35,5,45,45302,2,1,3,1,D557 PR 0 + 560,47,
2.023E+11,12,5,2023,21:20,2,77,77142,2,1,1,1,6 Rue du Bois de Mongrolle,48,
2.023E+11,16,5,2023,16:40,1,95,95199,2,1,1,1,D11,49,
2.023E+11,4,11,2023,20:21,5,45,45284,2,1,3,6,195 Rue du Faubourg de Bourgogne,47,
2.023E+11,4,11,2023,01:50,5,45,45147,2,1,1,3,D2060 PR 96 + 200,47,
2.023E+11,17,5,2023,14:00,1,2B,2B042,1,1,8,4,route territoriale 11,42,
2.023E+11,16,5,2023,19:59,1,48,48004,1,1,1,6,RD901,44,
2.023E+11,4,11,2023,19:50,5,44,44109,2,1,2,1,2 Rue Labouchère,47,
2.023E+11,17,5,2023,10:00,1,34,34344,2,1,1,3,314 Allee Andre Malraux,43,
2.023E+11,4,11,2023,18:30,5,44,44109,2,1,3,6,12 Boulevard Jules Verne,47,
2.023E+11,15,5,2023,18:30,1,13,13022,1,1,1,1,Route Pierre Imbert,43,
2.023E+11,17,5,2023,17:35,1,71,71032,1,1,1,2,D17,46,
2.023E+11,4,11,2023,03:10,5,37,37261,2,1,1,3,POMPIDOU (AVENUE GEORGES),47,
2.023E+11,15,5,2023,09:48,1,21,21038,2,3,1,1,Rue Jean Mignot,47,
2.023E+11,4,11,2023,13:15,1,35,35238,1,9,2,2,PORTE ALMA,48,
2.023E+11,17,5,2023,11:00,1,68,68063,2,1,1,3,61 Faubourg de Belfort,47,
2.023E+11,3,11,2023,06:30,5,29,29051,2,4,2,1,Straed Mozart,48,
2.023E+11,2,3,2023,18:00,2,67,67240,1,6,1,3,D422,48,
2.023E+11,4,11,2023,17:20,1,29,29019,2,8,2,6,boulevard de Plymouth,48,
2.023E+11,17,5,2023,13:35,1,73,73020,1,1,8,1,D62B,45,
2.023E+11,4,11,2023,18:05,5,27,27229,2,6,1,1,VERNON (RUE DE),49,
2.023E+11,16,5,2023,02:55,3,26,26235,1,1,1,6,Route Nationale 7,44,
2.023E+11,30,10,2023,15:00,1,24,24037,2,9,1,6,BEAUFERRIER (RUE),44,
2.023E+11,12,5,2023,17:25,1,69,69095,1,2,2,3,Route de Grézieu le Marché,45,
2.023E+11,4,11,2023,15:40,1,22,22106,2,1,3,3,VERNE (RUE JULES),48,
2.023E+11,16,5,2023,13:30,1,31,31135,1,1,2,6,routes de nozes,43,
2.023E+11,17,5,2023,18:30,1,64,64230,1,1,1,6,D934,43,
2.023E+11,4,11,2023,11:35,1,17,17415,2,1,2,3,BRIAND AVENUE ARISTIDE PONT,45,
2.023E+11,14,5,2023,17:30,1,72,72154,1,3,1,3,rd 308,47,
2.023E+11,3,11,2023,13:55,1,15,15014,2,1,1,1,Parking Géant Casino AV C de G,44,
2.023E+11,17,5,2023,13:25,1,35,35012,2,2,1,6,rue de Rennes,47,
2.023E+11,4,11,2023,11:45,1,14,14118,2,1,1,6,92 Avenue Henry Chéron,49,
2.023E+11,17,5,2023,10:25,1,60,60612,2,1,1,4,Avenue du Maréchal Foch,49,
2.023E+11,4,11,2023,21:47,5,13,13205,2,1,1,2,JEAN MOULIN (BOULEVARD),43,
2.023E+11,16,5,2023,14:46,1,13,13071,1,1,1,2,A7-Sens Marseille vers Lyon,43,
2.023E+11,4,11,2023,11:40,1,13,13208,2,1,2,6,RAY GRASSI (Allée),43,
2.023E+11,16,5,2023,08:45,1,83,83137,1,1,1,4,A50,43,
2.023E+11,4,11,2023,20:00,3,11,11069,2,1,2,1,N/A,43,
2.023E+11,16,5,2023,18:25,1,94,94021,1,1,1,4,A6B,48,
2.023E+11,15,5,2023,22:10,3,94,94038,1,1,1,6,A6B,48,
2.023E+11,3,11,2023,15:25,1,6,6069,2,1,1,2,GRAND CHENE (CHEMIN DU),43,
2.023E+11,16,5,2023,07:57,1,78,78466,1,1,7,2,A13,48,
2.023E+11,4,11,2023,21:15,5,75,75120,2,2,2,6,AVENUE GAMBETTA,48,
2.023E+11,15,5,2023,19:40,1,78,78043,1,1,1,4,A12 W,48,
2.023E+11,16,5,2023,17:15,1,93,93066,1,1,1,7,AUTOROUTE A1,48,
2.023E+11,4,11,2023,19:50,5,75,75119,2,1,1,4,AVENUE DE FLANDRE,48,
2.023E+11,16,5,2023,10:00,1,93,93066,1,1,1,4,AUTOROUTE A1,48,
2.023E+11,16,5,2023,15:15,1,94,94022,1,1,1,2,A86,48,
2.023E+11,4,11,2023,14:00,1,75,75119,2,7,2,3,PLACE AUGUSTE BARON,48,
2.023E+11,16,5,2023,08:25,1,94,94042,1,1,1,2,A4,48,
2.023E+11,4,11,2023,02:35,5,75,75117,2,3,1,7,PLACE CHARLES FILLION,48,
2.023E+11,15,5,2023,06:36,1,92,92026,2,1,1,6,LEONARD DE VINCI,48,
2.023E+11,10,5,2023,17:25,1,69,69264,2,1,1,6,Rue Francois Giraud,45,
2.023E+11,3,11,2023,22:43,5,75,75116,2,1,1,2,AVENUE DE VERSAILLES,48,
2.023E+11,4,11,2023,05:15,5,75,75115,2,2,1,2,PONT DE GRENELLE,48,
2.023E+11,15,5,2023,15:20,1,974,97416,1,1,1,2,RN1 (ROUTE NATIONALE),-21,
2.023E+11,3,11,2023,23:40,5,75,75115,2,2,1,3,QUAI ANDRE CITROEN,48,
2.023E+11,15,5,2023,07:45,1,974,97416,2,3,1,2,DE LA ZONE(ALLEE),-21,
2.023E+11,15,5,2023,10:05,1,974,97409,2,1,1,6,MAUNIER(RUE),-20,
2.023E+11,3,11,2023,17:16,2,75,75114,2,3,2,6,RUE D ALESIA,48,
2.023E+11,4,11,2023,02:00,4,75,75110,2,2,1,3,BOULEVARD DE BONNE NOUVELLE,48,
2.023E+11,15,5,2023,07:40,1,972,97213,2,3,1,1,ROUTE DEPARTEMENTALE 14,14,
2.023E+11,4,11,2023,19:30,3,75,75108,2,1,1,3,AVENUE HOCHE,48,
2.023E+11,15,5,2023,06:20,1,972,97213,1,1,1,5,ROUTE DEPARTEMENTALE 3,14,
2.023E+11,4,11,2023,12:00,1,75,75107,2,2,1,3,BOULEVARD DE LA TOUR MAUBOURG,48,
2.023E+11,14,5,2023,04:05,4,972,97213,1,1,1,6,ROUTE DEPARTEMENTALE 3,14,
2.023E+11,14,5,2023,06:30,1,972,97209,1,1,1,6,BEAUSEJOUR JAMBETTE (ROUTE DE ),14,
2.023E+11,4,11,2023,00:10,5,75,75107,2,2,1,3,RUE DE GRENELLE,48,
2.023E+11,15,5,2023,14:35,1,69,69202,2,3,1,3,19 Boulevard Baron du Marais,45,
2.023E+11,3,11,2023,12:40,1,75,75102,2,2,8,2,BOULEVARD DES CAPUCINES,48,
2.023E+11,13,5,2023,08:20,1,971,97101,1,9,1,4,PROVIDENCE,16,
2.023E+11,15,5,2023,13:45,1,95,95598,2,1,2,2,D109,48,
2.023E+11,4,11,2023,02:20,5,94,94081,2,1,1,2,Avenue Rouget de Lisle,48,
2.023E+11,14,5,2023,20:55,2,95,95210,2,9,1,1,D15,48,
2.023E+11,4,11,2023,21:15,5,94,94065,2,3,2,6,Rue Mondétour,48,
2.023E+11,14,5,2023,07:14,2,87,87085,2,1,1,7,RUBEN (AVENUE ERNEST),45,
2.023E+11,4,11,2023,10:00,1,93,93073,2,1,3,3,Rue du Chapitre,49,
2.023E+11,12,5,2023,17:03,1,87,87085,2,2,1,7,BETOULLE (PLACE LEON),45,
2.023E+11,10,5,2023,16:45,1,85,85194,2,1,1,6,LAFARGUE (PROMENADE DE L'AMIRAL),46,