Num_Acc,jour,mois,an,hrmn,lum,dep,com,agg,int,atm,col,adr,lat,long
2.023E+11,8,12,2023,20:05,3,49,49092,1,2,2,3,D160,47,
2.023E+11,7,4,2023,15:00,1,94,94017,2,1,1,2,avenue Ambroise Croizat,48,
2.023E+11,5,4,2023,15:40,1,94,94002,2,1,1,6,14 Rue Roger Mordrel,48,
2.023E+11,9,12,2023,18:00,5,35,35308,2,3,6,6,Place de la Gare,48,
2.023E+11,2,9,2023,12:30,1,2,2433,1,4,1,1,N/A,49,
2.023E+11,7,4,2023,18:10,1,92,92073,2,9,1,6,CROIX-DU-ROY (CARREFOUR DE LA),48,
2.023E+11,9,12,2023,14:40,1,14,14061,1,2,9,3,D298,48,
2.023E+11,30,8,2023,22:45,5,84,84148,2,2,1,3,Chemin des Pierres,44,
2.023E+11,7,4,2023,08:45,1,92,92077,2,6,1,6,Rue de Saint Cloud,48,
2.023E+11,9,12,2023,00:15,3,30,30209,1,1,8,7,Chemin des Falaises,43,
2.023E+11,1,9,2023,07:20,1,1,1069,1,1,1,6,D64,46,
2.023E+11,7,4,2023,12:40,1,92,92063,2,6,1,3,REGNAULT (RUE HENRI),48,
2.023E+11,8,12,2023,16:57,2,77,77239,1,2,8,3,Intersection D215/D209,48,
2.023E+11,8,12,2023,16:00,2,76,76372,1,2,7,3,D929,49,
2.023E+11,6,4,2023,16:15,1,92,92048,2,1,1,4,GARDES (ROUTE DES) N° 42 A 78,48,
2.023E+11,1,9,2023,14:50,1,1,1133,1,6,1,3,CD 992,45,
2.023E+11,9,12,2023,07:44,2,82,82149,1,1,2,1,D820,44,
2.023E+11,6,4,2023,19:30,1,92,92036,2,6,1,6,PRINCIPALE DU PORT (ROUTE) (1/17),48,
2.023E+11,8,12,2023,20:40,3,71,71282,1,1,2,6,D28,46,
2.023E+11,7,4,2023,11:30,1,92,92026,2,1,1,2,ALMA,48,
2.023E+11,9,12,2023,01:05,3,68,68006,1,1,2,6,d466,47,
2.023E+11,1,9,2023,17:00,1,7,7027,1,1,1,6,D86,44,
2.023E+11,7,4,2023,17:28,1,92,92023,2,2,1,1,HENRI BARBUSSE (AVENUE),48,
2.023E+11,9,12,2023,05:48,5,68,68004,2,1,1,1,16 Rue Gilardoni,47,
2.023E+11,1,9,2023,19:00,1,40,40122,1,1,1,2,CD 933 N/S,43,
2.023E+11,7,4,2023,12:15,1,92,92019,2,1,1,3,BOIS (AVENUE DU),48,
2.023E+11,9,12,2023,00:40,3,29,29110,1,1,3,6,Croas Ar Stang,48,
2.023E+11,1,9,2023,23:55,3,17,17022,1,1,1,7,RD 150,45,
2.023E+11,9,12,2023,02:05,3,13,13036,1,1,1,1,D34,43,
2.023E+11,7,4,2023,18:20,1,50,50167,2,1,1,2,Chemin Montois,48,
2.023E+11,8,4,2023,09:20,1,37,37024,2,1,1,6,3 Rue de la République,47,
2.023E+11,8,12,2023,08:00,2,2,2185,1,1,2,1,D11,49,
2.023E+11,2,9,2023,17:50,1,37,37234,1,3,1,3,pk 43 D31,47,
2.023E+11,8,4,2023,15:00,1,2A,2A065,1,1,1,7,Route Départemnatle 81,,
2.023E+11,9,12,2023,08:30,2,2,2397,2,1,3,6,Rue du 8 Mai 1945,49,
2.023E+11,8,4,2023,03:09,5,6,6149,2,1,1,7,1 Avenue-jean-moulin,43,
2.023E+11,2,9,2023,15:33,1,52,52121,1,1,1,7,rd 674,48,
2.023E+11,8,12,2023,19:00,3,3,3073,1,1,8,1,D2009,46,
2.023E+11,7,4,2023,11:25,1,84,84088,1,1,1,2,Grande Route de Carpentras,44,
2.023E+11,1,9,2023,22:15,3,88,88351,1,1,1,7,D63,47,
2.023E+11,26,2,2023,13:42,1,11,11307,1,1,6,2,D311,43,
2.023E+11,8,12,2023,15:40,1,14,14739,2,3,8,7,28 Avenue du 6 Juin,49,
2.023E+11,8,4,2023,01:30,4,60,60260,1,1,1,6,D32,49,
2.023E+11,8,12,2023,17:40,5,10,10034,2,3,1,3,Rue De La Treille,48,
2.023E+11,8,4,2023,08:20,1,87,87025,1,1,1,6,Les Landes,45,
2.023E+11,1,9,2023,19:45,1,24,24300,1,1,1,3,Voie des Crabenéades,44,
2.023E+11,8,4,2023,16:00,1,62,62092,2,1,1,6,Rue Verte,50,
2.023E+11,8,12,2023,07:50,3,28,28298,1,1,1,6,D26.1,48,
2.023E+11,8,12,2023,14:50,1,17,17147,1,4,1,3,Rue du Minage,45,
2.023E+11,1,9,2023,07:40,1,987,98715,1,1,1,7,RDO,-17,
2.023E+11,7,4,2023,21:40,3,65,65138,1,1,1,5,Route de Pierrefitte,42,
2.023E+11,8,12,2023,17:50,3,37,37046,1,1,1,1,D764,47,
2.023E+11,7,4,2023,23:15,3,63,63040,1,1,1,7,chemin de terre  entre Tinlhat et chas,45,
2.023E+11,2,9,2023,06:15,3,47,47214,1,1,1,6,Autoroute A 62,44,
2.023E+11,8,12,2023,21:08,3,30,30272,1,1,1,7,D999,43,
2.023E+11,7,4,2023,10:30,1,12,12006,1,2,1,3,intersection D56/D25 - Lacapelle Farcel,44,
2.023E+11,1,9,2023,17:20,1,74,74081,2,3,1,6,Rue du pré benevix,46,
2.023E+11,7,4,2023,20:30,3,39,39399,1,1,2,6,N/A,46,
2.023E+11,8,12,2023,17:25,3,38,38397,1,1,1,2,A41,45,
2.023E+11,2,9,2023,06:40,1,51,51183,1,1,1,7,A26 PK 253,49,
2.023E+11,7,4,2023,09:45,1,35,35207,1,1,5,5,Les Patissiaux,48,
2.023E+11,8,12,2023,07:50,5,45,45053,1,2,8,3,D50 PR 1 + 40,47,
2.023E+11,1,9,2023,15:35,1,34,34032,1,1,1,2,Autoroute A9 PK 166.300 sens Montpellier-Espagne,43,
2.023E+11,8,4,2023,11:15,1,29,29074,2,6,1,6,Rue des Genêts,48,
2.023E+11,8,12,2023,23:45,3,13,13058,1,1,1,7,2550 RD 17 dite Route de Mouriès,43,
2.023E+11,1,9,2023,15:00,1,21,21684,1,1,1,2,Autoroute A31,,
2.023E+11,8,4,2023,11:15,1,29,29174,1,3,1,3,Kerguelloux Vihan,47,
2.023E+11,8,12,2023,18:30,4,45,45144,1,3,1,3,99 Route de Darvoy,47,
2.023E+11,7,4,2023,19:30,2,73,73162,1,1,1,1,D1090,45,
2.023E+11,7,12,2023,12:55,1,4,4245,1,2,1,3,Chemin du Pont Vieux,43,
2.023E+11,2,9,2023,14:15,1,77,77005,1,1,1,1,D418,48,
2.023E+11,8,4,2023,09:50,1,18,18028,1,2,1,3,N/A,47,
2.023E+11,1,9,2023,08:45,1,77,77388,2,3,2,2,Rue du 8 Mai 1945,48,
2.023E+11,8,12,2023,16:15,1,10,10095,1,-1,1,3,Route Départementale 56,48,
2.023E+11,8,4,2023,18:00,1,43,43224,1,1,1,7,Les Saint Martin,45,
2.023E+11,8,4,2023,13:15,1,10,10005,2,3,1,7,Grande Rue,48,
2.023E+11,8,12,2023,18:10,5,69,69171,2,3,2,3,Quai de la Brévenne,45,
2.023E+11,2,9,2023,01:00,3,66,66190,1,1,1,5,N/A,42,
2.023E+11,9,12,2023,07:30,3,85,85236,1,1,3,6,RD12,46,
2.023E+11,8,4,2023,18:15,1,21,21136,1,1,1,1,CD971,47,
2.023E+11,1,9,2023,19:45,1,11,11190,1,1,1,7,N/A,43,
2.023E+11,9,12,2023,08:10,3,60,60045,1,1,3,2,D134,49,
2.023E+11,1,9,2023,20:00,2,68,68309,2,1,1,7,Rue Poincaré,47,
2.023E+11,25,3,2023,22:15,3,85,85130,1,1,1,7,D948,46,
2.023E+11,8,12,2023,18:20,5,80,80212,2,1,1,3,Rue Gambetta,49,
2.023E+11,2,9,2023,17:15,1,88,88512,2,3,1,6,Grande Rue,48,
2.023E+11,8,12,2023,07:45,2,13,13001,1,1,3,2,A51-Sens Aix en Provence vers Marseille,43,
2.023E+11,8,4,2023,20:45,1,85,85154,1,3,1,3,la croix renard,46,
2.023E+11,1,9,2023,17:45,1,54,54364,1,1,1,5,D331,48,
2.023E+11,8,12,2023,06:30,3,13,13026,1,1,3,5,A55-Sens Martigues vers Marseille,43,
2.023E+11,8,4,2023,12:30,1,85,85108,2,3,1,3,Rue de grasla,46,
2.023E+11,31,8,2023,17:45,1,26,26072,1,4,1,1,D109,45,
2.023E+11,8,12,2023,07:25,2,13,13005,1,1,1,4,A501-Sens Pont de l'Etoile vers Aubagne,43,
2.023E+11,8,4,2023,14:00,1,27,27437,1,1,1,6,Départementale 14 bis,49,
2.023E+11,1,9,2023,09:10,1,17,17452,2,1,1,7,24 Avenue de la Côte de Beauté,45,
2.023E+11,7,4,2023,19:15,1,30,30266,2,1,1,6,route de saint sauveur,44,
2.023E+11,8,12,2023,22:55,3,33,33366,1,1,1,4,AUTOROUTE A 10,45,
2.023E+11,1,9,2023,17:55,1,85,85178,1,9,1,2,RD 6,46,
2.023E+11,8,4,2023,15:30,1,8,8459,1,1,1,2,D981,49,
2.023E+11,8,12,2023,16:15,1,33,33249,1,1,1,2,ROCADE A 630,44,
2.023E+11,8,12,2023,16:05,1,33,33192,1,1,1,6,ROCADE A 630,44,
2.023E+11,30,8,2023,17:00,1,14,14720,2,2,1,3,23 Rue du 7 Juin 1944,48,
2.023E+11,7,4,2023,17:45,1,973,97309,2,1,1,3,Avenue Cyprien Gildon,4,
2.023E+11,19,3,2023,17:50,1,34,34255,1,1,1,3,RD 986,43,
2.023E+11,5,12,2023,09:25,1,59,59028,1,1,1,4,AUTOROUTE A21,50,
2.023E+11,1,9,2023,11:30,1,22,22198,1,2,1,5,Route de l?Ile Grande,48,
2.023E+11,7,4,2023,17:25,1,38,38485,1,1,2,1,603 Route de Saint-nizier,45,
2.023E+11,7,12,2023,19:00,3,59,59378,1,1,2,6,ROUTE DEPARTEMENTALE 652,50,
2.023E+11,1,9,2023,14:30,1,35,35105,1,1,1,6,Lieu Dit la Haute Maison,48,
2.023E+11,6,4,2023,22:00,3,987,98724,1,1,1,7,District MAROE,-16,
2.023E+11,8,12,2023,08:00,2,91,91086,1,1,8,2,RN 104,48,
2.023E+11,1,9,2023,15:55,1,35,35194,1,2,1,6,lieu dit la ville en bois,48,
2.023E+11,8,4,2023,14:20,1,988,98817,2,3,1,2,RPS2,-22,
2.023E+11,8,12,2023,08:05,2,91,91228,1,1,1,3,AUTOROUTE A6,48,
2.023E+11,7,4,2023,15:12,1,972,97230,1,1,1,1,Route de la Moise,14,
2.023E+11,1,9,2023,16:45,1,76,76345,1,2,1,3,chemin départemental 8,49,
2.023E+11,8,12,2023,18:00,3,92,92050,1,1,1,4,A86,48,
2.023E+11,7,4,2023,19:45,1,45,45039,2,1,1,6,7 Route des Bordes,47,
2.023E+11,2,9,2023,03:20,3,60,60451,2,1,1,6,Rue de Clermont,49,
2.023E+11,8,12,2023,00:33,5,92,92063,1,1,2,6,A86,48,
2.023E+11,6,4,2023,09:00,1,91,91038,2,1,2,2,23 Rue Saint Fiacre,48,
2.023E+11,7,12,2023,19:37,3,78,78640,1,1,2,3,A86 INT,48,
2.023E+11,8,4,2023,05:00,3,66,66227,1,1,1,6,D39,42,
2.023E+11,2,9,2023,08:05,1,59,59036,2,1,1,6,Rue d'Aulnoye,50,
2.023E+11,8,12,2023,11:10,1,93,93048,1,1,8,3,AUTOROUTE A3,48,
2.023E+11,30,8,2023,23:10,3,13,13028,1,1,6,6,A50-Sens Toulon vers Aubagne,43,
2.023E+11,8,4,2023,01:35,3,66,66208,1,1,1,4,D914,42,
2.023E+11,31,8,2023,17:57,1,13,13043,1,1,1,4,A55-Sens Martigues vers Marseille,43,
2.023E+11,8,12,2023,00:05,3,93,93066,1,1,3,4,AUTOROUTE A86,48,
2.023E+11,7,4,2023,22:40,3,69,69009,1,1,1,6,2125 Route de Villefranche,45,
2.023E+11,7,12,2023,22:40,5,93,93048,1,1,3,6,AUTOROUTE A3,48,
2.023E+11,5,4,2023,17:30,1,9,9102,1,1,1,3,D119,43,
2.023E+11,1,9,2023,16:48,1,91,91377,1,1,1,4,RD 188,48,
2.023E+11,23,3,2023,16:58,1,31,31395,2,1,1,6,58 Avenue Jacques Douzans,43,
2.023E+11,7,12,2023,23:30,3,95,95306,1,1,3,5,A15,49,
2.023E+11,26,9,2023,21:45,5,91,91477,2,1,1,6,STALINGRAD (AVENUE DE),48,
2.023E+11,8,4,2023,11:30,1,40,40182,1,2,1,1,D38,44,
2.023E+11,30,8,2023,22:00,4,94,94021,1,1,1,5,A6B,48,
2.023E+11,8,4,2023,01:00,3,22,22001,1,1,1,6,Gaudin,48,
2.023E+11,30,8,2023,10:40,1,78,78217,1,1,1,6,A13,48,
2.023E+11,7,10,2023,17:33,1,49,49246,2,3,1,3,GAULLE RUE CHARLES DE,47,
2.023E+11,8,4,2023,13:00,1,59,59477,2,1,1,3,Rue Guy Mollet,50,
2.023E+11,1,9,2023,17:10,1,93,93027,1,1,1,3,AUTOROUTE A1,48,
2.023E+11,1,9,2023,05:40,3,95,95582,1,1,1,6,A115,48,
2.023E+11,6,4,2023,08:52,1,13,13212,1,1,1,4,A507 sens Marseille - Aubagne,43,
2.023E+11,16,9,2023,09:40,1,13,13077,2,1,3,6,BONNET FERNAND (rue),43,
2.023E+11,1,9,2023,02:10,3,93,93027,1,1,2,6,AUTOROUTE A86,48,
2.023E+11,6,4,2023,09:57,1,13,13212,1,1,1,3,A507 sens Aubagne- Marseille,43,
2.023E+11,5,1,2023,19:55,5,92,92048,2,9,2,7,GARDES (ROUTE DES) N° 42 A 78,48,
2.023E+11,1,8,2023,15:45,1,71,71436,1,1,1,6,Pomenade Charles Winter,46,
2.023E+11,7,4,2023,12:20,1,69,69152,1,1,1,4,Autoroute 450 ,45,
2.023E+11,31,8,2023,23:00,3,93,93007,1,1,3,4,AUTOROUTE A3,48,
2.023E+11,31,8,2023,18:30,1,95,95212,1,1,1,6,A1,49,
2.023E+11,17,9,2023,22:15,3,66,66015,1,1,1,6,D40,42,
2.023E+11,31,3,2023,05:50,3,69,69029,1,1,1,4,Autoroute 43 ,45,
2.023E+11,31,8,2023,07:45,1,976,97611,2,1,1,6,cavani-Belle vue (rue),-12,
2.023E+11,6,12,2023,20:50,5,988,98818,2,2,1,3,ROUTE DU PORT DESPOINTES/RUE BOUGAINVILLE,-22,
2.023E+11,1,4,2023,16:15,1,69,69199,1,1,2,2,Route Départementale 383,45,
2.023E+11,31,8,2023,21:00,3,974,97416,2,1,1,2,ASSISES (CHEMIN DES),-21,
2.023E+11,7,4,2023,17:40,1,33,33318,1,1,1,2,ROCADE A 630,44,
2.023E+11,7,12,2023,15:30,1,974,97416,1,1,1,4,TROIS MARRE (CHEMIN),-21,
2.023E+11,31,8,2023,19:20,3,974,97416,1,1,1,6,RN2 (1),-21,
2.023E+11,31,8,2023,14:00,1,974,97411,2,6,1,7,JAURES (BLD 2 JEAN),-20,
2.023E+11,7,12,2023,08:00,2,69,69388,2,1,1,3,Avenue Général Frère,45,
2.023E+11,5,4,2023,15:25,1,33,33249,1,1,1,4,ROUTE NATIONALE 230,44,
2.023E+11,30,8,2023,08:00,1,974,97411,2,6,1,3,JAURES (BOULEVARD JEAN),-20,
2.023E+11,6,4,2023,13:00,1,59,59350,1,1,2,6,AUTOROUTE A1,50,
2.023E+11,7,12,2023,16:37,1,972,97213,1,1,1,2,ROUTE DEPARTEMENTALE 15,14,
2.023E+11,31,8,2023,09:00,1,974,97407,2,3,1,6,VERDUN (BOULEVARD),-20,
2.023E+11,7,4,2023,19:47,1,94,94034,1,1,1,2,A86,48,
2.023E+11,7,12,2023,08:45,1,972,97213,1,1,1,1,PELLETIER (ROUTE DE),14,
2.023E+11,31,8,2023,17:44,1,69,69388,2,1,1,3,Route de Vienne,45,
2.023E+11,7,4,2023,17:21,1,94,94021,1,1,1,3,A6A,48,
2.023E+11,6,12,2023,11:00,1,972,97213,1,1,1,7,ROUTE DEPARTEMENTALE 15,14,
2.023E+11,30,8,2023,20:40,3,972,97213,1,1,1,7,BOIS CARRE (RUE DU),14,
2.023E+11,7,12,2023,11:05,1,972,97209,1,9,1,6,Carrefour de la Meynard,14,
2.023E+11,30,8,2023,20:45,5,972,97213,1,1,1,7,BOIS CARRE (RUE DU),14,
2.023E+11,7,4,2023,13:30,1,91,91235,1,1,1,4,RN 104,48,
2.023E+11,6,12,2023,18:45,5,972,97209,2,9,1,6,SALVADOR ALLENDE (AVENUE),14,
2.023E+11,30,8,2023,17:30,1,972,97209,2,3,1,3,LEOPOLD SEDAR SENGOR (AVENUE),14,
2.023E+11,7,4,2023,10:53,1,91,91687,1,1,1,2,AUTOROUTE A6,48,
2.023E+11,10,10,2023,08:40,1,972,97209,2,7,1,6,GENERAL DE GAULLE (BLD DU),14,
2.023E+11,30,8,2023,21:30,3,972,97209,1,1,1,6,RD 41 (ROCADE),14,
2.023E+11,8,12,2023,01:50,5,69,69381,2,1,2,7,Quai André Lassagne,45,
2.023E+11,7,4,2023,08:47,1,91,91340,1,1,1,3,RN 104,48,
2.023E+11,31,8,2023,18:15,1,69,69034,2,2,1,3,Route de Strasbourg,45,
2.023E+11,7,12,2023,06:42,1,971,97113,2,1,1,6,MONTAUBAN (SECTEUR),16,
2.023E+11,31,8,2023,08:45,1,2A,2A004,2,1,1,1,MEZZAVIA ROUTE DE,41,
2.023E+11,31,8,2023,17:20,1,95,95539,2,1,2,3,D125,48,
2.023E+11,30,8,2023,19:45,1,95,95585,2,9,8,6, PIERRE BROSSELETTE (RUE),48,
2.023E+11,3,12,2023,18:40,5,971,97113,1,4,1,1,Route de Cocoyer,16,
2.023E+11,7,12,2023,21:00,5,95,95280,2,1,3,6,GARE (AVENUE DE LA),49,
2.023E+11,31,8,2023,17:50,1,95,95277,1,6,3,3,D370,48,
2.023E+11,31,8,2023,06:50,1,95,95277,1,1,1,6,D170,48,
2.023E+11,6,12,2023,13:50,1,95,95277,1,2,1,3,D370,48,
2.023E+11,31,8,2023,17:35,1,91,91201,2,1,2,6,RUE DE L ABBE BELLANGER,48,
2.023E+11,6,12,2023,18:55,5,95,95607,2,9,1,6,D409,49,
2.023E+11,8,12,2023,01:00,5,95,95555,2,1,2,6,MARECHAL FOCH (BOULEVARD DU),48,
2.023E+11,30,8,2023,21:19,5,87,87114,2,3,1,3,BLUM (AVENUE LEON-),45,
2.023E+11,7,12,2023,17:00,2,95,95428,2,1,2,1,D124,48,
2.023E+11,30,8,2023,17:35,1,83,83137,2,1,1,3,ROOSEVELT (AVE FRANKLIN),43,
2.023E+11,7,12,2023,18:30,5,91,91657,2,3,1,3,RUE DE LA SOURCE,48,
2.023E+11,21,3,2023,08:30,1,80,80725,1,1,1,5,RUE DU FOND LAGACHE,49,
2.023E+11,7,12,2023,08:45,1,91,91027,2,2,1,3,RTE DE MONTLHERY,48,
2.023E+11,12,8,2023,20:20,1,78,78335,2,3,1,6,AVENUE DE LA SOURCE,48,
2.023E+11,6,12,2023,16:21,1,87,87085,2,1,1,6,PUY LAS RODAS (RUE DU),45,
2.023E+11,31,8,2023,01:40,3,77,77143,1,1,1,7,D405,48,
2.023E+11,6,12,2023,08:27,1,84,84007,2,1,1,2,SAINTE CATHERINE-MONTFAVET,43,
2.023E+11,30,8,2023,17:43,1,77,77111,2,1,1,1,BD DU GRAND FOSSE,48,
2.023E+11,5,12,2023,15:25,1,84,84007,1,9,1,2,A7D,43,
2.023E+11,31,8,2023,13:50,1,76,76575,2,1,2,2,Rue Julian Grimau,49,
2.023E+11,31,8,2023,13:55,1,76,76681,2,7,2,2,Pl des Martyrs de la Resistance,49,
2.023E+11,31,8,2023,15:00,1,76,76217,2,6,2,3,REPUBLIQUE (AVENUE DE LA),49,
2.023E+11,30,8,2023,16:30,1,69,69282,2,1,1,7,Rue Claude Curtat,45,
2.023E+11,7,12,2023,11:10,1,77,77296,2,3,1,3,ALL EDOUARD BRANLY,48,
2.023E+11,31,8,2023,15:25,1,69,69264,2,1,1,6,Route de Frans,45,
2.023E+11,7,12,2023,21:02,5,72,72181,2,1,2,1,PRESLE (CHEMIN DE LA),48,
2.023E+11,31,8,2023,12:00,1,69,69259,2,1,1,2,Boulevard Irène Joliot Curie,45,
2.023E+11,30,8,2023,10:50,1,69,69259,2,1,1,2,Avenue Viviani,45,
2.023E+11,6,12,2023,18:30,5,72,72181,2,9,1,2,DEMORIEUX PT DE FER AU PT DE CHEM DE FER,47,
2.023E+11,7,12,2023,19:30,2,71,71306,2,3,2,6,LUCY (RUE DE),46,
2.023E+11,30,8,2023,23:15,5,66,66136,2,6,1,3,BALEARES ROND POINT ET CITE DES,42,
2.023E+11,31,8,2023,06:03,3,65,65286,2,1,1,4,Avenue Alexandre Marqui,43,
2.023E+11,6,12,2023,18:55,2,71,71486,2,1,1,3,CAMILLE BLANC (RUE),46,
2.023E+11,30,8,2023,15:00,1,64,64284,2,1,8,4,RAUSKI,43,
2.023E+11,6,12,2023,17:50,2,71,71306,2,1,2,6,MARECHAL LECLERC (AVENUE DU),46,
2.023E+11,31,8,2023,11:25,1,64,64102,2,1,1,2,KOENIG (RUE MARECHAL),43,
2.023E+11,30,8,2023,17:50,1,64,64024,2,3,1,6,BARRE (PROMENADE DE LA),43,
2.023E+11,23,8,2023,08:20,1,62,62498,2,1,1,1,Rue des Poissonniers,50,
2.023E+11,7,12,2023,11:16,1,71,71475,2,2,8,3,EUROPE (AVENUE DE L'),46,
2.023E+11,30,8,2023,17:50,1,61,61006,2,6,1,3,D238A,48,
2.023E+11,6,12,2023,15:05,1,69,69266,2,1,8,3,Route de Genas,45,
2.023E+11,30,8,2023,05:55,5,61,61001,2,6,2,3,D112,48,
2.023E+11,7,12,2023,09:30,1,69,69264,2,1,1,6,Rue Condorcet,45,
2.023E+11,31,8,2023,20:10,2,59,59599,2,3,2,3,PARIS (RUE DE),50,
2.023E+11,6,12,2023,17:10,5,69,69290,2,1,1,6,Boulevard André Boulloche,45,
2.023E+11,31,8,2023,15:10,1,59,59220,2,1,2,3,LECLERCQ AVENUE DU GENERAL.,50,
2.023E+11,31,8,2023,23:00,5,59,59183,2,2,2,3,BERTEAUX MAURICE - AVENUE,51,
2.023E+11,30,8,2023,17:20,1,59,59227,2,1,1,1,LENINE WLADIMIR(RUE),50,
2.023E+11,6,12,2023,14:00,1,69,69259,2,1,1,6,Avenue Jacques Duclos,45,
2.023E+11,6,12,2023,10:30,1,69,69290,2,2,1,3,Chemin de Genas,45,
2.023E+11,30,8,2023,18:25,1,56,56121,2,3,1,3,FERRY ( PL. JULES ),47,
2.023E+11,30,8,2023,08:32,1,56,56036,2,1,2,7,TOUL DOUAR (LIEU-DIT),47,
2.023E+11,1,12,2023,21:00,3,69,69091,1,1,3,3,Route de Rive-de-Gier,45,
2.023E+11,30,8,2023,16:39,1,54,54528,2,3,1,3,Rue Muid des Bles,48,
2.023E+11,6,12,2023,17:20,5,67,67482,2,3,1,3,ROMAINS (ROUTE DES),48,
2.023E+11,30,8,2023,09:25,1,54,54526,2,9,1,1,Place Francois Mitterrand,48,
2.023E+11,6,12,2023,17:20,5,67,67043,2,1,1,7,ENERGIE (RUE DE L ),48,
2.023E+11,31,8,2023,17:04,1,54,54575,1,1,1,1,D125,49,
2.023E+11,6,12,2023,17:05,2,64,64545,2,3,1,3,PAUL GELOS (RUE),43,
2.023E+11,31,8,2023,07:25,1,51,51454,2,2,1,3,GERUZEZ (RUE),49,
2.023E+11,6,12,2023,13:35,1,64,64102,2,1,1,2,SOULT (AVENUE MARECHAL),43,
2.023E+11,30,8,2023,08:30,1,51,51573,2,1,8,3,PERI (RUE GABRIEL),49,
2.023E+11,6,12,2023,12:15,1,64,64102,2,1,1,2,LABOURD (PONT DU),43,
2.023E+11,28,8,2023,20:15,1,50,50129,2,2,1,3,SALENGRO (RUE ROGER),49,
2.023E+11,30,8,2023,21:19,1,49,49007,2,1,1,6,EUROPE PLACE,47,
2.023E+11,6,12,2023,07:55,2,64,64024,2,1,1,7,PARC BELAY (PROMENADE),43,
2.023E+11,30,8,2023,16:28,1,49,49007,2,1,1,2,DOYENNE BOULEVARD ET PASSAGE,47,
2.023E+11,7,12,2023,08:00,1,63,63063,2,2,1,6,PONT DE L AGAGE (RUE DU),45,
2.023E+11,30,8,2023,08:00,1,49,49007,2,1,2,6,JEANNETEAU,47,
2.023E+11,6,12,2023,14:20,1,62,62510,2,1,1,6,D58,50,
2.023E+11,31,8,2023,16:30,1,45,45302,2,6,2,7,Rue Paul Langevin,47,
2.023E+11,7,12,2023,13:30,1,62,62048,2,1,8,6,Rue Florent Evrard,50,
2.023E+11,30,8,2023,16:25,1,43,43251,2,9,1,7,Route du Carmel,45,
2.023E+11,7,12,2023,18:20,5,59,59291,2,9,8,6,MARECHAL FOCH (AVENUE DU),50,
2.023E+11,31,8,2023,21:05,3,37,37261,2,1,3,6,STRAUSS (RUE JOHANN),47,
2.023E+11,31,8,2023,08:46,1,37,37261,2,1,1,7,HEURTELOUP (BOULEVARD),47,
2.023E+11,7,12,2023,23:00,5,59,59350,2,1,2,1,MARCHE RUE DU,50,
2.023E+11,31,8,2023,06:55,2,37,37214,2,1,1,6,DE GAULLE (BD CHARLES),47,
2.023E+11,7,12,2023,22:50,3,59,59350,2,1,3,6,CHATEAU D'ISENGHEIN RUE DU,50,
2.023E+11,31,8,2023,08:45,1,35,35238,2,3,2,6,ROPARTZ (GUY),48,
2.023E+11,7,12,2023,09:30,1,59,59350,2,1,8,3,SEINE RUE DE LA,50,
2.023E+11,31,8,2023,08:40,1,34,34172,2,6,1,6,CHENAIE (RUE DE LA),43,
2.023E+11,31,8,2023,14:00,1,34,34032,2,2,1,1,FONT-NEUVE (PLACE DE LA),43,
2.023E+11,6,12,2023,12:10,1,59,59220,2,9,7,3,Rue de l'Égalite,50,
2.023E+11,30,8,2023,15:00,1,34,34032,2,1,1,2,PECH HENRI (AV),43,
2.023E+11,1,9,2023,00:10,5,33,33063,2,2,1,3,Rue Emile Fourcand,44,
2.023E+11,7,12,2023,04:25,4,56,56121,2,6,2,7,BASE DE SOUS-MARINS ( RD PT DE LA ),47,
2.023E+11,25,8,2023,10:25,1,33,33063,2,3,1,3,Rue du Tauzin,44,
2.023E+11,30,8,2023,17:25,1,31,31149,2,6,1,3,CATCHERE (ALLEE DE),43,
2.023E+11,8,12,2023,20:20,5,54,54528,2,3,1,2,Av du Pdt J Fitzgerald Kennedy,48,
2.023E+11,30,8,2023,09:35,1,30,30243,1,2,1,3,montée des cyprés ,44,
2.023E+11,31,8,2023,17:15,1,29,29232,2,1,1,2,Allée de Meilh Stang Vihan,48,
2.023E+11,6,12,2023,08:00,1,50,50218,2,1,1,6,MATIGNON (AV DES),48,
2.023E+11,31,8,2023,08:40,1,29,29039,1,1,2,7,Rue de Colguen,47,
2.023E+11,6,12,2023,08:00,5,50,50218,2,1,1,6,LYCEES (RUE DES),48,
2.023E+11,30,8,2023,18:50,1,29,29019,2,9,1,1,rue de l'Eglise,48,
2.023E+11,31,8,2023,16:44,1,27,27701,2,1,1,4,avenue des métiers,49,
2.023E+11,30,8,2023,11:20,1,27,27229,2,1,1,6,PANNETTE (RUE DE),49,
2.023E+11,6,12,2023,07:00,5,50,50129,2,2,1,3,BARBUSSE (RUE HENRI),49,
2.023E+11,26,8,2023,16:45,1,24,24557,1,1,1,1,AUTOMOBILE (AVENUE DE L'),45,
2.023E+11,31,8,2023,15:45,1,17,17306,2,1,1,6,GARE (DE LA),45,
2.023E+11,7,12,2023,07:24,5,49,49007,1,6,1,3,GOURONNIERES,47,
2.023E+11,31,8,2023,11:45,1,15,15012,1,1,1,7,R 358,44,
2.023E+11,6,12,2023,17:35,2,49,49007,2,1,5,6,PASTEUR AVENUE,47,
2.023E+11,31,8,2023,09:35,1,13,13054,2,6,7,3,MARECHAL JUIN (AV DU ),43,