Num_Acc,jour,mois,an,hrmn,lum,dep,com,agg,int,atm,col,adr,lat,long
2.023E+11,2,10,2023,15:45,1,13,13205,2,1,1,1,L ARMEE D AFRIQUE (CHEMIN DE L'),43,
2.023E+11,22,7,2023,22:10,3,69,69256,2,2,1,3,Avenue Charles de Gaulle,45,
2.023E+11,2,10,2023,13:00,1,13,13005,2,1,1,4,AVELANEDE (CHEMIN DE L'),43,
2.023E+11,11,1,2023,10:30,1,95,95582,1,1,1,2,D170,48,
2.023E+11,2,10,2023,09:30,1,13,13005,1,6,1,3,RD 43 C,43,
2.023E+11,22,7,2023,20:50,1,69,69266,2,2,1,3,Rue Anatole France,45,
2.023E+11,3,10,2023,00:22,5,10,10387,2,1,1,7,GENERAL LECLERC (RUE DU),48,
2.023E+11,11,1,2023,10:00,1,93,93027,1,1,8,2,AUTOROUTE A86,48,
2.023E+11,1,10,2023,12:28,1,10,10081,2,2,1,7,PIERRE PRELOT (RUE),48,
2.023E+11,22,7,2023,19:50,1,69,69275,2,7,1,3,107 Avenue Jean Jaurès,45,
2.023E+11,2,10,2023,09:35,1,75,75118,2,1,1,3,BD PERIPHERIQUE EXTERIEUR,48,
2.023E+11,11,1,2023,11:00,1,92,92036,1,1,1,4,AUTOROUTE A15,48,
2.023E+11,2,10,2023,18:50,1,75,75106,2,3,1,2,RUE SAINT SULPICE,48,
2.023E+11,22,7,2023,22:05,5,69,69029,2,1,1,2,Boulevard des Droits de l'Homme,45,
2.023E+11,2,10,2023,09:55,1,75,75105,2,3,1,6,RUE DES FOSSES SAINT BERNARD,48,
2.023E+11,11,1,2023,09:05,2,93,93078,1,1,2,2,AUTOROUTE A104,48,
2.023E+11,21,7,2023,19:00,1,68,68376,2,1,1,6,SAINT CLOUD (RUE DU),47,
2.023E+11,2,10,2023,08:50,1,75,75120,2,2,1,3,BOULEVARD DE MENILMONTANT,48,
2.023E+11,10,1,2023,22:40,5,93,93010,1,1,2,5,AUTOROUTE A3,48,
2.023E+11,2,10,2023,09:30,1,75,75118,2,3,1,3,RUE D AUBERVILLIERS,48,
2.023E+11,22,7,2023,19:30,1,67,67447,2,3,1,3,PAIX (RUE DE LA),48,
2.023E+11,2,10,2023,12:35,1,75,75117,2,1,1,2,BOULEVARD PEREIRE,48,
2.023E+11,12,1,2023,12:45,1,94,94028,1,1,2,2,A86,48,
2.023E+11,22,7,2023,11:30,1,67,67482,2,1,1,3,PIERRE FRESNAY (RUE),48,
2.023E+11,2,10,2023,21:00,5,75,75116,2,7,1,3,RUE MESNIL,48,
2.023E+11,11,1,2023,09:30,1,75,75114,2,4,8,2,PORTE D ORLEANS,48,
2.023E+11,2,10,2023,14:30,1,75,75116,2,1,1,1,VOIE GEORGES POMPIDOU,48,
2.023E+11,22,7,2023,19:00,1,64,64024,2,4,1,3,HUIT MAI (RUE DU),43,
2.023E+11,1,10,2023,07:20,5,75,75116,2,1,1,6,AVENUE FOCH,48,
2.023E+11,11,1,2023,13:55,1,75,75119,2,2,1,3,PLACE DE LA BATAILLE DE STALINGRAD,48,
2.023E+11,1,10,2023,11:30,1,75,75115,2,2,1,3,BOULEVARD LEFEBVRE,48,
2.023E+11,22,7,2023,11:55,1,45,45169,2,1,1,4,166 Route Nationale,47,
2.023E+11,1,10,2023,02:00,5,75,75115,2,7,1,6,RUE DUTOT,48,
2.023E+11,11,1,2023,13:20,1,75,75119,2,2,1,3,RUE CURIAL,48,
2.023E+11,2,10,2023,14:15,1,75,75112,2,5,1,3,AVENUE DU GENERAL MICHEL BIZOT,48,
2.023E+11,22,7,2023,20:35,1,45,45004,2,1,1,3,Rue Lino Ventura,47,
2.023E+11,11,1,2023,10:40,1,75,75119,2,3,1,2,AVENUE CORENTIN CARIOU,48,
2.023E+11,22,7,2023,09:00,1,37,37233,2,3,1,6,GRILLONIERES (RUE DES),47,
2.023E+11,2,10,2023,12:27,1,75,75112,2,3,1,4,QUAI DE BERCY,48,
2.023E+11,11,1,2023,10:40,1,75,75116,2,4,1,6,RUE JEAN DE LA FONTAINE,48,
2.023E+11,2,10,2023,08:10,1,75,75111,2,2,1,6,RUE SERVAN,48,
2.023E+11,21,7,2023,18:00,1,35,35278,1,1,1,4,EST (ROCADE),48,
2.023E+11,11,1,2023,00:00,5,75,75117,2,3,8,3,RUE ANDRE SUARES,48,
2.023E+11,2,10,2023,19:05,2,75,75103,2,3,1,7,RUE BEAUBOURG,48,
2.023E+11,2,10,2023,02:30,5,75,75104,2,3,1,6,BOULEVARD BEAUMARCHAIS,48,
2.023E+11,11,1,2023,11:45,1,75,75116,2,1,1,3,AVENUE RAYMOND POINCARE,48,
2.023E+11,22,7,2023,12:40,1,34,34172,2,1,1,1,RM132,43,
2.023E+11,2,10,2023,12:04,1,94,94078,2,2,1,6,2 Rue Pasteur,48,
2.023E+11,10,1,2023,18:00,5,75,75116,2,1,2,6,AVENUE FOCH,48,
2.023E+11,22,7,2023,11:45,1,34,34003,2,1,1,3,Avenue des Contrebandiers,43,
2.023E+11,2,10,2023,00:30,5,94,94043,2,1,1,3,1ter Rue de Verdun,48,
2.023E+11,2,10,2023,18:05,1,94,94041,2,1,1,2,Rue Pierre et Marie Curie,48,
2.023E+11,11,1,2023,19:30,5,75,75115,2,3,1,3,PONT DE GRENELLE,48,
2.023E+11,21,7,2023,15:30,1,33,33529,2,1,1,1,ARCACHON (BD D'),44,
2.023E+11,1,10,2023,23:50,5,94,94041,2,3,1,7,Avenue Maurice Thorez,48,
2.023E+11,2,10,2023,18:45,2,94,94038,2,1,1,2,Rue de Chevilly,48,
2.023E+11,11,1,2023,08:50,1,75,75115,2,3,2,6,BOULEVARD DE VAUGIRARD,48,
2.023E+11,2,10,2023,15:45,1,94,94038,2,1,1,6,Rue Jean Jaurès,48,
2.023E+11,11,1,2023,09:20,1,75,75114,2,7,1,3,PLACE DE CATALOGNE,48,
2.023E+11,2,10,2023,07:30,1,93,93073,2,3,1,2,Avenue de la Resistance / Rue Lenine,48,
2.023E+11,22,7,2023,16:35,1,25,25056,2,6,1,3,MONTARMOTS CHEMIN DES,47,
2.023E+11,2,10,2023,20:30,5,93,93071,2,1,1,6,Avenue Léon Jouhaux,48,
2.023E+11,11,1,2023,17:30,5,75,75113,2,1,8,1,RUE DU VAL DE MARNE,48,
2.023E+11,22,7,2023,07:35,1,22,22278,2,1,1,7,ROHANNEC'H (DE),48,
2.023E+11,2,10,2023,07:00,5,93,93066,2,1,1,1,Rue des Marnaudes,48,
2.023E+11,22,7,2023,03:00,3,17,17028,1,1,1,7,N137,46,
2.023E+11,2,10,2023,17:30,1,93,93055,2,1,1,3,Rue Delizy,48,
2.023E+11,11,1,2023,08:50,1,75,75113,2,3,2,3,BOULEVARD MASSENA,48,
2.023E+11,2,10,2023,09:05,1,93,93029,2,2,7,6,Avenue Jean Jaurès / Avenue Henri Barbusse,48,
2.023E+11,22,7,2023,21:05,1,14,14118,2,1,1,3,N814,49,
2.023E+11,11,1,2023,08:10,1,75,75113,2,5,2,3,RUE DE TOLBIAC,48,
2.023E+11,2,10,2023,17:30,1,93,93014,2,3,7,6,Allée de Coubron / Allée Veuve Lindet Girard,48,
2.023E+11,22,7,2023,10:15,1,13,13019,2,1,1,1,BOULEVARD DU MISTRAOU,43,
2.023E+11,11,1,2023,07:00,5,75,75111,2,3,2,6,BOULEVARD VOLTAIRE,48,
2.023E+11,2,10,2023,08:30,1,93,93010,2,1,7,1,Route de Villemomble,48,
2.023E+11,22,7,2023,21:51,5,10,10387,2,7,1,6,URBAIN IV (RUE),48,
2.023E+11,11,1,2023,15:00,1,75,75110,2,3,1,2,BOULEVARD DE MAGENTA,48,
2.023E+11,22,7,2023,10:30,1,7,7281,1,1,1,7,C.D.533,44,
2.023E+11,2,10,2023,14:35,1,92,92046,2,1,1,4,PIERRE BROSSOLETTE (AVENUE),48,
2.023E+11,2,10,2023,13:10,1,92,92073,2,2,1,6,VERDUN (RUE DE),48,
2.023E+11,11,1,2023,18:20,5,75,75103,2,2,1,6,RUE BEAUBOURG,48,
2.023E+11,21,7,2023,17:45,1,7,7281,2,1,1,2,GROSS-UMSTADT (AVENUE DE),44,
2.023E+11,2,10,2023,20:25,5,92,92040,2,9,1,4,ROUGET DE L'ISLE,48,
2.023E+11,22,7,2023,03:15,5,6,6088,2,1,1,2,MADELEINE (BD DE LA),43,
2.023E+11,11,1,2023,09:15,1,75,75103,2,3,1,7,RUE DE TURBIGO,48,
2.023E+11,2,10,2023,13:30,1,92,92024,2,1,1,4,GENERAL LECLERC (BD DU) (9 A 59)   (4 A,48,
2.023E+11,22,7,2023,18:50,1,75,75112,2,1,1,2,PORTE DE CHARENTON,48,
2.023E+11,10,1,2023,14:20,1,94,94068,2,6,2,2,Avenue Foch,48,
2.023E+11,2,10,2023,21:20,5,92,92023,2,6,1,3,EUGENE BEAUJARD (CARREFOUR),48,
2.023E+11,22,7,2023,08:55,1,75,75119,2,1,1,3,RUE PETIT,48,
2.023E+11,2,10,2023,14:40,1,92,92012,2,1,1,6,JEAN JAURES (BOULEVARD) 217/FIN - 210/FI,48,
2.023E+11,10,1,2023,18:40,5,94,94011,2,3,2,6,Avenue de Boissy / N406,48,
2.023E+11,3,10,2023,05:45,3,81,81097,1,1,1,7,D81 PK6+870,43,
2.023E+11,22,7,2023,11:05,1,75,75116,2,1,1,2,ALLEE DE LONGCHAMP,48,
2.023E+11,11,1,2023,02:10,5,94,94034,2,6,3,3,PEPINIERES (AV DES),48,
2.023E+11,22,7,2023,12:55,1,75,75114,2,7,1,6,PLACE SAINT JACQUES,48,
2.023E+11,11,1,2023,12:00,1,94,94059,2,2,1,6,avenue maurice berteaux / avenue maurice ponroy,48,
2.023E+11,22,7,2023,13:00,1,75,75114,2,1,1,3,AVENUE DENFERT ROCHEREAU,48,
2.023E+11,11,1,2023,15:10,1,94,94017,2,1,1,3,Rue du Monument,48,
2.023E+11,30,9,2023,18:07,1,35,35085,1,3,1,3,D895,48,
2.023E+11,22,7,2023,07:30,1,75,75115,2,1,1,4,QUAI D ISSY LES MOULINEAUX,48,
2.023E+11,2,10,2023,23:00,3,12,12049,1,1,1,6,Beauregard,44,
2.023E+11,11,1,2023,20:25,5,93,93072,2,7,1,3,Boulevard Maxime Gorki / Avenue Louis Bordes,48,
2.023E+11,21,7,2023,10:24,1,75,75113,2,2,1,3,BOULEVARD VINCENT AURIOL,48,
2.023E+11,11,1,2023,09:01,1,93,93070,2,1,8,3,Rue des Rosiers,48,
2.023E+11,22,7,2023,04:40,3,75,75111,2,3,1,3,RUE BREGUET,48,
2.023E+11,11,1,2023,14:15,1,93,93062,2,1,1,6,Avenue Thiers,48,
2.023E+11,21,7,2023,17:15,1,75,75111,2,2,1,3,AVENUE PARMENTIER,48,
2.023E+11,11,1,2023,17:40,5,93,93048,2,1,1,6,Rue Victor Hugo,48,
2.023E+11,3,10,2023,08:50,1,44,44023,1,1,1,1,la Voliais,47,
2.023E+11,11,1,2023,08:10,2,93,93005,2,1,1,6,Rue Maryse Bastié,48,
2.023E+11,22,7,2023,00:40,5,75,75108,2,2,1,3,AVENUE DES CHAMPS ELYSEES,48,
2.023E+11,11,1,2023,16:45,1,93,93001,2,2,1,2,Rue Madeleine Vionnet / Rue Louis Girard,48,
2.023E+11,22,7,2023,15:04,1,94,94081,2,1,1,1,Rue Marie Sorin Defresne,48,
2.023E+11,11,1,2023,12:15,1,92,92073,2,1,1,6,SELLIER (BOULEVARD HENRI),48,
2.023E+11,22,7,2023,16:10,1,94,94028,2,3,1,5,Rue Jean Jaurès,48,
2.023E+11,11,1,2023,18:00,5,92,92007,2,2,1,3,BLANCHARD RUE,48,
2.023E+11,11,1,2023,09:45,1,92,92048,2,1,2,6,HENRI SAVIGNAC (RUE),48,
2.023E+11,21,7,2023,14:30,1,94,94041,2,1,1,2,Boulevard de Stalingrad,48,
2.023E+11,11,1,2023,08:50,1,92,92040,2,1,2,7,GENERAL DE GAULLE (AVE DU) 87 A 127,48,
2.023E+11,18,7,2023,20:45,1,93,93064,2,3,1,2,Avenue du Général de Gaulle / Rue d'Aurion,48,
2.023E+11,10,1,2023,21:55,5,92,92012,2,1,2,3,EDOUARD VAILLANT (AVENUE) - DEBUT/55 - C,48,
2.023E+11,22,7,2023,21:30,5,93,93057,2,1,1,3,Avenue Jean Jaurès,48,
2.023E+11,11,1,2023,18:30,5,92,92002,2,1,1,3,ARISTIDE BRIAND (AVENUE),48,
2.023E+11,22,7,2023,11:15,1,92,92064,2,3,1,3,CAMP CANADIEN,48,
2.023E+11,11,1,2023,19:15,3,1,1074,1,1,5,1,le Bernon,46,
2.023E+11,22,7,2023,00:04,5,92,92023,2,1,1,2,GENERAL DE GAULLE (AV DU) N°130 A 340 ET,48,
2.023E+11,12,1,2023,10:00,1,57,57439,2,1,2,6,Rue Principale (Manderen),49,
2.023E+11,22,7,2023,21:10,2,92,92012,2,2,1,2,ISSY (PONT D'),48,
2.023E+11,10,1,2023,17:30,2,33,33334,1,2,1,3,Route des Graves,44,
2.023E+11,3,1,2023,12:30,1,31,31003,1,3,1,3,intersection D18  et chemin de lauzerville,43,
2.023E+11,12,1,2023,13:20,1,52,52056,1,1,1,7,A5 PK206.550 sens Dijon vers Troyes,48,
2.023E+11,22,7,2023,04:57,5,92,92007,2,9,1,3,MIRABEAU (ALLEE),48,
2.023E+11,12,1,2023,10:55,1,44,44089,1,1,8,7,,47,
2.023E+11,12,1,2023,07:30,1,74,74171,2,1,1,3,Chemin de rosières,46,
2.023E+11,22,7,2023,20:45,1,51,51195,1,1,1,7,RN 44 PR 88.850,48,
2.023E+11,12,1,2023,14:05,1,4,4033,1,1,1,3,D900b,44,
2.023E+11,10,1,2023,12:25,1,51,51612,2,1,2,7,Rue de Villers-aux-Bois,48,
2.023E+11,23,7,2023,10:56,1,42,42212,1,3,1,1,Route Bleue,45,
2.023E+11,12,1,2023,01:05,5,74,74195,2,1,1,6,1967 Route de bellegarde,46,
2.023E+11,12,7,2023,12:45,1,63,63278,2,3,1,3,D211,45,
2.023E+11,10,1,2023,08:00,3,78,78192,1,2,9,3,RD 928,48,
2.023E+11,22,7,2023,15:30,1,1,1143,1,1,1,7,D1005,46,
2.023E+11,23,7,2023,01:28,3,65,65369,2,1,1,7,Route du Pic du Midi,43,
2.023E+11,23,7,2023,15:50,1,72,72200,1,1,1,7,Route des Luères,47,
2.023E+11,11,1,2023,18:00,3,22,22232,1,2,1,1,Impasse du Petit Kergrain,48,
2.023E+11,11,1,2023,19:00,3,29,29236,1,4,1,6,Lieu Dit Kervideo,47,
2.023E+11,23,7,2023,06:15,2,44,44158,1,1,2,3,N/A,47,
2.023E+11,11,1,2023,13:20,1,29,29236,1,1,8,6,Lieu Dit Saint Jean,47,
2.023E+11,23,7,2023,07:30,2,44,44076,1,1,2,2,N/A,47,
2.023E+11,11,1,2023,17:45,2,29,29095,1,1,8,1,Pen ar Forest,48,
2.023E+11,22,7,2023,00:45,5,62,62162,1,4,1,6,D943,50,
2.023E+11,12,1,2023,08:00,1,3,3314,1,3,1,1,lieu dit sainte-agathe,46,
2.023E+11,23,7,2023,05:50,2,62,62559,1,1,2,1,D939,50,
2.023E+11,5,1,2023,17:15,5,1,1196,1,1,1,6,Route de Bourg,46,
2.023E+11,11,1,2023,09:45,1,58,58280,1,1,2,7,D981,46,
2.023E+11,22,7,2023,06:50,1,40,40165,1,1,1,1,D834,44,
2.023E+11,22,7,2023,19:55,1,59,59194,1,1,1,6,D934,50,
2.023E+11,11,1,2023,10:25,1,6,6059,1,1,1,3,avenue Georges Clémenceau,43,
2.023E+11,11,1,2023,10:35,1,50,50389,1,2,1,3,route de l'abbaye,49,
2.023E+11,9,1,2023,22:10,3,10,10035,1,1,8,6,D396,48,
2.023E+11,22,7,2023,12:15,1,76,76263,1,1,1,2,D128,49,
2.023E+11,11,1,2023,19:40,5,85,85146,2,3,1,3,RD84A,46,
2.023E+11,1,7,2023,03:00,5,2B,2B123,1,6,1,6,RD 144,42,
2.023E+11,8,1,2023,10:54,1,27,27232,2,1,1,6,Rue Henri Pepin,49,
2.023E+11,22,7,2023,20:47,2,80,80240,2,1,1,1,21 Rue Roger Corne,49,
2.023E+11,11,1,2023,12:20,1,27,27112,1,2,1,7,D55,48,
2.023E+11,8,1,2023,11:00,1,28,28023,1,1,2,3,D28,48,
2.023E+11,23,7,2023,08:45,1,11,11361,1,1,1,5,D126,43,
2.023E+11,12,1,2023,15:00,1,77,77279,1,1,9,6,A5 sens 1 direction TROYES PK 38.000,48,
2.023E+11,22,7,2023,17:18,1,71,71014,2,1,1,1,Route d'Arnay,46,
2.023E+11,22,7,2023,23:10,3,63,63003,1,1,1,7,Route des Chaux,45,
2.023E+11,12,1,2023,09:15,1,38,38197,1,1,1,2,A432 PK 023+400,45,
2.023E+11,9,1,2023,20:30,5,74,74010,2,1,2,2,155 Avenue d'aix-les-bains,45,
2.023E+11,17,7,2023,17:10,1,49,49291,1,2,1,3,Route de Brézé,47,
2.023E+11,12,1,2023,05:00,5,69,69225,1,9,1,3,Autoroute 89,45,
2.023E+11,23,7,2023,15:15,1,42,42234,1,2,1,1,Route de Fontanès,45,
2.023E+11,12,1,2023,07:40,2,30,30333,1,1,1,3,,43,
2.023E+11,22,7,2023,20:00,1,46,46313,2,1,1,7,Lieu Dit le Terral,44,
2.023E+11,22,7,2023,23:45,3,34,34041,1,1,1,1,D2,43,
2.023E+11,13,7,2023,15:28,1,44,44087,1,1,1,6,la bourriere,47,
2.023E+11,11,1,2023,10:30,1,17,17022,1,8,1,3,VC 9,45,
2.023E+11,22,7,2023,17:30,1,44,44131,1,9,1,3,Route de la Plaine,47,
2.023E+11,23,7,2023,01:55,4,38,38517,1,6,1,6,RD45 Rond point carrefour market,45,
2.023E+11,12,1,2023,14:25,1,2B,2B223,1,1,1,2,RT30 PK 54+500,42,
2.023E+11,23,7,2023,10:40,1,38,38108,1,1,1,3,RD531 PK 18,45,
2.023E+11,11,1,2023,19:20,3,66,66050,1,1,1,6,,42,
2.023E+11,11,1,2023,13:15,1,13,13053,1,1,1,7,chemin de sénas,43,
2.023E+11,22,7,2023,18:50,1,3,3221,1,1,1,2,Avenue Nicolas Rambourg,46,
2.023E+11,12,1,2023,12:15,1,13,13041,1,1,1,7,Avenue d?Arménie,43,
2.023E+11,22,7,2023,12:45,1,66,66016,1,1,1,1,Rec del Vinyes ,42,
2.023E+11,11,1,2023,16:30,1,68,68364,1,1,2,3,D18b,47,
2.023E+11,22,7,2023,17:30,1,54,54222,1,1,1,6,RD 914 ,48,
2.023E+11,10,1,2023,20:30,3,44,44026,1,1,2,1,10 Route de Paris,47,
2.023E+11,23,7,2023,11:25,1,14,14369,1,1,2,3,Route de l'Embranchement,49,
2.023E+11,11,1,2023,18:15,3,14,14499,1,1,1,6,D513,49,
2.023E+11,11,1,2023,11:22,1,22,22339,2,3,1,3,Rue du Noroit,48,
2.023E+11,23,7,2023,13:15,1,5,5039,1,4,1,3,Impasse de la Blache,44,
2.023E+11,10,1,2023,12:00,1,22,22093,1,1,8,3,CD768 lamballe,48,
2.023E+11,23,7,2023,12:30,1,7,7288,1,1,1,5,D104,44,
2.023E+11,22,7,2023,16:45,1,40,40115,1,2,1,3,D10,43,
2.023E+11,11,1,2023,18:20,3,33,33318,1,1,1,2,ROCADE A 630,44,
2.023E+11,20,7,2023,16:49,1,40,40188,2,1,1,3,D933s,43,
2.023E+11,11,1,2023,18:40,3,92,92002,1,1,1,4,AUTOROUTE A10,48,
2.023E+11,23,7,2023,19:00,1,24,24520,2,1,1,6,Rue Jean Gabin,44,
2.023E+11,11,1,2023,17:55,3,94,94034,1,1,1,2,A6B,48,
2.023E+11,23,7,2023,02:50,3,85,85101,1,2,1,3,RD 949,46,
2.023E+11,11,1,2023,09:05,1,91,91521,1,1,1,7,AUTOROUTE A6 ,48,
2.023E+11,21,7,2023,14:45,1,27,27587,1,1,7,1,Rd 47,49,
2.023E+11,11,1,2023,09:20,1,92,92047,1,1,8,2,A13,48,
2.023E+11,22,7,2023,13:00,1,37,37111,1,2,1,3,Les Fouassiers,47,
2.023E+11,10,1,2023,10:00,1,92,92050,1,1,2,4,A86,48,
2.023E+11,21,7,2023,17:03,1,68,68375,2,1,1,3,158 Rue de Reiningue,47,
2.023E+11,10,1,2023,09:15,1,92,92050,1,1,2,3,A86,48,
2.023E+11,23,7,2023,00:00,3,1,1089,1,1,1,6,A42 PK 034+800,45,
2.023E+11,11,1,2023,17:32,5,93,93027,1,1,1,5,AUTOROUTE A86,48,
2.023E+11,20,7,2023,12:00,1,31,31035,1,1,7,5,A61,43,
2.023E+11,9,1,2023,22:00,3,92,92036,1,1,8,6,AUTOROUTE A15,48,
2.023E+11,23,7,2023,12:00,1,40,40206,1,1,1,5,A641 - PK1+800,43,
2.023E+11,9,1,2023,15:00,1,92,92036,1,1,2,3,AUTOROUTE A15,48,
2.023E+11,22,7,2023,11:30,1,34,34213,1,1,1,2,A9,,
2.023E+11,11,1,2023,10:30,1,94,94022,1,1,1,2,A86,48,
2.023E+11,11,1,2023,09:00,1,94,94079,1,1,1,3,A4,48,
2.023E+11,22,7,2023,00:20,3,73,73128,1,1,1,6,A41,45,
2.023E+11,11,1,2023,00:25,3,93,93051,1,1,2,6,A4,48,
2.023E+11,23,7,2023,08:30,1,13,13051,1,1,1,2,A7 - GARE DE PEAGE LANCON PROVENCE - SUD / NORD,43,
2.023E+11,10,1,2023,20:10,5,54,54395,2,3,1,6,Rue de Laxou,48,
2.023E+11,23,7,2023,12:40,1,973,97312,1,1,1,6,N1,5,
2.023E+11,10,1,2023,07:55,2,25,25056,2,1,2,6,FLEMING BOULEVARD,47,
2.023E+11,23,7,2023,00:05,3,77,77455,2,1,1,1,2 Rue du Moulin,48,
2.023E+11,9,1,2023,17:20,2,42,42095,2,6,2,6,Rue de Chazeau,45,
2.023E+11,22,7,2023,22:35,3,84,84034,1,1,1,1,D900,43,
2.023E+11,6,1,2023,11:05,1,63,63075,2,1,2,6,ROYAT (AVENUE DE),45,
2.023E+11,23,7,2023,07:20,1,6,6048,1,1,1,6,Route du Col de Nice,43,
2.023E+11,6,1,2023,16:33,1,63,63113,2,1,1,6,CLEMENCEAU (AVENUE GEORGES),45,
2.023E+11,22,7,2023,12:00,1,5,5079,1,1,1,7,D902b,45,
2.023E+11,3,1,2023,19:00,4,62,62464,2,1,2,6,D947,50,
2.023E+11,23,7,2023,02:00,3,26,26166,1,1,1,2,A7,,
2.023E+11,10,1,2023,17:45,1,974,97409,1,1,1,6,RN2 SENS ST BENOIT ST DENIS,-20,
2.023E+11,23,7,2023,03:40,4,38,38494,2,1,1,6,CD 517,,
2.023E+11,10,1,2023,14:57,1,973,97302,2,1,1,6,EBOUE (ROCADE FELIX),4,
2.023E+11,22,7,2023,19:00,1,26,26163,1,1,1,7,RD199,44,
2.023E+11,10,1,2023,17:10,2,69,69387,2,1,1,2,Rue de l'Epargne,45,
2.023E+11,22,7,2023,03:50,3,17,17184,1,3,1,3,RD 733,45,
2.023E+11,10,1,2023,10:45,1,69,69387,2,2,1,3,Boulevard Yves Farge,45,
2.023E+11,21,7,2023,20:45,1,22,22050,1,1,1,1,Route de Calorguen,48,
2.023E+11,9,1,2023,21:10,3,972,97209,2,3,1,3,ANATOLE FRANCE (RUE),14,
2.023E+11,23,7,2023,12:00,1,22,22233,1,1,2,3,D15,48,
2.023E+11,8,1,2023,06:10,2,972,97209,1,1,1,5,RD 41 (ROCADE),14,
2.023E+11,23,7,2023,13:00,1,76,76684,2,1,2,6,Route départementale 982,49,
2.023E+11,10,1,2023,08:00,1,69,69149,2,2,1,6,Rue du Perron,45,
2.023E+11,22,7,2023,15:40,1,60,60589,1,6,1,3,D1016,49,
2.023E+11,10,1,2023,13:22,1,971,97101,2,2,1,3,8 MAI 1981 (BOULEVARD DU),16,
2.023E+11,23,7,2023,14:20,1,60,60088,1,1,1,5,D105,49,
2.023E+11,23,7,2023,03:00,3,59,59191,1,1,1,6,départementale 111,50,
2.023E+11,9,1,2023,12:20,1,91,91377,2,3,1,6,RUE DE VERSAILLES,48,
2.023E+11,22,7,2023,06:56,2,13,13214,1,1,1,3,A507 sens Aubagne- Marseille,43,
2.023E+11,10,1,2023,08:45,1,91,91421,2,1,1,7,SAULES (CHEMIN DES),48,
2.023E+11,21,7,2023,08:36,1,13,13213,1,1,1,2,A507 sens Marseille - Aubagne,43,
2.023E+11,10,1,2023,09:08,1,87,87085,2,6,2,3,QUEUILLE (PLACE HENRI),45,
2.023E+11,21,7,2023,18:17,1,83,83144,1,1,1,6,A57,43,
2.023E+11,9,1,2023,11:26,1,87,87085,2,1,2,6,BENEDICTINS (AVENUE DES),45,
2.023E+11,22,7,2023,14:40,1,33,33167,1,1,1,3,ROUTE NATIONALE 230,44,
2.023E+11,9,1,2023,17:24,1,87,87085,1,1,2,6,RD941 (OUEST),45,
2.023E+11,9,1,2023,17:46,5,78,78440,2,1,3,6,PAUL RAOULT (AVENUE),48,
2.023E+11,22,7,2023,14:15,1,33,33192,1,1,1,3,AUTOROUTE A 63,44,
2.023E+11,22,7,2023,03:25,4,33,33013,1,9,1,2,ROUTE NATIONALE 89,44,
2.023E+11,21,7,2023,22:10,3,91,91689,1,1,1,5,AUTOROUTE A6B,48,
2.023E+11,22,7,2023,16:00,1,92,92048,1,1,1,4,N118,48,
2.023E+11,21,7,2023,23:45,3,93,93053,1,1,1,6,AUTOROUTE A86,48,
2.023E+11,21,7,2023,19:10,1,94,94028,1,1,1,2,A86,48,
2.023E+11,9,1,2023,17:15,3,77,77186,1,1,2,2,D607,48,
2.023E+11,21,7,2023,06:15,2,77,77450,1,1,2,2,RN104,48,
2.023E+11,10,1,2023,17:40,5,76,76575,2,1,2,4,Rue Fernand Léger,49,
2.023E+11,20,7,2023,15:50,1,83,83118,2,1,1,6,ROUTE DE SAINT-BARTHÉLEMY,43,
2.023E+11,10,1,2023,07:45,2,76,76540,2,2,2,3,Boulevard des Belges,49,
2.023E+11,19,7,2023,08:40,1,6,6069,1,1,1,6,SANTON (CHEMIN DU),43,
2.023E+11,10,1,2023,10:10,1,74,74012,2,1,1,3,SOMMEILLER (RUE GERMAIN),46,
2.023E+11,21,7,2023,09:50,1,976,97611,2,9,1,1,kaweni-Kaweni nord ( Z I ),-12,
2.023E+11,10,1,2023,08:35,1,72,72181,2,6,2,1,LECOUTEUX LIONEL (PL) N° 3,48,
2.023E+11,21,7,2023,06:30,1,974,97411,2,2,1,3,LECONTE DE LISLE (AVENUE),-20,
2.023E+11,20,7,2023,21:35,3,974,97411,2,1,1,3,REYDELLET (ROUTE JULES),-20,
2.023E+11,9,1,2023,21:14,5,67,67482,2,3,2,3,Edmond Michelet (rue),48,
2.023E+11,21,7,2023,07:20,1,974,97407,2,1,1,6,FERRY (RUE),-20,
2.023E+11,10,1,2023,10:48,1,64,64102,2,1,1,3,Avenue Duvergier de Hauranne,43,
2.023E+11,21,7,2023,12:50,1,973,97302,2,1,1,7,MADELEINE (ROUTE DE LA),4,
2.023E+11,21,7,2023,14:00,1,69,69383,2,2,1,3,Avenue Lacassagne,45,
2.023E+11,9,1,2023,20:22,5,64,64102,2,1,2,3,Avenue Paul Pras,43,
2.023E+11,21,7,2023,15:30,1,972,97213,2,6,1,6,ROUTE NATIONALE 1,14,
2.023E+11,21,7,2023,07:15,1,972,97213,1,1,1,6,N/A,14,
2.023E+11,21,7,2023,23:10,5,69,69385,2,1,1,6,22 Rue Commandant Charcot,45,
2.023E+11,19,7,2023,09:20,1,69,69389,2,1,1,5,6 Quai Raoul Carrié,45,
2.023E+11,19,7,2023,18:39,1,2B,2B120,2,1,1,6,IMPERIALE (Route) D464 ,42,
2.023E+11,15,7,2023,18:00,1,95,95306,2,1,1,6,CONFLANS (RUE DE),48,
2.023E+11,21,7,2023,15:15,1,91,91161,2,9,1,3,AV PIERRE BROSSOLETTE,48,