Num_Acc,jour,mois,an,hrmn,lum,dep,com,agg,int,atm,col,adr,lat,long
2.023E+11,30,10,2023,16:15,1,41,41269,2,1,1,6,INDUSTRIE (BOULEVARD DE L'),47,
2.023E+11,14,5,2023,06:00,2,973,97302,2,1,2,7,ADJUDANT PINDARD (RUE),4,
2.023E+11,13,5,2023,20:45,5,972,97213,1,9,1,6,BOIS CARRE (RUE DU),14,
2.023E+11,3,11,2023,23:55,1,41,41295,1,1,8,6,RD 923,47,
2.023E+11,14,5,2023,02:35,5,69,69382,2,2,3,3,15 Rue Auguste Comte,45,
2.023E+11,3,11,2023,14:05,1,37,37122,2,6,8,3,CHINON (BOULEVARD DE),47,
2.023E+11,14,5,2023,11:55,1,971,97113,1,1,1,4,RN4-ROND POINT SAINT FELIX,16,
2.023E+11,14,5,2023,07:05,1,2A,2A004,1,1,1,2,T20,41,
2.023E+11,3,11,2023,20:30,5,35,35238,2,1,1,4,HAUTES-OURMES (BD DES),48,
2.023E+11,3,11,2023,18:40,2,35,35238,2,1,1,6,PAYS-BAS (AVENUE DES),48,
2.023E+11,14,5,2023,01:24,5,95,95424,2,9,1,3,PONTOISE (BOULEVARD DE),48,
2.023E+11,14,5,2023,14:45,1,91,91377,2,6,1,6,AV SAINT MARC,48,
2.023E+11,3,11,2023,14:45,1,35,35238,1,1,1,2,RN136,48,
2.023E+11,14,5,2023,19:02,1,69,69029,2,2,2,3,Avenue Jean Mermoz,45,
2.023E+11,3,11,2023,12:55,1,35,35238,2,1,8,2,VALLES (JULES),48,
2.023E+11,3,11,2023,10:10,1,34,34172,2,1,2,3,MOULARES (CHEMIN DE,43,
2.023E+11,14,5,2023,17:25,1,67,67447,2,3,1,3,PIERRE MENDES FRANCE (AVENUE),48,
2.023E+11,8,10,2023,13:05,1,34,34032,1,1,1,1,ROUTE DE BEDARIEUX (RD.909),43,
2.023E+11,7,10,2023,14:37,1,34,34032,2,1,1,6,CADENAT JULES (BD),43,
2.023E+11,14,5,2023,20:45,5,51,51454,2,2,1,3,avenue Jean Jaurès,49,
2.023E+11,3,11,2023,20:11,5,33,33522,2,3,2,3,Avenue de la Mission Haut Brion,44,
2.023E+11,13,5,2023,11:41,1,51,51344,1,1,1,7,RD3,49,
2.023E+11,3,11,2023,17:55,5,33,33063,2,1,3,3,Quai de la Souys,44,
2.023E+11,14,5,2023,18:20,1,44,44109,2,6,1,6,2 Boulevard Nicéphore Niepce,47,
2.023E+11,14,5,2023,18:00,1,43,43089,2,1,8,6,15 Chemin des Lilas,45,
2.023E+11,4,11,2023,00:45,5,31,31555,1,1,1,2,20 LESPINET  (PERIPH OUEST A620),43,
2.023E+11,14,5,2023,06:20,1,35,35238,2,1,1,6,DESGREES (BD PAUL HUTIN),48,
2.023E+11,13,5,2023,18:35,1,35,35238,2,1,1,3,DONZELOT (AVENUE PIERRE),48,
2.023E+11,3,11,2023,21:10,3,31,31555,2,1,2,3,AV D EMPALOT,43,
2.023E+11,14,5,2023,01:51,3,31,31555,2,1,3,6,BARCELONE (ALL DE) DU 16AU 156,43,
2.023E+11,3,11,2023,21:35,5,29,29232,2,9,2,7,Rond-Point de Ludugris,47,
2.023E+11,12,5,2023,12:20,1,29,29232,2,1,1,6,Route de Rosporden,47,
2.023E+11,3,11,2023,15:00,1,25,25056,2,1,1,6,rue alfred de vigny,47,
2.023E+11,14,5,2023,19:30,1,25,25031,2,6,2,3,REVOLUTION DE 1789 AVENUE DE LA),47,
2.023E+11,3,11,2023,18:20,5,16,16102,2,3,2,3,SAINT JEAN D'ANGELY (AVENUE DE),45,
2.023E+11,13,5,2023,01:57,5,18,18033,2,1,1,6,115 Rue Louis Mallet,47,
2.023E+11,8,9,2023,14:40,1,13,13103,2,1,1,7,BOULEVARD DU ROY RENE,43,
2.023E+11,14,5,2023,15:35,1,13,13002,2,1,1,7,DES TERMES (ROUTE) RD 908,43,
2.023E+11,24,10,2023,19:50,5,13,13213,2,1,1,6,ALBERT EINSTEIN (RUE),43,
2.023E+11,14,5,2023,08:48,1,13,13208,2,6,1,6,pointe rouge (ave),43,
2.023E+11,14,5,2023,08:15,1,13,13215,2,1,1,3,SAINT ANTOINE A SAINT JOSEPH (CHEMIN DE),43,
2.023E+11,2,11,2023,18:00,2,13,13001,2,3,2,3,VAIR GUILLAUME DU (RUE),43,
2.023E+11,13,5,2023,00:35,4,5,5061,2,1,2,6,RAVELIN ( ROUTE DU ),44,
2.023E+11,2,11,2023,19:10,3,10,10081,2,1,1,1,GENERAL SARRAIL (RUE DU),48,
2.023E+11,13,5,2023,19:05,1,4,4070,2,1,2,6,verdun ( avenue de ),44,
2.023E+11,2,11,2023,11:58,1,10,10081,2,1,8,6,OUEST (BD),48,
2.023E+11,13,5,2023,17:25,1,3,3321,1,1,3,3,RD 779,46,
2.023E+11,3,11,2023,09:30,1,2,2059,2,2,1,2,13 Rue de l'Équipée,49,
2.023E+11,13,5,2023,14:45,1,3,3185,2,6,1,3,Quai de la Libération M. Leclerc,46,
2.023E+11,3,11,2023,18:25,5,75,75120,2,1,1,3,PORTE DE BAGNOLET,48,
2.023E+11,13,5,2023,14:15,1,75,75116,2,1,1,2,PORTE DAUPHINE,48,
2.023E+11,3,11,2023,19:00,5,75,75119,2,2,2,6,AVENUE DE FLANDRE,48,
2.023E+11,14,5,2023,02:30,5,75,75113,2,3,1,6,BOULEVARD KELLERMANN,48,
2.023E+11,3,11,2023,07:25,2,75,75119,2,1,1,1,RUE HAXO,48,
2.023E+11,13,5,2023,15:04,1,75,75105,2,2,1,3,AVENUE DES GOBELINS,48,
2.023E+11,3,11,2023,19:25,5,75,75113,2,2,9,3,BOULEVARD ARAGO,48,
2.023E+11,14,5,2023,21:20,5,75,75118,2,3,1,3,BOULEVARD ORNANO,48,
2.023E+11,3,11,2023,20:45,5,75,75110,2,2,2,3,BOULEVARD DE MAGENTA,48,
2.023E+11,12,5,2023,17:00,1,75,75116,2,2,1,3,ALLEE DE LONGCHAMP,48,
2.023E+11,3,11,2023,15:15,1,75,75111,2,1,8,2,RUE DE LA FONTAINE AU ROI,48,
2.023E+11,14,5,2023,11:54,1,75,75107,2,3,1,3,PLACE HENRY DE MONTHERLANT,48,
2.023E+11,3,11,2023,09:48,1,75,75111,2,4,1,3,BOULEVARD VOLTAIRE,48,
2.023E+11,13,5,2023,17:44,1,75,75107,2,3,1,3,QUAI BRANLY,48,
2.023E+11,3,11,2023,11:55,1,75,75110,2,1,1,6,RUE DU FAUBOURG DU TEMPLE,48,
2.023E+11,14,5,2023,10:46,1,75,75103,2,3,1,6,RUE BEAUBOURG,48,
2.023E+11,3,11,2023,20:05,3,94,94028,1,1,8,3,A86,48,
2.023E+11,14,5,2023,09:00,1,94,94081,2,1,1,6,Quai Jules Guesde,48,
2.023E+11,3,11,2023,08:15,1,94,94041,2,1,1,2,44 Avenue de Verdun,48,
2.023E+11,3,11,2023,07:50,2,94,94073,2,1,1,3,11 Rue des Alouettes,48,
2.023E+11,14,5,2023,03:00,3,94,94074,2,1,1,4,Avenue Henri Barbusse,48,
2.023E+11,14,5,2023,15:00,1,94,94015,2,1,1,6,Boulevard Pasteur,48,
2.023E+11,3,11,2023,15:00,1,94,94017,2,2,2,3,Avenue de la Famille,48,
2.023E+11,14,5,2023,18:30,1,94,94076,2,9,1,6,25 Rue René Thibert,48,
2.023E+11,3,11,2023,16:04,1,93,93070,2,4,1,3,Rue Kléber / Rue Charles Schmidt,48,
2.023E+11,14,5,2023,13:15,1,94,94017,2,1,1,3,Avenue du Général de Gaulle,48,
2.023E+11,3,11,2023,08:25,1,93,93055,2,9,8,6,Avenue Jean Jaurès,48,
2.023E+11,13,5,2023,02:20,5,94,94002,2,1,1,6,Quai Jean-baptiste Clément,48,
2.023E+11,3,11,2023,13:10,1,93,93079,2,1,8,1,Route de Saint-leu,48,
2.023E+11,14,5,2023,13:00,1,93,93073,2,3,8,3,Avenue Gilbert Berger / Avenue des Myosotis,48,
2.023E+11,3,11,2023,13:00,1,93,93013,2,5,8,3,Avenue de la Division Leclerc / Rue Normandie Niémen,48,
2.023E+11,14,5,2023,13:55,1,93,93071,2,1,1,2,Avenue Salvador Allende,48,
2.023E+11,13,5,2023,23:50,5,93,93048,2,7,1,1,Place Jacques Duclos / Avenue de la Résistance,48,
2.023E+11,3,11,2023,02:30,5,93,93008,2,1,1,5,Avenue Louis Aragon,48,
2.023E+11,3,11,2023,12:15,1,93,93001,2,1,1,1,Rue de Saint Denis,48,
2.023E+11,14,5,2023,11:23,1,93,93074,2,1,1,2,Boulevard Jacques Amyot,48,
2.023E+11,14,5,2023,15:20,1,93,93008,2,1,8,3,Rue Marcel Cachin,48,
2.023E+11,3,11,2023,21:30,5,92,92050,2,2,1,3,HAVRE BOULEVARD DU,48,
2.023E+11,14,5,2023,08:30,1,93,93001,2,9,1,3,Avenue de la République,48,
2.023E+11,3,11,2023,22:00,5,92,92040,2,9,1,1,VERDUN (AVENUE DE) DU 83 AU 113 BIS,48,
2.023E+11,3,11,2023,19:30,5,92,92071,2,1,8,3,AVENUE JEAN PERRIN,48,
2.023E+11,14,5,2023,20:20,1,92,92075,2,1,1,6,JEAN JAURES (RUE),48,
2.023E+11,4,11,2023,01:00,3,38,38378,2,1,8,1,Avenue Berthelot,45,
2.023E+11,14,5,2023,18:30,1,60,60539,2,1,1,6,Rue de Cinqueux,49,
2.023E+11,4,11,2023,12:15,1,46,46197,1,1,3,6,route départementale 820,44,
2.023E+11,31,10,2023,10:20,1,974,97414,2,1,1,6,avenue principale,-21,
2.023E+11,3,11,2023,20:20,5,58,58086,2,1,1,3,Place Georges Clémenceau,47,
2.023E+11,14,5,2023,19:55,1,12,12131,1,1,8,6,RN 88,,
2.023E+11,12,5,2023,02:10,3,14,14061,1,1,1,6,L'Etournière - Montchauvet (Montchauvet),48,
2.023E+11,31,10,2023,18:35,5,23,23079,2,1,2,1,Rue Soeur Alphonse,45,
2.023E+11,14,5,2023,15:35,1,50,50543,1,1,1,6,PR 47+800,,
2.023E+11,4,11,2023,17:15,2,83,83130,2,6,2,6,Avenue du General Magnan,43,
2.023E+11,15,5,2023,06:25,2,36,36101,1,1,5,6,N/A,46,
2.023E+11,31,10,2023,18:40,3,51,51518,1,3,1,7,D330,49,
2.023E+11,8,5,2023,22:45,3,91,91617,2,1,2,3,D33,48,
2.023E+11,29,10,2023,19:38,3,51,51238,1,1,1,2,route départementale 18,48,
2.023E+11,14,5,2023,12:40,1,82,82030,2,1,1,6,4 Route de Saint Aignan,44,
2.023E+11,4,11,2023,06:30,3,51,51617,1,1,2,6,D21e1,49,
2.023E+11,3,11,2023,16:00,1,80,80585,1,1,1,6,36 Rue Félix Corroyer,49,
2.023E+11,2,5,2023,07:25,2,11,11105,1,1,1,4,RD 118,43,
2.023E+11,14,5,2023,21:10,2,61,61038,2,3,1,6,D938,48,
2.023E+11,3,11,2023,15:55,1,69,69214,1,1,2,1,Rue du Lac,46,
2.023E+11,12,5,2023,07:45,1,41,41229,2,1,1,6,Rue Principale,47,
2.023E+11,3,11,2023,19:20,4,81,81220,2,1,2,6,Promenade des Lices,43,
2.023E+11,4,11,2023,03:00,3,89,89276,2,1,1,6,16 Route de Troyes,48,
2.023E+11,5,5,2023,17:35,1,41,41044,2,1,1,2,D976 - 86 rue Nationale,47,
2.023E+11,4,11,2023,02:00,3,63,63406,1,1,1,7,D211,45,
2.023E+11,14,5,2023,21:00,3,39,39297,1,1,1,1,N/A,46,
2.023E+11,3,11,2023,17:50,4,63,63352,2,1,1,6,1 Route de Brioude,45,
2.023E+11,14,5,2023,03:30,3,39,39412,1,6,1,6,N/A,47,
2.023E+11,4,11,2023,10:05,1,63,63040,1,3,8,1,D212/D151,45,
2.023E+11,15,5,2023,07:50,1,29,29210,1,1,1,5,Keroumen,48,
2.023E+11,15,5,2023,20:35,2,2,2419,1,1,1,6,8 Route Nationale,49,
2.023E+11,31,10,2023,19:00,3,49,49155,1,1,1,2,Route Départementale N°775,47,
2.023E+11,15,5,2023,17:43,1,70,70561,1,1,3,1,D486,47,
2.023E+11,27,10,2023,20:10,3,31,31212,1,1,1,1,Chemin du Lavoir,43,
2.023E+11,14,5,2023,16:00,1,66,66123,1,1,1,3,Mas des Sources (Hôpital),42,
2.023E+11,4,11,2023,14:00,1,2,2180,1,1,8,2,N/A,49,
2.023E+11,14,5,2023,18:20,1,72,72269,1,1,1,6,D357,47,
2.023E+11,11,5,2023,16:30,1,14,14543,2,1,1,3,2 La Sablonniere,49,
2.023E+11,4,11,2023,09:00,1,26,26339,1,1,2,1,RD6A PK 01+750,44,
2.023E+11,12,5,2023,16:55,1,60,60509,2,1,1,6,Rue Salvador Allendé,49,
2.023E+11,3,11,2023,12:55,1,58,58295,1,1,2,7,Hameau le Bouchat,47,
2.023E+11,14,5,2023,17:22,1,10,10233,1,1,1,6,Route de Plancy,48,
2.023E+11,3,11,2023,23:55,3,58,58024,1,1,2,6,D958,47,
2.023E+11,15,5,2023,07:20,2,10,10375,1,1,5,1,D619,48,
2.023E+11,4,11,2023,06:00,3,58,58176,1,1,3,6,D176,47,
2.023E+11,12,5,2023,17:00,1,16,16039,1,2,3,3,D180,46,
2.023E+11,4,11,2023,19:20,5,6,6090,2,1,2,6,Avenue Fredéric Mistral,43,
2.023E+11,14,5,2023,15:35,1,53,53151,1,1,1,7,d 227,,
2.023E+11,4,11,2023,15:31,1,14,14394,2,1,1,6,31 Rue du Major E.G. Styffe,49,
2.023E+11,13,5,2023,02:30,3,53,53137,1,9,1,7,route de la croix aux vanneurs,48,
2.023E+11,13,5,2023,23:20,3,4,4218,1,1,8,7,La batie,44,
2.023E+11,3,11,2023,18:30,3,7,7317,1,1,1,3,D370b,45,
2.023E+11,3,11,2023,17:40,5,7,7157,2,1,2,6,Chemin de Fournier,44,
2.023E+11,13,5,2023,16:45,1,85,85234,1,6,1,6,RD 205 - Rond point du porteau,46,
2.023E+11,3,11,2023,20:45,3,53,53146,2,1,2,6,18 Rue Vénus,48,
2.023E+11,14,5,2023,15:25,1,27,27067,1,1,1,3,RD 14 bis,49,
2.023E+11,15,10,2023,17:24,1,21,21065,2,1,1,6,Route de Crépey,47,
2.023E+11,4,11,2023,17:35,1,40,40303,1,1,2,7,Route de Puymenjon,44,
2.023E+11,15,5,2023,08:50,1,27,27425,2,3,1,3,Grande Rue,49,
2.023E+11,3,11,2023,16:00,1,24,24020,1,1,3,1,D704,45,
2.023E+11,14,5,2023,19:30,1,37,37270,1,1,1,1,route de vernou,47,
2.023E+11,30,9,2023,10:40,1,4,4209,2,1,1,6,Allée des platanes,44,
2.023E+11,15,5,2023,10:09,1,30,30165,1,3,1,2,Route d'Uzès,44,
2.023E+11,14,5,2023,22:00,3,30,30307,2,1,1,6,18bis Route de la Pomarede,44,
2.023E+11,14,5,2023,19:50,1,30,30086,1,1,1,6,D114,44,
2.023E+11,4,11,2023,12:15,1,85,85022,1,1,6,5,RD 949,46,
2.023E+11,15,2,2023,13:45,1,8,8222,1,1,1,6,D8051,50,
2.023E+11,3,11,2023,18:00,2,85,85084,1,1,1,2,RD 7,46,
2.023E+11,3,11,2023,04:30,3,37,37014,2,1,1,1,32 Route de Langeais,47,
2.023E+11,15,5,2023,10:55,1,60,60009,1,1,1,1,A16,49,
2.023E+11,4,11,2023,16:49,2,6,6030,1,1,3,6,A8,,
2.023E+11,14,5,2023,12:15,1,42,42324,1,1,1,6,A72,45,
2.023E+11,15,5,2023,10:20,1,44,44026,1,1,1,6,N/A,47,
2.023E+11,3,11,2023,18:30,5,13,13058,2,6,1,3,Avenue du Général de Gaulle,43,
2.023E+11,15,5,2023,05:30,2,976,97617,2,3,1,6,D3 Pont Miréréni Combani,-12,
2.023E+11,4,11,2023,02:20,3,30,30156,1,1,1,7,A9,43,
2.023E+11,13,5,2023,16:00,1,987,98714,1,1,1,3,quartier Faatahi,,
2.023E+11,4,11,2023,00:00,5,11,11202,2,1,1,6,Rue Dali Port Leucate,42,
2.023E+11,2,11,2023,02:00,5,987,98747,1,1,1,7,Route du lycée - TARAVAO,-17,
2.023E+11,14,5,2023,11:45,1,987,98754,1,1,1,6,PK 9,,
2.023E+11,3,11,2023,06:45,2,987,98733,1,1,1,1,PK 27.200c/mt - RT1,-17,
2.023E+11,14,5,2023,14:00,1,988,98815,1,1,1,7,Lieu-dit Trou de Bone,-21,
2.023E+11,3,11,2023,11:50,2,33,33199,2,1,2,6,45 Av du Mal de Lattre de Tassigny,44,
2.023E+11,7,5,2023,01:15,3,988,98821,1,9,1,6,Route de N'Dé,-22,
2.023E+11,14,5,2023,11:00,1,971,97117,1,1,1,6,Route de Caillebot,16,
2.023E+11,4,11,2023,12:15,1,13,13027,1,1,1,7,D75a,43,
2.023E+11,3,11,2023,16:15,1,68,68352,2,2,1,3,D1III PK 002+000,48,
2.023E+11,15,5,2023,01:00,3,21,21699,1,1,1,1,Route Departementale 905,47,
2.023E+11,3,11,2023,17:15,5,54,54111,2,1,1,6,320 Rue du Val Fleurion,48,
2.023E+11,3,11,2023,14:17,1,3,3290,1,6,2,6,N7,46,
2.023E+11,12,5,2023,15:15,1,67,67021,1,1,1,7,D854,48,
2.023E+11,5,5,2023,10:45,1,3,3085,1,1,1,6,la presle,46,
2.023E+11,3,11,2023,16:25,1,85,85298,1,1,2,1,RD32,46,
2.023E+11,12,5,2023,16:38,1,38,38468,2,1,2,2,Rue du 11 Novembre 1918,45,
2.023E+11,2,11,2023,09:40,1,50,50294,1,1,6,6,Départementale 900,49,
2.023E+11,14,5,2023,22:10,3,38,38341,1,1,2,7,Route de la Garenne,45,
2.023E+11,4,11,2023,00:20,5,60,60341,2,1,1,2,Rue de la Liberté,49,
2.023E+11,15,5,2023,16:35,1,69,69153,2,1,1,2,Route de la Riviere,45,
2.023E+11,4,11,2023,09:10,1,2,2521,1,1,3,1,D1003,49,
2.023E+11,14,5,2023,18:21,1,69,69072,1,1,1,3,Route Departementale 307,45,
2.023E+11,3,11,2023,22:30,3,59,59643,1,2,1,1,M945,50,
2.023E+11,12,5,2023,16:15,1,81,81219,1,1,1,7,Lieu dit le Fort,43,
2.023E+11,14,5,2023,21:50,3,46,46202,1,1,1,7,Autoroute A20 PK 381+000 SENS PARIS - TOULOUSE.,44,
2.023E+11,26,10,2023,07:41,2,13,13106,1,1,1,4,A7-Sens Lyon vers Marseille,43,
2.023E+11,14,5,2023,22:00,5,86,86225,2,1,1,1,Rue de Messais,46,
2.023E+11,3,11,2023,00:25,3,13,13085,1,1,2,6,A50-Sens Toulon vers Aubagne,43,
2.023E+11,14,5,2023,15:35,1,85,85296,1,1,1,7,la chunière,46,
2.023E+11,3,11,2023,12:50,5,83,83137,1,1,1,2,A50 TUNNEL TUBE SUD,43,
2.023E+11,15,5,2023,07:50,1,60,60079,1,2,5,3,D922,49,
2.023E+11,1,11,2023,13:50,1,42,42218,1,1,2,2,N88,45,
2.023E+11,14,5,2023,15:00,1,13,13215,1,1,1,2,A7-Sens Lyon vers Marseille,43,
2.023E+11,3,11,2023,18:45,5,33,33039,1,1,3,2,ROCADE A 630,44,
2.023E+11,13,5,2023,23:39,3,13,13215,1,1,1,4,A7-Sens Lyon vers Marseille,43,
2.023E+11,3,11,2023,12:15,1,33,33013,1,1,3,2,ROUTE NATIONALE 230,44,
2.023E+11,14,5,2023,00:12,3,13,13071,1,1,1,3,A7-Sens Lyon vers Marseille,43,
2.023E+11,3,11,2023,12:05,1,33,33249,1,1,3,6,ROUTE NATIONALE 230,44,
2.023E+11,2,11,2023,10:40,1,33,33249,1,1,3,3,AUTOROUTE A 10,44,
2.023E+11,13,5,2023,02:10,5,13,13202,1,1,1,3,TVPCM-Sens Saint Victor vers Les Ports,43,
2.023E+11,24,10,2023,06:40,2,59,59082,1,1,2,2,ROUTE NATIONALE 225,50,
2.023E+11,13,5,2023,01:45,5,83,83137,1,1,1,2,A50,43,
2.023E+11,3,11,2023,18:20,1,91,91687,1,1,1,6,AUTOROUTE A6,48,
2.023E+11,14,5,2023,15:40,1,69,69027,1,1,1,3,Autoroute 450,45,
2.023E+11,3,11,2023,12:25,1,94,94003,1,1,1,2,A6A,48,
2.023E+11,13,5,2023,14:57,1,69,69287,1,1,3,5,Autoroute 43,45,
2.023E+11,3,11,2023,15:00,1,92,92012,1,1,1,4,A13,48,
2.023E+11,14,5,2023,06:15,2,69,69290,1,1,3,4,Autoroute 43,45,
2.023E+11,3,11,2023,09:50,1,75,75116,1,1,1,4,A13W,48,
2.023E+11,3,11,2023,10:05,1,92,92064,1,1,1,6,A13,48,
2.023E+11,14,5,2023,01:25,3,1,1275,1,1,3,6,A42 4.329 A 5.760   LYON/GEN,45,
2.023E+11,2,11,2023,08:34,1,92,92025,1,1,1,3,A86,48,
2.023E+11,2,11,2023,06:15,3,78,78291,1,1,6,6,A13,48,
2.023E+11,12,5,2023,13:50,1,69,69199,1,1,1,2,Route Départementale 383 ,45,
2.023E+11,3,11,2023,18:30,5,93,93066,1,1,1,2,AUTOROUTE A1,48,
2.023E+11,3,11,2023,15:20,1,93,93053,1,1,1,3,AUTOROUTE A3,48,
2.023E+11,14,5,2023,13:00,1,91,91689,1,1,1,4,A6,48,
2.023E+11,3,11,2023,12:20,1,93,93078,1,1,1,5,AUTOROUTE A104,48,
2.023E+11,13,5,2023,16:00,1,91,91687,1,1,1,2,AUTOROUTE A6,48,
2.023E+11,14,5,2023,16:30,1,93,93064,1,1,1,7,AUTOROUTE A86,48,
2.023E+11,2,11,2023,18:00,3,95,95277,1,1,8,5,A3,48,
2.023E+11,13,5,2023,20:30,1,92,92036,1,1,2,2,AUTOROUTE A86,48,
2.023E+11,3,11,2023,16:00,1,94,94028,1,1,1,6,A86,48,
2.023E+11,3,11,2023,11:00,1,94,94046,1,1,1,3,A86,48,
2.023E+11,14,5,2023,08:30,1,95,95582,1,1,1,2,A15,48,
2.023E+11,14,5,2023,02:45,3,95,95018,1,1,1,3,A15,48,
2.023E+11,17,8,2023,14:20,1,13,13056,1,1,1,1,ROUTE DU PORT DE LAVERA,43,
2.023E+11,13,5,2023,23:00,3,93,93048,1,1,1,6,AUTOROUTE A86,48,
2.023E+11,8,7,2023,14:05,1,29,29007,1,3,1,3,Le Squiriou,48,
2.023E+11,13,5,2023,05:03,2,5,5061,2,1,8,6,EMILE DIDIER ( AV ),44,
2.023E+11,21,7,2023,11:35,1,29,29220,2,1,1,7,15 Route de Loctudy,47,
2.023E+11,13,5,2023,19:00,5,974,97416,2,3,1,3,PERE FAVRON(RUE DU),-21,
2.023E+11,2,11,2023,07:00,1,974,97411,2,1,1,2,JAURES (BOULEVARD JEAN),-20,
2.023E+11,12,5,2023,17:30,2,974,97416,1,1,1,6,OCEANITES (AVENUE DES),-21,
2.023E+11,1,11,2023,18:15,3,973,97302,2,1,1,1,MADELEINE (ROUTE DE LA),4,
2.023E+11,12,5,2023,15:35,1,974,97416,1,1,1,1,RN2 (2),-21,
2.023E+11,13,5,2023,20:50,5,974,97407,2,6,1,6,FERDINAND BUISSON (RUE) ,-20,
2.023E+11,1,11,2023,08:40,1,973,97302,2,1,1,1,RABAN (ROUTE DE),4,
2.023E+11,12,5,2023,12:20,1,973,97302,2,1,2,3,BADUEL (ROUTE DE),4,
2.023E+11,2,11,2023,15:20,1,971,97101,1,2,1,3,BESSON,16,
2.023E+11,13,5,2023,13:15,1,972,97213,1,1,1,2,ROUTE NATIONALE 5,14,
2.023E+11,2,11,2023,14:25,1,2A,2A004,2,1,6,2,BONAPARTE CHARLES  BD,41,
2.023E+11,13,5,2023,18:35,1,972,97209,2,2,1,3,VICTOR CORIDUN (AVENUE),14,
2.023E+11,13,5,2023,10:55,1,69,69389,2,1,8,6,23 Montée de l'Observance,45,
2.023E+11,13,5,2023,04:26,3,95,95427,2,1,1,7,35 BEL AIR (RUE DU),48,
2.023E+11,2,11,2023,17:10,1,91,91433,1,1,6,5,CD207,48,
2.023E+11,2,11,2023,10:50,1,91,91433,2,1,6,3,TILLEULS (RUE DES),48,
2.023E+11,13,5,2023,23:15,4,95,95018,2,4,1,3,BEZONS (QUAI DE),48,
2.023E+11,1,11,2023,17:10,1,91,91223,2,6,2,7,VICTOIRE (ROND-POINT DE LA),48,
2.023E+11,2,11,2023,07:45,2,91,91223,1,1,8,7,SABLIERE (RUE DE LA)   ZI,48,
2.023E+11,31,10,2023,19:45,5,87,87085,2,3,2,3,GARIBALDI (AVENUE),45,
2.023E+11,12,5,2023,15:45,1,91,91549,2,2,1,3,REPUBLIQUE (AVENUE DE LA),48,
2.023E+11,31,10,2023,14:45,1,87,87085,2,1,1,6,HUBERT CURIEN (RUE),45,
2.023E+11,13,5,2023,14:45,1,76,76540,2,1,1,6,Place Saint Sever,49,
2.023E+11,13,5,2023,17:10,1,72,72181,2,1,1,3,LAIGNE RUE DE N° IMP 229 A 385,47,
2.023E+11,1,11,2023,01:51,5,84,84007,2,2,1,3,TRILLADE (avenue de la ),43,
2.023E+11,12,5,2023,19:20,1,72,72181,2,1,1,7,RIFFAUDIERES (BD DES),47,
2.023E+11,31,10,2023,20:17,5,84,84007,2,6,1,3,EISENHOWER (Avenue),43,
2.023E+11,13,5,2023,19:30,1,69,69290,2,2,2,3,Avenue Saint-Exupéry,45,
2.023E+11,1,11,2023,03:53,5,84,84007,2,3,2,1,CHAMPFLEURY   (AVENUE),43,
2.023E+11,13,5,2023,18:10,1,69,69290,2,1,2,1,Rue du Lyonnais,45,
2.023E+11,13,5,2023,14:50,1,67,67482,2,1,1,6,ANDRE MAUROIS (PLACE),48,
2.023E+11,31,10,2023,05:20,5,84,84007,2,6,1,6,FOLLEREAU (rue Raoul),43,
2.023E+11,30,10,2023,18:03,1,30,30011,1,1,1,2,R.N. 100,43,
2.023E+11,13,5,2023,09:40,1,67,67482,2,3,1,3,RACINE (AVENUE),48,
2.023E+11,28,10,2023,01:05,5,84,84007,1,6,1,7,MARSEILLE (Route)-MONTFAVET,43,
2.023E+11,13,5,2023,10:49,1,64,64102,2,1,2,3,ALSACE LORRAINE (BOULEVARD),43,
2.023E+11,28,10,2023,15:45,1,84,84007,2,1,1,-1,CROIX DES OISEAUX ( Avenue de la ),43,
2.023E+11,13,5,2023,09:20,1,64,64024,2,9,2,3,INDUSTRIE (ALLEE DE L'),43,
2.023E+11,2,11,2023,15:10,1,83,83090,2,1,2,6,MONNET (AVE JEAN),43,
2.023E+11,13,5,2023,09:50,1,59,59421,2,1,1,1,TOURCOING (RUE DE),50,
2.023E+11,31,10,2023,14:30,1,83,83062,2,1,1,2,PREMIER (BAT.INF.DU PACIF.),43,
2.023E+11,12,5,2023,17:17,1,56,56260,2,1,1,6,MARNE (BLD DE LA),47,
2.023E+11,31,10,2023,12:41,1,83,83129,2,1,1,1,RUE DU COMMERCE,43,
2.023E+11,13,5,2023,19:55,1,54,54257,2,2,1,6,Route de Fléville,48,
2.023E+11,2,11,2023,08:10,2,82,82033,2,9,2,3,Rue du Commandant Defraux,44,
2.023E+11,13,5,2023,10:30,1,51,51454,2,2,1,3,avenue Jean Jaurès,49,
2.023E+11,13,10,2023,15:00,1,78,78688,1,1,1,1,PORT ROYAL (RUE DE),48,
2.023E+11,13,5,2023,13:20,1,49,49328,2,1,1,2,DELESSERT (BOULEVARD BENJAMIN),47,
2.023E+11,14,5,2023,23:45,5,45,45234,2,2,1,3,2 Rue des Charretiers,47,
2.023E+11,2,11,2023,16:15,1,77,77121,1,1,1,4,D471,48,