Num_Acc,jour,mois,an,hrmn,lum,dep,com,agg,int,atm,col,adr,lat,long
2.023E+11,13,5,2023,14:45,1,45,45286,2,1,1,6,Avenue Gaston Galloux,47,
2.023E+11,7,4,2023,19:30,1,95,95678,1,1,1,6,N104,49,
2.023E+11,13,5,2023,20:30,1,38,38151,2,3,8,6,RUE D'AUVERGNE,45,
2.023E+11,2,11,2023,16:45,2,77,77305,2,1,1,6,D403,48,
2.023E+11,13,5,2023,12:15,1,35,35051,2,6,1,3,PARIS (RUE DE),48,
2.023E+11,7,4,2023,12:35,1,93,93064,1,1,1,2,AUTOROUTE A86,48,
2.023E+11,13,5,2023,23:40,5,33,33281,2,3,1,6,Avenue de la Libération,44,
2.023E+11,2,11,2023,23:45,5,76,76540,2,2,8,3,Quai Jean Moulin,49,
2.023E+11,6,4,2023,18:25,1,95,95394,1,1,1,3,N184,49,
2.023E+11,13,5,2023,23:20,5,33,33063,2,2,1,3,Cours Aristide Briand,44,
2.023E+11,2,11,2023,20:45,5,74,74012,2,9,2,3,VALLEES (ROUTE DES),46,
2.023E+11,14,5,2023,00:00,5,28,28404,1,1,1,6,Rue des Longs Réages,48,
2.023E+11,5,4,2023,17:40,1,93,93066,1,1,1,3,AUTOROUTE A86,48,
2.023E+11,12,5,2023,00:35,5,28,28134,2,6,1,7,ROND POINT DES FENOTS,48,
2.023E+11,1,11,2023,18:00,5,74,74008,2,1,2,3,AVENUE LOUIS LACHENAL,46,
2.023E+11,7,4,2023,17:35,1,94,94017,1,1,1,2,A4,48,
2.023E+11,1,11,2023,06:50,5,71,71105,2,1,8,1,CLUNY (ROUTE DE),46,
2.023E+11,7,4,2023,16:25,1,94,94022,1,1,1,2,A86,48,
2.023E+11,7,4,2023,11:00,1,94,94022,1,1,1,1,A86,48,
2.023E+11,13,5,2023,15:10,1,25,25230,2,1,1,4,SOCHAUX (RUE DE),47,
2.023E+11,13,5,2023,13:30,1,22,22215,2,1,8,7,N/A,48,
2.023E+11,6,4,2023,20:20,5,75,75112,2,1,1,2,PORTE DOREE,48,
2.023E+11,13,5,2023,07:30,1,13,13212,2,1,1,3,CAILLOLS (AVENUE DES),43,
2.023E+11,22,2,2023,16:10,1,57,57412,1,1,1,6,,49,
2.023E+11,6,4,2023,00:05,5,75,75120,2,1,1,2,PORTE DE BAGNOLET,48,
2.023E+11,14,5,2023,00:15,3,13,13001,1,1,1,1,GARDANNE (ROUTE DE ),43,
2.023E+11,22,2,2023,17:45,1,33,33318,1,1,2,5,ROCADE A 630,44,
2.023E+11,5,4,2023,11:05,1,75,75115,2,1,1,3,PORTE DE VERSAILLES,48,
2.023E+11,22,2,2023,06:30,5,33,33013,1,1,2,6,ROUTE NATIONALE 230,44,
2.023E+11,13,5,2023,14:30,1,11,11069,2,1,2,3,450 Rue Magellan,43,
2.023E+11,22,2,2023,08:00,1,94,94038,1,1,1,3,A6B,48,
2.023E+11,5,4,2023,08:25,1,75,75119,2,1,1,3,PORTE DE PANTIN,48,
2.023E+11,13,5,2023,02:00,5,11,11069,1,6,2,6,Route de Montreal,43,
2.023E+11,21,2,2023,02:35,3,91,91689,1,1,1,7,AUTOROUTE A6A,48,
2.023E+11,6,4,2023,07:30,2,75,75105,2,2,1,7,QUAI SAINT MICHEL,48,
2.023E+11,22,2,2023,14:40,1,78,78498,1,1,8,2,A14,48,
2.023E+11,22,2,2023,14:20,1,95,95394,1,1,1,6,A115,49,
2.023E+11,6,4,2023,10:00,1,75,75119,2,1,1,5,RUE MANIN,48,
2.023E+11,21,2,2023,14:20,1,976,97611,2,1,1,4,cavani-Rond point du Baobab,-12,
2.023E+11,6,4,2023,09:00,1,75,75118,2,2,2,6,RUE SAINT BRUNO,48,
2.023E+11,20,2,2023,22:15,5,972,97213,1,1,1,4,DUCHESNES 1,14,
2.023E+11,19,2,2023,02:39,5,2B,2B033,2,9,1,5,CHANOINE LESCHI - RUE,42,
2.023E+11,6,4,2023,20:40,5,75,75117,2,3,1,6,AVENUE DE CLICHY,48,
2.023E+11,21,2,2023,18:05,2,91,91339,2,9,1,4,CHE DE TABOR,48,
2.023E+11,6,4,2023,17:00,1,75,75115,2,2,8,3,AVENUE DE LA MOTTE PICQUET,48,
2.023E+11,21,2,2023,17:35,1,91,91687,2,1,1,6,VICTOR SCHOELCHER (AVENUE),48,
2.023E+11,6,4,2023,12:00,1,75,75114,2,2,2,3,RUE DE LA SABLIERE,48,
2.023E+11,21,2,2023,05:55,2,91,91223,2,9,1,6,SAINT MICHEL (BOULEVARD),48,
2.023E+11,5,4,2023,22:20,5,75,75114,2,2,1,2,RUE JULIA BARTET,48,
2.023E+11,18,1,2023,08:20,1,84,84080,2,1,1,6,LIBERATION AVENUE DE LA,44,
2.023E+11,20,2,2023,18:50,5,83,83061,2,1,1,6,AVENUE ANDRÉ LÉOTARD,43,
2.023E+11,5,4,2023,17:49,1,75,75114,2,7,1,2,PLACE DENFERT ROCHEREAU,48,
2.023E+11,21,2,2023,18:25,2,78,78029,2,9,1,3,PIERRE LEFAUCHEUX (RUE),48,
2.023E+11,21,2,2023,17:30,1,78,78172,2,3,1,6,GRANDES TERRES (RUE DES),49,
2.023E+11,5,4,2023,14:35,1,75,75114,2,3,1,3,RUE RAYMOND LOSSERAND,48,
2.023E+11,20,2,2023,00:50,5,77,77288,2,1,1,3,ALMONT (BOULEVARD DE L'),48,
2.023E+11,6,4,2023,09:00,1,75,75113,2,1,2,1,BOULEVARD DU GENERAL JEAN SIMON,48,
2.023E+11,20,2,2023,16:15,1,72,72181,2,1,1,3,HEUZE OLIVIER AV N° PAIRS 2 A 198,47,
2.023E+11,5,4,2023,19:12,1,75,75109,2,2,1,3,PLACE DE L OPERA,48,
2.023E+11,20,2,2023,18:30,3,71,71040,1,1,1,5,RN 70 (ROUTE EXPRESS),46,
2.023E+11,6,4,2023,17:30,1,75,75108,2,3,1,3,AVENUE DE MARIGNY,48,
2.023E+11,21,2,2023,18:30,2,69,69266,2,1,1,2,Rue d'Alsace,45,
2.023E+11,6,4,2023,17:20,1,75,75108,2,7,1,3,AVENUE MONTAIGNE,48,
2.023E+11,21,2,2023,09:00,1,69,69256,2,5,8,5,Rue Marius Grosso,45,
2.023E+11,6,4,2023,15:00,1,75,75103,2,2,1,7,BOULEVARD DE SEBASTOPOL,48,
2.023E+11,21,2,2023,23:00,5,69,69029,2,6,1,7,12 Avenue Edouard Herriot,45,
2.023E+11,6,4,2023,09:45,1,75,75104,2,3,2,6,RUE DE RIVOLI,48,
2.023E+11,21,2,2023,18:47,5,65,65440,2,2,8,1,10 Boulevard Pierre Renaudet,43,
2.023E+11,6,4,2023,00:30,5,75,75102,2,2,1,6,RUE DE RICHELIEU,48,
2.023E+11,21,2,2023,12:20,1,65,65047,2,2,1,3,Rue du 11 Novembre,43,
2.023E+11,6,4,2023,12:30,1,94,94033,2,9,2,6,Rue du Ruisseau,48,
2.023E+11,21,2,2023,18:30,1,64,64335,2,1,1,6,LACAUSSADE,43,
2.023E+11,21,2,2023,12:25,1,64,64102,2,1,1,3,ARITXAGUE (BD D'),43,
2.023E+11,21,2,2023,06:00,5,62,62498,2,1,2,7,Rue d'Artois,50,
2.023E+11,4,4,2023,16:35,1,94,94055,2,3,1,3,Rue d'Amboile,48,
2.023E+11,20,2,2023,17:15,1,60,60175,2,4,1,6,Place du Général de Gaulle,49,
2.023E+11,6,4,2023,17:45,1,94,94018,2,1,1,3,Avenue de Gravelle,48,
2.023E+11,21,2,2023,14:35,1,58,58194,2,3,1,3,MARINIERS (QUAI),46,
2.023E+11,6,4,2023,16:10,1,94,94017,2,3,1,6,34 Avenue du Général de Gaulle / Rue des Frères Petit,48,
2.023E+11,20,2,2023,12:57,1,57,57221,2,3,1,3,D 952 A,49,
2.023E+11,6,4,2023,18:00,1,93,93072,2,3,1,3,Avenue de Stalingrad Deviation / Rue du Moulin Neuf,48,
2.023E+11,21,2,2023,15:40,1,54,54521,2,3,1,3,RUE PAUL LANGEVIN,49,
2.023E+11,5,4,2023,22:15,5,93,93071,2,2,1,3,Rue d'Aulnay / Avenue John Fitzgerald Kennedy,48,
2.023E+11,20,2,2023,12:12,1,54,54367,1,1,1,7,520 (ROUTE DEPARTEMENTALE),49,
2.023E+11,4,4,2023,23:00,5,93,93077,2,3,1,3,Rue de l'Orangerie / Avenue de Rosny,48,
2.023E+11,21,2,2023,07:30,1,51,51454,2,3,1,3,quai du Pré aux Moines,49,
2.023E+11,20,2,2023,20:18,5,51,51454,2,2,1,3,avenue d'Epernay,49,
2.023E+11,6,4,2023,13:20,1,93,93066,2,3,2,6,Rue Ampère / Allée de Seine,48,
2.023E+11,6,4,2023,09:00,1,93,93066,2,3,2,3,Avenue du Colonel Fabien / Rue Max Jacob,48,
2.023E+11,20,2,2023,14:30,1,49,49099,1,1,1,4,RD 960,47,
2.023E+11,6,4,2023,19:45,2,93,93051,2,3,1,3,Avenue du Pave Neuf / Rue du Docteur Vaillant,48,
2.023E+11,21,2,2023,13:04,1,47,47032,2,1,1,6,ALBERT CAMUS (avenue),44,
2.023E+11,6,4,2023,14:00,1,93,93046,2,3,1,3,Boulevard de la République / Allée Germaine,48,
2.023E+11,10,2,2023,12:15,1,39,39362,1,1,1,6,,46,
2.023E+11,21,2,2023,23:25,4,38,38179,2,2,1,1,GRANDE RUE (RUE),45,
2.023E+11,6,4,2023,19:02,1,93,93079,2,1,1,5,Avenue Jean Jaurès,48,
2.023E+11,20,2,2023,16:15,1,37,37122,2,1,1,6,BONDONNIERE (RUE DE),47,
2.023E+11,31,8,2023,02:37,5,75,75111,2,1,1,6,BOULEVARD DES FILLES DU CALVAIRE,48,
2.023E+11,20,2,2023,16:35,1,33,33119,2,1,1,6,Avenue Hubert Dubedout,44,
2.023E+11,5,4,2023,19:05,1,93,93027,2,3,1,6,COLBERT (RUE),48,
2.023E+11,31,8,2023,12:45,1,75,75119,2,3,2,7,RUE DE CRIMEE,48,
2.023E+11,21,2,2023,08:10,1,30,30007,2,6,1,3,,44,
2.023E+11,6,4,2023,20:01,1,93,93010,2,1,1,6,Rue TRINQUAMELLE,48,
2.023E+11,31,8,2023,16:50,1,75,75118,2,2,2,6,RUE ORDENER,48,
2.023E+11,20,2,2023,13:45,1,29,29232,2,1,1,6,Rue de Kervillou,47,
2.023E+11,21,2,2023,16:45,1,29,29039,2,1,2,7,Rue Jacques Noel Sané,47,
2.023E+11,6,4,2023,09:10,1,93,93010,2,1,2,6,Rue Paul Renaud,48,
2.023E+11,31,8,2023,16:35,1,75,75114,2,3,2,3,AVENUE DU MAINE,48,
2.023E+11,6,4,2023,16:00,1,93,93001,2,1,1,3,Avenue Victor Hugo,48,
2.023E+11,21,2,2023,18:25,2,28,28085,2,2,1,3,ANCIENS COMBATTANTS AFN (RUE DES),48,
2.023E+11,31,7,2023,08:20,1,75,75113,2,3,1,3,BOULEVARD MASSENA,48,
2.023E+11,21,2,2023,14:20,1,27,27681,2,2,1,6,ROUEN (AVENUE DE),49,
2.023E+11,6,4,2023,15:25,1,92,92046,2,2,1,3,CAMELINAT,48,
2.023E+11,21,2,2023,18:40,1,26,26198,1,1,1,3,SAINT GERVAIS (Route),44,
2.023E+11,31,8,2023,00:00,5,75,75111,2,2,1,3,RUE SAINT MAUR,48,
2.023E+11,5,4,2023,17:40,1,92,92033,2,1,1,6,RAYMOND POINCARE,48,
2.023E+11,21,2,2023,13:25,1,26,26198,2,3,1,6,Rue Rene Char,44,
2.023E+11,31,8,2023,18:20,1,75,75110,2,4,2,7,QUAI DE VALMY,48,
2.023E+11,6,4,2023,10:10,1,92,92049,2,1,2,3,DORMOY AVENUE MARX N°102 A FIN,48,
2.023E+11,31,8,2023,15:45,1,75,75101,2,2,2,6,BOULEVARD DE SEBASTOPOL,48,
2.023E+11,19,2,2023,01:40,3,23,23096,2,6,1,6,CASSIN (AVENUE RENE),46,
2.023E+11,31,3,2023,01:38,5,92,92035,2,1,1,6,National ( boulevard ),48,
2.023E+11,30,8,2023,15:20,1,75,75101,2,2,1,3,RUE DU LOUVRE,48,
2.023E+11,20,2,2023,14:30,1,15,15014,2,1,1,3,TRONQUIERES (AVENUE DE),44,
2.023E+11,6,4,2023,13:40,1,92,92025,2,3,1,1,ECOLES (AV  RUE DES),48,
2.023E+11,21,2,2023,12:40,1,14,14118,2,1,1,6,1 Place Courtonne,49,
2.023E+11,31,8,2023,15:41,1,94,94080,2,1,2,2,Rue Clément Vienot,48,
2.023E+11,21,2,2023,16:40,1,13,13117,2,1,1,6,RHIN DANUBE ( AVENUE ),43,
2.023E+11,5,4,2023,21:45,5,92,92024,2,4,1,6,VICTOR HUGO (BD),48,
2.023E+11,31,8,2023,01:10,5,94,94074,2,1,1,3,Avenue Henri Barbusse,48,
2.023E+11,21,2,2023,15:30,1,13,13047,1,1,1,5,R.N 569,43,
2.023E+11,6,4,2023,19:13,1,92,92032,2,6,1,3,PANORAMA (ROUTE DU),48,
2.023E+11,31,8,2023,18:30,1,94,94028,2,2,2,7,Avenue Laferrière,48,
2.023E+11,20,2,2023,11:20,1,10,10081,2,9,1,2,ROCADE OUEST (RD 610),48,
2.023E+11,31,8,2023,16:51,1,94,94028,1,1,2,2,D1,48,
2.023E+11,6,4,2023,19:10,1,92,92012,2,1,1,3,LE CORBUSIER (RUE),48,
2.023E+11,21,2,2023,08:15,1,7,7102,2,6,1,3,Rue des Tremolets,44,
2.023E+11,31,8,2023,21:23,5,94,94043,2,1,1,6,Avenue de Fontainebleau,48,
2.023E+11,6,4,2023,11:53,1,92,92007,2,2,1,3,MEUNIERS (RUE DES),48,
2.023E+11,21,2,2023,18:40,2,75,75104,2,1,1,6,SOUTERRAIN PONT D ARCOLE,48,
2.023E+11,31,8,2023,10:15,1,94,94028,2,1,1,3,Avenue du Maréchal Foch,48,
2.023E+11,20,2,2023,20:50,5,75,75120,2,1,1,2,PORTE DES LILAS,48,
2.023E+11,7,4,2023,07:05,2,38,38160,2,1,1,1,Rue du Stade,45,
2.023E+11,21,2,2023,17:13,1,75,75120,2,2,1,3,AVENUE DE LA PORTE DE MONTREUIL,48,
2.023E+11,31,8,2023,16:20,1,94,94055,2,1,3,4,Avenue Olivier d'Ormesson,48,
2.023E+11,21,2,2023,14:20,1,75,75120,2,3,1,6,RUE BELGRAND,48,
2.023E+11,31,8,2023,15:50,1,93,93059,2,1,2,7,Avenue Nungesser et Coli,48,
2.023E+11,21,2,2023,09:10,1,75,75120,2,3,1,6,RUE DE BAGNOLET,48,
2.023E+11,31,8,2023,18:30,1,93,93066,2,3,2,3,Boulevard de la Libération / Allée Daniel Fery,48,
2.023E+11,21,2,2023,18:05,2,75,75119,2,5,1,3,RUE RIQUET,48,
2.023E+11,21,2,2023,20:50,5,75,75118,2,1,1,5,RUE DE LA CHAPELLE,48,
2.023E+11,20,2,2023,22:55,5,75,75117,2,2,1,6,RUE NOLLET,48,
2.023E+11,29,8,2023,09:30,1,93,93001,2,2,1,3,Rue des Ecoles / Rue des Cités,48,
2.023E+11,20,2,2023,18:25,5,75,75114,2,2,1,6,AVENUE DU GENERAL LECLERC,48,
2.023E+11,31,8,2023,18:05,1,92,92020,2,1,2,3,LIBERTE BOULEVARD DE LA N° IMPAIRS,48,
2.023E+11,21,2,2023,18:20,5,75,75104,2,7,1,6,RUE SAINT ANTOINE,48,
2.023E+11,17,2,2023,08:00,1,94,94041,2,1,1,6,Rue Gagnée,48,
2.023E+11,31,8,2023,09:20,1,92,92036,2,1,1,6,GRESILLONS (AVENUE DES) (141/215),48,
2.023E+11,31,8,2023,18:15,1,92,92024,2,1,2,7,MARTRE DE (4 A 54),48,
2.023E+11,21,2,2023,22:10,5,94,94058,2,1,1,5,206 Avenue Pierre Brossolette,48,
2.023E+11,30,8,2023,19:00,1,92,92024,2,1,1,3,CLICHY (QUAI DE) DE (8 A 60),48,
2.023E+11,21,2,2023,16:10,1,94,94041,2,1,1,3,Rue Jean-baptiste Renoult,48,
2.023E+11,30,8,2023,13:30,1,92,92004,2,1,1,2,ARGENTEUIL AV D',48,
2.023E+11,21,2,2023,17:22,1,94,94002,2,3,1,6,Rue de Mâcon / Rue de Grenoble,48,
2.023E+11,26,8,2023,18:45,1,51,51649,2,1,1,6,28 Faubourg de Vitry-le-Brûlé,48,
2.023E+11,3,4,2023,05:10,2,57,57443,1,9,1,7,Autoroute A4 Sens PARIS-METZ PR 311.000,49,
2.023E+11,21,2,2023,16:50,1,95,95527,1,1,7,2,Aeroport Charles de Gaulle,49,
2.023E+11,15,8,2023,19:30,1,22,22361,1,1,1,7,RD6,48,
2.023E+11,6,4,2023,21:55,3,65,65359,1,1,1,6,D21,43,
2.023E+11,21,2,2023,08:00,1,93,93066,2,2,1,3,Rue Robert Desnos / Rue Henri Barbusse,48,
2.023E+11,1,9,2023,01:00,3,81,81139,1,1,1,6,Impasse de La Garriguié,43,
2.023E+11,7,4,2023,07:40,1,50,50553,1,1,5,6,A84,48,
2.023E+11,20,2,2023,22:40,5,93,93066,2,3,1,3,Avenue du Président Wilson / Rue Jules Saulnier,48,
2.023E+11,1,9,2023,10:50,1,71,71105,1,1,1,2,A6,46,
2.023E+11,1,9,2023,10:50,1,51,51217,1,1,1,3,D18,49,
2.023E+11,21,2,2023,21:45,5,93,93055,2,1,1,7,Rue Delizy,48,
2.023E+11,7,4,2023,13:00,1,40,40227,1,1,1,1,D834 PK 10+ 300,44,
2.023E+11,31,8,2023,14:15,1,83,83004,1,3,1,3,Route Departementale Dn7,43,
2.023E+11,20,2,2023,22:55,3,93,93047,2,1,1,6,Avenue Emile Cossonneau,48,
2.023E+11,7,4,2023,05:30,3,24,24139,1,1,1,6,Autoroute A89,,
2.023E+11,1,9,2023,02:45,3,971,97109,1,1,1,6,Route de Dolé - Bassin des Amours,15,
2.023E+11,21,2,2023,08:30,2,92,92073,2,3,7,3,SELLIER (BOULEVARD HENRI),48,
2.023E+11,7,4,2023,09:20,1,56,56090,1,1,1,7,route de keraudran,47,
2.023E+11,29,8,2023,07:00,1,974,97413,2,3,1,3,Chemin Clement Fossy,-21,
2.023E+11,22,2,2023,19:20,5,92,92051,2,9,2,2,SAINT PIERRE  (RUE),48,
2.023E+11,6,4,2023,19:53,1,56,56034,2,6,1,6,Rue Saint Cornely,47,
2.023E+11,27,8,2023,19:05,1,34,34095,1,1,1,6,D613,43,
2.023E+11,21,2,2023,18:00,2,92,92049,2,1,1,3,DORMOY AVENUE MARX N°102 A FIN,48,
2.023E+11,1,9,2023,15:20,1,56,56055,2,1,1,6,rue victor hugo,47,
2.023E+11,7,4,2023,07:15,1,79,79278,1,2,1,3,N/A,46,
2.023E+11,21,2,2023,09:10,1,92,92040,2,1,1,7,GOUVERNEUR GAL EBOUE DU 02 AU 64,48,
2.023E+11,1,9,2023,11:03,1,56,56186,2,1,1,3,11 Boulevard du Parco,47,
2.023E+11,7,4,2023,13:00,1,2B,2B207,1,9,1,2,Caragiuti,42,
2.023E+11,20,2,2023,19:45,5,92,92035,2,1,1,7,National ( boulevard ),48,
2.023E+11,30,8,2023,12:30,1,56,56158,1,1,1,1,Lieu Dit Kerango,47,
2.023E+11,21,2,2023,15:20,1,92,92012,2,1,1,3,REINE (ROUTE DE LA) 1/37- 6/80,48,
2.023E+11,4,4,2023,20:10,2,65,65138,2,1,1,3,Route de Pierrefitte,42,
2.023E+11,1,9,2023,10:20,1,74,74104,1,1,1,2,RD1508,45,
2.023E+11,20,2,2023,07:15,2,60,60335,1,2,1,3,Carrefour RD 930 / RD 133,49,
2.023E+11,7,4,2023,13:30,1,33,33314,1,2,7,3,RD 206,45,
2.023E+11,30,8,2023,15:00,1,79,79003,1,1,1,2,N/A,46,
2.023E+11,22,2,2023,07:30,2,36,36034,2,1,8,6,2 Rue Jean Jaures,47,
2.023E+11,6,4,2023,21:45,3,11,11397,2,1,1,6,28 Route des Corbières,43,
2.023E+11,31,8,2023,18:10,1,2A,2A032,1,1,1,1,magasin  GIFI Alivella,41,
2.023E+11,21,2,2023,13:30,1,974,97412,2,1,1,7,313 Rue Raphaël Babet,-21,
2.023E+11,1,9,2023,17:25,1,2B,2B346,1,1,1,3,Arena,42,
2.023E+11,7,4,2023,08:45,1,71,71367,2,3,2,3,02 route de lons,46,
2.023E+11,19,3,2023,20:30,3,63,63341,1,1,1,2,Puvic,45,
2.023E+11,21,2,2023,17:50,1,22,22004,1,1,2,5,D767 PR37+500,48,
2.023E+11,31,8,2023,13:30,1,65,65002,2,1,1,4,7 Avenue des Pyrénées,43,
2.023E+11,7,4,2023,08:35,2,61,61187,1,1,1,6,D930 PR15+120,48,
2.023E+11,7,4,2023,11:20,1,46,46066,1,1,1,1,D673,44,
2.023E+11,3,4,2023,20:45,2,44,44182,2,1,1,7,149 Boulevard de l’Océan,47,
2.023E+11,31,8,2023,16:50,1,55,55012,1,1,2,7,D907,48,
2.023E+11,21,2,2023,16:12,1,76,76257,1,1,1,6,A28 vers Rouen,,
2.023E+11,6,4,2023,18:20,1,29,29235,2,6,1,3,2 route de Kerscao,48,
2.023E+11,20,2,2023,15:35,1,974,97410,1,1,1,2,267 Route Nationale 2,-21,
2.023E+11,1,9,2023,02:00,3,12,12145,1,1,1,6,route départementale 809,44,
2.023E+11,1,9,2023,13:50,1,42,42329,2,1,7,6,Route Bleue,45,
2.023E+11,21,2,2023,06:45,2,41,41289,1,1,1,1,RD 74,47,
2.023E+11,7,4,2023,12:48,1,31,31052,1,1,1,1,route de toulouse,43,
2.023E+11,31,8,2023,15:00,1,22,22158,1,1,1,1,Kerguedo,48,
2.023E+11,6,4,2023,09:09,1,38,38150,2,3,7,1,Avenue Aristide Berges,45,
2.023E+11,21,2,2023,16:35,1,19,19269,1,1,1,7,Les Jardines,45,
2.023E+11,27,8,2023,02:45,3,22,22232,1,3,1,6,Route de Saint-Quay-Portrieux,48,
2.023E+11,6,4,2023,16:30,1,3,3135,1,9,1,6,Route départemental 37,46,
2.023E+11,22,2,2023,14:15,1,80,80417,1,1,1,6,CD 337,49,
2.023E+11,1,9,2023,03:45,3,25,25489,1,1,1,6,RD442,47,
2.023E+11,7,4,2023,10:40,1,58,58142,1,1,1,6,D132,46,
2.023E+11,1,9,2023,14:55,1,34,34154,1,1,1,2,D62,43,
2.023E+11,7,4,2023,08:40,1,6,6112,2,1,1,1,D2085,43,
2.023E+11,31,8,2023,09:42,1,29,29209,1,1,2,6,Lieu Dit Kerven,48,
2.023E+11,22,2,2023,07:50,2,61,61043,1,1,5,1,D955,48,
2.023E+11,5,4,2023,18:20,1,27,27108,2,2,1,1,D54,48,
2.023E+11,1,9,2023,11:05,1,2,2810,2,1,2,6,36 Rue du 18 Juillet 1918,49,
2.023E+11,1,9,2023,16:35,1,84,84017,1,1,1,7,Route du Mont-ventoux,44,
2.023E+11,22,2,2023,09:45,1,44,44119,1,1,2,1,1 Rue de la Garnache,46,
2.023E+11,6,4,2023,16:50,1,66,66172,2,1,1,6,N/A,42,
2.023E+11,22,2,2023,15:30,1,29,29177,1,3,1,3,Moulin du Pont Rheun,48,
2.023E+11,1,9,2023,09:08,1,3,3226,1,1,1,3,D994,46,
2.023E+11,5,4,2023,18:05,1,6,6088,1,1,1,4,A8 PK 185.300 - Bretelle de sortie 50 - Chaussée Sud,43,
2.023E+11,22,2,2023,09:45,1,38,38257,1,1,1,7,D520,45,
2.023E+11,1,9,2023,06:00,2,1,1024,1,1,1,3,Route de Montrevel,46,
2.023E+11,1,2,2023,11:25,1,26,26338,1,6,1,3,D74,44,
2.023E+11,1,9,2023,05:15,3,70,70313,1,1,2,7,RN 19,47,
2.023E+11,7,4,2023,10:30,1,27,27036,1,1,1,5,RN 12 PK 020.900,48,
2.023E+11,21,2,2023,07:59,1,54,54073,1,1,9,7,RD 904,48,
2.023E+11,1,9,2023,18:25,2,70,70488,1,1,1,7,D434,47,
2.023E+11,21,2,2023,22:10,3,72,72180,2,1,1,6,71 residence des vignes,48,
2.023E+11,7,4,2023,15:15,1,13,13051,1,9,1,2,Autoroute A7 sens LYON/MARSEILLE PK 237+418,43,
2.023E+11,22,2,2023,19:30,3,5,5156,1,1,1,6,RD340,44,
2.023E+11,24,8,2023,08:00,1,72,72386,1,1,1,6,route de l'ardoise,48,
2.023E+11,7,4,2023,11:30,1,13,13021,2,6,1,3,Place Jean Jaures,43,
2.023E+11,1,9,2023,08:30,1,50,50081,2,1,8,6,443 Le Grand Chemin,48,
2.023E+11,21,2,2023,13:25,1,18,18135,1,2,1,1,,46,
2.023E+11,21,2,2023,16:50,1,16,16070,1,1,8,2,ROUTE D ANGOULEME,45,
2.023E+11,4,4,2023,16:50,1,91,91044,2,1,1,2,54 Avenue de la Division Leclerc,48,
2.023E+11,29,8,2023,09:25,1,83,83012,2,3,1,3,Route de Draguignan,43,
2.023E+11,22,2,2023,06:00,3,53,53198,1,1,5,1,D119,48,
2.023E+11,3,4,2023,11:00,1,83,83094,1,1,1,2,Route départementale 44,43,
2.023E+11,31,8,2023,17:30,1,36,36220,1,1,1,6,N/A,46,
2.023E+11,22,2,2023,07:40,1,85,85078,1,1,2,1,D25c,46,
2.023E+11,6,4,2023,15:10,1,13,13074,1,1,1,6,Route Départentale 96,43,
2.023E+11,21,2,2023,04:45,4,27,27198,2,1,5,6,RD50,,
2.023E+11,6,12,2023,13:40,1,13,13047,2,1,1,1,ROUQUIER CHEMIN DU,43,
2.023E+11,30,8,2023,16:00,1,16,16044,1,2,1,5,Intersection D176/D56,46,
2.023E+11,7,4,2023,16:50,1,89,89085,1,1,1,6,N/A,47,
2.023E+11,20,2,2023,23:13,4,88,88313,2,9,1,6,4 Rue du Haut de Fosse,48,
2.023E+11,6,12,2023,17:20,5,10,10362,2,3,1,6,GENERAL GALLIENI (RUE DU),48,
2.023E+11,7,4,2023,12:28,1,89,89257,2,6,1,6,Rue Pierre Larousse,47,
2.023E+11,30,8,2023,15:45,1,53,53002,1,1,1,7,Montgiroux,48,
2.023E+11,6,12,2023,12:20,1,7,7102,2,1,1,6,REPUBLIQUE (AV. DE LA) [DU N° AU N°],44,
2.023E+11,1,9,2023,18:25,1,85,85084,1,1,1,2,RD160,46,
2.023E+11,6,4,2023,18:50,1,71,71251,1,4,1,3,D681,46,
2.023E+11,21,2,2023,18:20,2,28,28199,1,1,1,6,A10,48,
2.023E+11,6,12,2023,20:25,5,6,6088,2,1,1,3,VOIE RAPIDE,43,
2.023E+11,31,8,2023,11:30,1,85,85135,2,1,1,6,RD 746,46,
2.023E+11,6,4,2023,21:30,3,69,69024,1,1,1,6,Montee de l’Azergues,45,
2.023E+11,6,12,2023,06:20,5,6,6029,2,5,1,1,GRASSE (AVENUE DE),43,
2.023E+11,31,8,2023,17:48,1,28,28032,1,1,1,5,N154,48,
2.023E+11,21,2,2023,15:43,1,21,21515,2,1,1,6,Rue de l'Eglise,47,
2.023E+11,28,3,2023,08:55,1,32,32091,1,1,1,3,Bordeneuve de Plaisance,43,
2.023E+11,7,12,2023,19:55,4,6,6027,2,1,1,1,VAL EN SOL AVENUE DE,43,
2.023E+11,1,9,2023,09:00,1,28,28414,2,1,1,6,Grande Rue,48,
2.023E+11,21,2,2023,12:36,1,77,77505,1,1,1,7,D33 A1,48,
2.023E+11,6,4,2023,20:51,3,9,9282,2,1,1,2,Route d'Espagne,43,
2.023E+11,1,9,2023,00:50,3,17,17465,2,1,1,7,11 Route de l'Océan,45,
2.023E+11,7,12,2023,09:20,1,6,6123,2,1,1,3,LECLERC GENERAL AVENUE,43,
2.023E+11,22,2,2023,08:40,1,34,34341,1,1,1,5,D5E8,43,
2.023E+11,6,12,2023,17:30,5,6,6004,1,9,1,1,NICE(RN.7) AV.ET RTE DE,43,
2.023E+11,24,8,2023,20:50,3,17,17443,1,2,2,3,D110,46,