Num_Acc,jour,mois,an,hrmn,lum,dep,com,agg,int,atm,col,adr,lat,long
2.023E+11,7,12,2023,11:45,1,4,4112,2,1,1,6,VOLX (AV.DE),43,
2.023E+11,7,4,2023,09:30,1,33,33240,2,3,1,4,Rue Pierre Curie,45,
2.023E+11,10,2,2023,15:15,1,34,34344,2,9,1,3,7 Rue des Artisans,43,
2.023E+11,7,12,2023,19:51,3,3,3321,2,1,2,2,Rue des Planchards,46,
2.023E+11,6,4,2023,17:10,1,33,33085,2,1,1,6,Chemin de Fontbonne,44,
2.023E+11,27,8,2023,05:00,5,48,48034,2,6,2,5,Avenue du Lot,44,
2.023E+11,17,2,2023,10:10,1,26,26124,1,1,1,4,A7 - PK 081.000,44,
2.023E+11,7,12,2023,13:00,1,3,3101,1,1,1,2,N/A,46,
2.023E+11,1,9,2023,09:00,1,13,13091,1,2,1,3,D7n,43,
2.023E+11,7,4,2023,11:05,1,33,33284,1,3,1,4,Chemin de l'Estauleyre,44,
2.023E+11,6,12,2023,08:05,2,2,2722,2,9,8,6,GLE ET DE LA DIVISION LECLERC (AV. DU ),49,
2.023E+11,21,2,2023,18:20,2,33,33061,1,3,1,3,D936,44,
2.023E+11,1,9,2023,03:30,3,18,18214,1,1,2,7,N/A,47,
2.023E+11,6,12,2023,20:00,5,2,2340,2,1,1,3,32 Rue Georges Herbin,49,
2.023E+11,4,4,2023,14:19,1,44,44026,1,3,1,3,1 Route de la Charmelière,47,
2.023E+11,20,2,2023,23:09,3,13,13210,1,1,1,2,A50-Sens Marseille vers Aubagne,43,
2.023E+11,31,8,2023,18:30,1,13,13118,1,3,1,3,D10,43,
2.023E+11,7,4,2023,17:52,1,60,60628,1,1,1,2,N31,49,
2.023E+11,7,12,2023,14:20,1,75,75118,2,1,2,3,PORTE DE LA CHAPELLE,48,
2.023E+11,19,2,2023,16:45,1,33,33281,1,1,1,4,ROCADE A 630,44,
2.023E+11,7,12,2023,14:05,1,75,75112,2,1,1,2,PORTE DE CHARENTON,48,
2.023E+11,24,6,2023,18:00,1,51,51454,1,1,1,2,A344,49,
2.023E+11,6,4,2023,17:10,1,13,13215,1,1,1,7,A507 sens Marseille - Aubagne,43,
2.023E+11,21,2,2023,08:45,1,91,91687,1,1,1,3,AUTOROUTE A6,48,
2.023E+11,27,8,2023,22:35,5,31,31254,1,6,1,6,D916,43,
2.023E+11,6,12,2023,16:00,2,75,75119,2,1,1,2,PORTE DE PANTIN,48,
2.023E+11,20,2,2023,21:35,3,91,91174,1,9,1,7,RN 104,48,
2.023E+11,31,8,2023,14:45,1,34,34172,1,1,1,2,autoroute A709 PK 011+400 sens béziers nimes,43,
2.023E+11,6,4,2023,08:40,1,13,13081,1,1,1,4,A7-Sens Lyon vers Marseille,43,
2.023E+11,20,2,2023,10:15,1,91,91161,1,1,1,4,AUTOROUTE A6,48,
2.023E+11,1,9,2023,14:05,1,55,55237,1,1,1,2,AUTOROUTE A4 PK 265+200,49,
2.023E+11,21,2,2023,17:45,1,78,78423,1,1,1,6,N12W,48,
2.023E+11,6,12,2023,08:15,1,75,75112,2,1,1,4,PORTE DE CHARENTON,48,
2.023E+11,6,4,2023,07:40,2,33,33003,1,1,1,4,AUTOROUTE A 10,44,
2.023E+11,21,2,2023,11:45,1,93,93006,1,1,1,3,AUTOROUTE A3,48,
2.023E+11,7,12,2023,13:50,1,75,75117,2,1,8,3,BOULEVARD PERIPHERIQUE,48,
2.023E+11,6,4,2023,18:00,1,91,91689,1,1,1,2,AUTOROUTE A6B,48,
2.023E+11,1,9,2023,12:50,1,45,45020,1,1,1,2,A10 PR 115 + 450,47,
2.023E+11,6,12,2023,20:10,5,75,75102,2,2,8,6,RUE MONTMARTRE,48,
2.023E+11,21,2,2023,10:00,1,93,93066,1,1,1,5,AUTOROUTE A86,48,
2.023E+11,1,9,2023,13:00,1,33,33229,1,1,1,3,D106,44,
2.023E+11,6,4,2023,12:45,1,91,91228,1,1,2,2,AUTOROUTE A6,48,
2.023E+11,6,12,2023,12:40,1,75,75114,2,1,1,3,BOULEVARD PERIPHERIQUE INTERIEUR SUD,48,
2.023E+11,20,2,2023,09:00,1,95,95582,1,1,1,2,A15,48,
2.023E+11,31,8,2023,16:35,1,971,97117,1,1,1,6,N5 - section Lacroix,16,
2.023E+11,6,4,2023,12:50,1,91,91692,1,1,1,3,RN 118,48,
2.023E+11,7,12,2023,18:13,5,75,75105,2,2,2,6,RUE DES ECOLES,48,
2.023E+11,20,2,2023,11:00,1,28,28229,2,1,1,6,PHILIPPE (AVENUE GERARD),48,
2.023E+11,31,8,2023,19:16,5,971,97129,2,3,1,3,Belle Rivière,16,
2.023E+11,6,4,2023,08:30,1,94,94003,1,1,2,7,A6B,48,
2.023E+11,7,12,2023,02:38,5,75,75117,2,2,1,3,AVENUE DE LA PORTE D ASNIERES,48,
2.023E+11,6,4,2023,17:00,1,78,78297,1,1,1,3,RN12,48,
2.023E+11,7,12,2023,22:00,3,75,75115,2,1,3,6,BOULEVARD LEFEBVRE,48,
2.023E+11,21,2,2023,07:20,1,988,98818,2,3,1,6,RUE COLNETT/RUE PIERRE SAUVAN,-22,
2.023E+11,30,8,2023,14:50,1,44,44020,2,2,2,2,Rue Ginsheim Gustavburg,47,
2.023E+11,31,8,2023,18:43,1,2B,2B162,2,1,1,6,d47,42,
2.023E+11,6,4,2023,17:50,1,78,78455,1,1,1,4,A13,48,
2.023E+11,20,2,2023,14:15,1,974,97411,2,3,1,3,HUBERT DELISLE (AVENUE),-20,
2.023E+11,6,12,2023,23:50,5,75,75114,2,1,1,5,AVENUE DU GENERAL LECLERC,48,
2.023E+11,6,4,2023,07:20,2,92,92023,1,1,1,7,RN385,48,
2.023E+11,29,7,2023,11:45,1,66,66190,1,1,1,1,N/A,42,
2.023E+11,20,2,2023,18:26,1,973,97302,2,3,3,3,ZEPHIR (ROCADE),4,
2.023E+11,7,12,2023,19:45,5,75,75113,2,2,2,6,AVENUE D IVRY,48,
2.023E+11,5,4,2023,18:00,1,95,95061,1,1,1,7,RN 104,49,
2.023E+11,31,8,2023,18:50,1,83,83104,1,1,1,7,Route de Saint Paul Lez Durance,43,
2.023E+11,7,12,2023,20:30,5,75,75112,2,1,2,6,RUE DU FAUBOURG SAINT ANTOINE,48,
2.023E+11,5,4,2023,08:35,1,95,95018,1,1,1,2,D170,48,
2.023E+11,20,2,2023,10:50,1,973,97302,2,2,3,3,HEDER (place),4,
2.023E+11,7,12,2023,08:20,1,75,75112,2,1,1,2,AVENUE DE SAINT MAURICE,48,
2.023E+11,30,8,2023,15:12,1,13,13062,1,1,1,2,D8,43,
2.023E+11,20,2,2023,17:20,1,69,69388,2,1,1,2,30 Rue Saint Romain,45,
2.023E+11,7,12,2023,21:45,5,75,75111,2,1,3,6,RUE DE CHARONNE,48,
2.023E+11,6,4,2023,09:40,1,93,93051,1,1,2,5,A4,48,
2.023E+11,1,9,2023,14:48,1,68,68334,2,1,1,6,Bd Auguste Scheurer Kestner,47,
2.023E+11,7,12,2023,16:37,2,75,75110,2,2,1,6,BOULEVARD DE MAGENTA,48,
2.023E+11,20,2,2023,04:45,5,69,69383,2,2,1,6,Rue Duguesclin,45,
2.023E+11,31,8,2023,21:00,5,68,68348,2,1,1,1,17 Route de Mulhouse,47,
2.023E+11,20,2,2023,15:30,1,972,97209,1,1,1,7,BEAUSEJOUR JAMBETTE (ROUTE),14,
2.023E+11,31,8,2023,16:00,1,67,67156,1,1,8,7,D140,48,
2.023E+11,4,4,2023,18:10,1,67,67482,2,1,1,6,PIERRE CORNEILLE (AVENUE),48,
2.023E+11,7,12,2023,15:55,2,75,75108,2,3,1,3,AVENUE DES CHAMPS ELYSEES,48,
2.023E+11,4,4,2023,14:50,1,67,67482,2,8,2,6,WINSTON CHURCHILL (PONT),48,
2.023E+11,19,2,2023,21:50,3,972,97209,2,4,1,2,RD 41 (ROCADE),14,
2.023E+11,30,8,2023,23:30,3,67,67473,1,1,1,7,D422,48,
2.023E+11,7,12,2023,08:45,1,75,75108,2,2,1,3,BOULEVARD DE COURCELLES,48,
2.023E+11,5,4,2023,04:40,5,974,97416,2,1,1,1,ARCHAMBAUD (RUE),-21,
2.023E+11,1,9,2023,11:58,1,3,3189,1,1,1,1,D159,46,
2.023E+11,20,2,2023,20:10,5,69,69149,2,3,1,3,Rue Francisque Jomard,45,
2.023E+11,6,12,2023,15:46,1,75,75108,2,2,1,2,PLACE CHARLES DE GAULLE,48,
2.023E+11,20,2,2023,18:07,5,69,69149,2,1,1,6,171 Grande Rue,45,
2.023E+11,1,9,2023,13:00,1,42,42094,2,1,1,6,Grande Rue de Randan,45,
2.023E+11,6,12,2023,08:20,1,75,75108,2,2,1,3,BOULEVARD DE COURCELLES,48,
2.023E+11,5,4,2023,13:10,1,973,97302,2,3,8,3,ZEPHIR (ROCADE),4,
2.023E+11,31,8,2023,13:44,1,7,7259,1,3,1,3,Route de Saint-martin,44,
2.023E+11,7,12,2023,10:00,1,75,75102,2,4,1,6,RUE DU LOUVRE,48,
2.023E+11,20,2,2023,15:50,1,69,69384,2,1,1,4,14 Cours d'Herbouville,45,
2.023E+11,7,12,2023,16:04,5,94,94078,2,1,1,3,IMPASSE SAINT GEORGES,48,
2.023E+11,5,4,2023,08:20,1,973,97302,2,2,1,6,MONNERVILLE (AVENUE GASTON),4,
2.023E+11,1,9,2023,16:05,1,69,69131,1,1,1,1,Route des Monts du Lyonnais,45,
2.023E+11,20,2,2023,13:10,1,69,69149,2,2,1,3,Grande Rue,45,
2.023E+11,6,12,2023,08:17,1,94,94068,2,2,1,3,Boulevard de Champigny,48,
2.023E+11,5,4,2023,15:35,1,972,97213,1,1,1,3,AUTOROUTE A1,14,
2.023E+11,20,2,2023,08:00,1,2A,2A004,2,9,1,2,GEORGES POMPIDOU AVENUE,41,
2.023E+11,5,4,2023,09:50,1,69,69149,2,1,1,7,22 Grande Rue,45,
2.023E+11,1,9,2023,17:46,1,49,49301,1,1,9,6,Les Quatre Étalons,47,
2.023E+11,7,12,2023,10:30,1,94,94003,2,9,1,3,Avenue Gabriel Péri,48,
2.023E+11,20,2,2023,13:55,1,91,91692,2,4,1,3,CANADA (AVENUE DU),48,
2.023E+11,5,4,2023,15:00,1,2B,2B037,1,1,1,2,TOUTES RUES,42,
2.023E+11,1,9,2023,13:40,1,50,50594,1,1,1,1,Route du Saussey,49,
2.023E+11,7,12,2023,08:15,1,94,94075,1,1,1,3,Route de la Grange,48,
2.023E+11,4,4,2023,10:30,1,971,97120,1,1,1,6,JEAN JAURES,16,
2.023E+11,20,2,2023,13:54,1,87,87085,2,2,1,3,NAUGEAT (AVENUE DE,45,
2.023E+11,1,9,2023,00:05,3,22,22277,1,1,2,1,Le Mérutel,48,
2.023E+11,7,12,2023,16:50,2,93,93066,2,2,2,3,Avenue du Stade de France / Rue de la Cokerie,48,
2.023E+11,20,2,2023,13:54,1,87,87085,2,1,1,7,FUSTEL DE COULANGES (RUE),45,
2.023E+11,5,4,2023,16:11,1,2A,2A004,2,3,1,3,BONAPARTE CHARLES  BD,41,
2.023E+11,7,12,2023,18:50,5,93,93055,2,5,2,2,Rue Méhul / Rue Gambetta,48,
2.023E+11,19,2,2023,20:40,3,87,87085,1,1,1,6,AUTOROUTE A20,45,
2.023E+11,5,4,2023,07:50,1,2A,2A004,2,3,1,3,BONAPARTE LUCIEN  COURS,41,
2.023E+11,28,8,2023,19:00,1,59,59377,2,1,1,1,3 Rue Jean Jaures,50,
2.023E+11,7,12,2023,19:50,5,93,93047,2,3,2,3,Avenue Jean Jaurés / Avenue des Violettes,48,
2.023E+11,19,2,2023,16:42,1,87,87085,2,1,1,4,MATISSE (RUE HENRI),45,
2.023E+11,31,8,2023,19:15,1,13,13214,1,1,1,2,A507 sens Marseille - Aubagne,43,
2.023E+11,7,12,2023,08:26,1,93,93029,2,3,1,3,Avenue Henri Barbusse / Rue Gabriel Puech ,48,
2.023E+11,19,2,2023,13:47,1,87,87075,1,3,1,3,D20,45,
2.023E+11,16,8,2023,12:00,1,13,13071,1,1,1,3,A5501DSens Lyon vers A55-Mlle Vieux Port,43,
2.023E+11,7,12,2023,20:25,5,93,93014,2,2,2,6,Carrefour des Libertés / Boulevard Gagarine,48,
2.023E+11,20,2,2023,05:00,3,84,84035,2,1,1,1,MARSEILLE-RD938 (ROUTE DE),43,
2.023E+11,5,4,2023,16:40,1,91,91570,2,9,1,6,BOIELDIEU (RUE),48,
2.023E+11,30,8,2023,18:23,1,13,13005,1,1,1,2,A50-Sens Marseille vers Aubagne,43,
2.023E+11,20,2,2023,20:30,5,83,83137,2,1,1,1,FAVIERES (CHEMIN DES),43,
2.023E+11,5,4,2023,10:05,1,91,91286,2,1,1,3,NATIONALE 7 (ROUTE),48,
2.023E+11,7,12,2023,20:15,5,93,93007,2,4,2,3,Rue Alexandre Dumas / Avenue Pasteur,48,
2.023E+11,30,8,2023,13:35,1,13,13056,1,1,1,2,A55-Sens Martigues vers Marseille,43,
2.023E+11,19,2,2023,19:43,5,78,78440,2,1,1,2,SEINE (RUE DE),48,
2.023E+11,5,4,2023,10:25,1,91,91433,1,1,7,6,ROCHETTES (RUE DES),48,
2.023E+11,30,8,2023,10:15,1,83,83144,1,1,1,2,A57,43,
2.023E+11,6,12,2023,20:00,5,92,92078,2,9,1,3,MARECHAL LECLERC (AVENUE) (PAIRS),48,
2.023E+11,31,8,2023,07:25,1,33,33122,1,1,1,6,AUTOROUTE A 63,44,
2.023E+11,5,4,2023,09:47,1,87,87050,2,1,1,6,LIMOGES (AVENUE DE),45,
2.023E+11,7,12,2023,09:00,1,92,92073,2,1,1,3,GAULLE (AVENUE GENERAL CHARLES DE),48,
2.023E+11,31,8,2023,17:10,1,94,94076,1,1,2,2,A6B,48,
2.023E+11,5,4,2023,21:05,5,83,83069,2,2,1,3,PERRON (AVENUE JEAN JACQUES),43,
2.023E+11,6,12,2023,20:50,5,92,92072,2,3,1,3,BRUYERES (RUE DES),48,
2.023E+11,10,2,2023,09:00,1,76,76351,1,1,1,6,SPORTS,49,
2.023E+11,5,12,2023,20:30,5,92,92072,2,1,2,7,BALZAC (RUE HONORE DE),48,
2.023E+11,31,8,2023,08:47,1,91,91228,1,1,8,4,AUTOROUTE A6,48,
2.023E+11,3,3,2023,17:15,1,78,78158,2,6,1,6,CHARLES DE GAULLE (AVENUE),48,
2.023E+11,31,8,2023,07:01,2,91,91434,1,1,1,2,AUTOROUTE A6,48,
2.023E+11,5,4,2023,20:15,2,78,78372,2,1,1,6,FONTENELLE (RUE),48,
2.023E+11,7,12,2023,19:45,5,92,92050,1,3,2,4,RD 914,48,
2.023E+11,20,2,2023,19:25,5,73,73008,2,6,1,6,LEPIC BOULEVARD,45,
2.023E+11,7,12,2023,17:45,2,92,92050,2,9,8,6,18 OCTOBRE 1961 RUE,48,
2.023E+11,30,8,2023,19:45,1,91,91471,1,9,1,2,RN 118,48,
2.023E+11,3,4,2023,19:10,1,78,78418,2,3,1,3,ROBERT LAFORGE (BOULEVARD),48,
2.023E+11,19,2,2023,18:15,2,71,71306,2,2,1,3,ALOUETTES (AVENUE DES),46,
2.023E+11,6,12,2023,20:00,5,92,92050,2,9,1,3,LENINE VLADIMIR ILITCH AVENUE,48,
2.023E+11,30,8,2023,14:45,1,93,93027,1,1,1,2,AUTOROUTE A86,48,
2.023E+11,5,4,2023,21:00,5,78,78624,1,1,1,1,L'HAUTIL RUE CD2,48,
2.023E+11,31,8,2023,18:15,1,94,94018,1,1,8,6,A4,48,
2.023E+11,5,12,2023,12:10,1,92,92024,2,1,2,7,CLICHY (QUAI DE) DE (104 A 202),48,
2.023E+11,20,2,2023,17:40,1,69,69271,2,3,1,3,Avenue du Progrès,45,
2.023E+11,7,12,2023,20:15,5,92,92012,2,1,3,6,GEORGES GORSE (QUAI),48,
2.023E+11,31,8,2023,08:30,1,77,77363,1,1,1,2,A104,48,
2.023E+11,17,2,2023,20:00,5,67,67482,2,1,1,3,DOUBS (RUE DU),48,
2.023E+11,8,12,2023,18:30,5,24,24294,2,1,1,2,Avenue de l'Europe,45,
2.023E+11,24,7,2023,22:36,4,59,59350,2,3,1,6,COURBET GUSTAVE  RUE,50,
2.023E+11,5,4,2023,20:00,1,77,77070,1,1,1,7,D209,48,
2.023E+11,7,12,2023,19:30,5,95,95480,2,1,3,6,RAYMOND POINCARE (RUE),49,
2.023E+11,18,2,2023,16:43,1,66,66136,2,3,1,6,,42,
2.023E+11,7,12,2023,22:30,3,31,31074,1,1,3,6,D20,43,
2.023E+11,12,4,2023,15:00,1,73,73154,1,1,2,1,RD104,45,
2.023E+11,4,4,2023,13:50,1,76,76351,2,2,1,1,FRANCOIS 1ER (BD),49,
2.023E+11,17,2,2023,18:08,2,66,66136,1,1,1,3,RN 116,42,
2.023E+11,8,12,2023,10:30,1,71,71497,1,1,2,6,Autoroute A6 sens LYON-PARIS PK 384+350,46,
2.023E+11,4,4,2023,15:00,1,73,73031,2,3,1,3,BASSENS (AVENUE DE),45,
2.023E+11,20,2,2023,22:05,5,64,64445,1,1,1,1,OLOF PALME,43,
2.023E+11,26,6,2023,10:20,1,64,64348,2,6,1,3,EUROPE DE L',43,
2.023E+11,8,12,2023,08:30,1,974,97404,2,1,2,3,213 Avenue Raymond Barre,-21,
2.023E+11,5,4,2023,19:30,1,69,69259,2,1,1,2,Avenue Pierre Sémard,45,
2.023E+11,20,2,2023,03:00,3,64,64122,2,1,1,7,BORDOLO (RUE),43,
2.023E+11,8,12,2023,10:44,1,63,63035,1,2,2,3,D2144 / D403,45,
2.023E+11,23,2,2023,14:20,1,39,39362,2,4,1,3,6 Place des Salines,46,
2.023E+11,20,2,2023,09:00,1,63,63113,2,1,1,7,POINCARE (COURS RAYMOND),45,
2.023E+11,8,12,2023,06:28,5,86,86226,1,1,2,5,D951,46,
2.023E+11,26,5,2023,01:45,5,1,1053,2,2,1,3,LEVRIER (BD ANDRE) PAIR,46,
2.023E+11,4,4,2023,19:35,2,67,67267,2,6,1,3,MARECHAL FOCH (RUE DU),48,
2.023E+11,18,2,2023,23:05,5,63,63113,2,9,1,3,Av Michelin / parking InterMarché,45,
2.023E+11,30,11,2023,23:00,3,84,84029,1,1,2,7,chemin des mulets,44,
2.023E+11,17,1,2023,17:58,5,93,93053,2,3,1,3,Avenue de Rosny / Rue Jean Mermoz,48,
2.023E+11,4,4,2023,11:45,1,67,67482,2,3,1,6,FORET NOIRE (AVENUE DE LA),48,
2.023E+11,6,12,2023,14:40,1,85,85109,2,6,7,6,RD160,46,
2.023E+11,2,2,2023,00:45,5,62,62525,2,3,1,6,Route de Blendecques,50,
2.023E+11,7,12,2023,08:00,1,63,63178,1,1,1,2,A75 PK31+200,45,
2.023E+11,20,2,2023,20:30,5,59,59599,2,8,1,6,CHANZY (RUE),50,
2.023E+11,30,8,2023,17:15,1,973,97302,1,1,1,3,ROUTE NATIONALE 1,4,
2.023E+11,2,4,2023,16:45,1,59,59560,2,3,1,3,EPINETTE RUE DE L,50,
2.023E+11,8,12,2023,07:45,2,30,30217,2,1,2,6,2 Route d'Orange,43,
2.023E+11,5,4,2023,22:25,5,56,56260,2,1,2,3,53 Boulevard de la Paix,47,
2.023E+11,20,2,2023,14:35,1,51,51172,2,6,1,3,Route de Taissy,49,
2.023E+11,30,8,2023,12:20,1,972,97209,1,1,1,6,GODISSARD (BOULEVARD),14,
2.023E+11,8,12,2023,07:25,3,30,30141,1,1,2,1,D9,44,
2.023E+11,5,4,2023,18:00,1,51,51454,2,1,1,6,avenue du 18 Juin 1940,49,
2.023E+11,5,4,2023,18:15,1,49,49099,2,1,1,6,MUTUALITE (RUE DE LA),47,
2.023E+11,7,12,2023,20:10,3,56,56070,1,1,2,3,N/A,47,
2.023E+11,30,8,2023,22:55,3,69,69389,2,2,1,3,Rue des Docks,45,
2.023E+11,4,4,2023,12:47,1,49,49007,2,1,1,7,CHATEAU D'ORGEMONT RUE ET SQU,47,
2.023E+11,8,12,2023,11:45,1,56,56042,1,1,1,1,Lieu Dit Kerras,47,
2.023E+11,17,2,2023,18:34,2,51,51108,2,1,1,6,Rue Emile Schmit,48,
2.023E+11,7,12,2023,12:01,1,59,59094,2,1,1,6,Rue Jean Jaures,50,
2.023E+11,5,4,2023,17:15,1,45,45298,2,1,1,2,1 Rue des Cygnes,47,
2.023E+11,19,2,2023,16:18,1,49,49007,2,2,1,6,TILLON,47,
2.023E+11,5,12,2023,17:30,5,2A,2A130,2,9,1,6,boulevard marie-jeanne bozzi,41,
2.023E+11,17,3,2023,12:45,1,44,44109,2,1,1,2,62bis Boulevard Victor Hugo,47,
2.023E+11,8,12,2023,16:30,1,89,89339,1,1,1,6,Route Départementale 86,47,
2.023E+11,18,3,2023,03:55,3,44,44109,2,1,1,6,143 Boulevard Auguste Péneau,47,
2.023E+11,19,2,2023,11:17,1,49,49007,2,1,1,1,MONTESQUIEU PASSAGE,47,
2.023E+11,26,8,2023,00:50,3,84,84080,1,1,1,2,CD 942 DE CARPENTRAS A RTE SARRIANS,44,
2.023E+11,5,4,2023,06:00,5,44,44143,2,1,1,3,Route des Sorinières,47,
2.023E+11,7,12,2023,17:42,3,63,63031,1,1,1,1,D 214,45,
2.023E+11,20,2,2023,11:50,1,47,47032,1,4,1,3,Denis Papin (Rue),44,
2.023E+11,5,4,2023,08:40,1,35,35206,1,1,1,2,RD 837,48,
2.023E+11,8,12,2023,19:00,3,61,61284,1,1,1,1,D8,48,
2.023E+11,26,8,2023,23:45,5,83,83126,2,2,2,3,JUIN (AV MARECHAL),43,
2.023E+11,5,4,2023,01:24,3,34,34301,1,1,1,7,Route d'Agde,43,
2.023E+11,20,2,2023,15:30,1,44,44162,2,1,1,6,Boulevard Salvador Allende,47,
2.023E+11,8,12,2023,15:55,1,49,49215,1,1,1,1,D761,47,
2.023E+11,30,8,2023,19:40,1,77,77053,2,1,1,2,RUE DU GENERAL LECLERC,48,
2.023E+11,5,4,2023,09:33,1,34,34003,2,6,1,3,2 Avenue de la Mediterranee,43,
2.023E+11,8,12,2023,06:20,3,12,12016,1,1,2,6,rd 840,44,
2.023E+11,11,2,2023,00:15,3,44,44143,1,1,1,6,,47,
2.023E+11,8,12,2023,14:05,1,25,25287,2,1,1,6,Route de Besançon,47,
2.023E+11,5,4,2023,17:30,1,33,33550,2,1,1,1,Rue Pablo Neruda,44,
2.023E+11,7,12,2023,15:15,1,25,25468,1,1,1,6,D30,47,
2.023E+11,18,2,2023,18:30,5,39,39198,2,9,1,6,Av. Foch / Rue de Franche-Comté,47,
2.023E+11,30,8,2023,16:45,1,77,77111,2,2,1,3,AV HERGE,48,
2.023E+11,5,4,2023,08:50,1,31,31555,2,1,1,6,DEMOISELLES (ALL DES) DU 2AU 80,43,
2.023E+11,20,2,2023,14:10,1,38,38421,2,1,1,6,AVENUE BENOÎT FRACHON,45,
2.023E+11,7,12,2023,09:15,1,44,44089,1,2,3,3,Les Chaillereaux,47,
2.023E+11,30,8,2023,18:00,1,76,76540,2,3,1,2,Route de Darnetal,49,
2.023E+11,5,4,2023,06:04,4,31,31555,2,9,1,3,EISENHOWER (AVENUE DU GENERAL),43,
2.023E+11,6,12,2023,11:21,1,44,44152,1,2,1,3,42 Le Champ Blanc,47,
2.023E+11,30,8,2023,18:10,1,69,69266,2,1,1,6,Rue Général Dayan,45,
2.023E+11,2,4,2023,15:45,1,30,30028,2,6,1,3,Avenue de la Mayre,44,
2.023E+11,20,2,2023,17:05,1,35,35238,1,1,1,4,RN136,48,
2.023E+11,7,12,2023,14:20,1,44,44087,1,1,2,1,sainte marie (Machecoul),46,
2.023E+11,20,2,2023,10:15,1,33,33063,2,1,1,2,Rue de Caudéran,44,
2.023E+11,30,8,2023,04:23,3,68,68195,1,1,1,6,AUTOROUTE A 36,47,
2.023E+11,7,12,2023,01:10,3,29,29247,1,1,3,6,RN165,47,
2.023E+11,3,4,2023,07:25,1,19,19031,2,3,1,3,"""MOULIN (BOULEVARD JEAN) COTE """"LES CEDR",45,
2.023E+11,20,2,2023,17:05,1,31,31555,2,1,1,1,AV LOUIS BREGUET,43,
2.023E+11,26,8,2023,22:07,5,66,66136,1,1,1,6,N/A,42,
2.023E+11,8,12,2023,15:55,1,2,2810,1,1,1,1,D973,49,
2.023E+11,8,12,2023,16:09,1,3,3217,1,1,2,6,609 route du mont,46,
2.023E+11,4,4,2023,19:45,2,13,13096,2,1,1,3,VAQUETTE DRAILLE DE LA,43,
2.023E+11,20,2,2023,07:50,1,31,31555,2,1,5,3,AV DE REYNERIE,43,
2.023E+11,30,8,2023,11:45,1,64,64348,2,1,3,5,MARTYRS DU PONT LONG DES,43,
2.023E+11,8,12,2023,16:25,1,1,1134,1,1,1,1,D1179,46,
2.023E+11,5,4,2023,19:35,2,13,13103,2,1,1,1,RUE DU DOCTEUR DELEUIL,43,
2.023E+11,20,2,2023,17:34,1,29,29039,2,1,1,4,RD 783,47,
2.023E+11,5,4,2023,11:10,1,13,13213,2,1,1,3,ALBERT EINSTEIN (RUE),43,
2.023E+11,30,8,2023,18:52,1,64,64122,2,2,8,3,OSSUNA (AVENUE D'),43,
2.023E+11,20,2,2023,16:33,1,29,29039,2,6,1,6,Rue du Poteau Vert,47,
2.023E+11,7,12,2023,18:30,3,1,1232,1,1,1,5,D996,46,
2.023E+11,5,4,2023,23:30,5,13,13004,1,1,1,2,RTE N113 MARSEILLE A BORBEAUX,43,
2.023E+11,15,2,2023,08:54,2,29,29019,2,6,1,3,rue Amiral Romain-Desfossés,48,
2.023E+11,30,8,2023,18:50,1,59,59183,2,3,1,3,DELATTRE DE TASSIGNY,51,
2.023E+11,7,12,2023,18:39,3,18,18141,1,1,2,4,N/A,47,
2.023E+11,16,7,2023,11:20,1,42,42218,2,1,1,6,Rue Gutenberg,45,
2.023E+11,20,2,2023,14:19,1,27,27229,2,1,1,2,JOSEPHINE (RUE),49,
2.023E+11,6,12,2023,08:50,1,53,53249,1,1,5,1,d143,48,
2.023E+11,4,4,2023,17:18,1,10,10387,2,6,1,6,GEORGES POMPIDOU (RUE),48,
2.023E+11,30,8,2023,13:00,1,37,37195,1,1,2,7,SAINT-GENOUPH (ROUTE DE),47,
2.023E+11,5,12,2023,18:35,5,21,21554,2,1,1,6,2 Rue Monge,47,
2.023E+11,20,2,2023,21:02,5,18,18033,2,1,1,6,1 Rue Raymond Boisde,47,
2.023E+11,17,3,2023,19:10,1,6,6155,2,1,1,6,ROUVIER BD MAURICE,43,
2.023E+11,30,11,2023,13:45,1,30,30006,1,9,8,7,D6313,43,
2.023E+11,29,8,2023,09:35,1,37,37122,2,1,1,1,VERDUN (RUE DE),47,
2.023E+11,18,2,2023,17:20,1,13,13039,1,1,1,1,CARRELET (Allée du),43,
2.023E+11,2,4,2023,10:25,1,2,2168,2,6,2,3,Place Jean de la Fontaine,49,
2.023E+11,28,8,2023,08:55,1,32,32013,2,1,1,6,TREILLE (PONT DE LA),43,
2.023E+11,20,2,2023,10:20,1,13,13215,2,1,1,2,LE CHATELIER,43,
2.023E+11,5,4,2023,09:45,1,1,1053,2,2,1,6,DE GAULLE ( BD GAL) PAIR,46,
2.023E+11,5,12,2023,07:18,3,80,80365,1,1,3,6,A29,,
2.023E+11,29,8,2023,15:45,1,29,29039,1,1,1,2,Chemin de Kersaby.,47,
2.023E+11,8,12,2023,08:50,1,5,5173,1,1,3,6,autoroute A 51 PK 134.900,44,
2.023E+11,5,4,2023,09:10,1,94,94052,2,7,1,6,CHARLES DE GAULLE (GRAND RUE),48,
2.023E+11,20,2,2023,02:30,5,13,13210,2,1,1,1,RABATAU (BOULEVARD),43,
2.023E+11,7,12,2023,06:47,2,6,6084,1,1,1,7,D6185,43,
2.023E+11,7,12,2023,06:40,2,6,6084,1,1,1,7,D6185,43,
2.023E+11,30,8,2023,18:40,1,26,26362,1,9,1,5,N532,44,
2.023E+11,5,4,2023,08:05,1,75,75117,2,1,1,2,PORTE DE SAINT OUEN,48,