Num_Acc,jour,mois,an,hrmn,lum,dep,com,agg,int,atm,col,adr,lat,long
2.023E+11,18,2,2023,23:45,5,13,13213,2,6,1,3,OLIVES (AVENUE DES),43,
2.023E+11,7,12,2023,08:30,1,13,13051,2,2,1,6,Boulevard Victor Hugo,43,
2.023E+11,4,4,2023,19:40,1,75,75117,2,1,1,6,PORTE DE CLICHY,48,
2.023E+11,20,2,2023,08:50,1,13,13005,2,1,7,6,GOUMS (AVENUE DES),43,
2.023E+11,6,12,2023,12:15,1,68,68224,1,1,1,2,Autoroute A36,47,
2.023E+11,5,4,2023,10:50,1,75,75106,2,2,1,3,RUE DE L ANCIENNE COMEDIE,48,
2.023E+11,7,12,2023,23:40,5,95,95250,2,1,2,7,1D CUGNOT (RUE),49,
2.023E+11,30,8,2023,19:00,1,14,14117,2,2,1,3,2 Avenue des Peupliers,49,
2.023E+11,5,4,2023,19:20,1,75,75119,2,1,1,3,AVENUE SECRETAN,48,
2.023E+11,3,12,2023,11:30,1,13,13076,1,1,1,3,A7 - PK 208.000 sens sud nord,43,
2.023E+11,20,2,2023,23:10,5,6,6088,2,1,1,4,STE-MARGUERITE (AV.) (A PARTIR DU 62-63),43,
2.023E+11,30,8,2023,20:47,4,13,13210,2,1,1,6,JEAN MOULIN (BOULEVARD),43,
2.023E+11,8,12,2023,08:30,2,44,44020,2,1,2,3,Rue de l'Halbrane,47,
2.023E+11,5,4,2023,15:00,1,75,75118,2,2,1,6,RUE JOSEPH DE MAISTRE,48,
2.023E+11,30,8,2023,20:30,2,13,13213,2,1,1,1,VALDONNE (AVENUE DE),43,
2.023E+11,20,2,2023,15:00,1,4,4112,2,4,1,2,VOLX (AV.DE),43,
2.023E+11,6,12,2023,17:20,3,77,77234,1,4,5,3,D45,48,
2.023E+11,30,8,2023,15:30,1,13,13209,2,1,1,6,REDON (BOULEVARD DU),43,
2.023E+11,5,4,2023,13:00,1,75,75118,2,9,1,6,RUE DE CLIGNANCOURT,48,
2.023E+11,8,12,2023,07:50,3,91,91579,2,1,1,6,Route Nationale,48,
2.023E+11,30,8,2023,07:20,1,13,13002,1,1,1,1,DES TERMES (ROUTE) RD 908,43,
2.023E+11,5,4,2023,16:40,1,75,75115,2,2,1,1,RUE MADEMOISELLE,48,
2.023E+11,20,2,2023,15:56,1,75,75118,2,2,1,6,BOULEVARD BARBES,48,
2.023E+11,8,12,2023,13:15,1,34,34199,1,1,8,7,D13,43,
2.023E+11,30,8,2023,01:10,5,13,13005,2,1,1,6,BOYER (AVENUE ANTIDE),43,
2.023E+11,19,2,2023,22:00,5,75,75115,2,3,1,1,RUE DE L ABBE GROULT,48,
2.023E+11,29,8,2023,21:10,5,10,10060,2,1,1,6,GENERAL LECLERC (RUE DU),48,
2.023E+11,8,12,2023,10:50,1,42,42094,1,4,2,3,Route de Lyon,45,
2.023E+11,20,2,2023,14:21,1,75,75120,2,4,1,2,AVENUE CARTELLIER,48,
2.023E+11,30,8,2023,23:40,5,6,6123,2,1,1,3,CURIE PIERRE ET MARIE AVENUE,43,
2.023E+11,4,4,2023,13:46,1,75,75114,2,2,1,6,RUE D ALESIA,48,
2.023E+11,7,12,2023,08:45,1,85,85092,2,2,2,6,61 Rue rabelais,46,
2.023E+11,30,8,2023,22:45,5,3,3185,2,2,1,1,Avenue de la Republique,46,
2.023E+11,5,4,2023,15:00,1,75,75110,2,3,1,1,BOULEVARD DE BONNE NOUVELLE,48,
2.023E+11,6,12,2023,16:50,1,29,29103,2,7,1,3,21 rue Hervé de Guébriant,48,
2.023E+11,29,8,2023,09:20,1,1,1451,1,1,1,3,D117A,46,
2.023E+11,5,4,2023,15:20,1,94,94080,2,1,1,3,Avenue de Nogent,48,
2.023E+11,7,12,2023,23:20,3,27,27012,1,1,9,7,RD 126,49,
2.023E+11,7,12,2023,14:45,1,60,60341,2,1,1,2,Route de Meaux,49,
2.023E+11,5,4,2023,18:45,1,94,94044,2,3,7,6,Rue du Tertre / Rue Albert Jacquard,48,
2.023E+11,7,12,2023,16:25,2,13,13215,1,1,1,2,A7-Sens Lyon vers Marseille,43,
2.023E+11,28,3,2023,20:40,3,94,94015,2,9,1,6,Rue Léon Menu,48,
2.023E+11,30,8,2023,15:10,1,75,75119,2,1,1,3,PORTE DE LA VILLETTE,48,
2.023E+11,4,4,2023,15:20,1,94,94028,2,1,1,3,Avenue de la France Libre,48,
2.023E+11,7,12,2023,09:01,1,13,13215,1,1,1,3,A7-Sens Marseille vers Lyon,43,
2.023E+11,5,4,2023,17:15,1,94,94059,2,3,1,6,avenue ardouin,48,
2.023E+11,30,8,2023,11:30,1,75,75117,2,1,1,4,ECHANGEUR ASNIERES,48,
2.023E+11,29,8,2023,16:50,1,75,75113,2,1,1,2,PORTE D IVRY,48,
2.023E+11,7,12,2023,09:48,1,13,13215,1,1,1,2,A507 sens Aubagne- Marseille,43,
2.023E+11,4,4,2023,18:35,1,94,94002,2,2,1,6,Rue Paul Vaillant Couturier / Rue Charles de Gaulle,48,
2.023E+11,28,8,2023,15:09,1,75,75105,2,2,1,6,RUE SAINT JACQUES,48,
2.023E+11,7,12,2023,07:10,2,83,83137,1,1,1,2,A50,43,
2.023E+11,5,4,2023,18:44,1,93,93029,2,3,1,3,Rue Victor Hugo / Rue de Drancy-cottage,48,
2.023E+11,30,8,2023,12:20,1,75,75113,2,2,1,6,AVENUE DES GOBELINS,48,
2.023E+11,4,4,2023,15:40,1,93,93001,2,1,1,6,Rue André Karman,48,
2.023E+11,7,12,2023,19:20,3,91,91689,1,1,2,4,AUTOROUTE A6A,48,
2.023E+11,30,8,2023,17:00,1,75,75111,2,3,1,2,RUE DES NANETTES,48,
2.023E+11,4,4,2023,16:45,1,92,92075,2,9,1,3,MURILLO (RUE),48,
2.023E+11,30,8,2023,17:30,1,75,75110,2,3,1,6,RUE DU HUIT MAI 1945,48,
2.023E+11,5,4,2023,13:15,1,92,92073,2,1,1,6,ROOSVELT (AVENUE FRANKLIN),48,
2.023E+11,7,12,2023,14:38,1,91,91689,1,1,1,4,AUTOROUTE A6,48,
2.023E+11,29,8,2023,15:43,1,75,75110,2,2,1,6,AVENUE CLAUDE VELLEFAUX,48,
2.023E+11,5,4,2023,18:20,1,92,92062,2,1,1,6,GERHARD (RUE) DU 1 AU 11 ET DU 2 AU 16,48,
2.023E+11,7,12,2023,08:15,1,91,91377,1,1,1,5,AUTOROUTE A10,48,
2.023E+11,30,8,2023,17:20,1,75,75117,2,2,1,3,BOULEVARD BESSIERES,48,
2.023E+11,5,4,2023,09:28,1,92,92051,2,5,1,3,WINSTON CHURCHILL (PLACE),48,
2.023E+11,30,8,2023,09:40,1,75,75109,2,5,8,6,BOULEVARD HAUSSMANN,48,
2.023E+11,7,12,2023,00:25,3,91,91174,1,1,5,-1,RN 104,48,
2.023E+11,5,4,2023,10:30,1,92,92026,2,1,1,6,BEZONS  (DE 01 A 22),48,
2.023E+11,30,8,2023,08:30,1,75,75107,2,4,1,7,BOULEVARD DES INVALIDES,48,
2.023E+11,29,8,2023,19:30,1,75,75101,2,3,1,2,RUE DE L AMIRAL DE COLIGNY,48,
2.023E+11,7,12,2023,09:15,1,78,78431,1,1,1,3,A13,48,
2.023E+11,29,8,2023,12:30,1,94,94078,2,6,1,7,1 Avenue Guy Môquet,48,
2.023E+11,5,4,2023,07:50,1,92,92026,2,1,1,2,JOFFRE ( DE 30 A 50 ET DE 31 A 55 ),48,
2.023E+11,7,12,2023,07:30,2,78,78490,1,1,1,2,RN12 INT,48,
2.023E+11,29,8,2023,07:45,1,94,94068,2,2,1,1,Boulevard Rabelais,48,
2.023E+11,5,4,2023,12:44,1,92,92012,2,1,1,2,EDOUARD VAILLANT (AVENUE) - DEBUT/55 - C,48,
2.023E+11,6,12,2023,12:57,1,78,78640,1,1,1,2,N118,48,
2.023E+11,29,8,2023,07:49,1,94,94046,2,2,1,3,Rue du 11 Novembre 1918,48,
2.023E+11,30,8,2023,12:50,1,94,94065,2,1,1,3,N186,48,
2.023E+11,5,4,2023,22:55,3,1,1004,2,2,1,3,Avenue de la Libération,45,
2.023E+11,6,12,2023,11:53,1,78,78073,1,1,1,4,RN12,48,
2.023E+11,30,8,2023,21:05,5,94,94075,2,3,1,3,Rue de Mandres,48,
2.023E+11,30,8,2023,10:30,1,95,95527,1,1,2,6,NOYER AU CHAT (ROUTE DU),49,
2.023E+11,6,12,2023,18:40,3,93,93027,1,1,1,3,AUTOROUTE A1,48,
2.023E+11,30,8,2023,09:50,1,93,93066,2,1,1,6,Avenue du Président Wilson,48,
2.023E+11,4,4,2023,19:20,1,67,67103,1,3,1,5,intersection  D133/D633,48,
2.023E+11,30,8,2023,19:00,1,93,93055,2,9,1,6,Avenue du Général Leclerc,48,
2.023E+11,4,4,2023,20:00,3,973,97353,2,1,3,6,Route Abdalah,3,
2.023E+11,29,8,2023,14:50,1,93,93027,2,1,1,3,Avenue Paul Vaillant Couturier,48,
2.023E+11,6,12,2023,14:25,1,95,95572,1,1,1,4,N184,49,
2.023E+11,5,4,2023,22:00,3,41,41194,1,1,1,7,Route de Theillay,47,
2.023E+11,7,12,2023,17:30,2,77,77121,1,1,1,2,A4,48,
2.023E+11,27,8,2023,16:00,1,92,92078,2,1,1,3,GALLIENI (BD) (153 ET 225),48,
2.023E+11,5,4,2023,11:00,1,49,49092,2,6,7,3,Rue des Venelles (Chemillé),47,
2.023E+11,7,12,2023,08:30,1,77,77373,1,1,1,6,RN104,48,
2.023E+11,30,8,2023,12:25,1,92,92064,2,2,1,6,REPUBLIQUE,48,
2.023E+11,30,8,2023,13:05,1,92,92062,2,9,1,3,CIRCULAIRE (boulevard),48,
2.023E+11,16,7,2023,17:00,1,44,44168,2,1,1,1,21 Rue Laënnec,47,
2.023E+11,29,8,2023,14:50,1,92,92051,2,9,1,3,VILLIERS (RUE DE,,
2.023E+11,30,8,2023,15:15,1,92,92049,2,9,1,6,DORMOY AVENUE MARX N°2 A 100,48,
2.023E+11,30,9,2023,23:00,3,74,74301,2,1,1,6,Route du col du perret,46,
2.023E+11,8,10,2023,18:15,1,74,74043,1,1,1,6,Route de berry,46,
2.023E+11,30,8,2023,15:18,1,92,92032,2,6,1,1,MOUILLEBOEUFS (CARREFOUR DES),48,
2.023E+11,2,10,2023,18:45,1,74,74256,1,1,1,2,A40,45,
2.023E+11,30,8,2023,11:55,1,92,92012,2,1,1,2,ANATOLE FRANCE (BOULEVARD) 1/4BIS,48,
2.023E+11,4,10,2023,07:30,1,13,13039,1,1,1,3,ROUTE NATIONALE 569,43,
2.023E+11,31,8,2023,06:45,2,2A,2A349,1,1,1,1,T40,41,
2.023E+11,30,8,2023,19:50,2,43,43185,2,1,1,6,Avenue de Grande Bretagne,45,
2.023E+11,6,12,2023,19:05,5,988,98818,2,3,1,3,RUE ARMAND OHLEN/RUE JULES VERNE,-22,
2.023E+11,30,8,2023,22:24,3,95,95116,1,1,1,6,D924,49,
2.023E+11,31,8,2023,06:58,2,77,77141,2,1,8,1,Autoroute A4,48,
2.023E+11,6,12,2023,15:40,1,976,97611,2,1,1,3,mamoudzou centre-Haladi Selemani ( rue ),-12,
2.023E+11,29,8,2023,19:55,1,62,62155,1,1,1,6,D225,50,
2.023E+11,1,10,2023,12:50,1,87,87014,1,1,1,6,A20,,
2.023E+11,6,12,2023,08:10,1,976,97611,2,1,1,5,passamanty-Vahibé ( route ),-12,
2.023E+11,30,8,2023,15:10,1,63,63206,1,1,1,1,Lieu Dit les Sannaires,45,
2.023E+11,3,10,2023,11:30,1,12,12047,1,1,2,2,A75,44,
2.023E+11,6,12,2023,16:55,1,974,97411,2,1,1,3,LANCASTEL (BOULEVARD),-20,
2.023E+11,23,9,2023,00:17,3,34,34088,1,1,1,6,Avenue de la Gare du Midi,43,
2.023E+11,6,12,2023,11:45,1,974,97411,2,9,1,6,PARIS (RUE DE),-20,
2.023E+11,27,8,2023,11:50,1,1,1109,1,4,3,6,D1206,46,
2.023E+11,31,8,2023,09:30,1,22,22067,1,1,8,6,RN  pr 91+0000,48,
2.023E+11,26,9,2023,14:30,1,56,56256,1,2,1,5,Bellevue,47,
2.023E+11,6,12,2023,08:00,1,974,97411,2,6,1,4,JAURES (BOULEVARD JEAN),-20,
2.023E+11,2,10,2023,18:55,2,74,74309,2,1,1,1,Route de saint-julien,46,
2.023E+11,30,8,2023,19:10,1,44,44138,1,1,1,7,Le Moulin Neuf,47,
2.023E+11,6,12,2023,07:30,5,69,69383,2,3,1,3,Rue André Philip,45,
2.023E+11,30,8,2023,16:10,1,50,50099,1,1,1,6,aire de repos cantepie,49,
2.023E+11,3,10,2023,08:00,1,80,80148,1,2,1,1,Rue de Fressenneville,50,
2.023E+11,25,8,2023,15:40,1,57,57163,1,1,1,7,D45,48,
2.023E+11,3,10,2023,10:30,1,32,32382,1,1,1,6,D939,43,
2.023E+11,6,12,2023,10:45,1,972,97213,2,1,1,5,ROUTE DEPARTEMENTALE 3,14,
2.023E+11,3,10,2023,09:10,1,32,32076,1,1,8,3,D349 PR,43,
2.023E+11,30,8,2023,08:00,1,79,79202,2,3,1,2,N/A,46,
2.023E+11,6,12,2023,14:45,1,2B,2B037,1,1,1,4,TOUTES RUES,42,
2.023E+11,9,1,2023,13:55,1,63,63113,2,1,1,6,VERTAIZON (RUE DE),45,
2.023E+11,2,10,2023,18:50,1,41,41180,1,1,1,3,route de la garette,47,
2.023E+11,2,10,2023,20:00,2,22,22202,1,1,1,6,Saint Jean,48,
2.023E+11,6,12,2023,12:55,1,2B,2B033,2,1,1,3,TOUTES RUES,42,
2.023E+11,9,1,2023,13:18,1,63,63014,2,1,1,6,Av Blaise Pascal (CAMPUS DES CEZEAUX),45,
2.023E+11,31,8,2023,09:55,1,2B,2B201,1,1,1,7,RT 50,42,
2.023E+11,1,10,2023,20:30,3,25,25519,1,1,1,7,D437,47,
2.023E+11,5,12,2023,22:40,5,971,97101,1,1,1,1,ROUTE DE CHAZEAU,16,
2.023E+11,6,1,2023,07:53,4,63,63113,2,6,1,3,BLUM (AVENUE LEON),45,
2.023E+11,30,8,2023,19:45,2,80,80688,2,2,1,3,Rue du Faubourg,50,
2.023E+11,6,12,2023,14:50,1,95,95210,2,1,1,6,BARRE (RUE DE LA),48,
2.023E+11,9,1,2023,15:20,1,62,62250,1,1,2,6,D161E4,50,
2.023E+11,2,10,2023,17:15,1,44,44213,1,2,1,3,La Noue de la Barre,47,
2.023E+11,26,8,2023,17:30,1,42,42216,1,1,1,1,Route de Saint-Etienne,45,
2.023E+11,6,12,2023,12:15,1,91,91377,2,9,8,6,AV DE BOURGOGNE,48,
2.023E+11,7,1,2023,01:25,3,62,62895,2,1,2,1,Rue de la Coupignies,50,
2.023E+11,19,9,2023,08:20,1,35,35060,1,1,1,6,Ramine,48,
2.023E+11,5,12,2023,23:17,5,91,91645,2,1,2,3,GENERAL LECLERC (AVENUE DU),48,
2.023E+11,10,1,2023,06:25,5,60,60057,2,1,8,7,Avenue du 8 Mai 1945,49,
2.023E+11,30,7,2023,14:20,1,47,47315,1,1,1,6,Michounet,44,
2.023E+11,3,10,2023,09:15,1,29,29106,1,1,1,5,Kercrazec,48,
2.023E+11,6,12,2023,22:05,5,91,91687,2,1,8,2,VICTOR SCHOELCHER (AVENUE),48,
2.023E+11,10,1,2023,12:05,1,59,59350,2,3,2,6,CAMBRAI RUE DE N° IMPAIRS,50,
2.023E+11,30,8,2023,09:30,1,22,22034,1,3,8,1,D33a (Lieu-dit Rumilio),48,
2.023E+11,3,10,2023,07:45,2,29,29011,2,1,1,6,rue Park ar Roz,48,
2.023E+11,4,12,2023,18:30,3,88,88415,2,1,2,6,Grande Rue,48,
2.023E+11,5,12,2023,19:15,5,87,87085,2,1,1,6,DUTREIX (RUE ARMAND),45,
2.023E+11,3,10,2023,03:30,3,2,2280,1,6,1,6,D967,49,
2.023E+11,10,1,2023,10:50,1,59,59378,2,5,2,3,DOMINIAL (127 AV. DE LA MARNE),50,
2.023E+11,31,8,2023,15:10,1,22,22147,1,1,1,3,RD 6  lieu dit la ville Hubeau,48,
2.023E+11,1,12,2023,18:20,5,83,83126,2,6,1,1,LA SEYNE A OLLIOULES (CHEMIN DE),43,
2.023E+11,9,1,2023,17:00,2,59,59183,2,2,1,3,FERME,51,
2.023E+11,31,8,2023,17:15,1,29,29171,2,6,1,1,Pendreff,47,
2.023E+11,2,10,2023,15:50,1,70,70467,2,1,1,6,Place Jean Jaurès,47,
2.023E+11,5,1,2023,18:00,5,54,54265,2,6,2,3,Avenue des Erables,48,
2.023E+11,12,9,2023,10:30,1,78,78073,1,9,2,6,RD 129,48,
2.023E+11,23,8,2023,19:00,1,31,31093,1,1,1,6,Route du Poutchot,43,
2.023E+11,26,9,2023,06:15,3,26,26357,1,1,1,1,D94,44,
2.023E+11,9,1,2023,14:05,1,54,54395,2,2,1,3,MOTHE (RUE DE LA),48,
2.023E+11,3,10,2023,12:00,1,72,72215,1,9,1,2,D311,48,
2.023E+11,10,1,2023,11:25,1,51,51454,2,1,1,2,avenue Jean Jaurès,49,
2.023E+11,2,10,2023,16:40,1,6,6038,1,1,1,3,Route de Grasse,43,
2.023E+11,6,12,2023,10:33,1,77,77407,1,9,1,6,PATTON(PLACE DU GENERAL)- TILLY,48,
2.023E+11,9,1,2023,18:50,5,51,51454,2,1,2,2,avenue Nationale - la Neuvillette,49,
2.023E+11,3,10,2023,02:10,3,14,14431,1,4,1,6,19 Route de Cambremer,49,
2.023E+11,5,12,2023,08:15,1,76,76351,2,3,1,6,IRENE JOLIOT CURIE (RUE),49,
2.023E+11,3,10,2023,15:50,1,5,5156,1,1,1,7,Route des Orres,44,
2.023E+11,5,1,2023,15:30,1,49,49099,2,1,2,6,BOURGNEUF (RUE DE),47,
2.023E+11,6,12,2023,08:10,2,76,76351,2,1,1,7,COLBERT (QUAI),49,
2.023E+11,3,10,2023,15:00,1,5,5095,1,1,1,7,RN 85,44,
2.023E+11,5,12,2023,18:25,5,76,76351,2,3,2,6,FELIX FAURE,49,
2.023E+11,10,1,2023,08:37,2,49,49007,2,1,2,6,ROI RENE BOULEVARD,47,
2.023E+11,10,1,2023,07:55,2,47,47001,2,1,1,6,LIBERTE (BOULEVARD DE LA),44,
2.023E+11,30,9,2023,17:45,1,16,16055,1,4,1,2,D4,45,
2.023E+11,5,12,2023,16:50,4,76,76351,2,2,2,3,GERANIUMS (DES),49,
2.023E+11,10,1,2023,16:10,2,45,45234,2,3,2,6,35bis Rue du Faubourg Madeleine,47,
2.023E+11,2,10,2023,08:50,1,7,7029,1,1,1,3,Route de la Roche,44,
2.023E+11,5,12,2023,17:05,2,69,69290,2,1,1,3,Rue de l'Industrie,45,
2.023E+11,5,12,2023,18:30,5,67,67365,2,1,2,6,CERNAY (RUE DE),48,
2.023E+11,25,6,2023,18:00,1,53,53129,1,1,1,6,D158,48,
2.023E+11,6,12,2023,18:15,5,65,65433,2,1,1,3,Avenue Henri Barbusse,43,
2.023E+11,11,1,2023,00:00,5,38,38185,2,1,1,6,ROUTE DE CLÉMENCIÈRES,45,
2.023E+11,2,10,2023,16:20,1,40,40001,2,9,1,3,23 Avenue de Bordeaux,43,
2.023E+11,10,1,2023,07:45,5,37,37122,2,1,2,6,VERDUN (RUE DE),47,
2.023E+11,6,12,2023,14:00,1,64,64445,2,2,1,6,MONTPENSIER,43,
2.023E+11,3,10,2023,17:00,1,85,85267,1,1,1,3,RD10A,46,
2.023E+11,10,1,2023,07:30,5,35,35238,2,1,2,6,VERDUN (BD DE),48,
2.023E+11,6,12,2023,09:55,1,64,64445,2,1,1,2,18EME REGIMENT D'INFANTERIE DU,43,
2.023E+11,2,10,2023,16:45,1,28,28422,1,2,1,3,D22,48,
2.023E+11,6,12,2023,09:00,1,64,64445,2,1,1,7,MARECHAL JOFFRE,43,
2.023E+11,10,1,2023,07:54,5,35,35238,2,2,2,3,CHATEAUGIRON (DE),48,
2.023E+11,3,10,2023,08:45,1,17,17113,1,3,1,3,Route de Montguyon,45,
2.023E+11,4,12,2023,21:45,5,64,64102,2,3,2,3,JUIN (AVENUE DU MARECHAL),43,
2.023E+11,7,1,2023,13:40,1,34,34032,2,1,1,6,3 Rue du Canal,43,
2.023E+11,30,11,2023,11:40,1,62,62498,2,3,1,6,Avenue de la Fosse 11,50,
2.023E+11,1,10,2023,16:40,1,10,10412,1,1,1,7,Autoroute A26,48,
2.023E+11,10,1,2023,22:15,5,33,33063,2,2,1,3,Cours du Médoc,44,
2.023E+11,29,11,2023,17:40,3,62,62464,2,1,1,2,D39,50,
2.023E+11,3,10,2023,08:50,1,1,1331,1,1,1,2,A40,46,
2.023E+11,10,1,2023,08:15,2,33,33318,2,9,2,3,Rue Marcel Dassault,44,
2.023E+11,3,10,2023,04:45,3,6,6004,1,1,1,6,A8,43,
2.023E+11,6,12,2023,17:30,5,59,59386,2,1,1,6,Rue de Menin,50,
2.023E+11,3,10,2023,08:50,1,38,38486,2,1,1,1,11 Rue du Drac,45,
2.023E+11,6,12,2023,07:45,5,56,56260,2,2,1,3,MARTIN(RUE JEAN),47,
2.023E+11,10,1,2023,06:05,5,29,29051,1,6,2,6,Rond-Point de Pen Carn,48,
2.023E+11,5,12,2023,17:50,5,54,54395,2,1,1,6,avenue Raymond Pinchard,48,
2.023E+11,2,10,2023,17:10,1,34,34172,1,1,1,2,A709,43,
2.023E+11,10,1,2023,07:51,5,29,29019,2,6,2,2,Rond point de Kertatupage,48,
2.023E+11,6,12,2023,06:30,3,54,54323,1,1,2,4,RN52,49,
2.023E+11,3,10,2023,15:00,1,13,13040,2,1,1,1,Les Beaumouilles,43,
2.023E+11,6,12,2023,18:25,5,50,50147,2,2,1,6,SAINT NICOLAS,49,
2.023E+11,2,10,2023,18:05,2,77,77317,2,1,1,3,Rue du Général Leclerc,48,
2.023E+11,5,12,2023,22:37,5,49,49007,2,1,1,1,MOULIN BOULEVARD,47,
2.023E+11,2,10,2023,22:00,5,83,83065,1,1,1,6,RD98a,43,
2.023E+11,10,1,2023,07:30,2,25,25056,2,4,1,7,MONTJOUX  AVENUE DE,47,
2.023E+11,5,12,2023,18:45,5,49,49007,2,1,1,3,LARREY,47,
2.023E+11,1,10,2023,18:35,1,13,13092,1,1,1,1,CD 15,43,
2.023E+11,5,12,2023,13:15,1,49,49007,2,1,1,6,BEDIER BOULEVARD,47,
2.023E+11,10,1,2023,13:55,1,22,22278,2,2,1,3,THOMAS (ALBERT),48,
2.023E+11,3,10,2023,13:40,1,26,26165,1,1,1,2,A7,44,
2.023E+11,5,1,2023,11:35,1,22,22113,2,1,1,6,PALAIS DE JUSTICE (ALLEE DU),48,
2.023E+11,5,12,2023,08:20,2,44,44162,2,1,1,3,N/A,47,
2.023E+11,10,1,2023,00:45,5,14,14220,2,3,2,6,Rue le Marois,49,
2.023E+11,16,11,2023,20:10,5,42,42218,2,1,8,1,Boulevard Thiers,45,
2.023E+11,3,10,2023,16:35,1,89,89156,1,1,1,1,D943,47,
2.023E+11,10,1,2023,17:55,5,13,13106,2,1,1,3,8 MAI 1945 (AVENUE DU),43,
2.023E+11,1,12,2023,16:10,2,42,42218,1,1,4,1,Route de la Croix de Marlet,45,
2.023E+11,6,1,2023,21:50,3,30,30032,1,1,1,6,Route de Fourques,43,
2.023E+11,3,10,2023,08:15,1,89,89257,1,3,1,3,D377,47,
2.023E+11,5,12,2023,17:20,5,38,38421,2,3,8,3,RUE PAUL LANGEVIN,45,
2.023E+11,10,1,2023,21:15,5,13,13216,2,9,1,3,LA PELOUQUE (CHEMIN),43,
2.023E+11,6,12,2023,16:10,2,35,35238,2,2,1,1,PASTEUR (PONT),48,
2.023E+11,1,10,2023,00:20,5,57,57355,2,1,1,6,6 Impasse d?Aizecq,49,
2.023E+11,10,1,2023,09:05,1,13,13211,2,1,1,5,VALENTINE (ROUTE DE LA),43,
2.023E+11,6,12,2023,06:45,5,34,34172,2,3,1,3,JUSTICE DE CASTELNAU (AVENUE DE LA),43,
2.023E+11,10,1,2023,09:50,1,13,13207,2,1,1,3,CHARLES LIVON (BOULEVARD),43,
2.023E+11,3,10,2023,14:00,1,3,3125,2,1,1,3,Route de Ferrières Sur Sichon,45,
2.023E+11,2,10,2023,19:45,2,69,69192,1,1,1,6,Route du Col,46,
2.023E+11,6,12,2023,12:50,1,33,33318,2,3,1,1,Avenue Jean Jaurès,44,
2.023E+11,10,1,2023,07:55,1,13,13213,2,3,1,1,CROIX ROUGE (AVENUE),43,
2.023E+11,4,12,2023,18:00,5,31,31555,1,9,2,2,VA007500 CROIX DAURADE A62 Sortie 14,43,
2.023E+11,3,10,2023,15:50,1,79,79316,1,2,1,3,N/A,46,
2.023E+11,9,1,2023,18:45,1,13,13075,2,1,1,2,LA PEROUSE (AVENUE),43,
2.023E+11,10,1,2023,14:30,1,13,13005,1,1,7,6,JOUQUES (AVENUE DES),43,
2.023E+11,6,12,2023,15:10,1,28,28404,2,2,1,3,DUPONT (RUE ARMAND),48,
2.023E+11,30,9,2023,15:45,1,72,72154,1,1,1,2,1050 Route d'Angers,47,
2.023E+11,10,1,2023,18:00,3,11,11069,2,1,1,1,Avenue Andre Maginot,43,
2.023E+11,6,12,2023,21:05,3,28,28110,1,1,5,3,VOVES (RUE DE) (D29),48,
2.023E+11,30,9,2023,15:15,1,49,49306,2,1,1,1,Route Départementale N°126,47,
2.023E+11,9,1,2023,08:48,1,10,10321,2,1,8,6,GENERAL LECLERC (RUE DU),48,
2.023E+11,24,9,2023,17:30,1,44,44158,1,1,1,7,Etier la Musse,47,
2.023E+11,9,1,2023,14:24,1,6,6088,2,1,1,6,ROQUEBILLIERE (R. DE),43,
2.023E+11,6,12,2023,09:10,1,27,27229,2,1,1,2,CITES UNIES (BOULEVARD DES),49,
2.023E+11,2,10,2023,14:40,1,22,22272,1,1,1,6,D712,48,
2.023E+11,9,1,2023,09:45,1,974,97416,2,1,1,2,LORION(RUE LUC),-21,
2.023E+11,6,12,2023,07:40,3,27,27229,2,9,8,2,ORLEANS (RUE D'),48,
2.023E+11,3,10,2023,16:30,1,22,22300,1,1,1,1,D700,48,
2.023E+11,9,1,2023,18:55,1,974,97411,2,1,1,2,RIVIERE DES PLUIES (ROUTE DE LA),-20,
2.023E+11,2,10,2023,18:05,1,22,22136,1,1,1,6,D700 PK6 + 69 dte,48,
2.023E+11,6,12,2023,09:24,1,26,26362,2,2,1,6,Boulevard Maréchal Juin,44,
2.023E+11,9,1,2023,06:00,5,69,69388,2,1,1,7,Impasse du Professeur Beauvisage,45,
2.023E+11,1,10,2023,16:12,1,76,76323,2,1,1,7,14 Route de Fayelle,49,
2.023E+11,3,10,2023,19:00,1,60,60213,1,1,1,7,D922,49,
2.023E+11,9,1,2023,15:34,1,2B,2B033,2,3,7,6,ANNONCIADE - CHEMIN DE L',42,
2.023E+11,5,12,2023,17:25,3,25,25056,2,1,2,4,RN 1057 (ROUTE DE GRAY-CH.EPITAPHE),47,
2.023E+11,6,12,2023,08:24,1,16,16374,2,1,1,6,DE GAULLE (AVENUE DU GENERAL),45,
2.023E+11,3,10,2023,12:20,1,60,60612,2,2,1,2,Rue du Châtel,49,
2.023E+11,9,1,2023,07:50,1,2B,2B120,2,1,1,4,11 - RT,42,
2.023E+11,6,12,2023,12:15,1,14,14118,2,6,1,2,Avenue Père Charles de Foucauld,49,
2.023E+11,3,10,2023,17:50,1,60,60328,1,1,1,1,Rue de la Vallée,49,
2.023E+11,9,1,2023,06:30,2,971,97113,1,1,1,4,RN4 - SECTION RIVIERA,16,
2.023E+11,3,10,2023,07:50,2,59,59042,2,1,2,3,1705 Route Nationale,50,
2.023E+11,6,12,2023,07:57,3,14,14118,2,3,1,6,18 Avenue Robert Schuman,49,