Num_Acc,jour,mois,an,hrmn,lum,dep,com,agg,int,atm,col,adr,lat,long
2.023E+11,19,6,2023,14:45,1,55,55394,1,1,1,1,D24,49,
2.023E+11,17,6,2023,17:15,1,55,55246,2,1,1,3,Rue de Biencourt,48,
2.023E+11,19,6,2023,15:40,1,49,49018,1,1,1,6,RD766 PK 26+425,47,
2.023E+11,19,6,2023,06:42,2,12,12186,1,1,1,6,lieu-dit Fourès,43,
2.023E+11,18,6,2023,16:15,1,42,42023,1,1,1,6,Route d’Annonay,45,
2.023E+11,17,6,2023,14:00,1,86,86109,1,3,1,1,D67,46,
2.023E+11,19,6,2023,11:58,1,34,34147,1,1,1,1,D909,43,
2.023E+11,18,6,2023,23:50,3,25,25122,1,1,1,6,d 72,46,
2.023E+11,18,6,2023,15:40,1,15,15108,1,1,7,1,D13,44,
2.023E+11,19,6,2023,17:44,1,15,15118,2,1,2,1,RD 58,45,
2.023E+11,9,6,2023,04:25,3,54,54416,1,1,1,6,Route d’Euvezin,48,
2.023E+11,17,6,2023,12:40,1,6,6119,1,1,1,7,M2205,44,
2.023E+11,16,6,2023,16:00,1,6,6035,1,1,1,3,3494 Route de Castellar,43,
2.023E+11,18,6,2023,03:15,3,5,5142,1,1,1,6,PR 005+290 RN 85,44,
2.023E+11,19,6,2023,04:00,3,50,50487,1,1,1,1,La Croisette (Saint-James),48,
2.023E+11,10,5,2023,19:30,1,83,83025,2,1,1,1,1151 Chemin du Gavelier,43,
2.023E+11,19,6,2023,08:35,1,85,85146,1,1,1,7,RD93,47,
2.023E+11,18,6,2023,19:45,2,30,30053,1,1,1,6,,43,
2.023E+11,18,6,2023,20:53,2,48,48127,1,1,1,7,D806,44,
2.023E+11,18,6,2023,22:30,4,34,34333,1,1,1,5,RD612,43,
2.023E+11,18,6,2023,21:20,5,987,98715,2,1,1,1,Rue Nelson Mandela,,
2.023E+11,18,6,2023,08:55,1,51,51171,1,1,1,7,AUTOROUTE A26,,
2.023E+11,11,6,2023,07:50,1,34,34203,1,1,1,4,N/A,43,
2.023E+11,17,6,2023,06:30,2,27,27188,1,1,1,2,A13 PK 105+950 direction ROUEN,49,
2.023E+11,17,6,2023,18:00,1,69,69097,1,1,1,7,La Fournachère,45,
2.023E+11,18,6,2023,04:00,5,987,98714,1,1,1,6,Vairupe,-16,
2.023E+11,17,6,2023,21:40,2,77,77318,1,2,1,3,RD216/D20,48,
2.023E+11,19,6,2023,09:35,1,2B,2B314,1,1,1,7,D81,42,
2.023E+11,18,6,2023,21:30,2,34,34289,1,1,1,6,RD18,43,
2.023E+11,17,6,2023,20:00,1,84,84016,1,1,1,6,Chemin de Causan,44,
2.023E+11,17,6,2023,11:46,1,6,6141,1,1,1,7,Toudon,43,
2.023E+11,15,6,2023,12:24,1,5,5065,1,1,1,7,RD902 lieu dit peyre haute,44,
2.023E+11,18,6,2023,00:15,3,13,13048,1,1,1,1,D96,43,
2.023E+11,19,6,2023,14:05,1,70,70310,1,1,1,2,D64,47,
2.023E+11,17,6,2023,21:03,1,57,57058,2,1,1,6,Place de marché,49,
2.023E+11,1,4,2023,07:45,1,73,73232,1,1,4,6,D902,45,
2.023E+11,17,6,2023,20:06,1,38,38061,2,1,1,2,Route de Champ - Chabert,45,
2.023E+11,18,6,2023,17:30,1,9,9282,1,1,1,3,D14,43,
2.023E+11,2,5,2023,19:00,1,49,49301,1,2,1,3,D91,47,
2.023E+11,18,6,2023,07:30,1,29,29046,2,1,1,6,Rue Duguay Trouin,48,
2.023E+11,17,6,2023,11:45,1,60,60107,1,1,1,6,Rue des Charpentiers,49,
2.023E+11,19,6,2023,12:26,1,60,60103,1,1,7,6,,49,
2.023E+11,16,6,2023,18:15,1,59,59660,1,1,1,7,Rue de Sailly,50,
2.023E+11,17,3,2023,20:45,3,73,73075,1,1,1,3,D925B,45,
2.023E+11,13,3,2023,08:45,1,73,73162,1,1,1,5,D1090,45,
2.023E+11,17,6,2023,12:40,1,94,94081,2,1,1,3,Rue Amédée Huon,48,
2.023E+11,17,6,2023,16:00,1,94,94033,2,3,1,6,Rue Pierre Dulac,48,
2.023E+11,16,6,2023,23:50,5,94,94033,2,5,1,3,Boulevard de Verdun,48,
2.023E+11,17,6,2023,22:00,2,93,93073,2,2,1,3,Rue de Bourgogne / Avenue Roger Salengro,48,
2.023E+11,17,6,2023,13:40,1,93,93073,1,9,1,2,Aeroport Charles de Gaulle,49,
2.023E+11,17,6,2023,21:57,5,93,93055,2,1,1,3,Avenue Jean Lolive,48,
2.023E+11,17,6,2023,05:15,2,93,93032,2,3,1,6,Rue Parmentier / Avenue Jean Jaurès,48,
2.023E+11,17,6,2023,17:00,1,93,93079,2,1,1,6,Avenue Jean Jaurès,48,
2.023E+11,17,6,2023,16:30,1,93,93029,2,2,1,6,Bd Paul Vaillant Couturier / Rue Anatole France,48,
2.023E+11,17,6,2023,12:15,1,93,93057,2,1,1,1,Allée Jean-baptiste Clément,48,
2.023E+11,17,6,2023,08:30,1,93,93010,2,1,1,2,Avenue Galliéni,48,
2.023E+11,16,6,2023,15:30,1,92,92072,2,1,1,4,MANUFACTURE NATIONALE (PLACE DE LA),48,
2.023E+11,16,6,2023,09:06,1,60,60284,2,6,1,7,Rue de la Croix Blanche,49,
2.023E+11,17,6,2023,20:45,1,35,35219,1,1,8,1,les quatre vents,47,
2.023E+11,17,6,2023,12:30,1,24,24299,2,3,1,3,intersection avenue georges clémenceau/ rue du général de gaulle,45,
2.023E+11,16,6,2023,22:15,3,62,62053,1,2,1,3,D58,50,
2.023E+11,17,6,2023,17:05,1,91,91235,1,9,1,3,D445,48,
2.023E+11,17,6,2023,16:16,1,26,26139,1,1,7,7,D608,45,
2.023E+11,17,6,2023,07:05,2,17,17420,2,1,7,1,20 Rue de la Ragoterie,46,
2.023E+11,18,6,2023,10:15,1,54,54477,1,1,1,7,RD 952 ,49,
2.023E+11,17,6,2023,10:10,1,30,30202,2,9,1,6,Rue de l'Elysée,44,
2.023E+11,18,6,2023,17:20,1,95,95144,1,1,1,6,D9,49,
2.023E+11,17,6,2023,20:15,1,51,51424,1,1,1,7,79 Grande Rue,49,
2.023E+11,17,6,2023,09:00,1,19,19259,1,1,1,7,D41,45,
2.023E+11,17,6,2023,07:30,2,56,56003,1,1,1,6,Chemin du Moulin,47,
2.023E+11,17,6,2023,21:31,2,80,80557,2,1,1,7,route nationale,49,
2.023E+11,18,6,2023,14:50,1,82,82026,1,1,1,1,Peyreferrande,44,
2.023E+11,17,6,2023,15:10,1,65,65428,1,1,1,1,D13,42,
2.023E+11,16,6,2023,20:50,1,81,81307,1,1,1,6,D612 avenue de castres,43,
2.023E+11,18,6,2023,08:30,1,71,71196,1,1,1,6,Champ du Vernay,46,
2.023E+11,18,6,2023,10:45,1,89,89194,1,1,1,7,,47,
2.023E+11,17,6,2023,21:20,2,63,63448,1,1,1,6,Les moirats,45,
2.023E+11,16,6,2023,18:00,1,49,49178,1,1,1,7,Rd 73,47,
2.023E+11,17,6,2023,03:34,5,49,49378,2,1,1,6,Rue Nationale,47,
2.023E+11,17,6,2023,12:30,1,46,46323,1,1,1,6,lieu dit le mas de goudou,44,
2.023E+11,2,11,2023,09:00,2,69,69013,2,1,2,3,1209 Route de Chantegrillet,46,
2.023E+11,1,11,2023,00:30,5,69,69259,2,2,1,3,Avenue Jean Cagne,45,
2.023E+11,2,11,2023,18:20,5,67,67267,2,3,1,1,SCHUMAN (AVENUE),48,
2.023E+11,2,11,2023,17:50,5,67,67218,2,1,1,2,STRASBOURG (AVENUE DE),48,
2.023E+11,1,11,2023,17:40,2,67,67482,2,1,2,3,SCHIRMECK (ROUTE DE),48,
2.023E+11,2,11,2023,18:45,5,65,65440,2,1,2,6,CARNOT (RUE),43,
2.023E+11,2,11,2023,11:45,1,64,64445,2,1,3,6,DIDIER DAURAT,43,
2.023E+11,1,11,2023,19:48,5,64,64445,2,1,2,6,ALSACE LORRAINE D',43,
2.023E+11,2,11,2023,15:45,1,64,64024,2,1,3,3,BAB (BOULEVARD DU),43,
2.023E+11,28,10,2023,15:00,1,62,62041,2,2,1,3,Boulevard du Général de Gaulle,50,
2.023E+11,9,10,2023,17:20,1,62,62753,2,3,1,3,D60,50,
2.023E+11,2,11,2023,21:25,5,59,59512,2,1,3,6,GAMBETTA (BOULEVARD),50,
2.023E+11,2,11,2023,05:45,3,59,59476,2,1,6,6,MARCOING (ROUTE DE),50,
2.023E+11,2,11,2023,12:05,1,58,58194,2,3,3,3,PIERRE BEREGOVOY,46,
2.023E+11,2,11,2023,14:10,1,56,56083,2,1,2,6,JACQUELINE AURIOL (RUE),47,
2.023E+11,1,11,2023,18:10,5,56,56121,2,1,3,3,SCORFF ( BD DU ),47,
2.023E+11,1,11,2023,20:00,5,54,54257,2,2,1,1,RM 570,48,
2.023E+11,2,11,2023,14:12,1,49,49246,2,1,6,6,A87,47,
2.023E+11,13,5,2023,01:00,3,7,7281,1,1,3,7,C.D. 533 (VERS LE PUY),44,
2.023E+11,2,11,2023,19:15,3,44,44184,1,1,3,2,Route Bleue,47,
2.023E+11,13,5,2023,07:30,1,6,6030,2,1,1,6,COLLINES (CHEMIN DES),43,
2.023E+11,24,10,2023,09:55,1,38,38185,2,2,3,3,RUE DU 19 MARS 1962,45,
2.023E+11,13,5,2023,16:10,1,75,75116,2,1,1,2,PORTE DAUPHINE,48,
2.023E+11,2,11,2023,19:35,5,33,33063,2,1,3,6,Boulevard Godard,44,
2.023E+11,2,11,2023,10:50,1,33,33162,2,1,8,6,190 Avenue du Médoc,44,
2.023E+11,13,5,2023,12:57,1,75,75107,2,2,1,3,RUE DE L UNIVERSITE,48,
2.023E+11,1,11,2023,16:31,1,33,33063,2,1,1,6,Allée de Boutaut,44,
2.023E+11,13,5,2023,04:35,5,75,75116,2,1,1,1,ROUTE DE LA MUETTE A NEUILLY,48,
2.023E+11,2,11,2023,10:30,1,31,31069,2,1,1,6,PASTEUR (RUE),43,
2.023E+11,13,5,2023,12:30,1,75,75120,2,3,1,2,AVENUE BENOIT FRACHON,48,
2.023E+11,1,11,2023,17:55,2,30,30189,2,1,1,6,SAUVE (RUE),43,
2.023E+11,13,5,2023,20:00,1,75,75119,2,3,1,6,ALLEE DARIUS MILHAUD,48,
2.023E+11,13,5,2023,20:25,2,75,75118,2,1,1,2,RUE JEAN COCTEAU,48,
2.023E+11,6,10,2023,19:55,5,30,30189,2,1,1,5,Avenue Kennedy,43,
2.023E+11,13,5,2023,20:00,1,75,75117,2,2,1,3,AVENUE DE WAGRAM,48,
2.023E+11,1,11,2023,16:45,1,22,22113,2,3,1,6,FRERES LAGADEC (RUE DES),48,
2.023E+11,13,5,2023,15:03,1,75,75117,2,3,1,3,AVENUE DE CLICHY,48,
2.023E+11,12,5,2023,12:00,1,75,75117,2,3,2,3,RUE DES MOINES,48,
2.023E+11,1,11,2023,18:10,3,14,14366,2,3,8,6,16 Avenue Jean XXIII,49,
2.023E+11,13,5,2023,10:50,1,75,75110,2,2,1,2,RUE DU FAUBOURG SAINT MARTIN,48,
2.023E+11,2,11,2023,18:00,2,13,13054,2,4,2,2,D9 (BRETELLE),43,
2.023E+11,13,5,2023,02:10,5,75,75110,2,3,1,1,BOULEVARD DE MAGENTA,48,
2.023E+11,2,11,2023,22:05,5,13,13209,2,1,2,1,LUMINY (AVENUE DE),43,
2.023E+11,13,5,2023,01:30,5,75,75110,2,2,1,3,BOULEVARD DE STRASBOURG,48,
2.023E+11,2,11,2023,16:25,1,13,13210,2,3,1,3,CAPELETTE (AVENUE DE LA),43,
2.023E+11,13,5,2023,04:35,5,75,75108,2,2,1,6,AVENUE DES CHAMPS ELYSEES,48,
2.023E+11,2,11,2023,15:34,1,13,13204,2,1,8,1,FRANÇOISE DUPARC (BOULEVARD),43,
2.023E+11,13,5,2023,21:50,5,75,75107,2,2,1,6,AVENUE DE TOURVILLE,48,
2.023E+11,2,11,2023,07:15,1,13,13028,2,1,8,6,ROVARCH (AVENUE PIERRE),43,
2.023E+11,13,5,2023,16:40,1,75,75103,2,3,1,2,PLACE DE LA REPUBLIQUE,48,
2.023E+11,2,11,2023,15:35,1,13,13001,2,3,2,3,PUY DU ROY (CH DU),43,
2.023E+11,13,5,2023,14:00,1,75,75104,2,3,1,6,RUE DE RIVOLI,48,
2.023E+11,2,11,2023,17:30,5,7,7102,2,1,8,2,Avenue Georges CLEMENCEAU,44,
2.023E+11,13,5,2023,10:00,1,75,75102,2,2,1,6,RUE D ABOUKIR,48,
2.023E+11,1,11,2023,13:54,1,6,6088,2,1,1,4,ANGLAIS (DU N° 265 AU N° 350),43,
2.023E+11,12,5,2023,23:55,5,94,94028,2,9,1,1,Avenue du Général de Gaulle,48,
2.023E+11,2,11,2023,06:30,5,6,6029,2,1,1,6,LATOUR MAUBOURG (RUE),43,
2.023E+11,2,11,2023,13:25,1,75,75113,2,1,6,3,PORTE D ITALIE,48,
2.023E+11,13,5,2023,12:15,1,94,94017,2,2,1,3,Avenue de Beauregard,48,
2.023E+11,2,11,2023,10:30,1,75,75118,2,1,6,6,BOULEVARD DE LA CHAPELLE,48,
2.023E+11,12,5,2023,22:30,5,93,93046,2,1,1,6,Avenue Winston Churchill,48,
2.023E+11,13,5,2023,08:20,1,93,93027,2,3,1,3,Boulevard Pasteur / Avenue Victor Hugo,48,
2.023E+11,2,11,2023,15:50,1,75,75116,2,3,1,6,AVENUE GEORGES MANDEL,48,
2.023E+11,13,5,2023,12:45,1,93,93001,2,9,1,5,Avenue de la République,48,
2.023E+11,1,11,2023,07:10,2,75,75116,2,3,1,2,AVENUE KLEBER,48,
2.023E+11,31,10,2023,17:30,2,75,75116,2,1,1,1,ALLEE DU BORD DE L EAU,48,
2.023E+11,13,5,2023,18:05,1,92,92051,2,3,1,3,BINEAU (BOULEVARD,,
2.023E+11,1,11,2023,21:14,5,75,75113,2,3,1,7,BOULEVARD MASSENA,48,
2.023E+11,12,5,2023,23:45,5,92,92051,2,1,1,4,GENERAL KOENIG (BOULEVARD DU),48,
2.023E+11,2,11,2023,20:20,5,75,75109,2,3,1,6,RUE MANSART,48,
2.023E+11,14,5,2023,12:45,1,60,60242,2,1,1,7,Route de Picardie,49,
2.023E+11,13,5,2023,23:00,3,14,14531,1,1,1,6,Le Val,48,
2.023E+11,2,11,2023,18:00,5,75,75107,2,3,1,6,RUE DE BABYLONE,48,
2.023E+11,13,5,2023,16:10,1,62,62743,2,2,1,1,D113,50,
2.023E+11,14,5,2023,17:30,1,51,51497,1,1,1,1,D16,48,
2.023E+11,13,5,2023,21:00,1,71,71214,1,1,1,7,D33,46,
2.023E+11,2,11,2023,14:05,1,75,75102,2,2,1,1,RUE MONTMARTRE,48,
2.023E+11,14,5,2023,14:00,1,41,41032,2,1,1,3,Rue des Allets,47,
2.023E+11,2,11,2023,09:44,1,75,75104,2,3,2,3,BOULEVARD DE SEBASTOPOL,48,
2.023E+11,2,11,2023,08:45,1,94,94046,2,3,1,3,Rue Cécile,48,
2.023E+11,14,5,2023,00:55,3,33,33205,1,2,1,3,D11,44,
2.023E+11,1,11,2023,14:40,1,94,94041,2,1,2,6,102 Avenue Georges Gosnat,48,
2.023E+11,12,5,2023,05:00,3,67,67115,1,1,1,7,D321,48,
2.023E+11,1,11,2023,06:40,5,94,94065,2,1,1,3,Avenue Charles Lindbergh,48,
2.023E+11,14,5,2023,02:50,3,51,51217,2,1,1,6,D3,49,
2.023E+11,2,11,2023,18:30,5,94,94073,2,9,1,6,Rue des Alouettes,48,
2.023E+11,2,11,2023,17:00,1,93,93031,2,1,1,6,Avenue de la Marne,48,
2.023E+11,14,5,2023,10:35,1,974,97410,2,9,1,6,Route nationale 2,-21,
2.023E+11,2,11,2023,20:55,5,93,93029,2,1,2,2,Avenue Henri Barbusse,48,
2.023E+11,14,5,2023,19:00,1,6,6046,2,4,1,3,Route de la Manda,43,
2.023E+11,1,11,2023,19:40,5,93,93047,2,4,1,6,Avenue Daguerre / Avenue Descartes,48,
2.023E+11,14,5,2023,15:00,1,50,50099,1,1,1,7,PK 005.300,49,
2.023E+11,2,11,2023,07:50,1,93,93057,2,1,6,7,FRANCE (AL. ANATOLE),48,
2.023E+11,2,11,2023,07:00,2,92,92050,2,1,6,3,MARTIN HENRI AVENUE,48,
2.023E+11,2,11,2023,18:00,5,92,92024,2,1,6,6,GENERAL ROGUET (RUE DU) DE (1 A 57)   (2,48,
2.023E+11,13,5,2023,18:40,1,50,50270,1,1,1,4,D 2,,
2.023E+11,3,11,2023,16:50,1,26,26139,2,1,8,6,Rue Pierre Charles Messance,45,
2.023E+11,2,11,2023,18:30,3,45,45239,1,1,8,7,D42 PR 11 + 268,47,
2.023E+11,12,5,2023,18:15,1,56,56193,2,3,1,1,Rue de Laubriere,47,
2.023E+11,3,11,2023,15:45,1,76,76624,2,1,1,6,124 Rue du Thil,49,
2.023E+11,14,5,2023,06:14,2,82,82124,1,1,1,6,1513 Route de Castelsarrasin,44,
2.023E+11,21,10,2023,19:45,3,85,85209,1,1,2,1,RD 14,46,
2.023E+11,2,11,2023,23:45,3,83,83004,1,1,2,6,D 555,43,
2.023E+11,14,5,2023,14:52,1,71,71580,2,3,1,3,841 Chemin du Bas,46,
2.023E+11,13,5,2023,16:30,1,61,61404,2,1,1,7,D205,48,
2.023E+11,31,10,2023,16:50,1,11,11012,2,2,1,3,33 Avenue Pierre de Coubertin,43,
2.023E+11,2,11,2023,16:25,1,21,21642,1,1,1,1,Autoroute A6,,
2.023E+11,13,5,2023,15:55,1,61,61243,1,3,1,2,D908,48,
2.023E+11,2,11,2023,19:15,3,50,50214,1,1,4,2,A84,48,
2.023E+11,1,11,2023,13:25,1,51,51354,1,1,6,7,D79,48,
2.023E+11,14,5,2023,17:10,1,61,61278,2,3,1,6,D43 PR 3 +720,48,
2.023E+11,2,11,2023,22:25,3,65,65054,1,1,2,6,D929A,43,
2.023E+11,2,11,2023,10:30,1,65,65375,1,2,3,3,D5,43,
2.023E+11,13,5,2023,15:05,1,22,22158,1,4,1,1,N164,48,
2.023E+11,27,10,2023,18:30,5,69,69168,2,3,2,2,Quai Pierre Dupont,45,
2.023E+11,14,5,2023,07:55,1,25,25222,1,2,1,3,N57,47,
2.023E+11,28,10,2023,15:00,1,11,11105,1,3,1,3,CD 118,43,
2.023E+11,2,11,2023,15:45,1,71,71543,2,2,3,3,Rue Eugène Gentil,46,
2.023E+11,3,11,2023,17:45,3,89,89423,1,1,1,1,N/A,47,
2.023E+11,12,5,2023,11:15,1,44,44151,1,2,1,3,1 Route de Saint-Denac,47,
2.023E+11,13,5,2023,18:45,1,44,44006,1,1,1,1,Le Pont de Fer,47,
2.023E+11,2,11,2023,18:10,3,55,55007,1,1,1,3,D964,49,
2.023E+11,1,11,2023,11:50,1,46,46153,1,1,2,6,RD 820,44,
2.023E+11,4,5,2023,20:15,2,38,38408,2,1,1,1,Route du Corbet,45,
2.023E+11,3,11,2023,16:50,3,39,39027,1,1,2,1,N/A,46,
2.023E+11,13,5,2023,14:40,1,2,2807,1,1,1,5,N/A,49,
2.023E+11,2,11,2023,18:00,5,2,2095,2,1,3,6,5 Rue Paulin Pecqueux,49,
2.023E+11,2,11,2023,14:00,1,3,3170,1,1,2,6,D73,46,
2.023E+11,13,5,2023,16:49,1,15,15120,2,1,1,4,RD 922,45,
2.023E+11,13,5,2023,22:55,3,1,1133,1,6,8,7,D992,45,
2.023E+11,2,11,2023,17:40,3,70,70575,1,1,9,2,D15b,47,
2.023E+11,2,11,2023,06:30,3,45,45188,1,6,6,6,D2152 PR 50 + 301,47,
2.023E+11,14,5,2023,16:20,1,66,66052,1,1,1,3,N/A,42,
2.023E+11,14,5,2023,01:50,3,50,50079,1,3,1,3,Route de Bricquebec,49,
2.023E+11,27,10,2023,16:50,1,16,16286,1,2,3,3,D736 - Chateau de Lignères,45,
2.023E+11,3,11,2023,20:20,3,24,24019,1,1,2,6,Avenue de la plaine,45,
2.023E+11,2,11,2023,10:00,1,24,24026,1,9,2,1,D5,45,
2.023E+11,13,5,2023,22:55,3,18,18134,2,4,1,6,33 Rue du Chambord,47,
2.023E+11,13,5,2023,07:30,2,18,18211,1,1,8,7,N/A,47,
2.023E+11,3,11,2023,18:30,3,85,85288,1,1,3,4,RD949,46,
2.023E+11,14,5,2023,09:45,1,36,36069,1,1,5,3,Cloue,47,
2.023E+11,2,11,2023,14:18,1,52,52287,1,3,2,3,D131,48,
2.023E+11,14,5,2023,17:45,1,37,37165,1,1,1,6,D57,47,
2.023E+11,3,11,2023,18:20,3,68,68375,1,1,1,1,D2,47,
2.023E+11,13,5,2023,18:35,1,95,95394,2,1,1,6,48 PONTOISE (CHEMIN DE),49,
2.023E+11,2,11,2023,16:15,1,34,34247,1,1,7,6,Campus de Bissy (Arrêt de bus),43,
2.023E+11,13,5,2023,21:45,2,978,97801,1,1,1,1,R FRANKLIN LAURENCE,18,
2.023E+11,2,11,2023,19:51,3,49,49222,1,1,2,6,A 87 pk 005+800,47,
2.023E+11,13,5,2023,13:37,1,69,69244,2,6,1,3,Porte du Valvert,45,
2.023E+11,2,11,2023,11:51,1,974,97415,1,1,1,4,N1a,-21,
2.023E+11,3,11,2023,13:46,1,973,97311,2,1,1,3,42 Avenue Félix Eboué,5,
2.023E+11,13,5,2023,05:30,3,974,97415,1,1,1,3,RN1A - PK32,-21,
2.023E+11,1,11,2023,07:40,1,971,97116,1,1,1,3,Jabrun Saint Cyr,16,
2.023E+11,13,5,2023,09:45,1,41,41207,2,3,1,7,3bis Rue Nationale,47,
2.023E+11,13,5,2023,16:58,1,95,95102,1,1,1,6,D22,49,
2.023E+11,3,11,2023,09:45,1,13,13088,2,4,2,3,D568,43,
2.023E+11,14,5,2023,07:20,2,78,78160,2,1,8,7,Route de la Brosse,48,
2.023E+11,3,11,2023,10:20,1,48,48004,1,1,1,6,Lieu dit Combret,44,
2.023E+11,13,5,2023,18:00,1,30,30090,1,1,1,1,D51,44,
2.023E+11,13,5,2023,13:00,1,83,83138,2,1,1,6,Route Rd 19,43,
2.023E+11,3,11,2023,16:00,1,83,83115,1,1,1,1,D25,43,
2.023E+11,13,5,2023,10:10,1,13,13100,1,1,1,1,CD 30,43,
2.023E+11,31,10,2023,18:50,3,6,6157,2,1,2,6,Chemin des Gardettes,43,
2.023E+11,28,4,2023,05:40,2,68,68163,1,1,3,7,Route du Sipes,47,
2.023E+11,2,11,2023,07:11,2,4,4197,1,1,2,6,D4096,43,
2.023E+11,2,11,2023,09:45,1,13,13066,1,9,3,1,D28,43,
2.023E+11,12,5,2023,17:15,1,73,73249,1,3,1,3,rd 1006,45,
2.023E+11,31,10,2023,15:15,1,57,57031,2,1,1,7,Rue Principale,49,
2.023E+11,13,5,2023,18:00,1,42,42094,2,3,2,3,Rue du 8 mai,45,
2.023E+11,30,10,2023,18:05,3,1,1424,1,2,2,3,Route de la Boisse,45,
2.023E+11,13,5,2023,20:45,2,33,33487,1,1,1,7,Avenue Paul Princeteau -Rd 10,44,
2.023E+11,19,10,2023,15:45,1,59,59268,2,1,1,3,106 rue jean mermoz,50,
2.023E+11,14,5,2023,18:00,1,60,60581,2,1,1,6,Rue du Marais,49,
2.023E+11,3,11,2023,07:50,1,59,59592,1,3,8,3,ROUTE DE MONCHEAUX,50,
2.023E+11,2,11,2023,15:00,1,94,94038,1,1,1,2,A6B,48,
2.023E+11,14,5,2023,08:30,1,80,80204,1,1,8,2,Autoroute A1 PK 137+800,50,
2.023E+11,2,11,2023,17:45,2,93,93063,1,1,6,3,AUTOROUTE A3,48,
2.023E+11,13,5,2023,21:30,3,62,62793,1,1,1,6,D57,50,
2.023E+11,2,11,2023,15:30,1,93,93010,1,1,1,3,AUTOROUTE A3,48,
2.023E+11,14,5,2023,06:12,1,59,59158,2,1,1,6,844 Rue des Ramoniers,50,
2.023E+11,2,1,2023,15:30,1,93,93010,1,1,1,6,AUTOROUTE A3,48,
2.023E+11,15,4,2023,18:15,1,13,13019,1,1,1,6,A51-Sens Aix en Provence vers Marseille,43,
2.023E+11,2,11,2023,06:05,3,95,95424,1,1,6,5,A15,48,
2.023E+11,5,5,2023,07:45,1,69,69199,1,1,1,3,Autoroute 7 ,45,
2.023E+11,13,5,2023,16:00,1,91,91179,1,1,1,7,AUTOROUTE A6,48,
2.023E+11,13,5,2023,01:40,3,92,92064,1,1,1,2,A13,48,
2.023E+11,1,11,2023,23:00,3,93,93008,1,1,2,5,N186,48,
2.023E+11,12,5,2023,12:30,1,92,92072,1,1,1,6,N118,48,
2.023E+11,1,11,2023,19:00,3,92,92078,1,1,1,2,AUTOROUTE A86,48,
2.023E+11,13,5,2023,01:20,3,95,95241,1,1,1,3,N104,49,
2.023E+11,1,11,2023,16:00,1,93,93027,1,1,8,1,AUTOROUTE A16,48,
2.023E+11,12,5,2023,23:00,3,95,95060,1,1,1,2,A115,49,
2.023E+11,2,11,2023,19:30,3,94,94069,1,1,1,4,A4,48,
2.023E+11,12,5,2023,17:05,1,95,95582,1,1,1,5,A15,48,
2.023E+11,1,11,2023,11:50,1,94,94033,1,1,2,4,A86,48,
2.023E+11,12,5,2023,13:50,1,93,93053,1,1,8,7,AUTOROUTE A103,48,
2.023E+11,23,7,2023,11:30,1,5,5153,1,1,1,7,RD143,44,
2.023E+11,12,5,2023,20:15,1,94,94073,1,1,1,2,A86,48,
2.023E+11,12,5,2023,10:40,1,75,75102,2,4,2,1,PLACE DE L OPERA,48,
2.023E+11,1,11,2023,17:30,1,974,97416,1,1,1,4,RN1 (ROUTE NATIONALE),-21,
2.023E+11,9,5,2023,15:15,1,13,13108,2,1,3,6,HALLES (RUE),43,
2.023E+11,1,11,2023,05:00,5,973,97302,2,1,1,7,PASTEUR (AVENUE LOUIS),4,
2.023E+11,31,10,2023,23:35,5,973,97302,1,9,1,7,MARINGOUINS (ROND-POINT),4,
2.023E+11,1,11,2023,12:10,1,972,97213,2,1,1,1,BOIS D'INDE (CITE),14,
2.023E+11,1,11,2023,19:55,5,69,69382,2,1,1,6,Cours de Verdun Perrache,45,
2.023E+11,12,5,2023,11:30,1,974,97416,2,1,1,6,MAHY (RUE FRANCOIS DE),-21,
2.023E+11,31,10,2023,19:14,5,971,97113,1,1,1,1,SECTEUR DAMPIERRE,16,
2.023E+11,12,5,2023,07:40,1,974,97411,2,2,1,6,NICE (RUE DE),-20,
2.023E+11,1,11,2023,13:20,1,91,91689,1,1,2,1,RD 118,48,
2.023E+11,12,5,2023,19:20,3,973,97302,2,6,1,1,KET TAI (CARREFOUR),4,
2.023E+11,12,5,2023,14:50,1,973,97302,2,1,1,2,CABASSOU (ROUTE DE),4,
2.023E+11,1,11,2023,14:30,1,91,91687,2,1,3,1,DUPARCHY (RUE),48,
2.023E+11,12,5,2023,01:10,5,973,97302,2,1,1,6,GRANT (CITE),4,
2.023E+11,1,11,2023,19:05,5,89,89387,2,1,1,7,PAUL ELUARD (RUE),48,
2.023E+11,12,5,2023,11:45,1,69,69387,2,1,1,6,Rue Chevreul,45,
2.023E+11,12,5,2023,09:55,1,69,69387,2,3,1,3,Avenue Leclerc,45,
2.023E+11,1,11,2023,19:10,3,77,77350,2,6,1,7,D354,48,
2.023E+11,12,5,2023,14:15,1,972,97209,2,1,1,1,BALATA (ROUTE DE),14,
2.023E+11,12,5,2023,14:20,1,69,69034,2,4,1,1,Boulevard Paul Doumer,45,
2.023E+11,2,11,2023,00:15,5,76,76231,2,2,2,3,Rue Boucher de Perthes,49,
2.023E+11,11,5,2023,11:35,1,971,97101,1,1,8,6,Pont de BLANCHARD,16,
2.023E+11,31,10,2023,21:00,3,76,76576,1,1,2,5,D6015,49,
2.023E+11,11,5,2023,07:50,1,971,97101,2,1,2,4,ROUTE DE BOISVINS,16,