Num_Acc,jour,mois,an,hrmn,lum,dep,com,agg,int,atm,col,adr,lat,long
2.023E+11,6,12,2023,12:48,1,75,75110,2,3,1,3,RUE DU FAUBOURG SAINT MARTIN,48,
2.023E+11,20,2,2023,12:00,1,15,15127,1,1,1,1,RN 122,45,
2.023E+11,21,8,2023,02:20,3,38,38377,2,1,1,6,Avenue de Savoie,45,
2.023E+11,5,12,2023,15:10,1,75,75101,2,3,2,6,RUE DE RIVOLI,48,
2.023E+11,5,4,2023,16:25,1,92,92025,1,1,1,2,A86,48,
2.023E+11,21,2,2023,14:30,1,5,5056,1,1,7,3,RD944,44,
2.023E+11,29,8,2023,17:15,1,69,69190,2,6,1,3,Chemin de Meginand,45,
2.023E+11,20,2,2023,18:45,2,10,10255,1,1,1,7,D143,48,
2.023E+11,4,4,2023,21:15,3,94,94046,1,1,1,7,A86,48,
2.023E+11,6,12,2023,19:15,5,94,94081,2,1,8,3,Avenue Paul Vaillant Couturier,48,
2.023E+11,29,8,2023,19:58,1,86,86115,1,1,1,7,Avenue de Paris,46,
2.023E+11,20,2,2023,19:30,3,68,68252,1,1,1,3,ROUTE DEPARTEMENTALE 83,48,
2.023E+11,6,12,2023,02:40,5,94,94081,2,1,1,2,159-161 Avenue Rouget de Lisle,48,
2.023E+11,4,4,2023,16:50,1,27,27229,2,2,1,6,LEPOUZE (RUE),49,
2.023E+11,30,8,2023,17:45,1,83,83144,1,1,1,2,A57,43,
2.023E+11,21,2,2023,13:45,1,26,26057,1,1,1,6,A49 - PK 058+600,45,
2.023E+11,6,12,2023,09:10,1,94,94081,2,2,1,3,Rue Berthie Albrecht,48,
2.023E+11,4,4,2023,17:15,1,27,27229,2,1,1,6,SAINT ANDRE (ROUTE DE),49,
2.023E+11,19,2,2023,07:30,1,987,98748,1,1,1,2,PK 3 - Mitirapa - TOAHOTU RT3,-17,
2.023E+11,27,8,2023,12:50,1,69,69290,1,1,1,4,Rocade Est,45,
2.023E+11,5,12,2023,15:15,1,94,94068,2,6,2,3,Avenue Foch,48,
2.023E+11,21,2,2023,16:40,1,58,58051,2,1,1,7,Rue du Pavillon,46,
2.023E+11,29,1,2023,06:26,3,66,66136,1,1,1,7,Départementale  617,42,
2.023E+11,6,12,2023,15:00,1,94,94046,2,1,8,2,Avenue du Professeur Cadiot,48,
2.023E+11,29,8,2023,18:10,1,57,57356,1,1,8,5,Autoroute A31,49,
2.023E+11,4,4,2023,20:20,5,974,97411,2,1,1,6,RAMBAUD (LEOPOLD),-20,
2.023E+11,17,2,2023,07:10,2,21,21138,1,3,1,3,D905,47,
2.023E+11,4,4,2023,11:40,1,974,97411,2,1,1,7,PROVIDENCE (BOULEVARD DE LA),-20,
2.023E+11,20,8,2023,01:00,3,59,59359,1,1,1,2,AUTOROUTE A16,50,
2.023E+11,6,12,2023,06:30,5,94,94041,2,1,1,6,HENRI BARBUSSE (AV),48,
2.023E+11,5,4,2023,01:33,3,973,97309,2,1,1,7,TROUBIRAN (CHEMIN DE),4,
2.023E+11,30,8,2023,00:20,3,94,94038,1,1,1,2,A6B,48,
2.023E+11,5,12,2023,11:30,1,94,94073,2,1,2,2,105 Avenue de Versailles,48,
2.023E+11,11,2,2023,09:50,1,67,67408,1,1,1,7,D224,48,
2.023E+11,21,2,2023,07:50,1,1,1032,2,6,1,6,550 Route de Genève,45,
2.023E+11,6,12,2023,19:10,5,93,93066,2,1,1,3,Avenue du General de Gaulle,48,
2.023E+11,29,8,2023,16:50,1,92,92036,1,1,1,4,A86,48,
2.023E+11,4,4,2023,10:31,1,973,97302,1,1,1,5,ROUTE NATIONALE 1,4,
2.023E+11,20,2,2023,15:21,1,69,69069,2,3,1,6,Avenue Edouard Millaud,45,
2.023E+11,29,3,2023,08:45,1,92,92036,1,1,1,3,A86,48,
2.023E+11,6,12,2023,13:12,1,93,93062,2,4,1,3,Allée du Village / Allée de la Pelouse,48,
2.023E+11,15,2,2023,17:30,1,31,31161,1,1,7,2,Courtinade,43,
2.023E+11,4,4,2023,16:45,1,69,69386,2,4,1,2,Avenue de Grande-Bretagne,45,
2.023E+11,29,8,2023,08:10,1,78,78490,1,1,1,3,RN12 INT,48,
2.023E+11,6,12,2023,08:50,2,93,93048,2,2,1,3,Rue de Rosny / Rue Saint-Just,48,
2.023E+11,21,2,2023,17:35,1,79,79184,1,1,1,7,,46,
2.023E+11,4,4,2023,15:50,1,972,97209,1,1,1,2,AUTOROUTE (A1),14,
2.023E+11,30,8,2023,09:05,1,94,94017,1,1,1,5,A4,48,
2.023E+11,6,12,2023,08:15,1,93,93008,2,1,1,6,Rue Pablo Picasso,48,
2.023E+11,19,2,2023,03:30,3,17,17064,1,1,1,1,Route du Cailleau,45,
2.023E+11,22,6,2023,07:25,1,74,74012,2,2,1,3,RESISTANCE (RUE DE LA),46,
2.023E+11,4,12,2023,18:00,5,92,92078,2,2,3,3,VIEUX CHEMIN DE ST DENIS (AVENUE),48,
2.023E+11,20,2,2023,15:40,1,86,86095,1,1,7,4,D910,46,
2.023E+11,4,4,2023,12:30,1,90,90010,2,9,1,6,1 Avenue du Général de Gaulle,47,
2.023E+11,17,6,2023,11:05,1,74,74118,2,1,1,6,DIGUE (CHEMIN DE LA),46,
2.023E+11,6,12,2023,19:00,5,92,92064,2,6,1,6,ANDRE CHEVRILLON,48,
2.023E+11,31,3,2023,20:15,2,89,89024,2,1,2,6,VINGT-QUATRE AOUT (RUE DU),47,
2.023E+11,15,2,2023,15:00,1,72,72154,2,6,1,2,Boulevard du Québec,47,
2.023E+11,1,6,2023,17:40,1,74,74263,1,1,7,2,D1005,46,
2.023E+11,20,2,2023,23:56,3,60,60141,1,6,9,6,D924a,49,
2.023E+11,5,12,2023,13:45,1,92,92051,2,2,2,6,CHATEAU (AVENUE DU),48,
2.023E+11,4,4,2023,16:50,1,88,88415,1,1,1,3,cd 42,48,
2.023E+11,1,6,2023,17:25,1,74,74042,2,1,1,3,546 Avenue des glières,46,
2.023E+11,20,2,2023,15:55,1,80,80002,1,1,1,2,AUTOROUTE A1,,
2.023E+11,6,12,2023,12:40,1,92,92050,2,2,1,3,SAULES RUE DES,48,
2.023E+11,2,4,2023,06:50,3,85,85194,1,9,1,7,RD 160 ,46,
2.023E+11,1,6,2023,11:38,1,74,74220,2,1,1,1,Route de viaison (Reignier),46,
2.023E+11,20,2,2023,20:45,3,59,59388,2,1,1,3,rue Joliot Curie,50,
2.023E+11,6,12,2023,11:00,1,92,92044,2,1,1,6,RIVAY(RUE)1A23 ET 2A20,48,
2.023E+11,30,4,2023,21:25,3,74,74208,1,1,2,6,La Carabote (Arrêt de bus),45,
2.023E+11,20,2,2023,00:44,3,13,13202,1,1,1,1,A55-Sens Marseille vers Martigues,43,
2.023E+11,6,12,2023,09:15,1,92,92040,2,2,1,3,BENOIT MALON,48,
2.023E+11,21,4,2023,09:18,1,74,74123,2,2,1,1,Rue des épinettes,45,
2.023E+11,19,2,2023,21:00,3,1,1249,1,1,1,5,,45,
2.023E+11,6,12,2023,14:00,1,92,92036,2,3,1,3,LOUIS ROCHE (AVENUE) (47/151),48,
2.023E+11,18,4,2023,06:00,2,74,74118,1,4,1,2,Échangeur A40 (Embranchement d'autoroute),46,
2.023E+11,20,2,2023,19:30,3,92,92019,1,1,1,2,RN 385 INT,48,
2.023E+11,6,12,2023,07:47,2,92,92026,2,1,1,6,LEONARD DE VINCI,48,
2.023E+11,18,3,2023,13:40,1,74,74123,1,6,1,3,Route d'annecy,45,
2.023E+11,20,2,2023,19:00,3,91,91339,1,1,1,2,RN 104,48,
2.023E+11,6,12,2023,10:10,1,92,92024,2,1,1,6,GENNEVILLIERS (PONT DE),48,
2.023E+11,3,4,2023,16:30,1,77,77307,2,1,1,6,AV DE L EUROPE,48,
2.023E+11,20,2,2023,07:00,3,91,91286,1,1,1,2,AUTOROUTE A6,48,
2.023E+11,6,12,2023,13:45,1,92,92004,2,2,1,3,DIX HUIT JUIN 40 ( RUE DU ),48,
2.023E+11,29,5,2023,20:00,1,74,74195,1,1,1,3,D1508,46,
2.023E+11,4,4,2023,12:20,1,76,76217,2,2,1,3,LOUIS BLERIOT (RUE ),49,
2.023E+11,20,2,2023,17:45,1,78,78640,1,1,1,5,N118,48,
2.023E+11,6,12,2023,06:33,1,974,97415,1,6,1,2,Route de Cambaie,-20,
2.023E+11,20,2,2023,20:20,3,92,92036,1,1,1,3,RN315 Y,48,
2.023E+11,26,5,2023,19:10,1,74,74090,1,2,1,3,D903,46,
2.023E+11,4,4,2023,07:45,1,76,76324,1,6,1,3,RD 925,49,
2.023E+11,6,12,2023,19:50,5,63,63307,2,2,1,3,avenue Jean Jaurès,45,
2.023E+11,20,2,2023,16:56,1,92,92036,1,1,1,3,A86,48,
2.023E+11,3,4,2023,20:05,5,71,71306,2,1,1,3,PLESSIS (RUE DU),46,
2.023E+11,18,5,2023,12:40,1,74,74010,1,4,1,1,Route des bauges,45,
2.023E+11,7,12,2023,13:50,1,51,51094,1,9,1,2,D995,48,
2.023E+11,20,2,2023,15:15,1,95,95582,1,1,1,2,A15,48,
2.023E+11,21,11,2023,16:45,1,6,6149,2,1,1,6,Chemin de l'Olivaie,43,
2.023E+11,17,5,2023,18:45,1,74,74282,1,1,1,3,Route du Parmelan,45,
2.023E+11,4,4,2023,18:25,1,69,69266,2,3,1,3,Cours Emile Zola,45,
2.023E+11,20,2,2023,13:05,1,92,92036,1,1,1,4,AUTOROUTE A15,48,
2.023E+11,30,11,2023,17:20,3,17,17442,1,1,1,1,RD 114,45,
2.023E+11,3,4,2023,07:00,2,67,67482,2,1,1,6,ALTENHEIM (ROUTE D ),48,
2.023E+11,6,5,2023,13:35,1,74,74242,1,1,1,1,Route de Leschaux,45,
2.023E+11,20,2,2023,09:35,1,93,93005,1,1,1,3,AUTOROUTE A1,48,
2.023E+11,7,12,2023,19:50,5,18,18284,2,3,2,7,Rue de l’Ancienne Ecole,47,
2.023E+11,29,8,2023,12:15,1,974,97409,2,1,1,2,DE LA GARE(RUE),-20,
2.023E+11,20,2,2023,00:45,3,77,77337,1,9,1,6,A4,48,
2.023E+11,17,2,2023,17:45,1,42,42044,2,1,1,6,Rue Benoit Frachon,45,
2.023E+11,28,8,2023,17:10,1,69,69034,2,1,1,2,Montée de la Rochette,45,
2.023E+11,5,4,2023,00:36,3,64,64545,2,1,1,1,BRETELLE DE SOCOA RD 913 (BRETELLE),43,
2.023E+11,19,2,2023,15:25,1,69,69387,2,2,1,3,Rue Sébastien Gryphe,45,
2.023E+11,29,8,2023,01:16,5,2B,2B033,2,1,3,7,ENCEINTE PORT.NOUV.PORT,42,
2.023E+11,6,12,2023,17:17,2,81,81218,2,9,8,2,601 Route de Lamillarie,43,
2.023E+11,3,4,2023,10:00,1,64,64102,2,1,1,6,BASQUES (PLACE DES),43,
2.023E+11,19,2,2023,01:30,3,972,97209,1,1,2,2,AUTOROUTE (A1),14,
2.023E+11,28,8,2023,15:15,1,971,97107,2,3,1,3,RUE DE GAMBETTA,16,
2.023E+11,19,2,2023,17:20,2,971,97113,1,1,1,6,BAS DU FORT,16,
2.023E+11,3,4,2023,18:40,1,62,62400,2,2,1,3,D86,50,
2.023E+11,29,8,2023,12:10,1,95,95428,2,2,1,2,D928,48,
2.023E+11,1,4,2023,21:10,5,59,59043,2,1,2,6,LILLE (RUE DE),50,
2.023E+11,19,2,2023,21:20,5,81,81004,2,1,1,1,THOMAS (AV ALBERT),43,
2.023E+11,29,8,2023,06:50,1,95,95014,1,2,1,3,D109P,49,
2.023E+11,19,2,2023,04:25,5,78,78440,2,1,1,6,PAUL RAOULT (AVENUE),48,
2.023E+11,4,4,2023,19:00,1,58,58194,2,2,1,3,FAIDHERBE,46,
2.023E+11,29,8,2023,16:00,1,91,91691,2,1,1,6,RAYMOND POINCARE(RUE),48,
2.023E+11,4,4,2023,16:10,1,56,56121,2,1,1,3,6 Avenue Raymond Queudet,47,
2.023E+11,28,8,2023,15:03,1,87,87085,2,1,1,6,TIMBAUD (RUE PIERRE),45,
2.023E+11,7,12,2023,08:20,1,45,45110,1,2,8,3,Rue d'Arconville,48,
2.023E+11,3,4,2023,19:10,1,56,56098,2,3,1,3,CHAPELLE (ROUTE DE LA),47,
2.023E+11,27,8,2023,00:55,5,87,87085,2,3,1,2,LECLERC (AVENUE DU GENERAL),45,
2.023E+11,6,12,2023,20:00,5,974,97405,1,3,1,3,Rue Augustin Mézino,-21,
2.023E+11,18,2,2023,23:20,5,76,76349,2,2,1,6,GRIMALDI (RUE),49,
2.023E+11,28,8,2023,15:25,1,86,86066,1,1,1,7,D14,46,
2.023E+11,3,4,2023,17:30,1,54,54304,2,3,1,3,Rue Emile Bertin,48,
2.023E+11,19,2,2023,19:55,5,74,74008,2,1,1,3,BRIAND (RUE ARISTIDE),46,
2.023E+11,6,12,2023,16:00,1,974,97412,1,1,1,6,D33,-21,
2.023E+11,29,8,2023,06:40,2,83,83062,1,3,1,3,RN 98,43,
2.023E+11,4,4,2023,13:40,1,54,54483,2,1,1,3,MARTYRS DU NAZISME (RUE DES),48,
2.023E+11,19,2,2023,15:00,1,69,69199,2,9,1,1,83 Avenue Jean Jaurès,45,
2.023E+11,7,12,2023,15:45,2,14,14342,1,1,3,6,N13,49,
2.023E+11,25,8,2023,07:40,1,83,83129,2,6,1,3,CLAUDE POMPIDOU,43,
2.023E+11,19,2,2023,03:05,4,64,64024,2,1,1,7,LECLERC (PLACE DU GENERAL),43,
2.023E+11,28,8,2023,17:25,1,81,81004,2,1,1,6,VERDIER (FRANCOIS),43,
2.023E+11,4,4,2023,04:55,5,53,53034,2,3,1,3,rue Charles de Gaulle,48,
2.023E+11,7,12,2023,08:10,1,48,48005,1,1,1,2,autoroute A75 - échangeur 38 - PK 153+200   - sens Sud/Nord,44,
2.023E+11,18,2,2023,03:30,5,64,64024,2,1,1,2,26 Avenue de Bayonne,43,
2.023E+11,4,4,2023,18:50,1,51,51454,2,1,1,3,boulevard Henry Vasnier,49,
2.023E+11,7,12,2023,18:15,5,30,30060,2,1,1,6,D42,43,
2.023E+11,28,8,2023,18:05,1,72,72181,2,9,1,2,RHIN ET DANUBE (AV) N° PAIRS 2 A 192,48,
2.023E+11,28,8,2023,15:40,1,72,72181,2,9,1,6,ROOSEVELT FRANKLIN (PL),48,
2.023E+11,6,12,2023,18:30,3,44,44009,1,1,1,6,N/A,47,
2.023E+11,4,4,2023,16:45,1,51,51454,2,6,1,2,avenue du Maréchal Juin,49,
2.023E+11,19,2,2023,17:29,1,35,35051,1,3,1,3,BIGNON (RUE DU),48,
2.023E+11,29,8,2023,14:10,1,69,69266,2,1,1,6,Rue Frédéric Mistral,45,
2.023E+11,6,12,2023,18:20,3,51,51380,1,1,5,6,route départementale 41,48,
2.023E+11,4,4,2023,13:30,1,51,51454,2,9,1,1,rue du Châtelet,49,
2.023E+11,19,2,2023,15:55,1,35,35238,2,6,1,3,ROBIQUETTE (ROND POINT DE LA),48,
2.023E+11,29,8,2023,16:30,1,67,67482,2,3,8,3,OBERHAUSBERGEN (ROUTE D ),48,
2.023E+11,2,4,2023,16:55,1,50,50129,2,1,1,6,GLINEL (RUE ROGER),49,
2.023E+11,6,12,2023,12:15,1,19,19208,1,1,1,1,N/A,45,
2.023E+11,19,8,2023,20:30,2,67,67482,2,3,1,6,MONTAGNE VERTE (RUE DE LA),48,
2.023E+11,6,12,2023,21:00,3,56,56199,1,1,2,6,Lieu Dit Kerandre,48,
2.023E+11,3,4,2023,19:59,2,49,49007,2,1,1,7,MAINE,47,
2.023E+11,19,2,2023,14:10,1,35,35281,1,1,1,4,ROCADE,48,
2.023E+11,28,8,2023,07:20,1,67,67462,1,1,8,3,EPFIG (ROUTE D),48,
2.023E+11,3,12,2023,23:30,5,2B,2B251,2,6,1,1,Rond point de Migliacciaru RT 10,41,
2.023E+11,19,2,2023,09:21,1,35,35278,1,1,1,6,RD 137,48,
2.023E+11,29,8,2023,13:50,1,65,65286,1,1,1,6,RD921B-COTE DES COURRIERS,43,
2.023E+11,4,4,2023,08:40,1,49,49007,2,2,1,6,SAINT EXUPERY,47,
2.023E+11,18,2,2023,19:25,5,35,35238,2,3,1,6,LORIENT (DE),48,
2.023E+11,29,8,2023,10:25,1,64,64260,2,1,1,3,CORNICHE (ROUTE DE LA),43,
2.023E+11,7,12,2023,14:40,1,81,81227,2,1,1,3,52 Av de Castres,43,
2.023E+11,3,4,2023,09:13,1,49,49007,1,1,1,7,CANTENAY EPINARD ROUTE,47,
2.023E+11,15,8,2023,18:10,1,62,62041,2,1,1,2,Rue de l’Abbe Pierre,50,
2.023E+11,19,2,2023,12:00,1,34,34172,1,3,1,6,50 Avenue de Monsieur Teste,43,
2.023E+11,7,12,2023,12:10,1,63,63273,2,1,1,1,Route du Pont,45,
2.023E+11,4,4,2023,15:50,1,45,45232,2,6,1,1,802 Rue Paulin Labarre,47,
2.023E+11,19,2,2023,19:51,5,31,31069,2,1,1,3,BD DE L'EUROPE,43,
2.023E+11,28,8,2023,06:30,2,62,62041,2,6,1,3,Rue de Cambrai,50,
2.023E+11,6,12,2023,18:55,3,49,49302,1,1,5,6,Lieu Dit les Monis,47,
2.023E+11,19,2,2023,18:45,5,28,28134,2,1,1,6,BOIS SABOT (RUE DU),48,
2.023E+11,4,4,2023,14:05,1,38,38185,1,1,8,4,AUTOROUTE A 480,45,
2.023E+11,28,8,2023,19:08,1,60,60057,2,1,1,6,Boulevard Jules Brière,49,
2.023E+11,23,11,2023,13:10,1,41,41016,1,9,2,3,D976,47,
2.023E+11,19,2,2023,05:35,5,26,26362,2,9,1,7,Avenue de Romans,44,
2.023E+11,4,4,2023,08:00,1,38,38053,2,1,1,3,BARBUSSE,45,
2.023E+11,29,8,2023,17:00,1,54,54498,2,2,1,3,Rue des Grands Prés,48,
2.023E+11,6,12,2023,07:20,2,34,34194,2,2,1,3,Avenue de Campagnan,43,
2.023E+11,19,2,2023,13:00,1,13,13214,2,1,1,2,CAPITAINE GEZE (BOULEVARD),43,
2.023E+11,4,4,2023,21:25,3,37,37195,2,1,1,6,RD 88,47,
2.023E+11,27,8,2023,15:45,1,50,50129,2,3,1,3,GAULLE (RUE DU GENERAL DE),49,
2.023E+11,18,2,2023,18:10,5,13,13207,2,1,1,3,RIVE NEUVE (QUAI DE),43,
2.023E+11,4,4,2023,08:40,1,37,37261,2,1,1,2,CHURCHILL (BOULEVARD WINSTON),47,
2.023E+11,29,8,2023,17:20,1,49,49328,2,1,1,3,D 93,47,
2.023E+11,18,2,2023,16:45,1,13,13005,2,3,1,3,GEMENOS (ROUTE DE CD2),43,
2.023E+11,28,8,2023,16:00,1,49,49007,2,1,1,6,ROI RENE BOULEVARD,47,
2.023E+11,7,12,2023,17:30,3,25,25103,1,1,5,3,D104,47,
2.023E+11,4,4,2023,07:40,1,37,37122,2,2,1,1,BEGUINE (RUE DE),47,
2.023E+11,19,2,2023,19:15,5,13,13001,2,9,1,2,GALICE (RTE),43,
2.023E+11,28,8,2023,16:25,1,47,47323,1,3,1,3,TOURNON (ROUTE DE),44,
2.023E+11,7,12,2023,15:15,1,29,29168,1,1,2,6,Lieu Dit Kerstrat,48,
2.023E+11,4,4,2023,09:15,1,35,35238,2,6,1,3,LEROUX (BD OSCAR),48,
2.023E+11,19,2,2023,14:56,1,12,12145,2,1,1,1,AIGOUAL (AVENUE DE L'),44,
2.023E+11,29,8,2023,12:20,1,47,47001,2,2,1,3,MICHELET (AV.),44,
2.023E+11,7,12,2023,16:45,2,2,2023,1,1,1,1,N/A,49,
2.023E+11,19,2,2023,05:30,3,12,12013,2,1,1,6,TOULOUSE-LAUTREC (AVENUE),44,
2.023E+11,4,4,2023,08:45,1,35,35278,2,1,1,4,DE GAULLE (AVENUE GENERAL),48,
2.023E+11,19,8,2023,17:10,1,44,44109,2,1,7,6,5 Place Emile Zola,47,
2.023E+11,18,2,2023,17:30,1,7,7102,2,1,1,6,Rue Pierre Curie,44,
2.023E+11,4,4,2023,07:55,1,35,35278,2,6,1,3,BLAVET (RUE DU),48,
2.023E+11,7,12,2023,12:00,1,2,2173,2,7,1,1,24 Rue André Ternynck,49,
2.023E+11,28,8,2023,17:15,1,37,37261,2,1,1,3,BERANGER (BOULEVARD),47,
2.023E+11,19,2,2023,20:05,5,93,93057,2,1,1,3,Avenue Aristide Briand,48,
2.023E+11,3,4,2023,17:35,1,35,35238,2,1,1,3,YSER (BD DE L'),48,
2.023E+11,6,12,2023,18:40,5,3,3254,2,6,1,3,rue Antoine Sinturel,46,
2.023E+11,28,8,2023,12:45,1,37,37261,2,3,1,3,STRAUSS (RUE JOHANN),47,
2.023E+11,17,2,2023,23:50,5,75,75116,2,4,8,7,ECHANGEUR MAILLOT,48,
2.023E+11,29,8,2023,10:35,1,35,35238,2,3,1,3,VERN (DE),48,
2.023E+11,19,2,2023,02:50,5,75,75110,2,1,1,6,RUE DE LA GRANGE AUX BELLES,48,
2.023E+11,4,4,2023,09:30,1,34,34301,2,2,1,5,57 Avenue Jean Monnet,43,
2.023E+11,29,8,2023,07:07,1,33,33529,1,1,2,3,D259,44,
2.023E+11,6,12,2023,15:00,1,14,14431,2,4,1,3,16 Route du Moulin,49,
2.023E+11,4,4,2023,21:10,5,34,34172,2,1,1,1,550 Avenue de la Justice de Castelnau,43,
2.023E+11,19,2,2023,14:30,1,75,75112,2,4,1,3,RUE DU GENERAL DE LANGLE DE CARY,48,
2.023E+11,29,8,2023,16:10,1,31,31555,2,1,1,3,Avenue de Rangueil,43,
2.023E+11,4,4,2023,18:50,1,34,34172,2,1,1,3,Avenue de Vanières,43,
2.023E+11,29,8,2023,20:15,1,29,29051,1,1,1,6,CORAY ROUTE DE,48,
2.023E+11,19,2,2023,20:20,5,75,75108,2,2,1,2,BOULEVARD MALESHERBES,48,
2.023E+11,2,4,2023,17:50,1,34,34172,2,1,1,6,222 Avenue de la Justice de Castelnau,43,
2.023E+11,7,12,2023,16:15,1,64,64093,2,4,2,7,Chemin Potto,43,
2.023E+11,28,8,2023,14:20,1,29,29019,2,6,1,3,179 boulevard de l'Europe,48,
2.023E+11,19,2,2023,19:55,5,94,94058,2,3,1,2,Boulevard d'Alsace-lorraine,48,
2.023E+11,6,12,2023,17:30,5,53,53147,2,1,1,6,RN12,48,
2.023E+11,29,8,2023,16:21,1,25,25056,2,9,1,3,BELLAY RUE JOACHIM DU,47,
2.023E+11,4,4,2023,16:15,1,33,33281,2,6,1,3,Avenue François Mitterrand,44,
2.023E+11,18,2,2023,13:00,1,94,94021,2,1,1,3,Pl du Mal de Lattre de Tassigny,48,
2.023E+11,4,4,2023,08:30,1,31,31555,2,1,1,6,52 Boulevard de Strasbourg,43,
2.023E+11,14,10,2023,08:30,1,85,85089,1,1,1,1,RD160,46,
2.023E+11,23,8,2023,08:40,1,22,22278,2,6,1,3,CROIX-MATHIAS (RD-PT DE LA),48,
2.023E+11,19,2,2023,17:35,1,93,93066,2,1,1,6,Avenue Marcel Cachin,48,
2.023E+11,7,12,2023,14:36,1,30,30284,2,1,1,6,Avenue Marcel Paul,44,
2.023E+11,4,4,2023,18:50,1,31,31483,2,3,7,1,FRANCOIS MITTERAND ( AVENUE),43,
2.023E+11,29,8,2023,14:40,1,17,17415,2,3,1,4,ABATTOIR RUE DE L',45,
2.023E+11,4,4,2023,08:30,1,29,29232,1,1,7,2,Rue Marcel Paul,47,
2.023E+11,19,2,2023,16:26,1,93,93066,2,3,1,5,Rue de la Cokerie / Rue des Trémies,48,
2.023E+11,6,12,2023,07:55,2,31,31395,1,1,1,2,A64,43,
2.023E+11,4,4,2023,13:45,1,29,29039,2,1,1,6,Rue de Quimper,47,
2.023E+11,19,2,2023,19:56,5,93,93031,2,1,1,6,Parking au 41 Avenue de la Marne,48,
2.023E+11,29,8,2023,18:30,1,15,15014,2,2,1,3,RN 122,44,
2.023E+11,7,12,2023,07:00,2,973,97309,2,1,1,6,avenue de Lattre de Tassigny,4,
2.023E+11,28,8,2023,15:47,1,15,15012,1,1,1,7,RD 990,44,
2.023E+11,19,2,2023,16:50,1,93,93008,2,3,1,6,Rue de l'Union / Avenue Paul Vaillant - Couturier,48,
2.023E+11,2,4,2023,16:15,1,29,29019,2,3,1,3,rue Théodore Botrel,48,
2.023E+11,6,12,2023,00:15,3,33,33284,1,1,1,1,A660,44,
2.023E+11,4,4,2023,19:10,2,28,28134,2,6,1,6,ORIELS (RUE DES),48,
2.023E+11,29,8,2023,19:30,1,14,14059,2,3,1,2,27 Avenue du Littoral,49,
2.023E+11,26,2,2023,09:08,1,92,92072,2,4,1,6,Pont de Sèvres,48,
2.023E+11,6,12,2023,03:00,3,11,11255,1,1,1,1,D6113,43,
2.023E+11,29,8,2023,07:25,1,13,13204,2,1,1,6,ALEXIS CARREL (RUE),43,
2.023E+11,4,4,2023,09:00,1,28,28085,2,2,1,3,RABUAN DU COUDRAY (RUE),48,
2.023E+11,6,12,2023,07:00,2,66,66196,1,1,1,6,N/A,42,
2.023E+11,19,2,2023,12:10,1,92,92012,2,2,1,1,JEAN JAURES (BOULEVARD) 217/FIN - 210/FI,48,
2.023E+11,29,8,2023,12:00,1,13,13063,2,9,1,3,THEODORE AUBANEL BOULEVARD,43,
2.023E+11,18,2,2023,09:05,1,24,24266,1,1,1,7,150 D710,45,
2.023E+11,25,10,2023,07:45,2,66,66008,2,9,1,2,N/A,42,
2.023E+11,4,4,2023,07:55,1,22,22113,2,1,5,5,MENDES FRANCE (BOULEVARD),48,
2.023E+11,15,2,2023,07:40,2,91,91511,2,1,1,6,133 Rue Etienne Laurent,48,
2.023E+11,29,8,2023,10:00,1,12,12145,2,1,1,1,GABRIAC JEAN (BOULEVARD),44,
2.023E+11,6,12,2023,18:00,3,13,13081,1,3,1,3,N Rd 113,43,
2.023E+11,4,4,2023,07:25,1,21,21054,1,3,1,2,SEURRE (ROUTE DE),47,
2.023E+11,20,2,2023,09:05,1,974,97422,2,1,1,6,Rue des Flamboyants,-21,
2.023E+11,28,8,2023,16:18,1,10,10387,2,1,1,2,LOMBARDS (AVENUE),48,
2.023E+11,7,12,2023,12:20,1,73,73139,1,1,7,1,D60 lieu dit Etre,45,
2.023E+11,19,2,2023,16:15,1,974,97422,1,1,1,7,221 Rue Charles Baudelaire,-21,
2.023E+11,28,8,2023,15:50,1,6,6083,2,1,2,6,DE GAULLE (AVENUE GENERAL),43,
2.023E+11,4,4,2023,09:29,1,17,17461,2,6,1,3,VAL-LUMIERE (AVENUE DU),45,
2.023E+11,6,12,2023,21:45,3,38,38449,1,1,5,1,D518,45,
2.023E+11,29,8,2023,17:10,1,6,6069,1,1,1,2,Pénétrante,43,
2.023E+11,4,4,2023,09:00,1,17,17461,2,1,1,2,DE GAULLE (BOULEVARD DU GAL),45,
2.023E+11,20,2,2023,07:20,2,30,30315,1,1,1,5,,43,
2.023E+11,2,12,2023,20:59,3,44,44037,1,1,1,7,l’oumeau,47,
2.023E+11,29,8,2023,15:30,1,6,6029,2,1,1,3,CROISETTE (BOULEVARD DE LA),43,
2.023E+11,19,2,2023,13:00,1,19,19073,1,1,1,6,rue de St Yrieix,45,
2.023E+11,7,12,2023,08:30,2,35,35012,2,9,3,6,avenue du bois greffier,47,
2.023E+11,18,2,2023,01:10,3,82,82098,1,1,1,6,Route de Saint Etienne de Tulmont,44,
2.023E+11,29,8,2023,13:45,1,75,75120,2,1,1,2,PORTE DE MONTREUIL,48,
2.023E+11,28,3,2023,10:45,1,14,14181,1,6,1,6,Route de Soliers,49,
2.023E+11,18,2,2023,03:00,3,11,11434,1,1,1,3,N/A,43,
2.023E+11,6,12,2023,15:35,1,60,60141,2,1,1,2,Avenue du Général Leclerc,49,
2.023E+11,29,8,2023,19:25,1,75,75119,2,1,1,3,BOULEVARD DE LA VILLETTE,48,