Num_Acc,jour,mois,an,hrmn,lum,dep,com,agg,int,atm,col,adr,lat,long
2.023E+11,4,12,2023,18:43,5,49,49007,2,1,2,4,DOYENNE BOULEVARD ET PASSAGE,47,
2.023E+11,1,10,2023,22:15,3,973,97304,1,1,1,7,Route Degrad Saramaca,5,
2.023E+11,4,12,2023,15:39,1,49,49007,2,1,2,7,BARANGE BOULEVARD,47,
2.023E+11,25,9,2023,18:00,1,973,97304,1,1,1,2,Piste Crique des Singes Rouges,5,
2.023E+11,28,8,2023,07:40,1,973,97302,2,3,1,3,MADELEINE (ROUTE DE LA),4,
2.023E+11,4,12,2023,11:45,1,49,49015,2,6,3,3,POMPIDOU AVENUE GEORGES,47,
2.023E+11,1,10,2023,19:15,3,971,97125,1,1,1,3,route de brissac D116,16,
2.023E+11,27,8,2023,12:55,1,973,97302,2,3,1,1,CABASSOU (CITE),4,
2.023E+11,4,12,2023,09:10,1,49,49007,2,1,2,1,MANDEL,47,
2.023E+11,28,8,2023,09:22,1,69,69386,2,3,2,6,Rue Notre-Dame,45,
2.023E+11,30,9,2023,19:45,3,45,45257,1,1,1,6,D2007,47,
2.023E+11,5,11,2023,17:13,1,47,47001,2,3,1,3,DE GAULLE (AV. DU GENERAL),44,
2.023E+11,4,12,2023,17:50,5,41,41018,2,1,2,3,INDUSTRIE (BOULEVARD DE L'),47,
2.023E+11,28,8,2023,02:15,5,972,97213,1,1,2,2,AUTOROUTE A1,14,
2.023E+11,8,10,2023,08:40,1,39,39198,2,6,7,3,323 Avenue du Marechal Juin,47,
2.023E+11,30,9,2023,13:30,1,66,66065,1,9,1,3,D912,42,
2.023E+11,5,12,2023,12:30,1,37,37233,2,1,1,1,DUCLOS (AVENUE JACQUES),47,
2.023E+11,2,10,2023,13:30,1,83,83053,1,4,1,3,Dn8,43,
2.023E+11,4,12,2023,10:55,1,37,37214,2,3,2,1,CHANTERIE (RUE DE LA),47,
2.023E+11,2,10,2023,09:50,1,13,13097,1,1,1,2,d 113,43,
2.023E+11,2,10,2023,11:30,1,71,71235,2,1,1,6,Route de la Grisière,46,
2.023E+11,5,12,2023,20:45,5,35,35238,2,3,2,3,HENRY (RECTEUR PAUL),48,
2.023E+11,1,10,2023,22:45,3,8,8226,1,1,1,3,rte departementale 8051,50,
2.023E+11,5,12,2023,14:00,1,35,35051,1,3,2,1,POURI (LIEU-DIT LE CHAMP),48,
2.023E+11,4,12,2023,09:30,1,34,34172,2,1,2,3,CARRIEU (RUE MARIUS),43,
2.023E+11,1,10,2023,00:20,4,67,67525,2,1,1,7,52 Rue Westerend,48,
2.023E+11,4,12,2023,15:35,1,34,34032,2,1,1,6,VOIE DOMITIENNE (AVENUE DE LA),43,
2.023E+11,2,10,2023,07:00,2,7,7169,1,3,1,3,D86,45,
2.023E+11,5,12,2023,12:32,1,33,33063,2,8,2,3,Rue des Etrangers,44,
2.023E+11,15,9,2023,19:20,2,69,69071,1,1,1,3,Route des Monts d'Or,45,
2.023E+11,2,10,2023,14:40,1,31,31466,1,1,1,6,Lieu Dit la Batisse,43,
2.023E+11,4,12,2023,17:00,5,33,33063,2,1,2,3,AVE CHARLES DE GAULLE CAUD,44,
2.023E+11,1,10,2023,16:40,1,31,31417,2,1,1,1,10 Route de Mondonville,43,
2.023E+11,4,12,2023,08:40,1,33,33063,2,1,2,3,Rue Charles Chaigneau,44,
2.023E+11,1,10,2023,11:50,1,33,33233,2,1,1,6,Rue du Lac des Vergnes,45,
2.023E+11,3,12,2023,22:50,5,33,33249,2,1,1,3,Côte de la Garonne,44,
2.023E+11,1,10,2023,17:55,1,33,33019,2,1,1,3,Avenue des Certes,44,
2.023E+11,5,12,2023,19:05,3,29,29019,1,1,1,2,route de Roc'h Glas,48,
2.023E+11,1,10,2023,17:15,1,49,49260,1,1,1,6,D91,47,
2.023E+11,5,12,2023,17:45,2,27,27528,2,1,1,6,MAILLOUX (RUE EDMOND),49,
2.023E+11,30,9,2023,19:15,1,27,27235,2,2,1,3,Rue de la Mairie,49,
2.023E+11,5,12,2023,11:15,1,27,27229,2,1,2,6,MICHELET (RUE),49,
2.023E+11,2,10,2023,18:20,1,60,60116,1,1,8,7,RD 137,49,
2.023E+11,5,12,2023,08:40,1,26,26362,2,1,1,6,Rue Faventines,44,
2.023E+11,1,10,2023,16:35,1,80,80110,1,1,1,2,N/A,50,
2.023E+11,4,12,2023,07:20,5,25,25547,2,1,4,6,AVENUE LECLERC,47,
2.023E+11,30,11,2023,19:00,5,24,24037,2,1,3,1,NEUVE (RUE D'ARGENSON),44,
2.023E+11,1,10,2023,14:35,1,13,13088,1,1,1,1,A55 SENS MARTIGUES-MARSEILLE,43,
2.023E+11,5,12,2023,10:35,1,23,23096,2,9,1,6,GUILLON ( RUE ALEXANDRE),46,
2.023E+11,9,1,2023,23:20,3,92,92036,1,1,8,2,A86,48,
2.023E+11,5,12,2023,13:40,1,15,15014,1,1,2,6,RD 120,44,
2.023E+11,26,9,2023,18:00,1,13,13001,1,1,1,4,A51-Sens Marseille vers Aix en Provence,43,
2.023E+11,10,1,2023,18:20,3,94,94028,1,1,2,4,A86,48,
2.023E+11,1,10,2023,17:10,1,83,83137,2,9,1,6,A57,43,
2.023E+11,5,12,2023,15:20,1,14,14366,2,3,2,3,ORIVAL (RUE D'),49,
2.023E+11,10,1,2023,15:40,1,94,94017,1,1,2,6,A86,48,
2.023E+11,25,9,2023,07:40,1,69,69259,1,1,1,2,Boulevard Périphérique Laurent Bonnevay,45,
2.023E+11,10,1,2023,07:50,2,94,94022,1,1,1,2,A86,48,
2.023E+11,5,12,2023,16:50,1,13,13215,2,3,1,5,SAINT ANTOINE (AVENUE DE),43,
2.023E+11,5,12,2023,12:19,1,13,13203,2,1,1,6,JUNOT (RUE),43,
2.023E+11,1,10,2023,18:50,1,33,33063,1,1,1,4,ROCADE A 630,44,
2.023E+11,8,1,2023,03:06,5,75,75111,2,2,1,3,RUE DE CHARONNE,48,
2.023E+11,4,12,2023,16:30,1,13,13214,2,3,2,3,GIBBES (CHEMIN DE),43,
2.023E+11,9,1,2023,13:30,1,75,75110,2,3,2,7,RUE DU FAUBOURG SAINT MARTIN,48,
2.023E+11,5,12,2023,09:30,1,13,13028,2,1,1,2,POILUS (RUE DES),43,
2.023E+11,1,10,2023,17:00,1,91,91468,1,1,1,5,AUTOROUTE A6,48,
2.023E+11,7,1,2023,22:30,5,94,94011,2,1,8,6,Avenue Rodolphe Hottinguer,48,
2.023E+11,5,12,2023,10:05,1,13,13001,2,3,1,3,BELGES (AV DES),43,
2.023E+11,1,10,2023,00:50,3,91,91432,1,1,1,2,AUTOROUTE A6,48,
2.023E+11,9,1,2023,07:55,5,94,94017,2,1,1,3,62 bis Avenue de la République,48,
2.023E+11,4,12,2023,19:00,5,11,11069,1,1,2,2,ROCADE NORD - RD 6113,43,
2.023E+11,30,9,2023,09:45,1,75,75113,1,1,1,4,A6B,48,
2.023E+11,4,12,2023,07:25,3,11,11069,1,1,2,6,N/A,43,
2.023E+11,9,1,2023,19:40,5,93,93072,2,3,2,2,Avenue de Stalingrad / Avenue Paul Vaillant Couturier,48,
2.023E+11,1,10,2023,13:36,1,92,92051,1,1,1,7,RN13,48,
2.023E+11,4,12,2023,20:55,5,10,10387,2,2,2,2,EDOUARD HERRIOT (RUE),48,
2.023E+11,9,1,2023,16:46,1,93,93066,2,1,2,3,Avenue Lénine,48,
2.023E+11,1,10,2023,20:00,4,93,93048,1,1,1,3,AUTOROUTE A3,48,
2.023E+11,9,1,2023,18:00,5,93,93064,2,1,3,6,Avenue Jean Jaurès,48,
2.023E+11,1,10,2023,17:50,1,92,92036,1,1,1,2,AUTOROUTE A15,48,
2.023E+11,5,12,2023,19:30,3,7,7231,1,1,8,5,D579,44,
2.023E+11,9,1,2023,18:15,5,93,93077,2,3,2,6,Allée de la Tour / Avenue Anatole France,48,
2.023E+11,5,12,2023,08:10,1,6,6123,2,9,1,3,CURIE PIERRE ET MARIE AVENUE,43,
2.023E+11,30,9,2023,21:30,3,92,92036,1,1,1,3,AUTOROUTE A15,48,
2.023E+11,5,12,2023,08:40,1,4,4112,2,1,1,3,DEPARTEMENTALE 4096,43,
2.023E+11,9,1,2023,19:41,5,93,93055,2,1,2,6,Avenue du Général Leclerc,48,
2.023E+11,1,10,2023,08:25,1,95,95500,1,1,1,2,A15,49,
2.023E+11,9,1,2023,14:55,1,93,93051,2,3,3,6,Avenue Médéric / Place du Commerce,48,
2.023E+11,4,12,2023,13:20,1,4,4112,2,1,2,5,SAINT JOSEPH(BOULEVARD),43,
2.023E+11,30,9,2023,21:50,3,95,95241,1,1,1,6,N104,49,
2.023E+11,9,1,2023,15:05,1,92,92064,2,1,2,3,REPUBLIQUE,48,
2.023E+11,4,12,2023,17:42,5,1,1053,2,1,2,2,MERCIER (AVENUE AMEDEE DU 45 AU FIN),46,
2.023E+11,30,9,2023,18:30,1,93,93010,1,1,1,5,AUTOROUTE A3,48,
2.023E+11,2,12,2023,13:30,1,75,75101,2,1,1,6,Rue de l'Amiral de Coligny,48,
2.023E+11,8,1,2023,18:05,5,92,92025,2,2,2,6,CHARLES DE GAULLE (BD),48,
2.023E+11,30,9,2023,15:50,1,95,95527,1,1,1,6,A1,48,
2.023E+11,2,12,2023,19:30,5,75,75106,2,2,1,6,BOULEVARD RASPAIL,48,
2.023E+11,7,1,2023,00:05,5,92,92004,2,2,1,3,PONT D'ASNIERES,48,
2.023E+11,5,12,2023,16:20,5,75,75118,2,9,2,6,RUE DES POISSONNIERS,48,
2.023E+11,30,9,2023,09:45,1,95,95604,1,1,1,4,Autoroute A1,49,
2.023E+11,9,1,2023,18:10,5,92,92002,2,6,2,6,RABELAIS (AVENUE),48,
2.023E+11,5,12,2023,04:15,5,75,75117,2,1,3,6,AVENUE DE LA PORTE D ASNIERES,48,
2.023E+11,9,1,2023,08:45,1,52,52017,1,1,1,6,D6 - pk 31+330,47,
2.023E+11,30,9,2023,02:00,5,93,93007,1,9,1,2,AUTOROUTE A1,48,
2.023E+11,4,12,2023,18:00,5,75,75116,2,2,3,3,ALLEE DE LONGCHAMP,48,
2.023E+11,3,1,2023,07:55,2,22,22172,2,2,8,1,5,,
2.023E+11,4,12,2023,15:40,1,75,75113,2,2,2,7,BOULEVARD MASSENA,48,
2.023E+11,1,10,2023,09:50,1,77,77514,1,1,1,4,A104,48,
2.023E+11,5,12,2023,00:30,5,75,75112,2,1,2,6,RUE DE BERCY,48,
2.023E+11,10,1,2023,14:20,1,68,68112,2,2,1,6,2a Route d'Issenheim,47,
2.023E+11,1,10,2023,04:29,3,77,77514,1,1,1,2,RN104,48,
2.023E+11,30,6,2023,02:30,5,74,74173,2,1,2,6,RD1212,45,
2.023E+11,9,1,2023,18:00,3,67,67073,1,3,2,1,D424 - D697,48,
2.023E+11,19,7,2023,17:25,1,74,74188,1,1,1,1,Route des lindarets,46,
2.023E+11,9,1,2023,14:05,1,57,57111,1,1,2,7,Autoroute A4 - PK 308.800 - sens PARIS-STRASBOURG,49,
2.023E+11,19,7,2023,15:50,1,74,74238,2,1,1,3,Route des grandes alpes,46,
2.023E+11,8,1,2023,16:28,1,76,76167,1,1,1,7,départementale 111,49,
2.023E+11,16,7,2023,18:17,1,74,74296,1,1,7,7,Route de la croix biche,46,
2.023E+11,15,7,2023,17:15,1,74,74063,2,1,1,6,Route de vonnes,46,
2.023E+11,10,1,2023,15:20,1,38,38337,1,1,1,5,RD 1085,45,
2.023E+11,13,7,2023,13:45,1,74,74302,1,1,1,7,D909,45,
2.023E+11,7,1,2023,16:45,1,36,36239,1,1,1,6,,46,
2.023E+11,19,8,2023,18:40,1,73,73065,2,1,1,7,D1006 - Bd Henry Bordeaux,45,
2.023E+11,29,9,2023,16:20,2,974,97416,2,3,1,3,LEBLOND 1 (RUE MARIUS ET ARY),-21,
2.023E+11,9,1,2023,23:45,3,37,37047,1,1,1,2,A28,47,
2.023E+11,30,9,2023,16:10,1,974,97411,2,1,8,6,RUISSEAU DES NOIRS (RUE),-20,
2.023E+11,9,1,2023,18:22,3,83,83031,1,1,2,6,D17,43,
2.023E+11,30,9,2023,09:15,1,973,97302,2,6,1,3,CATAYEE (JUSTIN),4,
2.023E+11,30,9,2023,02:55,5,973,97302,2,1,1,1,MADELEINE (ROUTE DE LA),4,
2.023E+11,10,1,2023,08:50,1,51,51617,1,1,2,7,D21,49,
2.023E+11,29,9,2023,12:05,1,69,69383,2,3,1,3,Rue du Dauphiné,45,
2.023E+11,9,1,2023,18:35,5,32,32032,2,1,2,1,D943,43,
2.023E+11,30,9,2023,08:57,1,972,97209,2,2,1,3,SIDONI FLORANGE (IMPASSE),14,
2.023E+11,30,9,2023,05:50,5,69,69381,2,7,1,7,Place Tobie Robatel,45,
2.023E+11,9,1,2023,17:30,3,89,89469,1,1,2,7,,48,
2.023E+11,30,9,2023,02:10,5,69,69382,2,1,1,2,Quai Docteur Gailleton,45,
2.023E+11,9,1,2023,18:00,3,49,49307,1,1,8,2,Route de Mazé (St Mathurin),47,
2.023E+11,30,9,2023,11:41,1,2B,2B037,1,1,1,3,LAGUNE (Route de la) D107,42,
2.023E+11,30,9,2023,16:45,1,91,91657,2,1,1,3,RUE DE LA LONGUERAIE,48,
2.023E+11,9,1,2023,18:19,5,68,68201,2,1,3,6,16 Route Joffre,47,
2.023E+11,30,9,2023,13:20,1,91,91201,2,2,1,7,AV DE L EUROPE,48,
2.023E+11,30,9,2023,08:51,1,88,88160,2,1,1,3,BARTHOU (RUE LOUIS-),48,
2.023E+11,29,9,2023,19:10,1,82,82121,2,1,1,3,16 avenue jean jaurès,44,
2.023E+11,10,1,2023,06:00,3,38,38004,1,1,1,6,Chemin de Halage (Piste cyclable),45,
2.023E+11,9,1,2023,20:10,3,6,6151,1,1,1,1,M6202,43,
2.023E+11,30,9,2023,22:40,5,77,77438,2,1,1,2,SAINT GERMAIN DES NOYERS  (AVENUE),48,
2.023E+11,3,1,2023,14:00,1,6,6127,1,1,1,1,M2565,44,
2.023E+11,30,9,2023,20:00,5,77,77058,2,3,1,5,Boulevard Mendès France,48,
2.023E+11,30,9,2023,13:20,1,71,71486,1,1,1,7,RD 974,46,
2.023E+11,6,1,2023,21:30,5,14,14738,2,6,1,1,Rue du Général Leclerc,49,
2.023E+11,30,9,2023,20:00,5,69,69275,2,3,1,2,Avenue Franklin Roosevelt,45,
2.023E+11,7,1,2023,16:50,1,90,90090,1,9,1,6,Voie communale 39,47,
2.023E+11,9,1,2023,08:30,2,60,60277,1,1,3,2,La Herse,49,
2.023E+11,30,9,2023,21:08,5,69,69259,2,2,1,3,Rue Pierre Timbaud,45,
2.023E+11,30,9,2023,17:30,1,69,69290,2,1,1,3,1 Rue du Beaujolais,45,
2.023E+11,3,1,2023,19:10,3,40,40046,1,1,1,3,départementale D652,,
2.023E+11,9,1,2023,21:00,5,85,85096,2,1,1,6,5 Rue du fauboug saint-thomas,46,
2.023E+11,29,9,2023,17:00,1,69,69271,2,1,1,5,Avenue Louis Blériot,45,
2.023E+11,9,1,2023,14:00,1,52,52095,1,1,3,7,Chemin LA GENEVRIERE,48,
2.023E+11,10,1,2023,15:00,1,988,98805,2,2,1,3,VE2/AVENUE DES DEPARTS,-22,
2.023E+11,9,1,2023,13:55,1,1,1181,1,1,4,6,A404 PK 013+800,46,
2.023E+11,30,9,2023,16:40,1,67,67482,2,1,1,4,FRANÇOIS MITTERRAND (AVENUE),48,
2.023E+11,10,1,2023,15:30,1,67,67460,1,1,1,2,gare de péage,48,
2.023E+11,30,9,2023,03:40,5,67,67482,2,1,1,3,RHIN NAPOLEON (RUE DU),48,
2.023E+11,9,1,2023,15:40,1,45,45089,2,1,1,1,D308 PR 0 + 360,47,
2.023E+11,20,7,2023,10:35,1,93,93059,2,1,1,6,Rue Parmentier,48,
2.023E+11,26,9,2023,17:09,1,61,61001,2,1,1,6,D112,48,
2.023E+11,7,1,2023,18:50,3,77,77145,1,2,2,3,N36,48,
2.023E+11,30,9,2023,15:30,1,59,59350,2,3,1,6,ESCH SUR ALZETTE RUE,50,
2.023E+11,20,7,2023,23:27,5,93,93070,2,3,1,3,Boulevard Victor Hugo / Rue Ardoin,48,
2.023E+11,10,1,2023,15:40,1,30,30214,1,1,1,6,,44,
2.023E+11,14,7,2023,21:35,2,93,93070,2,1,1,6,Rue du Docteur Bauer,48,
2.023E+11,29,9,2023,16:45,1,57,57631,2,1,1,3,FAIENCERIES (BOULEVARD DES),49,
2.023E+11,10,1,2023,09:15,2,84,84004,1,2,7,2,Route de Carpentras,44,
2.023E+11,19,7,2023,09:30,1,93,93048,2,1,1,6,Boulevard de Chanzy,48,
2.023E+11,9,1,2023,17:55,5,73,73227,2,1,4,6,D91A - Le Praz,45,
2.023E+11,20,7,2023,18:05,1,93,93029,2,1,1,5,Rue Anatole France,48,
2.023E+11,30,9,2023,16:59,1,49,49007,2,2,1,3,ROI RENE BOULEVARD,47,
2.023E+11,10,1,2023,12:45,1,1,1049,2,3,1,2,917 Route Nationale,45,
2.023E+11,9,1,2023,18:50,4,60,60157,2,1,1,6,Avenue des Déportés,49,
2.023E+11,19,7,2023,23:40,5,93,93010,2,1,1,1,Route de Villemomble,48,
2.023E+11,30,9,2023,21:13,5,45,45234,2,3,1,3,10 Avenue du Président John Kennedy,47,
2.023E+11,20,7,2023,16:10,1,92,92007,2,1,1,2,DORMOY AVENUE MARX N°102 A FIN,48,
2.023E+11,20,7,2023,09:41,1,92,92040,2,1,1,7,JEAN JACQUES ROUSSEAU,48,
2.023E+11,30,9,2023,18:55,1,45,45147,2,1,1,6,Rue Clarissa Jean-Philippe,47,
2.023E+11,9,1,2023,16:25,1,2,2443,1,5,2,3,,49,
2.023E+11,30,9,2023,16:20,1,45,45285,2,9,1,3,Parking Auchan,47,
2.023E+11,9,1,2023,12:25,1,69,69256,1,1,1,3,Rocade Est,45,
2.023E+11,14,7,2023,17:17,1,92,92025,2,2,1,5,VALMY (BD DE),48,
2.023E+11,20,7,2023,08:30,1,92,92023,2,1,1,2,GENERAL DE GAULLE (AVENUE DU),48,
2.023E+11,5,1,2023,18:25,5,69,69142,1,1,1,4,Route de Métropole 7,45,
2.023E+11,20,7,2023,20:05,1,92,92012,2,1,1,3,POINT DU JOUR (QUAI DU),48,
2.023E+11,9,1,2023,09:25,1,33,33065,1,1,2,3,ROUTE NATIONALE 230,44,
2.023E+11,29,9,2023,17:07,1,45,45338,2,3,1,1,16 Rue du Stade,47,
2.023E+11,20,7,2023,09:05,1,92,92012,2,2,1,3,BARTHOLDI (RUE),48,
2.023E+11,8,1,2023,01:35,3,33,33143,1,1,3,2,AUTOROUTE A 10,44,
2.023E+11,30,9,2023,20:00,5,41,41018,2,9,1,6,TOURVILLE (RUE DU MARECHAL DE),47,
2.023E+11,16,7,2023,01:16,5,92,92004,2,1,1,3,AULAGNIER ( QUAI ),48,
2.023E+11,7,1,2023,04:30,4,91,91521,1,1,1,2,AUTOROUTE A6,48,
2.023E+11,19,7,2023,17:35,1,67,67347,1,1,1,2,Départementale 919,48,
2.023E+11,9,1,2023,13:10,1,92,92036,1,1,1,2,AUTOROUTE A15,48,
2.023E+11,30,9,2023,20:35,5,35,35238,2,3,1,3,CHATEAUGIRON (DE),48,
2.023E+11,21,7,2023,15:30,1,76,76749,2,1,1,7,chemin de la plaine,49,
2.023E+11,9,1,2023,01:45,3,93,93005,1,1,8,6,AUTOROUTE A3,48,
2.023E+11,21,7,2023,10:30,1,84,84069,2,1,1,1,D938,44,
2.023E+11,8,1,2023,23:15,3,94,94079,1,1,2,5,A4,48,
2.023E+11,30,9,2023,15:30,1,35,35238,2,1,1,4,ARMORIQUE (BD D'),48,
2.023E+11,20,7,2023,14:20,1,28,28388,1,1,1,2,Autoroute A11 pk 066+800,48,
2.023E+11,8,1,2023,16:50,2,54,54395,2,3,8,6,Boulevard Lobau,48,
2.023E+11,29,9,2023,17:10,1,35,35238,2,1,1,6,PAYS-BAS (AVENUE DES),48,
2.023E+11,21,7,2023,13:25,1,83,83036,2,1,1,6,Avenue Frédéric Mistral,43,
2.023E+11,8,1,2023,15:50,1,974,97416,1,1,1,4,L'ENTRE-DEUX (ROUTE DE),-21,
2.023E+11,18,7,2023,15:00,1,26,26333,2,1,1,6,33 Avenue de Québec,45,
2.023E+11,8,1,2023,21:45,5,973,97302,2,1,1,7,MONTABO (ROUTE DE) 1,4,
2.023E+11,20,7,2023,16:15,1,23,23264,1,1,1,7,D992,45,
2.023E+11,29,9,2023,20:05,2,34,34301,2,2,1,3,VAUBAN (QUAI),43,
2.023E+11,8,1,2023,01:30,5,973,97302,2,1,2,3,BADUEL (ROUTE DE),4,
2.023E+11,17,7,2023,14:23,1,56,56141,1,1,1,1,Kergueurh,47,
2.023E+11,30,9,2023,11:30,1,33,33281,2,3,1,3,Avenue de Magudas,44,
2.023E+11,7,1,2023,22:25,5,973,97302,2,1,2,1,MERE THERESA (rue),4,
2.023E+11,19,7,2023,17:45,1,56,56193,2,6,1,3,Rond-Point de Kersabiec,47,
2.023E+11,8,1,2023,19:15,5,69,69149,2,4,2,1,25 Rue Pierre Sémard,45,
2.023E+11,30,9,2023,05:30,5,33,33063,2,3,1,2,Boulevard du Président Franklin Roosevelt,44,
2.023E+11,20,7,2023,18:50,1,56,56153,1,1,1,5,vieux moulin,47,
2.023E+11,8,1,2023,19:50,5,95,95280,2,1,2,2,MARCEAU (AVENUE),49,
2.023E+11,21,7,2023,14:00,1,80,80130,1,2,1,2,D211,49,
2.023E+11,29,9,2023,10:50,1,33,33063,2,3,1,6,Avenue Saint Amand,44,
2.023E+11,8,1,2023,21:15,5,83,83126,2,1,1,6,MERLE (BD TOUSSAINT),43,
2.023E+11,21,7,2023,13:15,1,69,69217,1,1,1,1,Route de la Vallée,46,
2.023E+11,8,1,2023,00:20,5,69,69266,2,1,1,3,Rue Léon Blum,45,
2.023E+11,27,6,2023,08:00,1,63,63243,1,2,1,3,D518/ VC--Les Vergers,46,
2.023E+11,5,1,2023,12:10,1,68,68066,2,3,1,3,Avenue Raymond Poincaré,48,
2.023E+11,30,9,2023,17:46,1,29,29039,1,3,1,3,Chemin de Douric,47,
2.023E+11,21,7,2023,10:30,1,49,49330,1,2,1,1,D391,47,
2.023E+11,8,1,2023,15:35,1,64,64284,2,2,2,3,avenue des vallées,43,
2.023E+11,21,7,2023,07:40,2,12,12109,1,1,1,7,La Fage,43,
2.023E+11,8,1,2023,17:50,4,64,64122,2,1,3,6,Esplanade du Port-Vieux,43,
2.023E+11,21,7,2023,07:25,1,35,35297,2,1,7,2,Rue Louison Bobet,48,
2.023E+11,29,9,2023,17:45,1,28,28134,2,1,1,3,ROND POINT DES CHATELETS,48,
2.023E+11,8,1,2023,01:50,5,59,59163,2,1,8,1,JAURES (RUE JEAN),50,
2.023E+11,20,7,2023,18:35,1,34,34192,2,1,1,6,avenue reine d'italie,43,
2.023E+11,29,9,2023,18:02,1,27,27681,1,1,1,3,Route d’Evreux,49,
2.023E+11,21,7,2023,07:20,2,29,29003,2,1,1,6,Rue du Môle,48,
2.023E+11,8,1,2023,16:00,1,59,59560,1,3,1,3,FOURCHON RUE DU,50,
2.023E+11,30,9,2023,11:30,1,22,22187,1,1,1,2,RN12,48,
2.023E+11,7,1,2023,18:00,5,59,59350,2,1,1,1,CAMBRAI RUE DE N° IMPAIRS,50,
2.023E+11,18,7,2023,12:45,1,72,72132,2,9,1,1,avenue du general deux gaulle,48,
2.023E+11,20,7,2023,11:40,1,6,6119,1,1,1,7,Camp des Fourches (Borne frontière),44,
2.023E+11,8,1,2023,14:37,1,51,51230,2,3,7,3,Avenue Général Margueritte,49,
2.023E+11,21,7,2023,03:45,3,14,14726,1,1,1,1,39 Route de Vire-Aunay,48,
2.023E+11,8,1,2023,16:00,1,42,42187,2,3,8,3,Rue de Clermont,46,
2.023E+11,30,9,2023,17:30,1,13,13208,2,3,1,1,JEAN MERMOZ (RUE),43,
2.023E+11,30,9,2023,06:50,3,6,6069,1,1,1,6,PLASCASSIER (route de),43,
2.023E+11,25,6,2023,13:00,1,83,83082,1,1,1,3,D955,43,
2.023E+11,8,1,2023,12:40,1,35,35238,2,1,1,2,STRASBOURG (BOULEVARD DE),48,
2.023E+11,30,9,2023,19:20,5,6,6027,2,1,1,1,NICE AVENUE DE (RN7),43,
2.023E+11,8,1,2023,14:38,1,33,33522,2,2,2,3,Avenue Georges Clémenceau,44,
2.023E+11,20,7,2023,16:30,1,73,73105,1,1,1,1,D1006 ROUTE DE LYON,45,
2.023E+11,20,9,2023,17:00,1,5,5061,2,3,2,3,CHARANCE ( AVENUE DE ),44,
2.023E+11,8,1,2023,03:29,5,25,25462,2,1,2,1,SALINS DE (DU 64 A LA FIN),46,
2.023E+11,21,7,2023,11:45,1,73,73300,2,6,1,3,D1201 Boulevard jean charcot,45,
2.023E+11,8,1,2023,10:50,1,25,25056,1,1,8,6,Côte de Morre,47,
2.023E+11,30,9,2023,06:35,5,75,75119,2,1,1,2,BD PERIPHERIQUE INTERIEUR,48,
2.023E+11,7,1,2023,10:45,1,25,25056,2,1,1,3,CARRIERS RUE DES,47,
2.023E+11,20,7,2023,09:56,1,7,7050,2,1,1,2,"Lieu-dit ""Les plots du puech""",44,
2.023E+11,16,7,2023,16:10,3,7,7050,1,1,1,6,Route de Païolive,44,
2.023E+11,8,1,2023,23:15,5,13,13208,2,1,1,5,pointe rouge (ave),43,
2.023E+11,29,9,2023,21:30,5,75,75118,2,1,1,2,PORTE DE SAINT OUEN,48,
2.023E+11,8,1,2023,18:15,5,13,13209,2,1,1,3,CONCORDE (BOULEVARD DE LA),43,
2.023E+11,21,7,2023,15:30,1,53,53127,1,3,1,6,Rue du bois hubert,48,
2.023E+11,30,9,2023,12:00,1,75,75118,2,1,1,2,BD PERIPHERIQUE EXTERIEUR,48,
2.023E+11,7,1,2023,17:18,1,13,13204,2,1,1,3,PIERRE BROSSOLETTE (PLACE),43,
2.023E+11,20,7,2023,10:15,1,21,21092,1,1,1,1,D2,47,
2.023E+11,30,9,2023,00:50,5,75,75116,2,2,1,3,ALLEE DE LA REINE MARGUERITE,48,
2.023E+11,8,1,2023,18:45,5,13,13063,2,6,1,2,Rond Point les 4 Chemins,43,
2.023E+11,8,1,2023,11:05,1,13,13001,1,1,8,1,ROGNES (RTE DE),43,
2.023E+11,20,7,2023,22:37,3,85,85133,1,2,1,3,Carrefour Champ de la Roche / RD 68,46,
2.023E+11,30,9,2023,18:30,1,75,75114,2,3,1,3,AVENUE DU GENERAL LECLERC,48,
2.023E+11,8,1,2023,10:30,1,13,13001,1,1,2,5,RN 296,43,
2.023E+11,20,7,2023,10:00,1,37,37167,1,2,1,3,La Seguiniere,47,
2.023E+11,30,9,2023,12:10,1,75,75106,2,4,1,6,RUE DAUPHINE,48,
2.023E+11,8,1,2023,09:00,1,6,6004,2,3,3,3,FOURNEL BADINE CH.ET IMP.,43,
2.023E+11,19,7,2023,14:00,1,52,52292,2,2,1,3,01 rue de la digue,47,
2.023E+11,7,1,2023,18:17,5,75,75117,2,1,1,2,PORTE D ASNIERES,48,
2.023E+11,30,9,2023,11:00,1,75,75118,2,3,1,6,RUE DE CLIGNANCOURT,48,
2.023E+11,20,7,2023,18:20,1,52,52420,1,1,1,1,D147,48,
2.023E+11,6,1,2023,12:52,1,75,75113,2,2,8,3,BOULEVARD AUGUSTE BLANQUI,48,
2.023E+11,20,7,2023,12:50,1,88,88451,2,9,1,3,Rue de la République,48,
2.023E+11,30,9,2023,12:05,1,75,75117,2,5,1,2,PLACE DE LA REPUBLIQUE DOMINICAINE,48,