Num_Acc,jour,mois,an,hrmn,lum,dep,com,agg,int,atm,col,adr,lat,long
2.023E+11,8,1,2023,21:30,5,75,75106,2,1,1,2,RUE DE VAUGIRARD,48,
2.023E+11,20,7,2023,23:00,3,88,88142,1,1,1,1,D41,48,
2.023E+11,8,1,2023,13:00,1,75,75105,2,3,1,6,BOULEVARD SAINT MICHEL,48,
2.023E+11,20,7,2023,16:30,1,42,42116,1,1,7,2,A89,45,
2.023E+11,29,9,2023,17:00,1,75,75117,2,7,1,1,PLACE DES TERNES,48,
2.023E+11,8,1,2023,19:35,5,75,75119,2,1,2,3,RUE BOTZARIS,48,
2.023E+11,20,7,2023,18:10,1,42,42173,1,1,1,7,A89,45,
2.023E+11,1,7,2023,12:00,1,38,38253,2,9,1,6,rue des vikings,45,
2.023E+11,30,9,2023,20:10,5,75,75113,2,1,1,6,RUE DE LA GLACIERE,48,
2.023E+11,8,1,2023,18:30,5,75,75116,2,4,2,6,AVENUE DE VERSAILLES,48,
2.023E+11,21,7,2023,06:27,2,38,38118,1,9,1,7,A48 - PK 067.000,45,
2.023E+11,20,7,2023,18:10,1,28,28199,1,1,1,6,autoroute A10 - PK 63+400,48,
2.023E+11,30,9,2023,21:05,5,75,75113,2,3,1,3,BOULEVARD DE L HOPITAL,48,
2.023E+11,8,1,2023,03:40,5,75,75110,2,1,1,6,BOULEVARD DE STRASBOURG,48,
2.023E+11,20,7,2023,10:07,1,84,84078,1,1,1,7,A7,,
2.023E+11,30,9,2023,09:30,1,75,75113,2,1,1,7,BOULEVARD MASSENA,48,
2.023E+11,8,1,2023,04:15,5,75,75108,2,7,1,3,AVENUE GEORGE V,48,
2.023E+11,13,7,2023,11:05,1,971,97117,2,2,1,6,Rue de la République,16,
2.023E+11,8,1,2023,17:15,1,75,75107,2,1,1,6,RUE DU BAC,48,
2.023E+11,19,7,2023,20:45,2,33,33199,2,2,1,3,14 Boulevard de la Côte d'Argent,44,
2.023E+11,20,7,2023,18:55,1,77,77005,1,1,1,3,D404,48,
2.023E+11,30,9,2023,19:30,2,75,75111,2,1,1,3,AVENUE PHILIPPE AUGUSTE,48,
2.023E+11,8,1,2023,13:12,1,93,93071,2,3,2,6,Boulevard Stalingrad / Place de la Gare Sevran,48,
2.023E+11,1,7,2023,19:50,1,30,30155,1,1,1,2,N/A,43,
2.023E+11,8,1,2023,11:02,1,93,93077,2,1,1,6,Avenue du Général Galliéni,48,
2.023E+11,8,1,2023,02:40,5,93,93062,2,6,1,6,Allée de Clichy / Allée du Plateau,48,
2.023E+11,29,9,2023,13:20,1,75,75120,2,4,1,3,AVENUE IBSEN,48,
2.023E+11,8,1,2023,18:25,5,93,93048,2,2,2,3,Rue de Stalingrad / Rue des 4 Ruelles,48,
2.023E+11,8,1,2023,20:40,5,93,93010,2,1,2,2,Avenue de Rosny,48,
2.023E+11,20,7,2023,19:00,1,34,34023,2,3,1,2,14 Avenue Pasteur,43,
2.023E+11,29,9,2023,23:10,5,75,75112,2,2,1,2,BOULEVARD DE LA BASTILLE,48,
2.023E+11,9,1,2023,09:10,1,35,35245,2,1,2,6,24 Rue de la Chauvrais,48,
2.023E+11,30,9,2023,18:41,1,75,75111,2,2,1,6,BOULEVARD DE MENILMONTANT,48,
2.023E+11,8,1,2023,19:00,3,62,62219,1,1,3,6,D134e3,50,
2.023E+11,8,1,2023,12:45,1,51,51531,1,1,1,2,D995,48,
2.023E+11,9,1,2023,15:05,1,80,80076,1,1,4,6,A28,50,
2.023E+11,7,1,2023,18:00,3,42,42338,1,1,1,3,Route de Roanne,46,
2.023E+11,30,9,2023,09:45,1,75,75111,2,3,1,2,BOULEVARD VOLTAIRE,48,
2.023E+11,18,7,2023,10:20,1,34,34289,1,1,1,3,Chemin de la Viere,43,
2.023E+11,7,1,2023,17:38,5,31,31044,2,1,1,2,41 M112 - route de lavaur,43,
2.023E+11,7,1,2023,22:15,5,974,97422,2,1,1,1,75 Rue Georges Pompidou,-21,
2.023E+11,8,1,2023,17:10,2,35,35308,1,1,1,6,La Croix Chemin,48,
2.023E+11,30,9,2023,16:15,1,75,75107,2,3,1,1,QUAI BRANLY,48,
2.023E+11,8,1,2023,15:00,1,87,87019,1,1,3,6,A20,45,
2.023E+11,29,9,2023,14:00,1,75,75101,2,1,1,6,VOIE GEORGES POMPIDOU,48,
2.023E+11,30,9,2023,17:34,1,94,94033,2,1,1,6,Rue des Beaumonts,48,
2.023E+11,9,1,2023,16:20,1,2B,2B009,1,3,6,3,RT10 - route de Bonifacio,42,
2.023E+11,21,7,2023,07:45,1,34,34022,2,3,1,3,N113,43,
2.023E+11,7,1,2023,13:40,1,2B,2B143,2,1,1,3,Route Territoriale 10,,
2.023E+11,30,9,2023,17:30,1,94,94077,2,2,1,3,Cours de Verdun,48,
2.023E+11,8,1,2023,15:15,1,30,30225,1,1,1,6,Route de Donnat,44,
2.023E+11,20,7,2023,07:15,1,13,13053,1,1,1,5,D561,43,
2.023E+11,30,9,2023,08:15,1,93,93055,2,1,1,6,Avenue du Général Leclerc,48,
2.023E+11,6,1,2023,18:30,3,57,57559,1,1,2,1,D955,48,
2.023E+11,20,7,2023,17:34,1,71,71360,1,4,1,2,N79,46,
2.023E+11,30,9,2023,19:00,1,93,93048,2,1,1,3,Rue Parmentier,48,
2.023E+11,20,7,2023,06:10,2,88,88388,1,2,1,3,D51 PK 6 +700,48,
2.023E+11,6,1,2023,16:00,1,51,51318,1,1,1,4,RN 51,49,
2.023E+11,30,9,2023,15:45,1,93,93030,2,1,1,3,Avenue Ambroise Croizat,48,
2.023E+11,8,1,2023,16:45,1,19,19036,1,1,3,6,Route de Bonnat,45,
2.023E+11,15,7,2023,10:35,1,73,73150,1,1,1,6,D220,45,
2.023E+11,9,1,2023,07:30,3,76,76456,1,1,3,2,RD 929,49,
2.023E+11,30,9,2023,12:24,1,93,93030,2,1,1,6,Avenue Louis Larivière,48,
2.023E+11,7,1,2023,17:05,2,82,82056,1,1,2,6,D19,44,
2.023E+11,14,6,2023,10:15,1,26,26064,1,2,1,3,D538,44,
2.023E+11,30,9,2023,18:30,1,93,93010,2,1,1,6,Avenue Galliéni,48,
2.023E+11,7,1,2023,11:21,1,61,61168,2,1,2,6,10 Boulevard de la Forêt d'Andaine,48,
2.023E+11,20,7,2023,08:55,1,69,69122,1,1,1,1,Chemin des Crêtes,45,
2.023E+11,9,1,2023,19:00,3,68,68320,1,1,2,4,Rue de Galfingue,47,
2.023E+11,30,9,2023,06:35,5,93,93010,2,1,1,2,Avenue Léon Blum,48,
2.023E+11,20,7,2023,04:15,3,69,69296,1,1,1,2,Route de Chasse,45,
2.023E+11,9,1,2023,11:13,1,29,29193,1,1,2,1,Kerincuff,48,
2.023E+11,30,9,2023,20:00,5,93,93007,2,6,1,3,Avenue des Cosmonautes /  Avenue de la Division Leclerc,48,
2.023E+11,21,7,2023,13:35,1,81,81318,1,1,1,4,RN 126,43,
2.023E+11,7,1,2023,16:15,1,14,14520,1,1,1,6,Route de la Poterie,49,
2.023E+11,8,1,2023,17:00,2,14,14371,1,1,4,6,2819 Route de Courson (Notre-Dame-de-Courson),48,
2.023E+11,30,9,2023,19:00,1,92,92050,2,3,1,1,REPUBLIQUE AVENUE DE LA,48,
2.023E+11,9,1,2023,13:10,1,50,50074,1,1,4,1,D39,48,
2.023E+11,6,1,2023,11:15,1,64,64106,1,1,1,6,d933,43,
2.023E+11,30,9,2023,06:20,2,92,92025,2,2,1,3,METZ (RUE DE),48,
2.023E+11,7,6,2023,15:40,1,33,33494,1,1,1,5,D1215,44,
2.023E+11,8,1,2023,06:20,3,21,21576,1,1,1,2,D970,47,
2.023E+11,1,10,2023,12:40,1,11,11221,1,1,1,6,N/A,43,
2.023E+11,9,5,2023,17:55,1,33,33238,2,2,2,6,Cours du Maréchal Leclerc,44,
2.023E+11,9,1,2023,14:05,1,4,4116,1,1,1,2,RD4,44,
2.023E+11,20,7,2023,16:45,1,76,76475,2,2,1,1,Route de Paris,49,
2.023E+11,1,10,2023,10:30,1,11,11367,1,4,1,2,8 Le Colombier Haut-Nord,43,
2.023E+11,7,1,2023,06:30,3,89,89415,1,1,1,2,autoroute A6,47,
2.023E+11,19,7,2023,11:50,1,60,60612,2,1,1,6,Avenue Paul Rouge,49,
2.023E+11,14,7,2023,20:30,1,33,33162,1,1,1,2,ROCADE A 630,44,
2.023E+11,9,1,2023,12:10,1,63,63302,1,1,2,3,A75 Point kilomètrique 007+100 en direction de PARIS,45,
2.023E+11,20,7,2023,10:35,1,91,91689,1,1,1,2,AUTOROUTE A6,48,
2.023E+11,30,9,2023,13:00,1,9,9090,1,1,1,2,Lieu Dit le Chateau,43,
2.023E+11,9,1,2023,09:55,1,34,34095,1,1,1,2,Autoroute A9,,
2.023E+11,19,7,2023,12:50,1,92,92050,1,1,1,2,A86,48,
2.023E+11,8,1,2023,21:30,3,21,21054,1,1,2,3,Autoroute A6,,
2.023E+11,30,9,2023,15:45,1,91,91016,2,1,1,3,15 Rue de la Plaine,48,
2.023E+11,20,7,2023,17:40,1,77,77121,1,1,1,2,A4,48,
2.023E+11,9,1,2023,11:00,1,976,97607,1,1,1,1,RN2 route du Centre - ONGOJOU,-12,
2.023E+11,19,7,2023,11:23,1,94,94017,1,1,1,6,A4,48,
2.023E+11,8,1,2023,14:30,1,974,97422,1,1,1,6,Rue Pierre Rivals,-21,
2.023E+11,8,1,2023,13:15,1,34,34256,1,1,1,6,M54,43,
2.023E+11,9,2,2023,11:01,1,74,74208,1,1,1,6,N205,45,
2.023E+11,1,10,2023,04:51,3,81,81079,1,2,1,1,Dénat - Mousquette (Arrêt de bus),43,
2.023E+11,19,7,2023,15:30,1,972,97209,2,1,2,6,FRANCOIS ARAGO (RUE),14,
2.023E+11,9,1,2023,07:30,3,34,34164,1,2,1,6,7 Chemin des Vignes,43,
2.023E+11,19,7,2023,08:25,1,76,76540,2,2,1,6,Place Cauchoise,49,
2.023E+11,1,10,2023,15:30,1,28,28061,2,1,1,6,18 Rue du Mail,48,
2.023E+11,9,1,2023,08:50,1,33,33051,2,1,2,5,D3e13,44,
2.023E+11,5,1,2023,02:00,3,29,29058,1,1,2,6,D44,47,
2.023E+11,19,7,2023,17:36,1,67,67482,2,8,1,3,NANCY (BOULEVARD DE),48,
2.023E+11,1,10,2023,01:50,3,12,12127,1,1,1,3,Le rivet,44,
2.023E+11,19,7,2023,06:45,1,63,63113,2,1,1,6,FLAUBERT (BD GUSTAVE),45,
2.023E+11,4,1,2023,17:15,1,22,22176,1,1,2,6,Le Heussard,48,
2.023E+11,1,10,2023,06:25,2,38,38194,1,1,1,7,D519,45,
2.023E+11,7,1,2023,08:30,2,27,27448,2,1,8,6,17 Avenue du Général de Gaulle,49,
2.023E+11,19,7,2023,15:40,1,92,92012,2,6,1,6,REPUBLIQUE (BOULEVARD DE LA) 79/FIN - 76,48,
2.023E+11,19,7,2023,18:40,3,974,97416,1,1,1,3,RN1 (ROUTE NATIONALE),-21,
2.023E+11,1,10,2023,17:20,2,83,83019,1,1,7,6,4315 Route du Dom,43,
2.023E+11,19,7,2023,17:30,1,69,69388,2,1,1,6,Rue Audibert et Lavirotte,45,
2.023E+11,29,9,2023,11:15,1,85,85038,1,1,1,3,RD 6,46,
2.023E+11,8,1,2023,20:00,3,13,13005,1,1,1,6,A50-Sens Toulon vers Aubagne,43,
2.023E+11,30,9,2023,17:50,1,83,83130,2,1,1,7,Route de Sollies Pont,43,
2.023E+11,19,7,2023,09:05,1,69,69387,2,1,1,5,Rue de Gerland,45,
2.023E+11,7,1,2023,11:30,1,13,13106,1,1,1,2,A7-Sens Marseille vers Lyon,43,
2.023E+11,30,9,2023,17:30,1,41,41293,1,1,7,1,Rue de la Brisse,47,
2.023E+11,12,7,2023,14:25,1,972,97213,2,9,1,2,MORNE PITAULT (ROUTE DE),14,
2.023E+11,7,1,2023,17:45,4,69,69199,1,1,1,2,Autoroute 7,45,
2.023E+11,18,7,2023,11:00,1,972,97213,2,1,1,2,PLACE D'ARMES,14,
2.023E+11,8,1,2023,21:35,3,91,91136,1,1,2,7,A10 PROVINCE / RD188 PARIS,48,
2.023E+11,8,1,2023,12:30,1,91,91689,1,1,1,5,AUTOROUTE A6A,48,
2.023E+11,17,7,2023,10:30,1,972,97209,2,6,1,5,MAHAULT,14,
2.023E+11,26,9,2023,08:35,1,83,83116,1,1,1,5,1332 Route de Barjols,43,
2.023E+11,7,1,2023,21:30,3,77,77251,1,1,2,2,AUTOROUTE A5A,48,
2.023E+11,19,7,2023,09:30,1,971,97113,1,9,1,3,SECTEUR DAMPIERRE,16,
2.023E+11,8,1,2023,10:20,1,78,78297,1,1,1,6,RN12,48,
2.023E+11,1,10,2023,07:30,2,19,19176,1,1,1,6,Rosiers-d'Égletons RD1089,45,
2.023E+11,19,7,2023,09:25,1,971,97105,2,3,1,3,LARDENOY (RUE DE ),15,
2.023E+11,8,1,2023,06:15,3,78,78090,1,1,3,7,A13,48,
2.023E+11,30,9,2023,15:50,1,67,67346,2,2,1,7,Rue de l'Ecole,48,
2.023E+11,7,1,2023,20:00,3,93,93053,1,1,2,6,AUTOROUTE A103,48,
2.023E+11,19,7,2023,23:00,5,2A,2A004,2,2,1,1,DIAMANT III RCE COURS NAPOLEON,41,
2.023E+11,8,1,2023,12:20,1,95,95306,1,1,1,6,A15,49,
2.023E+11,30,9,2023,07:30,2,76,76380,1,1,1,6,D152,49,
2.023E+11,19,7,2023,12:53,1,2A,2A004,2,1,1,1,STEPHANOPOLI NICEPHORE  DE COMENE BD,41,
2.023E+11,8,1,2023,10:15,1,93,93027,1,1,8,6,AUTOROUTE A86,48,
2.023E+11,1,10,2023,07:15,2,2A,2A269,1,1,1,6,3970 Route Territoriale 10,41,
2.023E+11,19,7,2023,11:10,1,95,95277,2,1,1,3,PLAINE DE FRANCE (AVENUE DE LA),48,
2.023E+11,8,1,2023,09:20,1,93,93078,1,1,8,2,AUTOROUTE A104,48,
2.023E+11,30,9,2023,18:40,1,65,65258,2,1,7,6,Avenue de la Gare,43,
2.023E+11,19,7,2023,08:00,1,91,91692,2,9,1,1,CANADA (AVENUE DU),48,
2.023E+11,8,1,2023,06:00,3,93,93027,1,1,2,6,AUTOROUTE A86,48,
2.023E+11,7,1,2023,16:40,5,95,95641,1,1,3,6, A1,49,
2.023E+11,18,7,2023,18:20,1,89,89354,2,1,1,2,N/A,48,
2.023E+11,29,9,2023,15:05,1,32,32107,2,1,7,6,1 Place du Cardinal,43,
2.023E+11,13,7,2023,08:35,1,87,87085,2,1,1,6,VENTADOUR (RUE BERNARD DE),45,
2.023E+11,30,9,2023,17:50,1,71,71484,1,1,1,6,Route de Louhans,46,
2.023E+11,8,1,2023,12:05,1,77,77053,1,1,1,5,RN104,48,
2.023E+11,8,1,2023,04:05,5,94,94017,1,1,1,2,A4,48,
2.023E+11,23,6,2023,19:15,1,84,84007,2,1,1,4,DOCTEUR PONS (Route touristique),43,
2.023E+11,30,9,2023,17:05,1,71,71263,2,2,1,6,Grande Rue,46,
2.023E+11,7,1,2023,13:15,1,93,93051,1,1,1,4,A4,48,
2.023E+11,6,1,2023,10:45,1,13,13215,2,1,1,2,TOURS (RUE DE),43,
2.023E+11,9,9,2023,19:46,2,71,71263,2,1,1,6,2 Rue du Levant,46,
2.023E+11,18,7,2023,07:20,1,83,83129,2,1,1,4,JUIN MARECHAL (AV DU),43,
2.023E+11,6,1,2023,01:47,5,75,75101,2,2,2,6,BOULEVARD DE SEBASTOPOL,48,
2.023E+11,16,7,2023,15:59,1,81,81163,2,3,9,6,PUECH (ARMAND),43,
2.023E+11,1,10,2023,13:40,1,76,76618,1,2,7,3,D925,49,
2.023E+11,19,7,2023,18:00,1,78,78350,2,1,1,2,VERSAILLES (ROUTE DE),48,
2.023E+11,5,1,2023,08:35,2,72,72181,2,9,2,6,BROSSOLETTE PIERRE (BD) N° PAIRS,47,
2.023E+11,1,10,2023,10:10,1,55,55181,1,6,1,3,D603,49,
2.023E+11,5,1,2023,08:50,1,83,83153,2,1,1,6,MARIE FLICHE BERGIS (AV),43,
2.023E+11,18,7,2023,15:45,1,76,76351,2,1,1,6,EDOUARD VAILLANT,49,
2.023E+11,1,1,2023,00:46,5,68,68066,2,1,1,6,Avenue de l'Europe,48,
2.023E+11,30,9,2023,23:07,3,55,55214,1,1,5,6,D966,48,
2.023E+11,18,7,2023,12:40,1,72,72181,1,9,1,2,ALENCON (RTE D'),48,
2.023E+11,8,1,2023,00:30,3,974,97411,1,1,9,3,LITTORAL (ROUTE 1 DU),-20,
2.023E+11,18,7,2023,23:40,3,71,71475,2,1,1,7,PREVOYANTS (RUE DES),46,
2.023E+11,30,9,2023,18:30,2,49,49160,1,3,1,3,D18a,47,
2.023E+11,18,7,2023,08:30,1,69,69290,2,1,1,3,Rue de l'Industrie,45,
2.023E+11,7,1,2023,15:10,1,69,69387,2,1,8,3,Rue Béchevelin,45,
2.023E+11,6,1,2023,13:20,1,972,97209,2,1,1,2,CHATEAUBOEUF (ROUTE DE),14,
2.023E+11,19,7,2023,15:35,1,64,64102,2,1,1,1,RESPLANDY (AVENUE DU CAPITAINE),43,
2.023E+11,20,9,2023,14:30,1,34,34028,1,1,3,3,D908,43,
2.023E+11,7,1,2023,12:33,1,69,69389,2,1,1,2,109 Avenue 25ème Régiment des Tirailleurs Sénégalais,45,
2.023E+11,18,7,2023,18:20,1,63,63300,1,1,1,2,RD 2009,45,
2.023E+11,6,1,2023,20:20,5,971,97113,2,9,2,6,CHAUFFOUR,16,
2.023E+11,1,10,2023,17:20,1,22,22158,2,1,1,6,Rue de Pontivy,48,
2.023E+11,19,7,2023,17:54,1,63,63032,2,5,1,3,LECLERC (AVENUE DU MARECHAL),45,
2.023E+11,6,1,2023,19:30,5,95,95607,2,6,1,6,D409,49,
2.023E+11,27,6,2023,08:57,1,59,59279,2,1,1,6,LILLE (RUE DE),50,
2.023E+11,1,10,2023,14:45,1,29,29131,1,1,1,6,5 Lieu Dit Dirizennet,48,
2.023E+11,7,1,2023,21:50,5,83,83129,2,3,1,3,MER (AVENUE DE LA) N°IMPAIRS,43,
2.023E+11,19,7,2023,13:00,1,59,59279,2,1,1,6,LILLE (RUE DE),50,
2.023E+11,29,9,2023,16:30,1,29,29173,1,1,1,6,Route de Plogastel,48,
2.023E+11,7,1,2023,13:15,1,78,78227,1,1,2,7,CD 922,49,
2.023E+11,19,7,2023,18:30,1,59,59183,2,2,1,3,FORT MARDYCK - ROUTE,51,
2.023E+11,1,10,2023,11:20,1,2,2822,1,3,1,1,N/A,49,
2.023E+11,19,7,2023,22:26,5,57,57463,2,1,1,6,CLOVIS (RUE ),49,
2.023E+11,7,1,2023,19:25,5,69,69256,2,3,1,3,Avenue Garibaldi,45,
2.023E+11,14,7,2023,02:22,5,56,56098,2,1,1,6,JAURES (RUE  JEAN ),47,
2.023E+11,1,10,2023,10:10,1,3,3043,1,1,1,7,RD 578 PK 1+200,46,
2.023E+11,7,1,2023,10:30,1,64,64024,2,2,1,2,Rue des Pontots,43,
2.023E+11,18,7,2023,22:54,5,54,54395,2,2,1,3,Avenue de la Garenne,48,
2.023E+11,30,9,2023,19:00,2,3,3002,1,1,7,7,RD 133,46,
2.023E+11,6,1,2023,17:27,1,64,64024,2,1,1,3,Rue du  Colonel Melville Lynch,43,
2.023E+11,18,7,2023,14:50,1,54,54339,2,1,1,1,Rue du Lion d'Or,48,
2.023E+11,7,1,2023,14:50,1,59,59421,2,1,3,6,RAVENNES (RUE DES),50,
2.023E+11,30,9,2023,20:35,3,1,1179,1,2,1,3,D51,46,
2.023E+11,18,7,2023,17:00,1,49,49007,2,1,1,6,AYRAULT,47,
2.023E+11,7,1,2023,19:00,5,59,59350,2,2,1,3,LIBERTE BVD N°2 - 90-51 - 145,50,
2.023E+11,19,7,2023,12:00,1,44,44162,1,1,1,3,N/A,47,
2.023E+11,6,1,2023,17:00,2,59,59431,2,1,2,6,LYS  (RUE DE LA ),50,
2.023E+11,1,10,2023,08:31,1,85,85008,1,1,7,2,A 87 - PK 120+700,46,
2.023E+11,7,1,2023,09:55,1,54,54184,2,6,1,6,Avenue de Saulxures,48,
2.023E+11,29,9,2023,08:00,1,14,14554,1,1,1,1,Chemin de la Jalousie,49,
2.023E+11,6,1,2023,17:40,5,54,54578,2,2,1,3,Boulevard des Aiguillettes,48,
2.023E+11,19,7,2023,12:40,1,42,42044,2,3,1,3,Rue du Colonel Marey,45,
2.023E+11,7,1,2023,17:41,5,51,51454,2,7,8,6,place Aristide Briand,49,
2.023E+11,19,7,2023,07:45,1,38,38185,2,1,7,6,JEAN PAIN (BOULEVARD),45,
2.023E+11,20,7,2023,02:05,3,35,35278,1,1,1,6,RN136,48,
2.023E+11,1,10,2023,10:45,1,14,14098,1,2,1,7,15 Rue de la Limare,49,
2.023E+11,7,1,2023,09:40,1,51,51454,2,4,1,1,boulevard Henry Vasnier,49,
2.023E+11,19,7,2023,19:20,1,35,35115,2,6,1,3,DURAND (RUE ALBERT),48,
2.023E+11,1,10,2023,12:30,1,50,50090,1,1,1,1,La Commune - D 134,48,
2.023E+11,7,1,2023,09:09,1,49,49007,2,2,1,3,VILLESICARD RUE ET SQUARE,47,
2.023E+11,6,1,2023,17:45,5,48,48095,2,1,1,6,HUIT MAI 1945 (AVENUE DU),44,
2.023E+11,16,6,2023,22:16,2,35,35115,2,6,1,3,SAINT GERMAIN (BOULEVARD DE),48,
2.023E+11,30,9,2023,20:00,4,64,64081,2,3,1,3,Départementale 147,43,
2.023E+11,18,7,2023,15:25,1,34,34032,1,1,1,7,RD609,43,
2.023E+11,7,1,2023,06:20,4,45,45234,2,1,1,6,59 Avenue de la Marne,47,
2.023E+11,19,7,2023,22:03,5,31,31555,2,1,1,6,BD GABRIEL KOENIGS,43,
2.023E+11,7,1,2023,14:40,1,45,45004,2,1,8,2,D2107 PR 2 + 601,47,
2.023E+11,30,9,2023,17:05,1,10,10268,1,1,1,4,D951,48,
2.023E+11,18,7,2023,15:25,1,29,29051,1,1,1,1,Rue de la Papeterie,48,
2.023E+11,8,1,2023,01:40,5,35,35238,2,3,2,6,TURMEAU (ALLEE JEAN),48,
2.023E+11,7,1,2023,15:45,1,35,35051,1,6,2,6,ALLIES (BOULEVARD DES),48,
2.023E+11,19,7,2023,21:10,1,28,28223,1,2,1,3,RD 929,48,
2.023E+11,31,7,2023,16:40,1,36,36010,1,1,1,4,N/A,46,
2.023E+11,7,1,2023,03:25,3,35,35278,1,1,1,2,N136,48,
2.023E+11,19,7,2023,20:15,1,27,27229,2,4,1,1,GAMBETTA (BOULEVARD),49,
2.023E+11,1,10,2023,11:23,1,16,16251,1,1,1,6,D131,45,
2.023E+11,7,1,2023,20:20,5,33,33063,2,2,3,3,Rue Lucien Faure,44,
2.023E+11,1,10,2023,15:15,1,7,7166,1,1,1,7,d236,45,
2.023E+11,19,7,2023,10:25,1,22,22278,2,3,1,6,TREGUEUX (DE),48,
2.023E+11,19,7,2023,03:36,3,17,17306,2,9,1,1,POSTE (ROND POINT DE LA),45,
2.023E+11,7,1,2023,02:50,5,33,33063,2,2,1,3,Rue Paulin,44,
2.023E+11,30,9,2023,14:00,1,53,53160,1,3,1,3,Le Vieux Gast,48,
2.023E+11,17,7,2023,12:01,1,15,15012,2,3,1,3,RD 990,44,
2.023E+11,7,1,2023,23:00,5,33,33529,2,2,2,3,DE GAULLE (PL. DU GENERAL),44,
2.023E+11,30,9,2023,18:45,1,53,53007,2,1,1,6,13 Rue des Rochers,48,
2.023E+11,18,7,2023,18:45,1,6,6155,2,2,1,3,LIBERTE AV.DE LA,43,
2.023E+11,7,1,2023,19:20,1,33,33529,2,6,3,3,INDUSTRIE (BD DE L') DU 01 ET +,44,
2.023E+11,10,7,2023,17:30,1,5,5061,2,9,1,3,COMMANDANT DUMONT ( AVENUE),44,
2.023E+11,30,9,2023,16:00,1,40,40127,1,3,1,3,3620 avenue des pyrénées,43,
2.023E+11,17,7,2023,19:05,1,75,75117,2,1,1,3,BD PERIPHERIQUE EXTERIEUR,48,
2.023E+11,1,10,2023,12:00,1,85,85277,1,2,1,3,Rue du Vivier,46,
2.023E+11,1,10,2023,02:00,5,27,27428,2,1,1,6,Rue Octave Bonnel,49,
2.023E+11,1,10,2023,11:45,1,37,37173,1,1,1,6,D81,47,
2.023E+11,19,7,2023,10:45,1,75,75114,2,1,1,5,BOULEVARD PERIPHERIQUE EXTERIEUR SUD,48,
2.023E+11,19,7,2023,15:30,1,75,75119,2,3,1,3,AVENUE DE FLANDRE,48,
2.023E+11,30,9,2023,22:15,5,37,37172,2,3,1,1,Avenue Gustave Eiffel,47,
2.023E+11,18,7,2023,18:45,1,75,75117,2,3,1,6,AVENUE DE CLICHY,48,
2.023E+11,19,7,2023,07:40,1,75,75115,2,3,1,6,RUE JACQUES BAUDRY,48,
2.023E+11,30,9,2023,20:45,3,973,97309,2,1,1,3,Route de Rémire,4,
2.023E+11,18,7,2023,17:20,1,75,75114,2,3,1,3,BOULEVARD SAINT JACQUES,48,
2.023E+11,30,9,2023,18:20,2,34,34116,2,1,1,6,départementale 127,43,
2.023E+11,18,7,2023,06:40,1,75,75114,2,3,1,3,RUE FROIDEVAUX,48,
2.023E+11,19,7,2023,20:45,2,75,75111,2,1,1,3,BOULEVARD VOLTAIRE,48,
2.023E+11,1,10,2023,14:35,1,6,6018,1,1,1,1,2692 Route de Valbonne,43,
2.023E+11,1,10,2023,16:45,1,67,67348,1,9,1,7,D500,48,
2.023E+11,18,7,2023,23:22,5,75,75110,2,2,1,3,QUAI DE JEMMAPES,48,
2.023E+11,30,9,2023,16:30,1,976,97609,1,1,1,3,CCD 4,,
2.023E+11,18,7,2023,14:50,1,75,75110,2,2,1,6,RUE LA FAYETTE,48,
2.023E+11,1,10,2023,03:00,5,11,11170,2,1,1,6,CD 132,43,
2.023E+11,27,8,2023,08:55,1,45,45269,1,1,1,7,A10 PR 108 + 113,47,
2.023E+11,19,7,2023,07:00,1,75,75116,2,2,1,3,AVENUE MOZART,48,
2.023E+11,1,10,2023,14:15,1,13,13087,1,6,1,7,A8,43,
2.023E+11,18,7,2023,10:36,1,75,75103,2,2,1,1,RUE COMMINES,48,
2.023E+11,14,7,2023,12:00,1,94,94081,2,1,1,7,Rue Julian Grimau,48,
2.023E+11,30,9,2023,22:45,3,17,17139,1,1,1,2,A10,46,
2.023E+11,18,7,2023,10:30,1,94,94068,2,2,1,6,BAC (AV DU),48,
2.023E+11,1,10,2023,11:30,1,91,91111,1,1,1,7,A10,48,
2.023E+11,17,7,2023,19:30,1,94,94017,2,1,1,1,Square Charles d'Orléans,48,
2.023E+11,18,7,2023,19:50,1,94,94016,2,1,1,3,43 Avenue Carnot,48,
2.023E+11,30,9,2023,02:30,3,974,97420,1,9,1,6,N2,-20,
2.023E+11,29,9,2023,15:00,1,973,97312,1,1,1,1,N1,5,
2.023E+11,18,7,2023,15:45,1,94,94016,2,1,1,2,Avenue Aristide Briand,48,
2.023E+11,19,7,2023,16:28,1,94,94073,2,1,1,6,Avenue du Luxembourg,48,
2.023E+11,30,9,2023,18:00,1,77,77382,2,1,1,3,16 Rue Braunston,48,
2.023E+11,1,10,2023,09:40,1,77,77508,1,1,1,1,D21 PK 19+100,48,
2.023E+11,19,7,2023,09:25,1,94,94038,2,1,1,4,Rue de Lallier,48,
2.023E+11,10,6,2023,15:15,1,94,94021,2,1,1,3,73 Avenue de Stalingrad,48,
2.023E+11,30,9,2023,13:30,1,11,11426,1,1,1,2,CD 620,43,
2.023E+11,19,7,2023,09:50,1,94,94028,2,1,1,2,70 Avenue du Maréchal Foch,48,
2.023E+11,30,9,2023,20:50,5,83,83047,2,1,1,6,40 Avenue de la Libération,43,
2.023E+11,19,7,2023,21:20,2,93,93066,2,1,1,3,Rue Pleyel,48,