Num_Acc,jour,mois,an,hrmn,lum,dep,com,agg,int,atm,col,adr,lat,long
2.023E+11,31,10,2023,18:00,1,64,64483,2,1,1,3,ITHURRALDE ANDRE (AVENUE),43,
2.023E+11,31,10,2023,08:56,1,61,61006,2,1,1,6,Avenue de la 2ème Division Blindée,48,
2.023E+11,31,10,2023,20:30,5,59,59350,2,3,2,6,Avenue Denis Cordonnier,50,
2.023E+11,31,10,2023,18:18,5,59,59350,2,2,2,1,SAULES AVENUES DES,50,
2.023E+11,31,10,2023,14:45,1,59,59636,2,3,1,6,Rue Obert,50,
2.023E+11,30,10,2023,15:30,1,59,59368,2,2,2,1,REPUBLIQUE AVENUE DE LA,50,
2.023E+11,30,10,2023,16:14,1,57,57019,2,6,3,7,EUROPE (ROUTE DE L'),49,
2.023E+11,29,10,2023,15:20,1,56,56107,1,6,3,7,Giratoire de Kerfornet,47,
2.023E+11,31,10,2023,10:55,1,54,54395,2,3,2,1,Boulevard d'Haussonville,48,
2.023E+11,30,10,2023,17:15,5,54,54184,2,9,2,2,Avenue de Brigachtal,48,
2.023E+11,11,5,2023,16:40,1,92,92024,2,1,8,6,PIERRE BEREGOVOY (RUE),48,
2.023E+11,12,5,2023,19:50,1,92,92023,2,1,1,3,LAZARE CARNOT (RUE),48,
2.023E+11,30,10,2023,16:35,1,54,54439,2,3,1,3,Avenue Charles de Gaulle,48,
2.023E+11,11,5,2023,22:46,5,92,92023,2,1,1,6,GENERAL DE GAULLE (AVENUE DU),48,
2.023E+11,13,5,2023,17:50,1,68,68112,2,1,1,1,Route d'Issenheim,47,
2.023E+11,31,10,2023,18:45,3,54,54367,1,1,2,2,RN52,49,
2.023E+11,30,10,2023,10:30,1,51,51454,2,1,1,6,FAUCHER (RUE LEON),49,
2.023E+11,13,5,2023,16:55,1,67,67179,1,1,1,6,4 Route de Lutzelbourg,48,
2.023E+11,30,10,2023,08:39,1,51,51454,2,3,2,3,VOISIN (RUE GABRIEL),49,
2.023E+11,13,5,2023,12:45,1,54,54514,1,1,1,4,D29,49,
2.023E+11,30,10,2023,15:40,1,49,49353,2,1,2,6,PASTEUR,47,
2.023E+11,13,5,2023,04:20,3,22,22389,1,1,1,6,RN 12 50+800,48,
2.023E+11,12,5,2023,19:50,1,6,6075,1,1,2,6,RM 6202 - PLAN DU VAR,43,
2.023E+11,30,10,2023,16:16,1,47,47323,1,1,2,2,R.D.911(ROUTE DE SAINTSYLVESTRE),44,
2.023E+11,13,5,2023,13:49,1,60,60320,1,1,1,7,d51,49,
2.023E+11,8,5,2023,15:20,1,21,21650,1,1,1,2,D35,47,
2.023E+11,31,10,2023,11:35,1,47,47001,2,3,1,3,LIBERTE (BOULEVARD DE LA),44,
2.023E+11,13,5,2023,17:45,1,62,62072,1,1,1,7,D8,50,
2.023E+11,13,5,2023,02:00,3,37,37010,1,1,1,3,A10,47,
2.023E+11,30,10,2023,17:25,1,47,47001,2,3,8,3,14 JUILLET (COURS DU),44,
2.023E+11,13,5,2023,12:00,1,56,56036,1,3,1,3,Lieu-Dit Poulhallec,47,
2.023E+11,30,10,2023,14:30,1,47,47031,2,1,1,2,Avenue de Bigorre,44,
2.023E+11,12,5,2023,17:45,1,82,82186,2,3,1,6,Cours de Verdun,44,
2.023E+11,31,10,2023,20:00,5,45,45232,2,1,8,6,1527 Rue de l'Hôtel Dieu,47,
2.023E+11,9,5,2023,14:10,1,33,33485,1,1,2,1,Route de Merlande,44,
2.023E+11,13,5,2023,15:00,1,69,69248,1,1,2,1,Route Départementale 308,46,
2.023E+11,31,10,2023,18:30,2,37,37233,2,1,8,5,DUCLOS (AVENUE JACQUES),47,
2.023E+11,12,5,2023,19:50,1,71,71162,1,1,1,1,12 Route d'Autun,46,
2.023E+11,13,5,2023,18:00,1,25,25104,1,1,1,7,D239,47,
2.023E+11,31,10,2023,15:37,1,37,37233,2,1,1,3,BONNIN (AVENUE JEAN),47,
2.023E+11,13,5,2023,17:00,1,50,50197,1,2,1,6,4 rue du 30 juillet 1944,48,
2.023E+11,13,5,2023,20:30,2,60,60508,2,1,2,1,1370 Rue Saint Pierre,49,
2.023E+11,31,10,2023,18:50,5,35,35238,2,1,1,3,ISLY (RUE D'),48,
2.023E+11,12,5,2023,18:05,1,36,36182,1,1,1,7,Le Pecher,46,
2.023E+11,12,5,2023,13:50,1,40,40049,1,3,3,6,D824,43,
2.023E+11,12,5,2023,10:55,1,27,27198,2,1,1,6,Place des Anciens Combattants,48,
2.023E+11,31,10,2023,15:00,1,35,35238,2,2,1,6,PAYS-BAS (AVENUE DES),48,
2.023E+11,11,5,2023,23:35,3,30,30179,2,4,1,6,1583 Route de Fournes,43,
2.023E+11,13,5,2023,02:45,3,48,48009,1,1,2,6,D3,44,
2.023E+11,30,10,2023,16:15,1,34,34172,2,1,3,3,MARES (AVENUE HENRI),43,
2.023E+11,12,5,2023,18:30,1,48,48027,1,1,3,6,D901,44,
2.023E+11,13,5,2023,10:35,1,8,8367,2,1,1,6,46 Hameau de Saint Nicolas,49,
2.023E+11,31,10,2023,22:20,5,33,33069,2,2,1,3,Boulevard Pierre 1er,44,
2.023E+11,12,5,2023,16:41,1,88,88011,2,1,1,2,20 Rue de la Gare,48,
2.023E+11,31,10,2023,16:40,1,33,33529,2,2,1,3,PORT (RUE DU),44,
2.023E+11,13,5,2023,08:13,1,95,95394,2,3,1,2,D928,49,
2.023E+11,13,5,2023,14:50,1,95,95604,1,6,1,1,D317,49,
2.023E+11,30,10,2023,16:25,1,33,33529,1,1,1,4,D259,44,
2.023E+11,13,5,2023,05:25,3,38,38530,1,1,1,4,A43 PK 026.300,45,
2.023E+11,31,10,2023,20:33,3,29,29019,2,3,1,1,rue Docteur Pouliquen,48,
2.023E+11,11,5,2023,22:55,5,33,33199,2,3,1,1,Av du Mal de Lattre de Tassigny,44,
2.023E+11,31,10,2023,17:17,1,29,29019,2,1,1,6,rue Lanrédec,48,
2.023E+11,13,5,2023,06:15,2,13,13035,1,1,1,1,D17,43,
2.023E+11,30,10,2023,10:45,1,29,29019,2,6,2,1,23 rue de l'Eau Blanche,48,
2.023E+11,12,5,2023,08:15,1,68,68298,2,4,1,6,Place Keuffer,48,
2.023E+11,12,5,2023,09:00,1,67,67300,2,1,1,1,Route de Dachstein,48,
2.023E+11,31,10,2023,21:05,5,26,26198,2,1,1,1,Avenue Stéphane Mallarmé,44,
2.023E+11,13,5,2023,02:36,3,57,57101,1,1,1,2,D31bis,49,
2.023E+11,31,10,2023,13:40,1,25,25056,2,1,2,6,OUEST BOULEVARD,47,
2.023E+11,4,5,2023,08:20,1,38,38059,2,1,1,1,2320 Route Napoléon,45,
2.023E+11,31,10,2023,08:25,1,25,25056,2,1,2,3,DOLE RUE DE (sup 200),47,
2.023E+11,12,5,2023,21:40,3,69,69047,1,1,1,3,Route Départementale 385,45,
2.023E+11,31,10,2023,10:55,1,14,14220,2,2,1,6,24 Avenue Charles de Gaulle,49,
2.023E+11,13,5,2023,12:25,1,60,60619,1,1,1,1,Route Nationale 2,49,
2.023E+11,4,4,2023,03:00,5,25,25147,2,1,1,6,Rue Claude Girard,47,
2.023E+11,31,10,2023,17:50,2,13,13209,1,1,1,6,COL DE LA GINESTE D559,43,
2.023E+11,13,5,2023,15:35,1,60,60462,1,6,1,1,D2,49,
2.023E+11,31,10,2023,17:00,1,13,13211,2,1,1,1,WILLIAM (AVENUE),43,
2.023E+11,5,4,2023,08:58,1,44,44120,2,6,1,3,17 Rue du Chêne Vert,47,
2.023E+11,26,10,2023,16:30,1,13,13210,2,1,2,1,ROMAIN ROLLAND (BOULEVARD),43,
2.023E+11,5,4,2023,17:20,1,31,31182,2,3,1,1,163 M820,43,
2.023E+11,31,10,2023,11:31,1,13,13005,2,1,1,3,PALUDS (AVENUE DES),43,
2.023E+11,26,10,2023,18:00,1,10,10343,2,6,1,2,GAMBETTA (RUE),48,
2.023E+11,4,4,2023,16:00,1,2,2714,1,1,1,3,departementale 101,49,
2.023E+11,3,5,2023,17:35,1,59,59328,1,1,1,2,ROUTE DEPARTEMENTALE 652,50,
2.023E+11,5,4,2023,11:30,1,15,15231,1,1,7,7,RD 14 ,45,
2.023E+11,31,10,2023,09:05,1,10,10387,2,3,1,3,VOLTAIRE (RUE),48,
2.023E+11,12,5,2023,18:19,1,78,78297,1,1,8,3,RN12,48,
2.023E+11,5,4,2023,09:25,1,5,5074,1,1,1,6,chemin des rives,44,
2.023E+11,30,10,2023,14:35,1,10,10343,2,3,2,3,DIJON (RUE DE),48,
2.023E+11,12,5,2023,11:10,1,93,93064,1,1,2,5,AUTOROUTE A86,48,
2.023E+11,3,4,2023,14:20,1,73,73278,1,1,1,7,D74,45,
2.023E+11,30,10,2023,07:10,2,10,10325,2,1,2,3,Route d'Auxerre,48,
2.023E+11,12,5,2023,12:10,1,93,93027,1,1,8,3,AUTOROUTE A1,48,
2.023E+11,31,10,2023,19:00,5,7,7281,2,1,1,6,MARCALE (RUE DE),44,
2.023E+11,4,4,2023,17:20,1,73,73121,2,1,1,7,Rue de la gare,45,
2.023E+11,12,5,2023,00:20,3,93,93053,1,1,1,2,AUTOROUTE A3,48,
2.023E+11,11,5,2023,19:30,1,42,42044,2,1,1,6,Rue de la République,45,
2.023E+11,31,10,2023,15:36,1,6,6088,2,2,1,6,ROQUEBILLIERE (R. DE),43,
2.023E+11,5,4,2023,11:00,1,40,40197,2,1,1,6,Rue Borda,44,
2.023E+11,11,5,2023,13:06,1,6,6029,2,1,1,6,CROISETTE (BOULEVARD DE),43,
2.023E+11,31,10,2023,20:20,5,6,6069,2,1,1,2,ORME (CHEMIN DE L'),43,
2.023E+11,31,10,2023,12:10,1,4,4070,2,1,1,3,HUGO (BD..V),44,
2.023E+11,5,4,2023,05:55,3,85,85008,1,1,1,1,RD36,46,
2.023E+11,11,5,2023,17:15,1,13,13056,1,1,1,2,A55-Sens Marseille vers Martigues,43,
2.023E+11,30,10,2023,17:06,5,1,1053,2,1,3,6,BROU ( BD N°68 A 182 PAIR),46,
2.023E+11,10,1,2023,10:40,1,2A,2A004,2,1,1,6,ACHILLE PERETTI RUE,41,
2.023E+11,5,4,2023,16:50,1,48,48127,1,1,1,6,D1,44,
2.023E+11,30,10,2023,17:40,2,75,75112,2,1,1,3,BD PERIPHERIQUE INTERIEUR,48,
2.023E+11,3,3,2023,18:45,5,76,76351,2,1,1,6,SOCRATE,49,
2.023E+11,30,10,2023,17:25,2,75,75119,2,4,1,6,ECHANGEUR PORTE DE PANTIN,48,
2.023E+11,26,1,2023,06:10,5,13,13028,2,1,1,1,DE GAULLE (QUAI GENERAL CHARLES),43,
2.023E+11,3,4,2023,12:20,1,8,8243,1,1,7,1,N/A,49,
2.023E+11,5,4,2023,15:55,1,88,88530,1,1,1,6,D434,48,
2.023E+11,11,5,2023,15:45,1,974,97416,1,1,1,4,RN1 (ROUTE NATIONALE),-21,
2.023E+11,31,10,2023,15:07,1,75,75117,2,1,8,5,BOULEVARD PERIPHERIQUE INTERIEUR OUEST,48,
2.023E+11,11,5,2023,07:10,1,974,97416,1,6,1,6,AUBEPINES(ALLEE DES),-21,
2.023E+11,31,10,2023,12:30,1,75,75120,2,3,8,6,RUE MENDELSSOHN,48,
2.023E+11,5,4,2023,11:24,1,68,68266,1,1,1,4,A35 - PR 86.2,47,
2.023E+11,11,5,2023,14:40,1,973,97302,1,1,2,7,LEBLOND (ROND POINT),4,
2.023E+11,31,10,2023,00:10,5,75,75120,2,3,8,2,RUE LEON FRAPIE,48,
2.023E+11,5,4,2023,10:45,1,68,68228,1,1,1,2,A35,47,
2.023E+11,11,5,2023,06:55,1,972,97213,1,1,1,7,AUTOROUTE A1,14,
2.023E+11,4,4,2023,15:30,1,24,24234,1,1,1,1,D709 - C202,44,
2.023E+11,10,5,2023,19:30,2,972,97213,1,1,1,4,AUTOROUTE A1,14,
2.023E+11,31,10,2023,16:50,1,75,75119,2,2,1,6,RUE MANIN,48,
2.023E+11,2,4,2023,15:45,1,34,34123,2,1,1,7,Route de Lodève,43,
2.023E+11,31,10,2023,01:25,5,75,75119,2,4,1,2,AVENUE JEAN JAURES,48,
2.023E+11,10,5,2023,16:35,1,69,69389,2,3,1,3,Rue Roger Salengro,45,
2.023E+11,3,4,2023,19:45,5,987,98733,2,1,1,6,Pk 23+665,-17,
2.023E+11,31,10,2023,14:20,1,75,75116,2,2,1,3,BOULEVARD EMILE AUGIER,48,
2.023E+11,11,5,2023,16:04,1,2A,2A004,2,2,1,3,PIETRI FRANCOIS RUE,41,
2.023E+11,31,10,2023,05:51,5,75,75112,2,2,1,3,BOULEVARD DIDEROT,48,
2.023E+11,2,4,2023,19:00,3,971,97115,1,2,1,3,chemin de la moisse,16,
2.023E+11,11,5,2023,13:35,1,2A,2A004,2,3,1,3,NAPOLEON COURS AVANT BEVERINI,41,
2.023E+11,31,10,2023,13:00,1,75,75111,2,3,1,3,BOULEVARD VOLTAIRE,48,
2.023E+11,11,5,2023,09:20,1,2A,2A004,2,1,1,2,STEPHANOPOLI NICEPHORE  DE COMENE BD,41,
2.023E+11,4,4,2023,08:07,1,77,77474,1,1,1,2,D27,48,
2.023E+11,31,10,2023,14:30,1,75,75108,2,2,8,7,AVENUE DES CHAMPS ELYSEES,48,
2.023E+11,10,5,2023,12:00,1,95,95555,2,9,2,3,13 MASSENET (RUE),48,
2.023E+11,31,10,2023,14:00,1,94,94081,2,1,1,2,Rue Germain Pinson,48,
2.023E+11,29,3,2023,22:20,3,77,77031,1,1,1,2,D201,48,
2.023E+11,31,10,2023,19:40,5,94,94068,2,3,2,6,Avenue Foch,48,
2.023E+11,11,5,2023,09:35,1,91,91339,1,1,1,2,ROBERT BENOIST (AVENUE),48,
2.023E+11,31,10,2023,17:50,5,94,94068,2,1,1,6,Avenue Foch,48,
2.023E+11,11,5,2023,12:40,1,87,87085,2,3,1,6,GAMBETTA (BOULEVARD),45,
2.023E+11,5,4,2023,07:45,1,77,77211,1,2,7,1,D201,48,
2.023E+11,11,5,2023,09:21,1,87,87085,2,1,1,4,REVOLUTION (AVENUE DE LA),45,
2.023E+11,2,4,2023,18:55,1,13,13042,1,1,1,6,d2,43,
2.023E+11,30,10,2023,20:30,5,94,94003,2,9,1,3,Avenue Laplace,48,
2.023E+11,10,5,2023,15:07,1,87,87085,2,3,1,6,DARNET (RUE),45,
2.023E+11,4,4,2023,18:45,1,51,51250,1,1,1,3,ROUTE NATIONALE 31,49,
2.023E+11,11,5,2023,16:15,1,83,83137,2,1,1,6,DAUMAS (IMP / RUE LIEUTENANT),43,
2.023E+11,27,3,2023,13:15,1,68,68045,2,1,1,6,32 Rue Principale,47,
2.023E+11,8,5,2023,06:50,1,80,80021,2,1,1,6,GRAND MARAIS (RUE DU),49,
2.023E+11,31,10,2023,18:28,5,94,94054,2,3,2,6,Av des Martyrs de Chateaubriant,48,
2.023E+11,3,5,2023,13:45,1,80,80021,2,1,1,6,REUNION (ALLEE DE LA),49,
2.023E+11,5,4,2023,10:48,1,54,54196,1,3,1,3,D913,48,
2.023E+11,31,10,2023,20:45,5,93,93066,2,1,2,3,Rue Danielle Casanova,48,
2.023E+11,4,5,2023,18:15,1,80,80021,2,9,7,1,ROUEN (RUE DE),49,
2.023E+11,31,10,2023,15:00,1,93,93066,2,5,8,3,Route de la Courneuve / Avenue du Docteur Lamaze,48,
2.023E+11,4,4,2023,16:25,1,72,72378,1,9,1,2,les mandrieres,47,
2.023E+11,4,5,2023,16:05,1,80,80021,2,6,1,3,ROGER DUMOULIN (AVENUE),49,
2.023E+11,31,10,2023,15:30,1,93,93055,2,9,1,3,Avenue Jean Lolive,48,
2.023E+11,4,4,2023,19:00,1,44,44103,1,1,1,1,4 Route de la Torse,47,
2.023E+11,26,10,2023,21:30,5,93,93010,2,1,3,6,Route de Stains,48,
2.023E+11,4,4,2023,19:00,1,60,60170,1,1,7,3,Courteuil,49,
2.023E+11,21,10,2023,18:55,5,93,93051,2,2,2,3,Rue de la Victoire / Rue de la Croix Rouge,48,
2.023E+11,11,5,2023,10:14,1,77,77058,2,1,1,2,D217BIS,48,
2.023E+11,31,10,2023,19:50,5,93,93007,2,1,8,6,Rue Julian Grimau,48,
2.023E+11,11,5,2023,16:45,1,76,76484,1,1,1,6,D18 E,49,
2.023E+11,11,5,2023,16:05,1,74,74010,2,1,1,3,VIEUX MOULINS (AVENUE DES),45,
2.023E+11,31,10,2023,06:55,2,92,92073,2,2,1,3,SELLIER (BOULEVARD HENRI),48,
2.023E+11,3,4,2023,15:20,1,13,13081,1,1,1,4,A7-Sens Marseille vers Lyon,43,
2.023E+11,10,5,2023,17:34,1,72,72181,2,1,2,6,GAULLE GENERAL DE (AV DU),48,
2.023E+11,30,10,2023,13:38,1,92,92024,2,1,2,2,GENERAL LECLERC (BD DU) DE (61 A 9),48,
2.023E+11,30,3,2023,16:40,1,69,69259,1,1,1,3,Boulevard Périphérique Laurent Bonnevay,45,
2.023E+11,31,10,2023,23:00,3,92,92012,2,1,1,3,POINT DU JOUR (QUAI DU),48,
2.023E+11,11,5,2023,19:00,1,67,67482,2,1,1,1,MAURICE GARIN (PISTE),48,
2.023E+11,31,10,2023,11:00,1,22,22372,1,1,2,7,Rue du Commandant Hamon,48,
2.023E+11,10,5,2023,15:15,1,67,67218,2,1,2,6,FRANÇOIS MITTERRAND (ALLEE),48,
2.023E+11,4,4,2023,17:40,1,91,91689,1,1,1,4,AUTOROUTE A6,48,
2.023E+11,1,11,2023,15:50,2,41,41194,2,1,1,6,Rue Saint Marc,47,
2.023E+11,9,5,2023,12:23,1,66,66136,2,1,1,6,N/A,42,
2.023E+11,1,11,2023,11:25,1,43,43138,1,1,2,7,D13,45,
2.023E+11,4,4,2023,08:40,1,91,91340,1,1,1,3,RN 104,48,
2.023E+11,9,5,2023,08:31,1,66,66136,2,1,1,6,JULIEN PANCHOT (AVENUE),42,
2.023E+11,19,10,2023,08:26,1,43,43038,2,1,1,6,Route de Lempdes,45,
2.023E+11,4,4,2023,14:00,1,78,78571,1,1,1,2,A13,48,
2.023E+11,22,10,2023,19:15,3,13,13078,2,1,1,7,Route de la Plage Napoleon,43,
2.023E+11,7,5,2023,08:50,1,66,66136,2,1,1,6,N/A,42,
2.023E+11,4,4,2023,12:40,1,92,92036,1,1,1,5,A86,48,
2.023E+11,11,5,2023,12:05,1,65,65226,2,1,1,3,53 Avenue du Pouey,43,
2.023E+11,4,4,2023,18:10,1,95,95351,1,1,1,2,N 104,49,
2.023E+11,11,5,2023,20:50,2,64,64545,2,1,2,7,CORNICHE (ROUTE DE LA),43,
2.023E+11,27,10,2023,22:00,5,83,83086,1,1,1,3,Dn7,43,
2.023E+11,4,4,2023,17:15,1,93,93064,1,1,1,2,AUTOROUTE A86,48,
2.023E+11,1,11,2023,00:10,3,72,72058,1,1,1,6,D323,47,
2.023E+11,10,5,2023,12:03,1,64,64102,2,1,1,6,BREUER MARCEL (AVENUE),43,
2.023E+11,4,4,2023,15:20,1,95,95572,1,1,1,2,A15,49,
2.023E+11,11,5,2023,18:22,1,61,61001,2,1,1,1,Avenue de Basingstoke,48,
2.023E+11,1,11,2023,08:45,1,83,83054,2,9,1,3,Avenue de la République,43,
2.023E+11,4,4,2023,11:15,1,95,95151,1,1,1,2,RN 104,49,
2.023E+11,11,5,2023,17:35,1,60,60175,2,1,1,3,Avenue du Tremblay,49,
2.023E+11,31,10,2023,13:25,1,40,40062,1,1,1,1,PR 003.300 D38,43,
2.023E+11,1,11,2023,09:00,1,2A,2A330,1,1,1,6,T20,42,
2.023E+11,3,4,2023,19:45,1,93,93027,1,1,1,2,AUTOROUTE A86,48,
2.023E+11,11,5,2023,02:00,5,59,59350,2,2,1,3,LEGRAND PIERRE RUE,50,
2.023E+11,3,4,2023,19:45,1,93,93064,1,1,1,2,AUTOROUTE A86,48,
2.023E+11,18,10,2023,05:00,3,33,33394,2,1,2,6,Au Bois de l'Or,44,
2.023E+11,3,4,2023,18:40,1,93,93010,1,1,1,2,AUTOROUTE A3,48,
2.023E+11,10,5,2023,16:30,1,55,55043,2,1,1,6,DE GAULLE (GENERAL),49,
2.023E+11,3,4,2023,16:15,1,93,93006,1,1,1,6,AUTOROUTE A3,48,
2.023E+11,19,10,2023,11:40,1,32,32429,1,2,2,3,Lieu dit Le Portugal,44,
2.023E+11,3,4,2023,06:40,2,93,93066,1,1,1,3,AUTOROUTE A1,48,
2.023E+11,1,11,2023,03:15,3,55,55012,1,1,1,6,D907,48,
2.023E+11,6,5,2023,16:07,1,54,54167,1,6,8,7,RD400,48,
2.023E+11,3,4,2023,19:40,1,78,78440,2,1,1,6,EUROPE (AVENUE DE L'),48,
2.023E+11,3,4,2023,15:25,1,44,44162,2,1,1,6,1 Place Pierre Mendès France,47,
2.023E+11,10,5,2023,07:40,1,54,54395,2,3,1,1,Place des Vosges,48,
2.023E+11,3,4,2023,08:30,1,976,97611,2,1,2,3,kaweni-Massakini (rue),-12,
2.023E+11,31,10,2023,15:55,1,12,12145,1,1,1,6,ROute départementale 809,44,
2.023E+11,2,4,2023,07:55,1,974,97411,2,9,1,6,BOSSE (RUE DE L'AMIRAL),-20,
2.023E+11,3,4,2023,19:50,1,69,69386,2,1,1,6,Pont Morand,45,
2.023E+11,11,5,2023,12:18,1,49,49007,2,1,1,7,LETANDUERE,47,
2.023E+11,3,4,2023,08:30,1,69,69382,2,2,1,2,33 Rue Vaubecour,45,
2.023E+11,31,10,2023,16:55,1,38,38406,1,1,1,1,Route de Villeneuve,45,
2.023E+11,31,10,2023,18:51,3,3,3217,1,1,1,6,D2371,46,
2.023E+11,1,4,2023,05:07,3,971,97101,1,9,1,1,ROUTE DES ABYMES,16,
2.023E+11,3,4,2023,18:00,1,91,91097,2,1,1,3,AV DU GAL CHARLES DE GAULLE,48,
2.023E+11,31,3,2023,16:20,1,91,91228,2,1,2,6,MARQUIS DE RAIES (RUE DU) ,48,
2.023E+11,10,5,2023,13:25,1,49,49007,2,1,1,1,Boulevard Jean Sauvage,47,
2.023E+11,31,10,2023,14:00,1,70,70228,1,1,1,1,D434,47,
2.023E+11,30,3,2023,11:50,1,91,91228,1,1,1,3,ROBERT SCHUMAN (BOUEVARD),48,
2.023E+11,10,5,2023,09:21,1,49,49015,1,1,8,7,MEIGNANNE ROUTE DE LA,47,
2.023E+11,31,10,2023,21:30,5,66,66008,2,3,1,6,N/A,42,
2.023E+11,2,4,2023,12:25,1,87,87085,2,1,2,7,CHARLET (RUE GASTON),45,
2.023E+11,3,4,2023,15:30,1,78,78551,2,1,1,6,Rue de Paris,48,
2.023E+11,1,11,2023,03:00,3,14,14102,1,1,2,6,D579,49,
2.023E+11,11,5,2023,16:20,1,45,45147,2,1,1,2,Tunnel de l'Ardoise,47,
2.023E+11,31,10,2023,14:00,1,43,43141,2,3,1,1,12 Rue Notre-dame,45,
2.023E+11,1,11,2023,18:30,3,36,36149,1,9,2,6,mornay,46,
2.023E+11,10,5,2023,16:40,1,45,45234,2,6,1,2,Avenue de Concyr,47,
2.023E+11,1,11,2023,11:30,1,24,24376,1,1,2,7,D38,45,
2.023E+11,31,3,2023,13:36,1,76,76351,2,3,1,6,MICHELET,49,
2.023E+11,31,10,2023,08:40,1,27,27218,1,1,7,3,Route de la Maugardiere,49,
2.023E+11,1,4,2023,01:25,5,76,76552,2,3,3,6,CAP ( RTE DU ),49,
2.023E+11,11,5,2023,12:30,1,37,37261,2,2,1,3,FRANCHE COMTE (RUE),47,
2.023E+11,1,11,2023,07:00,3,28,28352,1,1,2,6,D906,48,
2.023E+11,3,4,2023,18:55,1,73,73008,2,6,1,3,D991 - GRAND PORT (RONDEAU) AVENUE DU,45,
2.023E+11,11,5,2023,10:25,1,37,37261,2,1,1,6,BERANGER (BOULEVARD),47,
2.023E+11,1,11,2023,08:20,1,30,30083,1,1,1,7,D 979,43,
2.023E+11,3,4,2023,21:35,5,69,69275,2,6,1,6,Avenue Jean Jaurès,45,
2.023E+11,1,11,2023,19:30,3,52,52444,1,1,2,7,D674,48,
2.023E+11,3,4,2023,20:00,1,69,69256,2,1,1,1,Avenue Paul Marcellin,45,
2.023E+11,10,5,2023,16:15,1,37,37233,2,9,3,3,DUCLOS (AVENUE JACQUES),47,
2.023E+11,3,4,2023,07:10,1,69,69286,2,3,2,3,597 Avenue de l'Hippodrome,45,
2.023E+11,30,10,2023,08:35,1,80,80793,1,1,3,2,A16,49,
2.023E+11,11,5,2023,22:12,5,35,35238,2,1,1,6,PICARDIE (DE),48,
2.023E+11,31,10,2023,21:40,3,34,34320,1,1,1,7,CD127E6 lieu dit Montlobre,43,
2.023E+11,3,4,2023,12:30,1,69,69264,2,1,1,3,Rue de Kalarach,45,
2.023E+11,2,4,2023,18:00,1,67,67482,2,1,1,6,REMPART (RUE DU),48,
2.023E+11,27,10,2023,13:00,1,69,69244,2,2,1,1,Rue François Mermet,45,
2.023E+11,11,5,2023,19:00,1,35,35238,1,1,1,4,RN136,48,
2.023E+11,31,3,2023,21:50,5,67,67482,2,1,1,7,ARTHUR RIMBAUD (RUE),48,
2.023E+11,31,10,2023,15:00,1,39,39270,1,1,1,2,N/A,47,
2.023E+11,14,3,2023,23:30,5,63,63113,2,1,1,6,PONT SAINT JACQUES (RUE DU),45,
2.023E+11,11,5,2023,04:40,5,35,35281,2,2,1,3,NANTES (RUE DE),48,
2.023E+11,27,10,2023,07:20,1,987,98736,1,1,2,1,RT1 face à la servitude VAIAITU,,
2.023E+11,1,4,2023,04:20,3,58,58194,2,6,1,7,PISSEROTTE (BOULEVARD),46,
2.023E+11,1,11,2023,01:55,5,6,6088,1,1,1,6,A8 PK 196.990 - Chaussée Sud,43,
2.023E+11,30,3,2023,13:00,1,52,52448,2,1,1,6,FRANCE (RUE ANATOLE),48,
2.023E+11,11,5,2023,04:10,5,35,35051,1,6,1,2,BEAULIEU (PORTE DE),48,
2.023E+11,31,3,2023,08:29,1,49,49007,2,1,1,7,BODIN,47,
2.023E+11,31,10,2023,21:05,3,51,51305,1,1,8,2,Autoroute A4 PK126+500 sens STARSBOURG vers PARIS,49,
2.023E+11,11,5,2023,09:50,1,33,33063,2,2,1,3,Rue Docteur Albert Barraud,44,
2.023E+11,2,4,2023,16:13,1,49,49007,1,1,1,7,ATLANTIQUE  AVENUE DE L',47,
2.023E+11,31,10,2023,17:30,1,30,30185,1,1,1,3,pk 70+300 Sens 2,43,
2.023E+11,9,5,2023,16:30,1,33,33069,2,1,1,3,Avenue de l'Hippodrome,44,
2.023E+11,1,4,2023,15:10,1,46,46042,1,1,1,1,Départementale 811,44,
2.023E+11,29,10,2023,19:15,3,30,30036,1,1,1,2,A9 pk 61+000 sens 2,43,
2.023E+11,11,5,2023,12:45,1,31,31555,2,1,1,1,VOIE DU TOEC,43,
2.023E+11,3,4,2023,18:00,1,45,45285,2,1,1,3,Avenue Pierre Mendès France,47,
2.023E+11,31,10,2023,11:30,1,987,98729,1,1,1,3,Opunohu PK 16,-17,
2.023E+11,24,4,2023,15:00,1,42,42095,2,7,1,6,Place Ferrer,45,
2.023E+11,11,5,2023,06:10,3,31,31555,2,9,1,3,ALL CHARLES DE FITTE,43,
2.023E+11,31,10,2023,18:00,2,971,97104,2,1,1,1,Route de Cadet,16,
2.023E+11,3,4,2023,19:45,1,35,35238,2,3,1,3,VERN (DE),48,
2.023E+11,3,4,2023,12:25,1,35,35051,1,1,1,6,N136,48,
2.023E+11,11,5,2023,20:10,1,30,30028,2,3,1,6,Avenue de l'Europe,44,
2.023E+11,31,10,2023,14:00,1,37,37072,2,1,1,6,70 Avenue François Mitterrand,47,
2.023E+11,1,11,2023,09:15,1,95,95120,2,2,8,7,D4,49,