Num_Acc,jour,mois,an,hrmn,lum,dep,com,agg,int,atm,col,adr,lat,long
2.023E+11,29,9,2023,15:10,1,54,54395,2,1,1,6,Boulevard du Recteur Senn,48,
2.023E+11,17,2,2023,18:20,2,75,75103,2,7,1,3,PLACE DE LA REPUBLIQUE,48,
2.023E+11,29,9,2023,08:30,1,54,54395,2,1,1,2,Rue Sigisbert Adam,48,
2.023E+11,18,7,2023,15:15,1,976,97611,2,2,1,3,mamoudzou centre-Haladi Selemani ( rue ),-12,
2.023E+11,5,1,2023,18:15,2,84,84007,2,2,1,6,PICASSO (rue Pablo),43,
2.023E+11,13,6,2023,15:07,1,87,87085,2,3,3,3,SABLARD (AVENUE DE),45,
2.023E+11,17,2,2023,11:50,1,75,75104,2,2,1,3,RUE SAINT ANTOINE,48,
2.023E+11,18,7,2023,07:50,1,974,97416,1,1,2,7,RN 01,-21,
2.023E+11,29,9,2023,07:40,1,54,54578,2,1,1,2,Avenue du General Leclerc,48,
2.023E+11,6,1,2023,20:20,5,83,83062,2,1,1,1,DELAGE (RUE MARC),43,
2.023E+11,17,2,2023,10:35,1,75,75103,2,7,1,7,PLACE DE LA REPUBLIQUE,48,
2.023E+11,18,7,2023,12:45,1,974,97409,2,1,1,2,CAMBUSTON (rue de),-20,
2.023E+11,13,6,2023,18:20,1,86,86194,2,6,1,2,Avenue Jacques Coeur,46,
2.023E+11,28,9,2023,16:59,1,54,54526,2,2,1,3,boulevard du Millénaire,48,
2.023E+11,6,1,2023,19:20,4,83,83090,2,1,1,1,SAINT LAZE (CHEMIN DE),43,
2.023E+11,17,2,2023,07:00,5,75,75103,2,3,1,6,BOULEVARD DE SEBASTOPOL,48,
2.023E+11,14,6,2023,16:50,1,78,78440,2,2,1,6,POISSY (RUE DE),48,
2.023E+11,18,7,2023,20:10,1,69,69387,2,3,1,3,Rue Garibaldi,45,
2.023E+11,6,1,2023,18:49,5,83,83123,2,1,1,2,GARE (ROUTE DE LA),43,
2.023E+11,28,9,2023,10:20,1,54,54395,2,1,1,3,Boulevard d'Austrasie,48,
2.023E+11,17,2,2023,17:05,1,94,94081,2,8,1,3,Rue Gagnée /  Boulevard de Stalingrad,48,
2.023E+11,14,6,2023,14:30,1,78,78401,2,1,1,3,RHIN ET DANUBE (PONT),49,
2.023E+11,18,7,2023,05:55,2,69,69383,2,1,1,3,Avenue Rockefeller,45,
2.023E+11,29,9,2023,16:05,1,51,51454,2,3,1,6,VAUBAN (RUE),49,
2.023E+11,5,1,2023,20:30,5,83,83126,2,1,1,5,MERLE (BD TOUSSAINT),43,
2.023E+11,18,7,2023,17:30,1,69,69149,2,1,1,3,25 Boulevard de l’Europe,45,
2.023E+11,14,6,2023,16:30,1,76,76540,2,1,1,3,Quai du Havre (Haut),49,
2.023E+11,17,2,2023,12:45,1,94,94081,2,2,8,3,Quai Jules Guesde / Rue Eugene Henaff,48,
2.023E+11,29,9,2023,11:05,1,51,51454,2,6,1,3,ROUSSEAU (PLACE MAX),49,
2.023E+11,5,1,2023,17:10,2,83,83129,2,3,1,3,DE LATTRE DE TASSIGNY (AV),43,
2.023E+11,18,7,2023,08:00,1,95,95288,2,6,8,3,D301,48,
2.023E+11,6,1,2023,14:45,1,83,83069,2,6,1,6,BEAUREGARD (AV ANDREE-DAVID DE ),43,
2.023E+11,14,2,2023,12:24,1,94,94043,2,1,1,6,Rue de Verdun-lazare-ponticelli,48,
2.023E+11,27,9,2023,11:45,1,50,50129,2,2,1,2,ROUGES TERRES (LES),49,
2.023E+11,14,6,2023,18:35,1,73,73065,2,2,1,3,D1 - MOTTE SERVOLEX (AVENUE DE LA),45,
2.023E+11,17,2,2023,10:15,1,94,94017,2,1,8,6,49 Rue Louis Talamoni,48,
2.023E+11,17,7,2023,16:50,1,95,95427,2,1,1,3,JULES FERRY (RUE),48,
2.023E+11,4,1,2023,08:45,1,83,83061,1,1,1,1,N7,43,
2.023E+11,28,9,2023,22:38,3,49,49328,2,1,1,1,JOLY LETERME (BOULEVARD),47,
2.023E+11,13,6,2023,14:15,1,72,72181,2,8,1,3,MAILLETS (RUE DES) N° PAIRS 14 ET >,48,
2.023E+11,16,2,2023,19:40,5,94,94017,2,1,1,3,Avenue Roger Salengro,48,
2.023E+11,5,1,2023,08:15,1,82,82121,2,1,8,3,ITALIE (AVENUE D'),43,
2.023E+11,28,9,2023,17:53,1,49,49328,2,1,1,3,LECLERC (PLACE MARC),47,
2.023E+11,17,7,2023,12:15,1,91,91377,2,1,1,1,IMP DE L'AULNAYE DRACOURT,48,
2.023E+11,12,6,2023,14:40,1,72,72181,2,1,1,7,CORDELET LOUIS ( AV),48,
2.023E+11,17,2,2023,17:05,1,93,93031,2,1,1,6,59 Rue de Paris,48,
2.023E+11,6,1,2023,12:35,1,81,81163,2,2,8,3,JUIN (MARECHAL),43,
2.023E+11,14,6,2023,09:40,1,69,69264,2,1,1,7,Boulevard Burdeau,45,
2.023E+11,17,7,2023,18:35,1,85,85194,2,1,1,1,Rue des rouliers,46,
2.023E+11,17,2,2023,18:50,5,93,93029,2,3,1,3,Rue Roger Gibrat / Rue Charles Duc,48,
2.023E+11,28,9,2023,03:30,5,49,49007,2,2,1,1,BRIOLLAY ROUTE,47,
2.023E+11,12,6,2023,13:45,1,69,69029,2,2,1,3,Rue Pierre Allard,45,
2.023E+11,17,2,2023,19:30,4,93,93005,2,1,1,6,Boulevard André Citroën,48,
2.023E+11,17,7,2023,17:10,1,81,81004,1,1,1,5,CASTRES,43,
2.023E+11,29,9,2023,07:25,1,47,47001,2,2,1,3,MONTAIGNE (RUE),44,
2.023E+11,17,2,2023,16:00,1,92,92075,2,1,1,3,JEAN JAURES (RUE),48,
2.023E+11,6,1,2023,14:09,1,76,76157,2,3,2,1,Impasse du Clos aux Moines,49,
2.023E+11,29,9,2023,16:50,1,45,45234,2,1,1,6,Rue du Brésil ,47,
2.023E+11,14,6,2023,08:51,1,68,68066,2,2,7,3,Rue du Ladhof,48,
2.023E+11,18,7,2023,13:10,1,77,77268,2,2,1,3,RUE DU PRE DE BRAY,48,
2.023E+11,16,2,2023,09:00,1,92,92064,2,1,1,1,PORTE JAUNE,48,
2.023E+11,6,1,2023,06:30,2,76,76474,2,4,2,2,Route de Dieppe,49,
2.023E+11,16,7,2023,20:10,1,76,76178,1,1,3,6,Rue de Tourville,49,
2.023E+11,29,9,2023,05:48,5,45,45338,2,2,1,3,4 Avenue de la Libération,47,
2.023E+11,17,2,2023,20:45,5,92,92063,2,3,1,1,LA BRUYERE (RUE),48,
2.023E+11,13,6,2023,08:15,1,67,67482,2,1,1,3,PROTESTATION (PONT DE LA),48,
2.023E+11,30,9,2023,23:47,5,44,44109,2,1,1,6,182 Boulevard Jules Verne,47,
2.023E+11,6,1,2023,12:57,1,72,72095,2,9,1,3,VIGNES (RUE DES),48,
2.023E+11,15,6,2023,16:00,1,76,76351,2,4,1,3,VERDUN (RUE DE),49,
2.023E+11,17,2,2023,17:30,1,92,92062,2,9,8,2,GENERAL DE GAULLE (AV) DU 44 AU 106,48,
2.023E+11,5,1,2023,17:55,5,72,72181,2,1,1,6,CHENE VERT (RUE DU),48,
2.023E+11,12,6,2023,12:10,1,66,66136,2,1,1,3,,42,
2.023E+11,18,7,2023,01:00,3,76,76707,1,9,1,6,RD 915,49,
2.023E+11,29,9,2023,09:40,1,44,44109,2,6,1,3,24 Rue Noire,47,
2.023E+11,16,2,2023,09:15,1,92,92050,2,2,8,6,STALINGRAD RUE DE,48,
2.023E+11,5,1,2023,13:35,1,72,72181,2,9,1,3,ZAMENHOF DOCTEUR (AV DU),47,
2.023E+11,13,6,2023,22:35,5,65,65440,2,1,2,7,KENNEDY (BOULEVARD DU PRESIDENT JOHN),43,
2.023E+11,28,9,2023,16:48,1,41,41018,2,1,1,1,GRE DE CHIEN (CHEMIN),47,
2.023E+11,17,2,2023,00:09,5,92,92049,2,1,1,7,REPUBLIQUE AVENUE DE LA N°1 A 79,48,
2.023E+11,6,1,2023,18:35,5,69,69266,2,1,1,6,15 Rue Pierre-Joseph Proudhon,45,
2.023E+11,17,7,2023,22:00,5,71,71270,2,1,1,3,HERRIOT (AVENUE EDOUARD),46,
2.023E+11,29,9,2023,19:55,3,38,38382,1,9,1,7,A480,45,
2.023E+11,18,7,2023,12:15,1,69,69266,2,1,1,6,Boulevard Laurent Bonnevay,45,
2.023E+11,6,1,2023,07:50,2,69,69115,2,9,2,6,Route d’Anse,45,
2.023E+11,17,2,2023,10:09,1,92,92044,2,2,1,6,VOLTAIRE(RUE)53A81 ET 42A62,48,
2.023E+11,14,6,2023,22:00,2,62,62193,2,9,1,3,Rue Henri Guillaumet,50,
2.023E+11,5,1,2023,16:06,1,66,66136,2,1,1,7,BLANC AVENUE ROSETTE,42,
2.023E+11,29,9,2023,11:10,1,38,38421,2,6,1,3,AVENUE GABRIEL PÉRI,45,
2.023E+11,17,2,2023,14:45,1,92,92040,2,2,1,2,VOLTAIRE (BOULEVARD),48,
2.023E+11,14,6,2023,13:05,1,60,60057,2,1,1,6,Rue Desgroux,49,
2.023E+11,18,7,2023,18:12,1,69,69290,2,2,1,6,Rue Edmond Rostand,45,
2.023E+11,29,9,2023,20:37,5,37,37261,2,2,1,3,BORDEAUX (AVENUE DE),47,
2.023E+11,6,1,2023,13:05,1,64,64129,2,3,7,3,Rue Claverie,43,
2.023E+11,16,2,2023,06:45,5,92,92036,2,1,1,6,LOUISE MICHEL (PAIRS),48,
2.023E+11,18,7,2023,12:10,1,69,69029,2,1,1,3,Avenue Franklin Roosevelt,45,
2.023E+11,14,6,2023,11:30,1,60,60057,2,1,1,3,Rue Villebois Mareuil,49,
2.023E+11,29,9,2023,14:25,1,37,37195,2,1,1,7,PARMENTIERE (RUE DE LA),47,
2.023E+11,17,2,2023,09:33,1,92,92026,2,3,2,3,STRASBOURG,48,
2.023E+11,5,1,2023,16:30,1,64,64129,2,2,1,3,SABOTIER DU,43,
2.023E+11,18,7,2023,11:40,1,69,69029,2,9,1,3,374 Route de Genas,45,
2.023E+11,13,6,2023,09:00,1,59,59378,2,3,1,6,ENTREPRENEURS RUE DES,50,
2.023E+11,29,9,2023,04:35,5,37,37261,2,2,1,3,DESMOULINS (RUE LOUIS),47,
2.023E+11,17,2,2023,17:00,1,92,92025,2,1,1,6,BOURNARD (RUE DU),48,
2.023E+11,6,1,2023,08:19,1,64,64024,2,1,1,3,Rue Louis Seguin,43,
2.023E+11,17,7,2023,18:35,1,69,69259,2,1,1,3,Boulevard Irène Joliot Curie,45,
2.023E+11,15,6,2023,19:40,1,56,56083,1,1,1,3,N/A,47,
2.023E+11,26,9,2023,09:15,1,34,34172,2,3,1,3,FAUBOURG FIGUEROLLES (RUE DU),43,
2.023E+11,5,1,2023,19:05,5,64,64102,2,1,1,2,Allées Marines,43,
2.023E+11,18,7,2023,19:54,1,67,67204,1,1,2,7,WANTZENAU (ROUTE DE LA),48,
2.023E+11,17,2,2023,07:46,1,92,92024,2,2,1,3,CLICHY (PONT DE),48,
2.023E+11,17,2,2023,12:30,1,92,92004,2,1,2,3,REDOUTE ( AVENUE DE LA  ),48,
2.023E+11,13,6,2023,21:26,1,56,56083,2,3,1,2,VAILLANT ( AV. EDOUARD ),47,
2.023E+11,5,1,2023,13:46,1,63,63113,2,2,1,3,BLANZAT (RUE DE),45,
2.023E+11,28,9,2023,18:13,1,34,34032,2,2,1,3,HUGO VICTOR (RUE),43,
2.023E+11,18,7,2023,08:35,1,67,67482,2,1,7,1,RENE CASSIN (ALLEE),48,
2.023E+11,18,2,2023,15:20,1,60,60049,2,3,1,7,Rue des Champs,49,
2.023E+11,13,6,2023,16:45,1,56,56121,2,1,1,2,BELGIQUE (RUE  DE ),47,
2.023E+11,3,1,2023,20:30,3,63,63164,1,3,2,3,Bd charles de Gaulle /Clément Adler,45,
2.023E+11,29,9,2023,18:00,1,33,33063,2,2,1,3,Rue Dubourdieu,44,
2.023E+11,17,7,2023,16:25,1,64,64545,1,1,1,4,RD810,43,
2.023E+11,23,1,2023,19:16,3,60,60088,1,1,8,2,Autoroute A16,49,
2.023E+11,13,6,2023,08:10,1,56,56107,1,2,1,2,D152,47,
2.023E+11,29,9,2023,17:45,1,33,33069,2,2,1,3,Boulevard Pierre 1er,44,
2.023E+11,18,7,2023,12:29,1,64,64445,2,9,1,2,JEAN MERMOZ,43,
2.023E+11,6,1,2023,22:30,5,59,59512,2,3,1,3,BRAME (AVENUE JULES),50,
2.023E+11,17,2,2023,16:30,1,37,37031,2,3,1,2,Rue Chaumeton,47,
2.023E+11,28,9,2023,17:05,1,33,33249,2,1,1,7,Avenue du Président J.F. Kennedy,44,
2.023E+11,3,1,2023,08:30,2,59,59350,2,1,2,6,Avenue de la République (Lille),50,
2.023E+11,18,7,2023,19:25,1,64,64122,2,1,1,6,MARNE (AVENUE DE LA),43,
2.023E+11,12,6,2023,16:00,1,56,56121,1,1,1,5,Desserte Portuaire,47,
2.023E+11,18,2,2023,12:00,1,974,97405,1,1,1,5,Rue Augustin Mézino,-21,
2.023E+11,17,7,2023,12:40,1,62,62841,1,1,1,6,D937,50,
2.023E+11,3,1,2023,10:40,1,59,59350,2,1,1,2,DELEMAZURE RUE,50,
2.023E+11,27,9,2023,11:35,1,33,33119,2,1,1,6,Rue Jean Cocteau,44,
2.023E+11,18,2,2023,16:05,1,1,1354,2,1,1,2,Rue de la Faucille,46,
2.023E+11,5,1,2023,19:00,3,59,59271,2,1,2,7,CANAL DE BOURBOURG,50,
2.023E+11,13,6,2023,19:50,1,54,54578,2,2,1,1,Avenue de Brabois,48,
2.023E+11,18,7,2023,20:45,1,59,59152,2,1,1,6,DESRUMAEAUX (RUE MARTHE),50,
2.023E+11,29,9,2023,19:28,1,31,31555,2,1,1,3,AV CRAMPEL,43,
2.023E+11,6,1,2023,18:56,5,56,56260,2,3,1,1,Rue Thiers,47,
2.023E+11,29,9,2023,07:25,2,31,31555,2,9,1,1,MINIMES (AV DES) DU 1AU 178,43,
2.023E+11,18,7,2023,19:40,1,59,59599,2,1,1,6,MA CAMPAGNE (RESIDENCE),50,
2.023E+11,18,2,2023,01:15,3,84,84099,1,1,1,6,D15,43,
2.023E+11,14,6,2023,10:05,1,51,51454,2,2,1,3,PONSARDIN (RUE ),49,
2.023E+11,6,1,2023,13:05,1,56,56185,1,1,8,7,N/A,47,
2.023E+11,29,9,2023,12:25,1,25,25056,1,1,1,3,MARCHAUX ROUTE DE,47,
2.023E+11,13,6,2023,11:30,1,51,51454,2,1,1,6,JAURES (AVENUE JEAN ) DU N° 61 A FIN,49,
2.023E+11,15,2,2023,18:45,3,57,57358,1,1,1,3,D918,49,
2.023E+11,18,7,2023,08:45,1,59,59368,2,1,1,5,DE GAULLE RUE DU GENERAL,50,
2.023E+11,26,9,2023,08:55,1,22,22187,2,1,1,6,EUROPE (Rdp de l'),48,
2.023E+11,7,1,2023,00:50,5,54,54395,2,2,1,3,Boulevard Albert 1er,48,
2.023E+11,18,7,2023,11:10,1,58,58194,2,9,1,2,DOCKS,46,
2.023E+11,14,6,2023,05:44,5,49,49007,2,2,1,3,BELLE BEILLE,47,
2.023E+11,16,2,2023,18:15,1,79,79005,1,2,1,3,,46,
2.023E+11,28,9,2023,17:42,1,21,21617,2,1,1,6,Rue de la Libération,47,
2.023E+11,16,7,2023,03:10,5,57,57441,2,1,1,6,MAISON  ROUGE (ROUTE DE),49,
2.023E+11,14,6,2023,14:57,1,47,47001,2,1,1,2,PELLETAN (BOULEVARD EUGENE),44,
2.023E+11,4,1,2023,17:33,3,54,54542,1,1,8,2,DEPARTEMENTALE 613,49,
2.023E+11,17,2,2023,14:30,1,79,79293,1,1,1,1,,46,
2.023E+11,15,7,2023,02:35,5,57,57647,2,1,1,6,GAULLE (RUE CHARLES DE),49,
2.023E+11,29,9,2023,04:11,5,18,18033,2,1,1,7,111 Rue Louis Mallet,47,
2.023E+11,18,2,2023,07:10,2,71,71157,1,1,2,6,D1083,46,
2.023E+11,5,1,2023,20:25,5,51,51055,2,2,1,3,Rue de la Gare,49,
2.023E+11,14,6,2023,08:50,1,45,45284,2,2,1,6,Rue du Coin Buffet,47,
2.023E+11,18,7,2023,16:34,1,54,54451,2,1,1,3,Rue du Moulin,49,
2.023E+11,26,9,2023,17:30,1,17,17415,2,9,1,2,SAINTONGE A10 A ROCADE OUEST AVENUE DE,45,
2.023E+11,18,2,2023,03:00,3,71,71289,1,1,8,6,cd 987,46,
2.023E+11,14,6,2023,12:30,1,45,45208,2,1,1,6,64 Rue du Genéral Leclerc,47,
2.023E+11,18,7,2023,12:22,1,54,54580,2,3,1,3,ALL DES LYS,49,
2.023E+11,29,9,2023,13:07,1,17,17380,2,1,1,1,OCEAN (DE L'),45,
2.023E+11,29,8,2023,20:20,2,17,17028,2,1,1,2,GRASSET   AVENUE EDMOND,46,
2.023E+11,17,2,2023,14:20,1,89,89168,1,1,2,5,,47,
2.023E+11,13,6,2023,14:25,1,43,43157,2,3,2,3,51 Rue Pannessac,45,
2.023E+11,4,1,2023,17:30,3,51,51153,1,1,2,5,D40A,49,
2.023E+11,17,7,2023,11:45,1,50,50066,1,1,1,4,AVRANCHES (AVENUE D'),48,
2.023E+11,29,9,2023,16:00,1,13,13103,2,1,1,6,BOULEVARD DE LA REPUBLIQUE,43,
2.023E+11,18,2,2023,03:30,3,34,34041,1,1,1,6,D4,43,
2.023E+11,11,6,2023,10:10,1,42,42218,2,2,1,3,Rue de la Verrerie,45,
2.023E+11,29,9,2023,11:00,1,13,13103,2,1,1,3,CHEMIN DE RIGAUD,43,
2.023E+11,5,1,2023,14:10,1,50,50129,2,1,1,6,GAMBETTA (RUE),49,
2.023E+11,17,2,2023,06:25,3,68,68258,1,1,1,7,D2,47,
2.023E+11,17,7,2023,10:50,1,50,50129,2,2,1,3,SCHUMAN (BOULEVARD ROBERT),49,
2.023E+11,14,6,2023,12:59,1,37,37261,2,1,1,6,GRAMMONT (AVENUE DE),47,
2.023E+11,4,1,2023,12:15,1,50,50129,2,1,1,2,CONQUERANT (BOULEVARD GUILLAUME LE),49,
2.023E+11,18,7,2023,10:05,1,49,49015,1,1,1,7,LUDE LIEU DIT LE,47,
2.023E+11,18,2,2023,02:00,4,35,35297,2,1,1,6,Rue de Merdrignac,48,
2.023E+11,21,9,2023,09:10,1,13,13056,1,1,1,1,CD 49,43,
2.023E+11,14,6,2023,08:35,1,35,35051,2,6,1,3,TAILLIS (ROND-POINT DU),48,
2.023E+11,18,2,2023,08:30,1,38,38249,1,4,1,6,D11,45,
2.023E+11,5,1,2023,19:33,5,49,49267,2,2,1,1,CHARMES AVENUE,47,
2.023E+11,18,7,2023,18:40,1,44,44184,1,9,1,2,N/A,47,
2.023E+11,14,6,2023,22:55,4,33,33063,2,1,1,6,Rue Lucien Faure,44,
2.023E+11,30,9,2023,21:55,5,10,10297,2,3,1,1,CLAUDE CHAPPE (RUE),48,
2.023E+11,5,1,2023,18:22,5,49,49246,2,1,2,6,EUROPE AVENUE,47,
2.023E+11,17,2,2023,18:30,3,58,58087,2,1,8,3,4 route des mouroux,46,
2.023E+11,14,6,2023,08:20,1,33,33550,2,1,1,6,Avenue des Pyrénées,44,
2.023E+11,18,7,2023,08:40,1,44,44184,2,1,1,3,29 Boulevard des Apprentis,47,
2.023E+11,18,2,2023,16:00,1,50,50092,1,1,1,6,D52,49,
2.023E+11,5,1,2023,08:54,1,49,49007,2,1,8,6,SAINT LAZARE,47,
2.023E+11,28,9,2023,17:15,1,10,10387,2,1,1,2,DANTON (RUE),48,
2.023E+11,14,6,2023,02:30,5,31,31555,2,1,3,6,FITTE (ALL CHARLES DE) DU 1AU 310,43,
2.023E+11,4,1,2023,23:45,3,49,49007,2,1,2,7,ESTIENNE D'ORVES BOULEVARD,47,
2.023E+11,16,6,2023,16:15,1,44,44109,2,1,1,3,8 Boulevard Gabriel Guist'Hau,47,
2.023E+11,28,9,2023,10:05,1,10,10333,2,6,1,3,CHARLES BALTET (RUE),48,
2.023E+11,18,2,2023,10:45,1,36,36155,1,1,2,6,La Folie,46,
2.023E+11,13,6,2023,09:07,1,27,27229,2,1,1,4,NORMANDIE (BOULEVARD DE),49,
2.023E+11,6,1,2023,09:15,1,45,45232,2,6,1,3,D2271 PR 0 + 232,47,
2.023E+11,18,7,2023,16:50,1,34,34172,2,1,1,7,1107 Avenue de Toulouse,43,
2.023E+11,29,9,2023,15:00,1,7,7316,1,1,1,6,PARADIS (RUE DU),44,
2.023E+11,17,2,2023,18:15,2,24,24129,1,1,1,6,Route des Deux Rocs,45,
2.023E+11,18,7,2023,11:33,1,32,32013,2,1,1,6,MARGUERITE YOURCENAR,43,
2.023E+11,6,1,2023,11:20,1,44,44184,2,3,1,6,5 Rue Françoise Sagan,47,
2.023E+11,30,9,2023,00:40,5,6,6088,2,3,1,6,QUAI DES ETATS UNIS,43,
2.023E+11,18,2,2023,12:00,1,24,24197,1,1,1,6,1605 Route du Chardonnay,44,
2.023E+11,4,1,2023,23:59,5,44,44184,2,1,2,6,60 Boulevard du Président Wilson,47,
2.023E+11,19,7,2023,01:45,5,31,31555,2,1,1,7,RUE ALAIN FOURNIER,43,
2.023E+11,15,2,2023,18:45,2,17,17008,2,6,1,2,route de La Rochelle - SERIGNY,46,
2.023E+11,15,9,2023,07:48,1,5,5061,1,4,1,4,RN 85,44,
2.023E+11,18,7,2023,09:40,1,29,29232,2,1,1,3,Place de la Tour d'Auvergne,47,
2.023E+11,6,1,2023,12:20,1,37,37261,2,1,1,3,MARECHAL JUIN (BD),47,
2.023E+11,29,9,2023,15:40,1,75,75120,2,1,1,3,PORTE DE BAGNOLET,48,
2.023E+11,16,2,2023,19:45,3,87,87168,1,1,1,1,Fonsoumagne,45,
2.023E+11,7,1,2023,00:05,5,33,33162,2,1,1,6,Avenue de Saint-Medard,44,
2.023E+11,28,9,2023,19:00,1,75,75120,2,1,1,2,PORTE DES LILAS,48,
2.023E+11,17,2,2023,20:10,5,6,6018,2,1,1,6,744 Route de la Mer,43,
2.023E+11,6,1,2023,18:05,5,33,33281,2,1,1,3,Avenue François Mitterrand,44,
2.023E+11,14,6,2023,07:35,1,22,22106,2,1,1,2,DOUVENANT (RUE DE),48,
2.023E+11,29,9,2023,01:19,5,75,75116,2,1,1,6,AVENUE DE LA PORTE D AUTEUIL,48,
2.023E+11,17,2,2023,20:30,3,53,53267,1,1,1,6,PK 222.850 sens 1,48,
2.023E+11,17,7,2023,12:00,1,17,17306,2,6,1,3,AMPERE,45,
2.023E+11,10,6,2023,04:05,3,22,22113,2,1,1,6,EGLISE (RUE DE L'),48,
2.023E+11,6,1,2023,15:50,1,33,33063,2,2,1,2,Avenue de Labarde,44,
2.023E+11,17,2,2023,18:15,2,973,97360,2,1,1,1,Avenue Francois Mitterand,5,
2.023E+11,28,9,2023,21:30,5,75,75107,2,2,1,3,QUAI D ORSAY,48,
2.023E+11,13,6,2023,21:25,1,14,14437,2,1,1,2,5 Avenue Nicolas Copernic,49,
2.023E+11,18,7,2023,15:45,1,13,13205,2,3,1,2,JEAN MOULIN (BOULEVARD),43,
2.023E+11,6,1,2023,12:45,1,33,33281,2,6,1,3,Avenue René Cassin - Sortie Rocade E11,44,
2.023E+11,17,2,2023,18:50,2,64,64147,1,4,1,3,D936,43,
2.023E+11,29,9,2023,04:20,5,75,75106,2,3,1,3,RUE DE RENNES,48,
2.023E+11,18,7,2023,04:55,5,13,13204,2,9,1,2,FRANÇOISE DUPARC (BOULEVARD),43,
2.023E+11,13,6,2023,18:35,1,14,14118,2,1,1,7,17 Rue Saint-Michel,49,
2.023E+11,29,9,2023,00:15,5,75,75120,2,3,1,3,RUE HAXO,48,
2.023E+11,6,1,2023,08:00,5,33,33529,2,1,8,1,rue Lagrua,44,
2.023E+11,17,7,2023,23:30,3,13,13098,1,1,1,4,CREPON  CHEMIN,43,
2.023E+11,17,2,2023,21:38,3,60,60533,1,1,1,6,Autoroute A1 - PK 82+500 sens LILLE/PARIS,49,
2.023E+11,5,1,2023,18:20,5,25,25056,2,1,2,3,OUEST BOULEVARD,47,
2.023E+11,14,6,2023,12:15,1,13,13103,2,3,1,3,RUE DES FAUVETTES,43,
2.023E+11,13,7,2023,19:00,1,11,11262,2,1,1,6,36 Quai Valliere,43,
2.023E+11,29,9,2023,17:20,1,75,75119,2,5,1,3,RUE DE THIONVILLE,48,
2.023E+11,17,7,2023,19:00,1,11,11069,2,1,1,6,67 Avenue Bunau Varilla,43,
2.023E+11,14,6,2023,08:05,1,6,6069,2,1,1,2,ORME (CHEMIN DE L'),43,
2.023E+11,29,9,2023,15:36,1,75,75119,2,3,1,6,AVENUE CORENTIN CARIOU,48,
2.023E+11,6,1,2023,17:25,2,22,22278,2,1,8,6,DU GUESCLIN (PL),48,
2.023E+11,29,9,2023,13:50,1,75,75119,2,1,8,6,BOULEVARD SERURIER,48,
2.023E+11,18,7,2023,06:55,1,8,8105,2,1,1,1,40 Rue de Nouzonville,49,
2.023E+11,5,1,2023,16:40,1,19,19031,2,1,1,3,RIBOT (AVENUE),45,
2.023E+11,13,6,2023,09:00,1,75,75116,2,1,1,4,BD PERIPHERIQUE INTERIEUR,48,
2.023E+11,5,1,2023,11:40,1,18,18279,2,1,1,6,Chemin de la Giraudiere,47,
2.023E+11,28,9,2023,13:00,1,75,75118,2,1,1,2,AVENUE DE SAINT OUEN,48,
2.023E+11,18,7,2023,20:30,1,1,1451,1,1,1,1,BRESSE (AVENUE DE ),46,
2.023E+11,6,1,2023,15:07,1,17,17306,2,1,1,7,GARNIER (BD FREDERIC),45,
2.023E+11,29,9,2023,14:58,1,75,75118,2,3,1,6,AVENUE DE CLICHY,48,
2.023E+11,18,7,2023,10:04,1,75,75117,2,1,1,2,PORTE D ASNIERES,48,
2.023E+11,8,6,2023,07:55,1,75,75117,2,1,1,4,PORTE MAILLOT,48,
2.023E+11,6,1,2023,22:00,5,13,13054,2,1,1,1,FREDERIC MISTRAL (BD ),43,
2.023E+11,18,7,2023,05:30,2,75,75115,2,1,1,6,BOULEVARD VICTOR,48,
2.023E+11,29,9,2023,12:02,1,75,75117,2,2,1,3,RUE CARDINET,48,
2.023E+11,6,1,2023,09:55,1,13,13210,1,1,1,6,CAPELETTE (AVENUE DE LA),43,
2.023E+11,13,6,2023,13:30,1,75,75116,2,1,1,4,BD PERIPHERIQUE INTERIEUR,48,
2.023E+11,18,7,2023,11:48,1,75,75106,2,1,1,6,QUAI DE CONTI,48,
2.023E+11,29,9,2023,09:30,1,75,75116,2,1,1,3,BOULEVARD PERIPHERIQUE INTERIEUR OUEST,48,
2.023E+11,17,7,2023,08:40,1,75,75105,2,1,1,1,QUAI SAINT MICHEL,48,
2.023E+11,13,6,2023,12:22,1,75,75114,2,4,1,3,AVENUE DU GENERAL LECLERC,48,
2.023E+11,29,9,2023,15:00,1,75,75115,2,3,1,6,RUE LINOIS,48,
2.023E+11,6,1,2023,07:20,5,13,13214,2,2,1,5,GERANIUMS (RUE DES),43,
2.023E+11,18,7,2023,18:30,1,75,75119,2,2,1,7,RUE D AUBERVILLIERS,48,
2.023E+11,14,6,2023,19:25,1,75,75120,2,1,1,6,RUE DES COURONNES,48,
2.023E+11,6,1,2023,12:14,1,12,12174,2,1,1,6,LACHET (Giratoire),44,
2.023E+11,27,9,2023,13:45,1,75,75114,2,2,1,3,BOULEVARD ROMAIN ROLLAND,48,
2.023E+11,18,7,2023,18:00,1,75,75117,2,1,1,7,BOULEVARD PERIPHERIQUE EXTERIEUR OUEST,48,
2.023E+11,14,6,2023,13:05,1,75,75117,2,2,1,3,AVENUE DE LA PORTE DE CLICHY,48,
2.023E+11,6,1,2023,15:05,1,11,11069,2,1,1,2,,43,
2.023E+11,29,9,2023,11:50,1,75,75113,2,1,8,2,AVENUE PIERRE DE COUBERTIN,48,
2.023E+11,18,7,2023,08:30,1,75,75117,2,3,1,2,BOULEVARD MALESHERBES,48,
2.023E+11,6,1,2023,23:23,5,8,8105,2,1,2,3,32 Av du President Vincent Auriol,49,