Num_Acc,jour,mois,an,hrmn,lum,dep,com,agg,int,atm,col,adr,lat,long
2.023E+11,14,6,2023,19:15,2,75,75116,2,3,1,6,RUE MICHEL ANGE,48,
2.023E+11,7,1,2023,00:35,3,1,1451,1,1,9,6,MARBOZ RD 996 (ROUTE DE ) IMPAIR,46,
2.023E+11,29,9,2023,06:30,2,75,75111,2,3,1,4,PLACE LEON BLUM,48,
2.023E+11,18,7,2023,18:35,1,75,75116,2,3,1,1,BOULEVARD DE L AMIRAL BRUIX,48,
2.023E+11,5,1,2023,16:45,2,75,75119,2,1,2,3,PORTE DE PANTIN,48,
2.023E+11,14,6,2023,15:00,1,75,75116,2,2,1,3,ROUTE DE SURESNES,48,
2.023E+11,29,9,2023,06:15,5,75,75111,2,3,1,6,BOULEVARD DE CHARONNE,48,
2.023E+11,17,7,2023,01:05,5,75,75115,2,2,1,6,BOULEVARD GENERAL MARTIAL VALIN,48,
2.023E+11,7,1,2023,21:24,5,75,75107,2,2,1,2,QUAI D ORSAY,48,
2.023E+11,14,6,2023,07:35,1,75,75116,2,1,1,2,ALLEE DE LA REINE MARGUERITE,48,
2.023E+11,29,9,2023,01:44,5,75,75108,2,2,1,3,RUE DE LA VILLE L EVEQUE,48,
2.023E+11,17,7,2023,18:30,1,75,75114,2,3,1,2,BOULEVARD JOURDAN,48,
2.023E+11,28,9,2023,11:45,1,75,75108,2,1,1,3,BOULEVARD MALESHERBES,48,
2.023E+11,7,1,2023,06:54,5,75,75102,2,2,1,3,BOULEVARD DE SEBASTOPOL,48,
2.023E+11,14,6,2023,19:30,1,75,75107,2,2,7,3,QUAI BRANLY,48,
2.023E+11,29,9,2023,22:00,5,75,75107,2,1,1,1,MUSEE D ORSAY,48,
2.023E+11,7,1,2023,18:10,5,75,75115,2,3,2,3,RUE DE LA CROIX NIVERT,48,
2.023E+11,17,7,2023,09:00,1,75,75114,2,3,1,3,AVENUE DU MAINE,48,
2.023E+11,14,6,2023,10:50,1,75,75115,2,2,1,6,RUE DE LA CONVENTION,48,
2.023E+11,29,9,2023,17:20,1,75,75103,2,2,1,6,RUE BEAUBOURG,48,
2.023E+11,13,6,2023,09:30,1,75,75114,2,1,1,2,AVENUE JEAN MOULIN,48,
2.023E+11,17,7,2023,08:45,1,75,75113,2,3,1,2,RUE DE TOLBIAC,48,
2.023E+11,29,9,2023,09:15,1,75,75101,2,3,1,6,RUE DE RIVOLI,48,
2.023E+11,7,1,2023,17:35,5,75,75115,2,2,2,3,RUE VIOLET,48,
2.023E+11,29,9,2023,02:50,5,75,75103,2,2,1,6,BOULEVARD SAINT DENIS,48,
2.023E+11,13,6,2023,08:20,1,75,75114,2,3,1,6,AVENUE DU MAINE,48,
2.023E+11,18,7,2023,16:45,1,75,75110,2,3,1,3,BOULEVARD DE STRASBOURG,48,
2.023E+11,6,1,2023,15:20,1,75,75114,2,3,1,6,RUE DE LA TOMBE ISSOIRE,48,
2.023E+11,28,9,2023,01:00,5,94,94081,2,1,2,6,Quai Jules Guesde,48,
2.023E+11,14,6,2023,08:25,1,75,75113,2,4,1,7,BOULEVARD KELLERMANN,48,
2.023E+11,28,9,2023,09:10,1,94,94080,2,1,1,3,Avenue de Paris,48,
2.023E+11,7,1,2023,19:15,5,75,75110,2,3,1,3,PLACE DE LA REPUBLIQUE,48,
2.023E+11,18,7,2023,16:25,1,75,75102,2,2,1,3,RUE REAUMUR,48,
2.023E+11,29,9,2023,16:00,1,94,94041,2,1,1,6,Boulevard Paul Vaillant Couturier,48,
2.023E+11,7,1,2023,14:55,1,75,75109,2,3,8,6,BOULEVARD DE LA MADELEINE,48,
2.023E+11,18,7,2023,17:16,1,75,75109,2,1,1,3,RUE DE LONDRES,48,
2.023E+11,29,9,2023,18:30,1,94,94065,1,1,1,2,N186B,48,
2.023E+11,14,6,2023,01:02,5,75,75120,2,2,1,3,RUE DE MENILMONTANT,48,
2.023E+11,7,1,2023,09:30,1,75,75108,2,2,1,3,RUE DE LISBONNE,48,
2.023E+11,28,9,2023,19:00,5,94,94028,2,1,1,6,Avenue du Général de Gaulle,48,
2.023E+11,17,7,2023,14:32,1,75,75108,2,2,1,3,BOULEVARD DE COURCELLES,48,
2.023E+11,28,9,2023,19:00,2,94,94011,2,1,1,3,Avenue de Boissy,48,
2.023E+11,14,6,2023,21:15,1,75,75110,2,5,1,3,BOULEVARD DE MAGENTA,48,
2.023E+11,7,1,2023,00:22,5,75,75116,2,2,1,3,AVENUE FOCH,48,
2.023E+11,18,7,2023,19:00,1,75,75101,2,3,1,6,RUE DE RIVOLI,48,
2.023E+11,29,9,2023,14:05,1,94,94022,2,1,1,6,2 Avenue de la République,48,
2.023E+11,17,7,2023,17:15,1,94,94080,2,1,1,6,Rue de Fontenay,48,
2.023E+11,13,6,2023,22:10,5,75,75110,2,4,1,6,BOULEVARD DE MAGENTA,48,
2.023E+11,5,1,2023,18:55,2,75,75108,2,7,2,3,PLACE DE CLICHY,48,
2.023E+11,29,9,2023,13:25,1,94,94059,2,1,1,1, Chem. du Plessis-Trévise À la Queue-en-Brie,48,
2.023E+11,17,7,2023,00:25,5,94,94067,2,1,1,2,Avenue de Paris,48,
2.023E+11,14,6,2023,00:08,5,75,75109,2,3,1,7,BOULEVARD HAUSSMANN,48,
2.023E+11,7,1,2023,17:40,5,75,75107,2,3,2,3,QUAI D ORSAY,48,
2.023E+11,29,9,2023,08:10,1,94,94004,2,9,1,1,Avenue du Général Leclerc,48,
2.023E+11,14,6,2023,00:50,5,75,75107,2,1,1,6,QUAI ANATOLE FRANCE,48,
2.023E+11,16,7,2023,01:15,5,94,94074,2,6,1,2,Rue du Colonel Fabien,48,
2.023E+11,7,1,2023,14:00,1,75,75104,2,3,1,7,RUE BEAUBOURG,48,
2.023E+11,29,9,2023,13:35,1,93,93066,2,2,1,3,Rue Ampère / Boulevard de la Libération,48,
2.023E+11,7,1,2023,10:30,1,94,94021,2,9,1,3,BOULEVARD CIRCULAIRE EST,48,
2.023E+11,13,6,2023,20:57,2,75,75104,2,3,1,2,QUAI HENRI IV,48,
2.023E+11,17,7,2023,17:25,1,94,94068,2,6,1,3,D'ADAMVILLE KENNEDY (PL),48,
2.023E+11,29,9,2023,16:51,1,93,93046,2,2,1,6,Allée Joseph Noize / Rue Francois Villon,48,
2.023E+11,7,1,2023,13:59,1,93,93072,2,3,8,6,Rue de Fontenay / Rue Villiers de Gonesse,48,
2.023E+11,14,6,2023,16:50,1,94,94081,2,5,7,6,Quai Jules Guesde,48,
2.023E+11,7,1,2023,18:15,5,93,93066,2,1,2,3,Boulevard Anatole France,48,
2.023E+11,29,9,2023,08:40,1,93,93013,2,2,1,3,Rue Jean Moulin / Rue Edouard Vaillant,48,
2.023E+11,17,7,2023,23:30,3,94,94022,2,5,1,5,Avenue Léon Gourdault,48,
2.023E+11,14,6,2023,19:20,1,94,94044,2,1,1,1,17 Avenue Gabriel Péri,48,
2.023E+11,7,1,2023,16:45,4,93,93051,2,1,2,6,88 Avenue Emile Cossonneau,48,
2.023E+11,18,7,2023,12:00,1,93,93078,2,5,1,6,Boulevard Robert Ballanger / Rue Norbert Segard,48,
2.023E+11,29,9,2023,20:05,5,93,93001,2,4,1,3,Rue André Karman / Rue Edouard Poisson,48,
2.023E+11,7,1,2023,07:06,5,93,93006,2,1,1,2,Avenue du Général de Gaulle,48,
2.023E+11,13,6,2023,21:50,5,94,94046,2,1,1,2,Boulevard Gallièni,48,
2.023E+11,29,9,2023,04:45,5,93,93001,2,1,1,2,Avenue Jean Jaurès,48,
2.023E+11,18,7,2023,18:40,1,93,93064,2,1,1,2,Avenue du Président John Kennedy,48,
2.023E+11,7,1,2023,00:58,5,93,93014,2,3,1,6,Avenue de Sévigné / Rue des Bois,48,
2.023E+11,28,9,2023,09:20,1,92,92072,2,1,1,3,PONT DE SEVRES,48,
2.023E+11,18,7,2023,15:00,1,93,93053,2,9,1,3,Rue de Paris,48,
2.023E+11,14,6,2023,14:40,1,94,94046,2,3,1,3,Rue Amédée Chenal,48,
2.023E+11,29,9,2023,17:30,1,92,92064,2,1,1,7,MARECHAL JUIN,48,
2.023E+11,6,1,2023,16:10,1,93,93047,2,1,8,6,Rue du Général de Gaulle,48,
2.023E+11,29,9,2023,12:48,1,92,92076,2,1,1,7,LA CELLE SAINT CLOUD,48,
2.023E+11,14,6,2023,14:55,1,94,94041,2,3,1,3,Boulevard de Stalingrad,48,
2.023E+11,17,7,2023,09:05,1,93,93010,2,2,1,1,Rue de Paris / Avenue de Rosny,48,
2.023E+11,7,1,2023,12:22,1,92,92064,2,6,1,2,JULLES PELLETIER,48,
2.023E+11,29,9,2023,14:10,1,92,92063,2,1,1,6,PERRET (RUE AUGUSTE),48,
2.023E+11,18,7,2023,12:00,1,93,93050,2,1,1,2,Avenue Jean Jaures,48,
2.023E+11,7,1,2023,15:00,1,92,92062,2,1,2,3,REPUBLIQUE (RUE DE LA) N° 100 A 14,48,
2.023E+11,14,6,2023,16:47,1,94,94028,2,9,1,3,Avenue de Verdun,48,
2.023E+11,29,9,2023,21:03,5,92,92050,2,6,1,3,BOULE PLACE DE LA,48,
2.023E+11,7,1,2023,11:20,1,92,92049,2,1,1,6,BRIAND AVENUE ARISTIDE N°1 A 129,48,
2.023E+11,18,7,2023,11:45,1,93,93029,2,1,1,2,Avenue Jean Jaurès,48,
2.023E+11,14,6,2023,14:45,1,94,94028,2,6,1,3,Car de Pompadour,48,
2.023E+11,28,9,2023,12:30,1,92,92020,2,1,1,3,VERDUN AVENUE DE AUTRES N°,48,
2.023E+11,7,1,2023,08:40,1,92,92036,2,6,1,3,PIERRE DE COUBERTIN (BOULEVARD) (PORT ->,48,
2.023E+11,14,6,2023,06:45,2,94,94028,2,1,1,1,Boulevard Jean-baptiste Oudry,48,
2.023E+11,17,7,2023,22:30,5,93,93047,2,3,1,1,Avenue des Sciences / Avenue Sauvage,48,
2.023E+11,29,9,2023,08:50,1,92,92025,2,2,1,3,COLBERT  55 A 113   42 A 102 (RUE),48,
2.023E+11,7,1,2023,10:22,1,92,92060,2,7,1,2,LEON BLUM (AVENUE) (RD 75),48,
2.023E+11,10,6,2023,16:32,1,94,94079,2,1,1,3,Rue du Général de Gaulle,48,
2.023E+11,28,9,2023,10:35,1,92,92025,2,9,1,3,PRESIDENT SALVADOR ALLENDE (RUE DU),48,
2.023E+11,18,7,2023,09:33,1,92,92051,2,9,1,6,GENERAL LECLERC (BOULEVARD DU N° 29 A 65,48,
2.023E+11,7,1,2023,00:20,5,92,92023,2,2,1,1,GENERAL DE GAULLE (AV DU) N°130 A 340 ET,48,
2.023E+11,29,9,2023,17:00,1,92,92019,2,1,1,6,SALENGRO ROGER (RUE),48,
2.023E+11,14,6,2023,18:40,1,94,94069,2,5,1,1,Rue du Pont,48,
2.023E+11,18,7,2023,19:28,1,92,92020,2,9,1,3,VANVES BOULEVARD DE N° PAIRS,48,
2.023E+11,3,1,2023,18:30,5,92,92019,2,1,1,6,SAINT EXUPERY (AVENUE),48,
2.023E+11,29,9,2023,20:19,5,92,92012,2,3,1,6,ANDRE MORIZET (AVENUE) - 49/FIN - 54/FIN,48,
2.023E+11,7,1,2023,11:18,1,92,92009,2,1,1,6,BOURGUIGNONS ( RUE 33 A FIN ),48,
2.023E+11,13,6,2023,17:25,1,94,94069,2,5,7,3,Rue du Maréchal Leclerc,48,
2.023E+11,18,7,2023,11:50,1,92,92049,2,3,1,3,BARBES RUE,48,
2.023E+11,29,9,2023,15:34,1,92,92004,2,1,1,3,JEAN DUSSOURD,48,
2.023E+11,8,1,2023,13:04,1,21,21638,1,1,1,2,A31,47,
2.023E+11,18,7,2023,12:10,1,92,92049,2,1,1,7,BROSSOLETTE AVENUE PIERRE,48,
2.023E+11,30,9,2023,10:30,1,50,50590,1,1,1,1,route du chateau d'eau,48,
2.023E+11,14,6,2023,18:10,1,93,93005,2,2,1,3,Rue Auguste Renoir / Rue Louison Bobet,48,
2.023E+11,17,7,2023,19:25,1,92,92048,2,1,1,3,LE CORBEILLER (AVENUE) N° 1 A 45,48,
2.023E+11,14,6,2023,07:50,1,93,93066,2,1,1,6,Rue de la Poterie,48,
2.023E+11,18,7,2023,15:00,1,92,92044,2,1,1,6,ARISTIDE BRIAND(RUE)51A83  54A96,48,
2.023E+11,28,9,2023,14:15,1,37,37031,1,2,1,3,Intersection D35 et rue de la lande,47,
2.023E+11,29,9,2023,18:15,1,1,1244,2,1,1,7,Rue des Artisans,45,
2.023E+11,7,1,2023,19:30,5,71,71117,1,1,1,1,Route de Dole,46,
2.023E+11,14,6,2023,18:50,1,93,93064,2,1,1,2,Rue du 4e Zouave,48,
2.023E+11,18,7,2023,08:50,1,92,92040,2,1,1,3,PDT ROOSEVELT (QUAI DU),48,
2.023E+11,30,9,2023,00:21,5,95,95487,2,9,1,6,CORENTIN QUIDEAU (RUE),49,
2.023E+11,18,7,2023,12:20,1,92,92035,2,1,1,2,République ( boulevard de la ),48,
2.023E+11,8,1,2023,09:30,1,76,76222,2,1,1,6,Rue Louis Pasteur,49,
2.023E+11,14,6,2023,12:10,1,93,93053,2,3,1,3,Rue Paul Vaillant Couturier / Passage des Groux,48,
2.023E+11,29,9,2023,08:20,1,77,77047,1,1,1,6,A140,48,
2.023E+11,18,7,2023,07:50,1,92,92025,2,1,1,3,CHARLES DE GAULLE (BD),48,
2.023E+11,8,1,2023,07:30,3,11,11262,1,1,1,6,pk 2 D13,43,
2.023E+11,30,9,2023,05:45,5,71,71202,1,1,1,6,A6 - Aire de repos Le Curney,46,
2.023E+11,14,6,2023,14:20,1,93,93001,2,7,1,3,Avenue Jean Jaurès,48,
2.023E+11,18,7,2023,20:22,1,92,92007,2,1,1,7,RAVERA (AVENUE HENRI) N° 111 A 217 ET 10,48,
2.023E+11,8,1,2023,11:50,1,71,71009,1,1,8,6,Route d?Autun,47,
2.023E+11,29,9,2023,17:30,1,58,58102,1,1,1,7,D33,47,
2.023E+11,7,1,2023,23:00,3,25,25370,1,1,1,6,Chemain de Lucelans,47,
2.023E+11,14,6,2023,11:25,1,93,93047,2,3,1,6,Boulevard de l'Europe / Chemin du Tour du Parc,48,
2.023E+11,19,7,2023,07:23,1,51,51358,2,3,1,1,Grande Rue,48,
2.023E+11,30,9,2023,14:15,1,62,62849,1,6,1,2,D303,50,
2.023E+11,14,6,2023,20:09,1,93,93005,2,1,1,6,Rue des Mimosas,48,
2.023E+11,29,9,2023,14:15,1,50,50448,1,1,1,2,A84 PR 158+150,48,
2.023E+11,13,6,2023,19:50,1,92,92073,2,1,1,7,STRESSEMANN (AVENUE GUSTAVE),48,
2.023E+11,7,1,2023,18:20,3,25,25601,1,3,1,5,D50,47,
2.023E+11,14,7,2023,19:20,1,71,71286,1,3,1,3,D980,46,
2.023E+11,30,9,2023,13:15,1,30,30334,2,1,1,6,Boulevard des Alliés,44,
2.023E+11,19,7,2023,14:55,1,6,6161,1,1,1,6,Route de Grasse,43,
2.023E+11,7,1,2023,18:45,3,25,25149,1,1,1,6,D440,47,
2.023E+11,14,6,2023,09:00,1,92,92051,2,1,1,6,PAUL CHATROUSSE (RUE),48,
2.023E+11,30,9,2023,10:15,1,57,57572,2,1,7,6,Rue Auguste Rolland,49,
2.023E+11,8,1,2023,12:30,1,29,29038,1,1,2,6,18 - Toulloulan,48,
2.023E+11,29,9,2023,19:00,2,59,59580,1,1,1,6,67 Route de Winnezeele,50,
2.023E+11,16,7,2023,17:49,1,18,18269,2,3,1,3,Grande Rue,47,
2.023E+11,13,6,2023,19:30,1,92,92020,2,3,1,3,VERDUN AVENUE DE AUTRES N°,48,
2.023E+11,27,9,2023,20:30,3,76,76460,1,1,1,7,Route du Poteau Maitre Jean,49,
2.023E+11,19,7,2023,10:55,1,972,97231,2,1,1,6,Marina Pointe du Bout,14,
2.023E+11,13,6,2023,11:25,1,92,92020,2,9,1,3,VANVES BOULEVARD DE N° PAIRS,48,
2.023E+11,6,1,2023,16:30,1,66,66149,2,3,1,6,37 Rue du Palais de Justice,42,
2.023E+11,1,8,2023,08:45,1,26,26324,1,1,1,2,Autoroute A7,44,
2.023E+11,14,6,2023,16:50,1,92,92036,2,1,1,1,CAMELINAT (BOULEVARD) (49   +),48,
2.023E+11,16,7,2023,10:45,1,63,63248,1,1,1,6,pont des eaux,45,
2.023E+11,30,9,2023,04:50,3,79,79078,1,1,1,7,N/A,46,
2.023E+11,8,1,2023,10:15,1,50,50219,1,6,1,3,Route de la Belle Croix,49,
2.023E+11,14,6,2023,12:30,1,92,92004,2,3,1,6,GABRIEL PERI (AVENUE) (60/134),48,
2.023E+11,18,7,2023,10:00,1,57,57620,1,1,1,7,A4,49,
2.023E+11,30,9,2023,17:30,1,80,80417,1,2,1,3,Intersection CD 41/CD1029,49,
2.023E+11,7,1,2023,10:00,1,83,83011,1,1,1,6,Route de Seillans,43,
2.023E+11,14,6,2023,18:40,2,92,92035,2,1,1,7,National ( boulevard ),48,
2.023E+11,18,7,2023,18:20,1,58,58162,1,1,1,6,D1,47,
2.023E+11,30,9,2023,00:30,3,81,81182,1,1,1,6,Chemin de Cabrilles,43,
2.023E+11,6,1,2023,22:50,5,60,60189,2,1,8,6,5 Rue de la Ramée,49,
2.023E+11,11,9,2023,12:10,1,32,32132,2,1,1,1,N21,43,
2.023E+11,18,7,2023,19:10,1,62,62161,1,1,1,3,D215,50,
2.023E+11,12,6,2023,14:00,1,92,92025,2,2,1,3,SOLFERINO (RUE   AV),48,
2.023E+11,24,9,2023,19:30,1,89,89450,2,1,1,6,6 Route de Villechavant,48,
2.023E+11,10,6,2023,07:20,1,92,92025,2,1,1,3,AUDRA (AV),48,
2.023E+11,7,1,2023,22:35,3,60,60686,1,1,2,1,D92,49,
2.023E+11,29,9,2023,17:50,1,63,63453,2,6,1,1,41 Avenue Jacques Duclos,45,
2.023E+11,7,1,2023,22:10,3,30,30224,1,1,1,6,D210a,43,
2.023E+11,14,6,2023,17:35,1,92,92024,2,1,1,6,MARTYRES DE L'OCCUPATION (PLACE DES),48,
2.023E+11,19,7,2023,18:15,1,62,62582,1,2,1,5,D939,50,
2.023E+11,30,9,2023,15:58,1,49,49261,1,3,1,3,Le Clairay,47,
2.023E+11,9,6,2023,16:50,1,63,63026,1,1,1,6,D5,45,
2.023E+11,11,7,2023,07:40,1,57,57483,1,4,1,3,D674,48,
2.023E+11,30,9,2023,09:35,1,12,12006,1,2,1,3,Route départementale 25 PK 15+700,44,
2.023E+11,29,9,2023,20:15,3,86,86281,1,1,1,7,D43,46,
2.023E+11,18,7,2023,13:17,1,57,57057,1,1,1,3,D910,48,
2.023E+11,8,1,2023,09:30,1,69,69086,1,1,8,6,Autoroute 89,45,
2.023E+11,15,6,2023,17:25,1,65,65053,1,3,1,6,3 Rue du Cap de la Marme,43,
2.023E+11,30,9,2023,07:08,2,68,68365,2,1,1,7,11 Route du Vin,48,
2.023E+11,8,1,2023,01:20,5,6,6088,1,1,1,6,A8 Pk 186.000 chaussée nord,43,
2.023E+11,7,6,2023,16:00,1,79,79286,1,1,1,3,N/A,46,
2.023E+11,14,6,2023,17:10,1,26,26301,1,1,1,1,D112,45,
2.023E+11,29,9,2023,17:55,2,39,39160,1,9,1,2,N/A,46,
2.023E+11,17,7,2023,17:56,1,79,79160,1,1,1,7,N/A,46,
2.023E+11,29,9,2023,18:40,2,39,39013,1,1,1,3,N/A,46,
2.023E+11,8,1,2023,16:40,1,60,60533,1,1,8,2,A1 - PK 81+600 sens PARIS/LILLE,49,
2.023E+11,14,6,2023,14:20,1,22,22094,2,3,1,2,Rue du Tertre Himbert,48,
2.023E+11,17,7,2023,08:50,1,2A,2A085,1,1,1,1,route territoriale 40,41,
2.023E+11,29,9,2023,15:45,1,39,39255,1,1,1,6,N/A,46,
2.023E+11,8,1,2023,00:05,3,83,83124,1,1,2,7,Route de Draguignan,43,
2.023E+11,18,7,2023,20:00,1,32,32213,1,1,1,6,D632,43,
2.023E+11,30,9,2023,11:45,1,39,39556,1,1,1,6,N/A,46,
2.023E+11,15,6,2023,05:15,2,13,13078,2,2,1,3,Rue Marcel Baudin,43,
2.023E+11,8,1,2023,17:45,5,52,52246,2,1,2,6,Rue du 152 E Ri,47,
2.023E+11,18,7,2023,17:50,1,71,71546,1,1,1,1,1412 Route la Tramblyronne,46,
2.023E+11,29,9,2023,19:05,2,31,31574,1,6,1,1,D820,43,
2.023E+11,7,1,2023,19:25,5,68,68154,2,1,1,1,Rue Hoffet,47,
2.023E+11,14,6,2023,10:20,1,28,28041,1,1,1,6,Beaurouvres,48,
2.023E+11,19,7,2023,12:33,1,89,89162,1,1,1,1,N/A,48,
2.023E+11,7,1,2023,15:35,1,67,67263,1,1,1,6,D3,49,
2.023E+11,15,6,2023,09:10,1,1,1166,1,9,1,6,ZAC du Pardy,45,
2.023E+11,29,9,2023,16:40,1,38,38416,2,3,1,6,Avenue de provence,45,
2.023E+11,7,1,2023,15:25,1,88,88412,1,1,1,7,Saint-Benoît-la-Chipotte,48,
2.023E+11,19,7,2023,13:35,1,61,61473,1,3,1,2,D916,48,
2.023E+11,14,6,2023,15:55,1,22,22084,1,1,1,7,RN 176- PR : 34+950,48,
2.023E+11,8,1,2023,03:43,3,54,54557,1,3,2,6,RD400,48,
2.023E+11,18,7,2023,19:53,2,42,42100,2,1,1,1,Route du Petit Mas,45,
2.023E+11,15,6,2023,11:15,1,50,50373,1,1,1,7,N 13 - PR 23+100,49,
2.023E+11,3,6,2023,17:45,1,63,63121,1,1,1,7,Autoroute A75 - Sens Nord/Sud - Point kilomètrique:21+400,45,
2.023E+11,7,1,2023,16:30,1,54,54350,1,1,1,1,Marainviller,48,
2.023E+11,6,7,2023,19:50,2,44,44041,1,2,1,3,l’aubiniere,47,
2.023E+11,8,1,2023,06:15,5,64,64422,2,1,2,6,Rue des Basques,43,
2.023E+11,14,6,2023,14:45,1,62,62060,1,1,1,1,RD 941,50,
2.023E+11,18,7,2023,16:40,1,14,14494,1,2,1,3,1697 Route Départementale 400,49,
2.023E+11,30,9,2023,12:30,1,70,70493,1,1,1,6,D15,47,
2.023E+11,7,1,2023,16:45,1,76,76558,1,1,1,1,D95,49,
2.023E+11,15,6,2023,16:00,1,57,57703,2,1,1,1,Rue de Metting,48,
2.023E+11,17,7,2023,20:25,1,5,5046,2,1,1,7,Route de Chalvet,44,
2.023E+11,7,1,2023,18:40,3,62,62889,2,1,2,1,D232,50,
2.023E+11,29,9,2023,12:40,1,58,58299,1,1,1,3,D977,47,
2.023E+11,7,1,2023,04:45,5,59,59370,2,1,2,7,27 Avenue du Floricamp,50,
2.023E+11,6,1,2023,15:00,1,13,13211,1,1,1,6,Sens Aubagne vers Marseille,43,
2.023E+11,13,6,2023,19:00,1,19,19133,1,1,1,7,Peyrissac,44,
2.023E+11,18,7,2023,16:15,1,64,64160,1,1,1,6,D932,43,
2.023E+11,7,1,2023,02:25,5,92,92002,1,1,1,3,AUTOROUTE A86,48,
2.023E+11,16,7,2023,18:05,1,64,64504,2,2,1,3,Route des Ventas,43,
2.023E+11,15,6,2023,16:15,1,56,56190,1,1,1,1,Le Crano,47,
2.023E+11,23,6,2023,01:35,3,73,73124,1,1,2,6,N90,45,
2.023E+11,7,1,2023,16:50,3,92,92050,1,1,2,2,A86,48,
2.023E+11,18,7,2023,14:40,1,10,10259,1,1,1,4,Route de Bray,48,
2.023E+11,15,6,2023,14:00,1,76,76087,1,2,7,3,Rue de Bosc Mare,49,
2.023E+11,8,7,2023,18:40,1,7,7101,2,1,1,7,D111,44,
2.023E+11,6,1,2023,08:00,2,94,94017,1,1,1,5,A4,48,
2.023E+11,14,6,2023,11:20,1,2A,2A085,1,1,1,7,col saint georges,41,
2.023E+11,17,7,2023,11:25,1,24,24499,1,3,1,6,intersection RD32 et route de la ferrière,44,
2.023E+11,14,6,2023,03:30,3,32,32429,1,1,1,6,Lamouraque,44,
2.023E+11,6,1,2023,09:50,1,75,75114,2,1,1,3,PORTE DE VANVES,48,
2.023E+11,19,7,2023,07:50,1,37,37273,1,3,1,3,D140,47,
2.023E+11,14,6,2023,17:15,1,61,61324,1,1,8,1,D55 PR5+660,48,
2.023E+11,16,7,2023,22:13,3,10,10213,1,1,1,2,A5,48,
2.023E+11,6,1,2023,18:20,5,75,75120,2,2,1,6,RUE DE BELLEVILLE,48,
2.023E+11,19,7,2023,10:45,1,24,24538,1,1,1,1,Foncaude,44,
2.023E+11,6,1,2023,12:30,1,75,75120,2,3,1,6,RUE FREDERICK LEMAITRE,48,
2.023E+11,17,7,2023,14:30,1,987,98738,1,1,1,6,RT 1 PK 13.5 Eglise Mormone,-17,
2.023E+11,6,1,2023,17:30,5,75,75119,2,2,1,3,RUE DE CRIMEE,48,
2.023E+11,13,7,2023,15:00,1,987,98738,2,1,1,1,RT 1 PK 17.500,-17,
2.023E+11,15,6,2023,12:38,1,49,49135,1,1,1,7,17 Route de Soulaire,47,
2.023E+11,18,7,2023,17:10,1,68,68278,1,1,1,2,Autoroute A35,47,
2.023E+11,6,1,2023,15:15,1,75,75116,2,2,1,6,AVENUE D IENA,48,
2.023E+11,14,6,2023,13:41,1,44,44069,1,1,1,3,1e Route de la Turballe,47,
2.023E+11,18,7,2023,04:15,2,68,68267,1,1,1,2,A36 PK003+900 sens MULHOUSE-BELFORT,47,
2.023E+11,4,1,2023,19:10,5,75,75116,2,1,2,6,AVENUE DU PRESIDENT WILSON,48,
2.023E+11,18,7,2023,15:15,1,51,51636,1,1,7,7,A4 PK 156+300 dans le sens PARIS/STRASBOURG,49,
2.023E+11,15,6,2023,08:00,1,29,29274,1,2,1,3,Lieu Dit Broust,48,
2.023E+11,6,1,2023,15:05,1,75,75113,2,3,1,3,BOULEVARD MASSENA,48,
2.023E+11,19,7,2023,15:45,1,45,45006,1,1,1,6,A71 PR 114 + 286,47,
2.023E+11,6,1,2023,20:12,5,75,75110,2,2,1,3,RUE DU FAUBOURG DU TEMPLE,48,
2.023E+11,15,7,2023,16:40,1,60,60138,1,1,1,3,Péage de CHAMANT,,
2.023E+11,6,1,2023,16:30,2,75,75110,2,3,8,2,RUE LA FAYETTE,48,
2.023E+11,19,7,2023,08:55,1,62,62476,1,1,1,1,A1,50,
2.023E+11,20,7,2023,01:30,5,988,98811,1,3,3,6,RT1/Rue de la Caférie,-21,
2.023E+11,14,6,2023,17:55,1,29,29217,1,1,1,2,RN 165,47,
2.023E+11,6,1,2023,00:20,5,75,75109,2,3,9,3,RUE LA FAYETTE,48,
2.023E+11,18,7,2023,18:15,1,41,41136,1,3,1,3,Rue de Chantecaille,47,
2.023E+11,13,6,2023,15:30,1,29,29024,2,9,1,6,Rue de Kervoazou,48,
2.023E+11,6,1,2023,08:30,1,75,75102,2,7,1,2,PLACE DE L OPERA,48,
2.023E+11,19,7,2023,16:23,1,28,28094,1,1,1,6,D116,48,
2.023E+11,15,6,2023,15:00,1,38,38269,2,1,1,7,RN85,44,
2.023E+11,18,7,2023,19:20,1,66,66024,1,1,1,6,N/A,42,
2.023E+11,6,1,2023,18:30,3,94,94044,2,1,1,2,Avenue Descartes,48,
2.023E+11,15,6,2023,19:10,1,2,2112,1,1,1,3,,49,
2.023E+11,19,7,2023,08:00,1,84,84141,2,1,1,6,Chemin de la Nuit,43,
2.023E+11,18,7,2023,12:50,1,68,68353,1,1,2,7,D19b,47,
2.023E+11,6,1,2023,07:10,5,93,93078,1,1,2,4,Avenue Vauban,48,
2.023E+11,14,6,2023,17:00,1,15,15122,2,1,1,2,D319,44,
2.023E+11,6,1,2023,19:30,5,93,93048,2,1,1,3,Boulevard Théophile Sueur,48,