Num_Acc,jour,mois,an,hrmn,lum,dep,com,agg,int,atm,col,adr,lat,long
2.023E+11,18,7,2023,21:10,2,26,26220,1,3,1,3,Route de Montélimar,44,
2.023E+11,18,7,2023,23:38,3,86,86049,1,1,1,6,Rue des Bornais,46,
2.023E+11,19,7,2023,11:00,1,64,64165,1,1,1,7,Le Luzoué (Ruisseau),43,
2.023E+11,14,6,2023,17:45,1,15,15140,2,2,1,3,Rue d'Alagnon ,44,
2.023E+11,5,1,2023,13:00,1,92,92077,2,1,2,6,DESVALLIERES (CHEMIN),48,
2.023E+11,15,7,2023,05:30,4,44,44110,2,1,1,6,200 l’isle,47,
2.023E+11,19,7,2023,11:25,1,22,22178,1,1,1,7,29 Kerderrien,48,
2.023E+11,6,1,2023,22:47,5,92,92020,2,1,1,6,PARIS AVENUE DE N° IMPAIRS,48,
2.023E+11,14,6,2023,20:10,1,72,72050,2,9,1,3,D4 route de Sille,47,
2.023E+11,6,1,2023,11:25,1,92,92020,2,1,1,3,VERDUN AVENUE DE N°2 A 28,48,
2.023E+11,18,7,2023,11:30,1,27,27448,2,1,1,6,Rue Marcel Moisson,49,
2.023E+11,19,7,2023,13:30,1,76,76295,1,1,1,1,D 919 ,49,
2.023E+11,6,1,2023,09:05,1,92,92020,2,1,1,3,VANVES BOULEVARD N° IMPAIRS,48,
2.023E+11,18,7,2023,16:46,1,13,13005,1,1,1,2,A50-Sens Marseille vers Aubagne,43,
2.023E+11,6,1,2023,11:10,1,92,92048,2,1,1,6,SEBASTIEN TERRAMORSI (SQUARE),48,
2.023E+11,18,7,2023,13:45,1,13,13026,1,1,1,5,A55-Sens Martigues vers Marseille,43,
2.023E+11,6,1,2023,16:45,1,92,92040,2,1,1,3,RODIN (BOULEVARD),48,
2.023E+11,18,7,2023,07:30,1,69,69256,1,1,1,3,Autoroute 42,45,
2.023E+11,14,6,2023,18:15,1,50,50155,1,3,1,5,Route de la Moinerie,48,
2.023E+11,6,1,2023,18:10,5,92,92026,2,1,1,6,MISSION MARCHAND (COTE PAIR),48,
2.023E+11,18,7,2023,02:25,3,33,33162,1,9,1,3,ROCADE A 630,44,
2.023E+11,15,6,2023,07:30,1,90,90105,1,1,1,7,D50,47,
2.023E+11,6,1,2023,13:05,1,92,92023,2,1,1,6,ANDREAS BECK (RUE),48,
2.023E+11,13,7,2023,04:00,4,59,59220,1,1,1,6,AUTOROUTE A1,50,
2.023E+11,14,6,2023,12:00,1,45,45146,1,1,1,4,D2020 PR 48 + 580,47,
2.023E+11,6,1,2023,21:40,3,83,83132,1,1,1,2,autoroute A57,43,
2.023E+11,15,6,2023,12:55,1,64,64016,1,1,1,6,D 58,,
2.023E+11,18,7,2023,20:30,1,91,91086,1,1,1,7,RN 104,48,
2.023E+11,6,1,2023,20:15,3,972,97214,1,3,1,1,Quartier Vive,14,
2.023E+11,4,6,2023,13:35,1,64,64210,1,2,1,3,1 Route de Pau,43,
2.023E+11,7,1,2023,15:01,1,27,27301,1,1,8,2,RN 154,48,
2.023E+11,14,6,2023,08:30,1,18,18011,2,6,1,2,Le Canadien,47,
2.023E+11,3,1,2023,19:15,5,68,68300,2,1,1,4,D201,47,
2.023E+11,17,7,2023,07:30,1,93,93064,1,1,1,2,AUTOROUTE A86,48,
2.023E+11,5,1,2023,10:40,1,91,91666,1,6,2,7,Rue de Fretay,48,
2.023E+11,15,6,2023,10:20,1,7,7143,2,3,1,5,route departementale 86,45,
2.023E+11,6,1,2023,18:55,5,35,35024,2,1,2,6,Rue du Trégor,48,
2.023E+11,7,1,2023,05:45,3,56,56243,1,1,3,6,66 Route de Nantes,47,
2.023E+11,12,6,2023,04:23,3,4,4079,1,1,1,6,d4,44,
2.023E+11,6,1,2023,20:45,3,56,56206,1,1,8,6,14 Route de Plescop,47,
2.023E+11,13,6,2023,20:37,1,85,85021,1,1,1,7,RD86,47,
2.023E+11,6,1,2023,11:50,1,79,79190,1,1,8,1,,46,
2.023E+11,15,6,2023,17:00,1,27,27198,1,9,1,1,Route de Lyre (Le Roncenay-Authenay),48,
2.023E+11,6,1,2023,21:50,3,19,19274,1,9,1,6,,45,
2.023E+11,7,1,2023,16:00,1,33,33307,1,1,8,6,78 Route de Prat,44,
2.023E+11,14,6,2023,10:30,1,88,88053,1,1,1,2,D424,48,
2.023E+11,7,1,2023,09:00,1,11,11397,1,1,8,6,,43,
2.023E+11,7,1,2023,14:30,1,63,63269,1,1,1,7,D229,45,
2.023E+11,14,6,2023,16:00,1,68,68235,1,1,7,4,A35,47,
2.023E+11,7,1,2023,13:15,1,63,63214,1,1,1,7,Rue du Cendre,45,
2.023E+11,14,6,2023,18:15,2,973,97307,1,1,3,1,N4 - PK8,4,
2.023E+11,5,1,2023,17:30,5,55,55578,2,1,1,1,D631,49,
2.023E+11,7,1,2023,18:15,5,41,41106,2,3,1,6,Rue Roland Dorgelès,47,
2.023E+11,15,6,2023,01:00,3,31,31286,1,1,1,2,A64,43,
2.023E+11,15,6,2023,16:30,1,13,13051,1,1,1,1,Route de Coudoux,43,
2.023E+11,6,1,2023,19:31,3,41,41127,1,1,1,6,D925,47,
2.023E+11,31,5,2023,16:00,1,78,78571,2,1,1,1,40 Rue Charles de Gaulle,48,
2.023E+11,6,1,2023,15:30,1,34,34094,1,1,8,3,Route de Beziers,43,
2.023E+11,15,6,2023,17:30,1,82,82025,1,1,1,2,A20,43,
2.023E+11,5,1,2023,17:30,3,44,44178,1,1,2,3,8 le Surchaud,47,
2.023E+11,15,6,2023,17:15,1,47,47041,1,1,1,2,A62,44,
2.023E+11,6,1,2023,18:30,3,66,66072,1,1,1,2,D33f,42,
2.023E+11,6,1,2023,21:20,3,72,72158,1,1,1,6,lieu dit saint hubert,48,
2.023E+11,10,6,2023,16:50,1,68,68267,1,9,1,2,Autoroute A36 PK 004+700,47,
2.023E+11,7,1,2023,17:40,3,18,18167,1,1,2,7,,47,
2.023E+11,15,6,2023,13:55,1,21,21515,2,6,1,6,Rue du Cap Vert,47,
2.023E+11,6,1,2023,11:20,1,43,43087,2,3,1,6,Berthollet,45,
2.023E+11,14,6,2023,19:40,1,29,29002,1,1,1,6,Goffouennec,47,
2.023E+11,6,1,2023,23:10,3,4,4116,1,1,1,7,D4,44,
2.023E+11,7,1,2023,11:00,1,87,87111,1,1,1,6,Puymoreau,45,
2.023E+11,15,6,2023,11:00,1,91,91671,1,1,1,3,D148,48,
2.023E+11,7,1,2023,11:25,1,30,30170,1,1,8,6,,43,
2.023E+11,7,1,2023,00:55,3,49,49332,1,1,1,2,N249,47,
2.023E+11,12,6,2023,12:45,1,13,13015,2,1,1,1,RUE SAINTE VICTOIRE,43,
2.023E+11,6,1,2023,18:50,3,34,34333,1,1,1,1,D612,,
2.023E+11,14,6,2023,12:20,1,89,89102,1,1,1,1,D965,47,
2.023E+11,3,1,2023,19:45,3,13,13113,1,1,1,3,A51 - 26+800,43,
2.023E+11,12,6,2023,13:30,1,21,21191,1,1,1,1,Départementale 996,47,
2.023E+11,14,6,2023,10:00,1,68,68318,2,3,1,6,39bis Rue de la Vallée,47,
2.023E+11,5,1,2023,23:00,3,33,33527,1,1,1,4,A660,44,
2.023E+11,14,6,2023,10:15,1,63,63203,1,2,1,3,D796/RD15,45,
2.023E+11,15,6,2023,17:30,1,38,38548,1,1,1,5,D531,45,
2.023E+11,3,1,2023,16:20,1,987,98747,1,3,1,3,Taravao centre PK 60,,
2.023E+11,14,6,2023,14:45,1,38,38442,1,4,1,7,Route du Col de Porte,45,
2.023E+11,15,6,2023,14:38,1,26,26179,1,2,1,3,D532,45,
2.023E+11,15,6,2023,08:10,1,69,69159,1,3,1,3,Route de Tarare,45,
2.023E+11,14,6,2023,19:45,1,31,31433,2,1,1,5,Boulevard de l'Europe,43,
2.023E+11,15,6,2023,12:35,1,35,35221,2,1,1,2,8 Les Perrenelles,47,
2.023E+11,14,6,2023,09:05,1,60,60172,1,6,1,3,Route de la Seigneurie,49,
2.023E+11,15,6,2023,17:30,1,80,80561,2,3,7,3,Avenue Maurice Leconte,49,
2.023E+11,14,6,2023,07:45,1,80,80721,1,6,1,3,D940,50,
2.023E+11,14,6,2023,18:25,1,59,59280,1,1,1,7,Route de Tortequesne,50,
2.023E+11,15,6,2023,07:10,1,59,59615,1,1,7,3,D53,50,
2.023E+11,13,6,2023,09:25,1,83,83144,1,1,1,6,A57,43,
2.023E+11,13,6,2023,23:00,3,69,69029,1,1,1,2,Route Départementale 383,45,
2.023E+11,14,6,2023,11:35,1,91,91570,1,1,1,3,RN 104,48,
2.023E+11,14,6,2023,08:50,1,91,91687,1,1,1,2,AUTOROUTE A6,48,
2.023E+11,14,6,2023,07:10,1,92,92025,1,1,1,3,A86,48,
2.023E+11,13,6,2023,07:50,1,92,92072,1,1,1,2,N118,48,
2.023E+11,13,6,2023,08:20,1,78,78126,1,1,1,2,A13,48,
2.023E+11,13,6,2023,11:30,1,59,59343,2,3,1,6,MARTYRS RUE DES,50,
2.023E+11,13,6,2023,02:30,5,92,92075,2,9,1,7,CHATILLON (RUE DE),48,
2.023E+11,12,6,2023,16:00,1,974,97416,1,1,2,7,MAURICE THOREZ(CHEMIN),-21,
2.023E+11,12,6,2023,17:35,3,974,97416,1,1,2,2,RN02,-21,
2.023E+11,13,6,2023,09:45,1,974,97411,2,1,1,6,RIVIERE (RUE MAXIME),-20,
2.023E+11,13,6,2023,16:45,1,974,97409,2,1,1,2,Lefaguyes (chemin),-20,
2.023E+11,13,6,2023,11:40,1,973,97302,2,1,1,6,RABAN (ROUTE DE),4,
2.023E+11,13,6,2023,07:25,1,972,97209,2,1,2,1,TIVOLI (ROUTE DE ),14,
2.023E+11,13,6,2023,21:00,1,69,69382,2,1,1,6,2 Rue Auguste Comte,45,
2.023E+11,13,6,2023,19:20,1,69,69381,2,1,3,3,8 Quai Jean Moulin,45,
2.023E+11,13,6,2023,14:50,1,69,69034,2,1,1,6,81 Quai Clémenceau,45,
2.023E+11,13,6,2023,09:00,1,69,69389,2,1,8,3,84 Avenue Sidoine Apollinaire,45,
2.023E+11,12,6,2023,23:20,5,2B,2B120,2,1,1,2,11 - RT,42,
2.023E+11,13,6,2023,13:50,1,971,97113,1,1,1,6,GRAND BAIE ( RN4),16,
2.023E+11,13,6,2023,01:00,5,971,97101,2,9,1,6,VIEUX BOURG,16,
2.023E+11,13,6,2023,15:28,1,2A,2A004,2,1,1,6,VERDUN AVENUE DE,41,
2.023E+11,13,6,2023,07:25,1,91,91161,2,1,1,2,RTE DE WISSOUS,48,
2.023E+11,13,6,2023,20:10,2,91,91691,1,3,1,3,CD 94,48,
2.023E+11,30,10,2023,11:09,1,13,13071,1,1,3,2,A7-Sens Marseille vers Lyon,43,
2.023E+11,31,10,2023,15:50,1,83,83137,1,1,1,2,A57,43,
2.023E+11,31,10,2023,10:35,1,83,83062,1,1,1,4,A57,43,
2.023E+11,31,10,2023,04:15,3,69,69142,1,1,1,6,Route de Métropole 7,45,
2.023E+11,31,10,2023,18:55,2,33,33143,1,1,1,3,AUTOROUTE A 10,44,
2.023E+11,30,10,2023,08:20,1,59,59523,1,1,2,5,AUTOROUTE A23,50,
2.023E+11,31,10,2023,17:37,2,91,91661,1,1,1,3,AUTOROUTE A10,48,
2.023E+11,31,10,2023,17:00,2,91,91161,1,1,2,3,AUTOROUTE A6,48,
2.023E+11,30,10,2023,19:55,3,77,77251,1,1,1,5,AUTOROUTE A5A,48,
2.023E+11,31,10,2023,13:12,1,92,92064,1,1,1,3,A13,48,
2.023E+11,31,10,2023,16:50,1,95,95241,1,1,1,4,N104,49,
2.023E+11,31,10,2023,18:50,3,93,93066,1,1,1,3,AUTOROUTE A1,48,
2.023E+11,16,5,2023,16:50,1,95,95241,1,1,1,4,N104,49,
2.023E+11,31,10,2023,17:00,5,93,93066,1,1,1,2,AUTOROUTE A1,48,
2.023E+11,31,10,2023,10:00,1,95,95018,1,1,1,3,A15,48,
2.023E+11,31,10,2023,12:20,1,94,94052,1,1,1,4,A86,48,
2.023E+11,31,10,2023,08:10,1,94,94069,1,1,1,2,A4,48,
2.023E+11,31,10,2023,02:00,4,94,94073,1,1,8,6,A86 INT,48,
2.023E+11,30,10,2023,14:40,1,2B,2B037,2,9,1,2,TOUTES RUES,42,
2.023E+11,30,10,2023,00:30,5,971,97120,2,6,1,1,CHEMIN NEUF,16,
2.023E+11,30,10,2023,00:10,5,971,97105,2,1,1,6,FELIX EBOUE (BOULVARD G.GENERAL),15,
2.023E+11,30,10,2023,10:50,1,95,95197,2,9,3,3,D928,48,
2.023E+11,27,10,2023,14:23,1,87,87085,2,1,2,2,LARREY (AVENUE DOMINIQUE),45,
2.023E+11,30,10,2023,11:00,1,83,83137,2,9,3,6,FOCH (AVE DU MARECHAL),43,
2.023E+11,29,10,2023,12:30,1,82,82121,2,1,1,6,quai villebourbon,44,
2.023E+11,30,10,2023,19:23,2,78,78643,2,2,2,2,EUROPE BD DE L',48,
2.023E+11,30,10,2023,18:00,5,78,78498,2,6,2,2,QUARANTE SOUS ROUTE DE,48,
2.023E+11,29,10,2023,18:30,5,78,78498,1,6,8,3,QUARANTE SOUS ROUTE DE,48,
2.023E+11,30,10,2023,10:30,1,76,76305,1,6,2,7,Côte de l'Estuaire,49,
2.023E+11,29,10,2023,05:11,3,76,76259,1,1,1,7,D486,49,
2.023E+11,30,10,2023,23:10,5,69,69256,1,1,1,6,Boulevard Périphérique Nord,45,
2.023E+11,30,10,2023,17:30,5,69,69256,2,1,3,6,Avenue Garibaldi,45,
2.023E+11,29,10,2023,02:50,5,69,69271,2,3,1,3,Chemin de l'Afrique,45,
2.023E+11,30,10,2023,18:06,5,68,68066,2,2,3,6,CLEMENCEAU (AVENUE GEORGES),48,
2.023E+11,30,10,2023,19:40,4,64,64335,2,1,1,1,JEAN JAURES,43,
2.023E+11,29,10,2023,17:10,1,64,64122,2,1,3,2,BAB(BOULEVARD),43,
2.023E+11,23,10,2023,17:05,2,55,55545,2,1,1,3,METZ ( AVENUE DE ),49,
2.023E+11,30,10,2023,19:40,5,51,51108,2,9,1,7,VOLTAIRE (ALL),48,
2.023E+11,30,10,2023,07:40,2,49,49007,2,1,2,3,PASTEUR AVENUE,47,
2.023E+11,28,10,2023,17:40,1,49,49007,2,3,2,3,RENNES,47,
2.023E+11,30,10,2023,20:25,5,45,45338,2,1,1,2,1bis Avenue de la Libération,47,
2.023E+11,30,10,2023,06:55,5,44,44184,2,6,2,6,Boulevard des Apprentis,47,
2.023E+11,7,10,2023,14:15,1,42,42275,2,1,1,3,Avenue Pierre Mendès-france,45,
2.023E+11,30,10,2023,11:58,1,37,37261,2,1,1,6,ALOUETTE (AVENUE),47,
2.023E+11,30,10,2023,07:30,2,37,37195,2,1,2,6,PROUDHON (AVENUE),47,
2.023E+11,30,10,2023,21:10,5,33,33192,1,1,2,6,15 Rue de Catoy,44,
2.023E+11,30,10,2023,14:00,1,28,28404,2,1,2,6,CHARTRES (AVE DE),48,
2.023E+11,30,10,2023,18:45,5,18,18279,2,1,8,2,89 Avenue du 8 Mai 1945,47,
2.023E+11,30,10,2023,18:30,5,13,13117,2,1,2,5,CD20 E,43,
2.023E+11,24,10,2023,22:00,5,13,13214,2,9,1,3,PLOMBIERES (BOULEVARD DES),43,
2.023E+11,30,10,2023,18:30,2,13,13001,2,1,2,6,RD 543,43,
2.023E+11,30,10,2023,18:55,5,11,11069,2,1,2,6,43 Boulevard Jean Jaures,43,
2.023E+11,29,10,2023,10:05,1,11,11069,1,1,1,7,1500 Route de Saint Hilaire,43,
2.023E+11,29,10,2023,08:30,1,9,9122,2,9,1,6,BERDOULET,42,
2.023E+11,30,10,2023,21:30,5,6,6123,2,3,1,1,DE GAULLE GENERAL AVENUE,43,
2.023E+11,29,10,2023,18:55,5,75,75119,2,1,1,4,PORTE DE PANTIN,48,
2.023E+11,29,10,2023,18:30,5,75,75113,2,1,1,2,BD PERIPHERIQUE INTERIEUR PORTE D IVRY,48,
2.023E+11,28,10,2023,21:40,3,75,75117,2,1,2,6,ECHANGEUR MAILLOT,48,
2.023E+11,30,10,2023,06:02,5,75,75119,2,7,2,6,PLACE DE LA BATAILLE DE STALINGRAD,48,
2.023E+11,29,10,2023,01:30,5,75,75113,2,1,1,3,PORTE D IVRY,48,
2.023E+11,30,10,2023,09:30,1,75,75117,2,3,2,1,AVENUE DE WAGRAM,48,
2.023E+11,30,10,2023,10:40,1,75,75116,2,3,2,6,AVENUE VICTOR HUGO,48,
2.023E+11,30,10,2023,09:15,1,75,75115,2,2,2,2,BOULEVARD PASTEUR,48,
2.023E+11,30,10,2023,10:30,1,75,75112,2,2,2,3,RUE DE CHARENTON,48,
2.023E+11,29,10,2023,22:20,5,75,75109,2,2,1,3,BOULEVARD HAUSSMANN,48,
2.023E+11,29,10,2023,19:50,5,75,75108,2,2,1,2,AVENUE DES CHAMPS ELYSEES,48,
2.023E+11,29,10,2023,22:45,5,94,94022,2,9,1,3,Avenue de Lugo,48,
2.023E+11,30,10,2023,08:15,1,93,93077,2,1,2,6,Avenue du Général Galliéni,48,
2.023E+11,30,10,2023,09:40,1,93,93015,2,3,3,6,Rue de la Source / Rue de Courtry,48,
2.023E+11,30,10,2023,19:00,5,93,93030,2,1,9,2,Avenue du 8 Mai 1945,48,
2.023E+11,29,10,2023,01:40,5,93,93010,2,2,3,7,Avenue Carnot / Rue Edouard Vaillant,48,
2.023E+11,30,10,2023,21:10,5,93,93007,2,3,8,3,Avenue Aristide Briand / Avenue Vladimir Ilitch Lenine,48,
2.023E+11,22,8,2023,19:00,1,92,92078,2,1,1,7,VERDUN (AVENUE) (PAIRS 92 ET PLUS),48,
2.023E+11,30,10,2023,09:21,2,92,92026,2,2,2,6,CHARRAS,48,
2.023E+11,30,10,2023,18:35,5,92,92012,2,1,1,6,ALPHONSE LE GALLO (QUAI) 1/34,48,
2.023E+11,11,10,2023,07:30,1,92,92002,2,1,8,7,DIVISION LECLERC (53 A 217 - 58 A 186),48,
2.023E+11,31,10,2023,17:25,1,47,47324,1,1,1,1,1335 route de Monpazier,44,
2.023E+11,30,10,2023,17:40,3,26,26031,1,1,3,1,D540,44,
2.023E+11,30,10,2023,17:20,1,81,81088,1,1,2,1,RD 81 - PK 15+950,43,
2.023E+11,29,10,2023,13:15,1,36,36006,1,1,2,2,Autoroute A20 - Pk 94+100,46,
2.023E+11,30,10,2023,12:20,1,30,30286,1,9,2,7,D 981,43,
2.023E+11,31,10,2023,09:55,1,21,21300,1,1,2,6,D33,47,
2.023E+11,30,10,2023,17:15,1,35,35197,1,1,1,1,d528,48,
2.023E+11,3,8,2023,18:30,1,56,56218,1,1,2,6,La métairie neuve,47,
2.023E+11,30,10,2023,14:18,1,56,56011,1,1,2,1,Route de Redon,47,
2.023E+11,31,10,2023,16:15,1,65,65124,1,1,1,6,D25,42,
2.023E+11,10,10,2023,17:45,1,71,71442,1,1,1,6,D974,46,
2.023E+11,31,10,2023,14:05,1,12,12069,1,1,8,1,999,43,
2.023E+11,28,10,2023,19:48,3,47,47214,1,1,2,6,3515 Route de Damazan,44,
2.023E+11,27,10,2023,20:10,3,35,35188,1,1,3,1,l'asnière,48,
2.023E+11,30,10,2023,08:30,2,29,29069,1,1,2,2,route de Pont Cabioc'h,48,
2.023E+11,23,10,2023,20:10,5,38,38229,2,2,2,3,Avenue du Grésivaudan,45,
2.023E+11,27,10,2023,19:55,5,54,54157,2,1,2,6,55 Avenue du Général de Gaulle,48,
2.023E+11,13,5,2023,17:35,1,72,72290,2,1,1,1,49 Rue Nationale,48,
2.023E+11,31,10,2023,17:00,1,90,90053,2,3,1,1,Rue Bellevue,47,
2.023E+11,29,10,2023,11:45,1,83,83056,1,1,1,6,D54,43,
2.023E+11,30,10,2023,18:25,2,18,18037,1,1,2,7,N/A,47,
2.023E+11,26,10,2023,10:10,1,43,43268,1,1,1,7,Rue du Meygal,45,
2.023E+11,30,10,2023,09:09,1,17,17340,1,9,1,3,D911,46,
2.023E+11,31,10,2023,08:01,1,30,30235,2,1,1,7,D6086,43,
2.023E+11,30,10,2023,17:55,5,68,68375,2,1,2,6,8 Rue de Mulhouse,47,
2.023E+11,31,10,2023,12:00,1,79,79125,1,1,2,3,N/A,46,
2.023E+11,30,10,2023,14:10,1,976,97609,1,1,1,7,D4,-12,
2.023E+11,31,10,2023,10:30,1,69,69188,2,1,1,6,331 Chemin du Calvaire,45,
2.023E+11,31,10,2023,10:00,1,69,69027,2,1,1,6,6 Rue Simone Veil,45,
2.023E+11,30,10,2023,09:45,1,2B,2B313,2,1,8,6,T10,42,
2.023E+11,31,10,2023,08:45,1,6,6151,1,1,1,6,M6202,43,
2.023E+11,1,4,2023,19:25,2,69,69387,2,3,2,3,Rue de Gerland,45,
2.023E+11,31,10,2023,09:30,1,55,55110,2,1,1,7,Rue de Bievres,49,
2.023E+11,31,3,2023,14:40,1,972,97213,1,2,1,5,VICTOR LAMON,14,
2.023E+11,1,4,2023,11:15,1,69,69081,2,1,2,3,Chemin de Charrière Blanche,45,
2.023E+11,30,10,2023,17:15,2,63,63263,1,1,2,7,D942,45,
2.023E+11,31,3,2023,10:49,1,2B,2B037,2,9,1,6,TOUTES RUES,42,
2.023E+11,29,10,2023,12:00,1,73,73288,1,1,1,1,D16 route de pont ameille,45,
2.023E+11,1,4,2023,22:25,4,91,91339,1,1,1,6,RTE NATIONALE 20,48,
2.023E+11,31,10,2023,11:30,1,7,7142,1,2,1,3,D108,44,
2.023E+11,1,4,2023,11:10,1,91,91339,2,3,1,2,RUE DE GUILLERVILLE,48,
2.023E+11,29,10,2023,17:25,2,33,33240,2,2,1,3,Rue des Abbes Collin,45,
2.023E+11,31,3,2023,19:30,1,91,91161,2,1,1,2,RTE DE MASSY,48,
2.023E+11,31,3,2023,17:20,1,91,91027,2,1,1,2,RTE NATIONALE 7,48,
2.023E+11,30,10,2023,07:25,5,33,33056,2,3,3,6,Avenue du Général de Gaulle,44,
2.023E+11,29,10,2023,06:45,2,53,53094,1,6,1,7,Nationale 162,48,
2.023E+11,1,4,2023,12:30,1,83,83061,1,1,1,1,D7,43,
2.023E+11,30,10,2023,10:46,1,59,59377,2,6,2,6,Place du General de Gaulle,50,
2.023E+11,1,4,2023,18:45,1,78,78517,2,9,1,6,LENOTRE (RUE G.),48,
2.023E+11,12,5,2023,08:45,1,66,66012,1,6,1,3,N/A,42,
2.023E+11,29,10,2023,18:55,3,83,83090,1,1,1,6,A50,43,
2.023E+11,1,4,2023,19:45,2,77,77400,1,6,2,6,D 402,48,
2.023E+11,12,5,2023,02:10,3,6,6123,1,1,1,6,A8,43,
2.023E+11,30,10,2023,06:08,2,57,57206,1,9,3,7,Autoroute A30,49,
2.023E+11,11,5,2023,20:00,3,976,97601,1,1,1,6,Route Ahamada M'colo Mari,-12,
2.023E+11,31,3,2023,17:10,1,72,72181,2,1,8,4,CHAMPION HENRI (RUE) N° IMP,47,
2.023E+11,30,10,2023,08:49,1,33,33487,1,1,8,5,AUTOROUTE A 10,44,
2.023E+11,12,5,2023,10:50,1,974,97402,2,1,1,2,Route Nationale 2,-20,
2.023E+11,1,4,2023,19:50,1,69,69264,2,2,8,3,Rue Ampere,45,
2.023E+11,29,10,2023,01:10,3,33,33162,1,1,3,2,ROCADE A 630,44,
2.023E+11,11,5,2023,07:52,1,973,97304,1,1,1,7,Route de l?Espace,5,
2.023E+11,1,4,2023,22:18,5,69,69029,2,1,2,3,283 Route de Genas,45,
2.023E+11,28,10,2023,09:40,1,59,59350,1,1,1,7,ROUTE NATIONALE 356,50,
2.023E+11,12,5,2023,06:40,1,21,21263,1,2,1,7,D996,47,
2.023E+11,1,4,2023,14:00,1,69,69029,2,1,8,4,Route de Genas,45,
2.023E+11,28,10,2023,04:15,3,59,59456,1,1,2,2,AUTOROUTE A 21,50,
2.023E+11,27,3,2023,14:00,1,62,62215,2,1,1,6,Boulevard de la Justice,50,
2.023E+11,11,5,2023,20:10,1,66,66053,1,1,1,1,D114,42,
2.023E+11,30,10,2023,16:05,1,91,91136,1,1,1,6,AUTOROUTE A10,48,
2.023E+11,11,5,2023,19:05,1,30,30128,2,1,1,6,10 Rue Emile Bilhau,43,
2.023E+11,31,3,2023,16:30,1,61,61001,2,3,3,2,Voie Communale,48,
2.023E+11,30,10,2023,09:22,1,94,94034,1,1,3,5,A6B,48,
2.023E+11,11,5,2023,08:50,1,11,11188,1,1,9,2,D6009,42,
2.023E+11,1,4,2023,03:30,5,54,54395,2,9,2,6,CHARLES III (RUE),48,
2.023E+11,1,4,2023,08:10,1,54,54367,1,1,3,7,N52,49,
2.023E+11,30,10,2023,08:25,2,92,92064,1,1,3,2,A13,48,
2.023E+11,11,5,2023,17:20,1,83,83117,1,2,1,3,D4,43,
2.023E+11,2,4,2023,01:10,5,49,49007,2,3,1,7,Avenue Pasteur,47,
2.023E+11,29,10,2023,04:42,5,92,92064,1,1,2,6,A13,48,
2.023E+11,12,5,2023,12:21,1,13,13015,2,1,1,3,2010 Avenue de la Croix d?Or,43,
2.023E+11,11,5,2023,13:25,1,8,8081,2,1,1,6,N/A,49,
2.023E+11,28,8,2023,12:35,1,29,29026,2,1,1,3,1186 Avenue Louison Bobet,48,
2.023E+11,31,3,2023,00:40,5,42,42218,2,2,1,3,Rue Etienne Boisson,45,
2.023E+11,3,5,2023,18:30,1,67,67052,1,1,1,6,RD 35,48,
2.023E+11,27,8,2023,03:30,3,1,1159,2,1,1,6,490 Route de Montgrimoux,46,
2.023E+11,10,5,2023,06:50,2,73,73179,2,1,3,6,171 Rue des allobroges,45,
2.023E+11,28,10,2023,23:15,3,92,92047,1,1,3,5,A13,48,
2.023E+11,1,4,2023,18:00,1,38,38169,2,3,2,1,RUE EUGÈNE CHARBONNIER,45,
2.023E+11,28,8,2023,00:30,3,26,26166,2,1,1,1,N7,44,
2.023E+11,12,5,2023,16:00,1,7,7086,1,2,1,1,D532,45,
2.023E+11,30,10,2023,20:10,3,93,93078,1,1,8,2,AUTOROUTE A104,48,
2.023E+11,29,3,2023,17:30,1,38,38169,2,1,1,6,D106,45,
2.023E+11,31,3,2023,10:30,1,34,34129,2,9,1,3,1 Avenue de Figuiere,43,
2.023E+11,1,12,2023,17:25,3,27,27230,1,9,1,3,Départemntale 143,48,
2.023E+11,12,5,2023,09:10,1,69,69009,2,1,1,2,Route de Villefranche,45,
2.023E+11,27,8,2023,15:55,1,58,58046,1,1,1,7,D981,46,
2.023E+11,30,10,2023,16:00,1,95,95572,1,1,2,2,A15,49,
2.023E+11,1,4,2023,13:20,1,33,33318,2,1,1,3,Avenue Pasteur,44,
2.023E+11,10,5,2023,19:20,1,17,17038,1,1,1,7,D145,45,
2.023E+11,4,12,2023,07:00,5,62,62399,2,1,4,1,D339,50,
2.023E+11,26,8,2023,21:45,3,72,72054,1,1,1,1,D357,48,
2.023E+11,30,10,2023,16:48,2,95,95582,1,1,3,6,A15,48,
2.023E+11,7,5,2023,19:30,1,24,24572,1,1,1,1,D2,44,
2.023E+11,5,12,2023,18:30,5,30,30060,1,1,1,1,Chemin des Canaux,43,
2.023E+11,30,10,2023,15:20,1,95,95572,1,1,3,6,N184,49,
2.023E+11,27,8,2023,15:49,1,72,72349,1,1,1,1,Lieu Dit l?Orme,48,
2.023E+11,1,4,2023,20:30,5,27,27299,2,1,2,4,BRIAND (AVENUE ARISTIDE),49,
2.023E+11,11,5,2023,20:10,1,60,60088,1,1,1,7,Rue de Montchavert,49,
2.023E+11,4,12,2023,09:25,1,31,31157,2,1,8,6,72 Route de Tournefeuille,43,