Num_Acc,jour,mois,an,hrmn,lum,dep,com,agg,int,atm,col,adr,lat,long
2.023E+11,30,10,2023,11:00,1,92,92036,1,1,2,3,AUTOROUTE A15,48,
2.023E+11,5,12,2023,07:56,3,76,76380,1,2,2,1,D152,49,
2.023E+11,30,10,2023,16:30,1,94,94028,1,1,8,2,N406,48,
2.023E+11,27,8,2023,12:40,1,36,36070,2,3,1,3,Rue Camille Toussaints,46,
2.023E+11,1,4,2023,13:21,1,22,22215,2,1,2,2,CARPONT (LE),48,
2.023E+11,11,5,2023,18:15,1,13,13071,1,1,1,4,A51-Sens Aix en Provence vers Marseille,43,
2.023E+11,1,4,2023,14:13,1,16,16341,1,1,1,6,GRAND GIRAC (LE),45,
2.023E+11,4,12,2023,18:15,2,80,80008,2,2,2,3,Rue de Gamaches,50,
2.023E+11,28,6,2023,09:25,1,63,63113,2,6,1,3,COTE BLATIN (BD),45,
2.023E+11,11,5,2023,17:56,1,13,13211,1,1,1,4,A50-Sens Marseille vers Aubagne,43,
2.023E+11,27,8,2023,14:20,1,21,21584,1,4,1,1,Rd 977 bis,47,
2.023E+11,1,4,2023,10:17,1,14,14242,1,1,1,1,Avenue de Garbsen,49,
2.023E+11,4,12,2023,14:15,1,89,89018,2,1,2,1,Rue de Beaudemont,48,
2.023E+11,28,6,2023,22:05,5,63,63164,2,6,1,6,CHARLES DE GAULLE (BD),45,
2.023E+11,10,5,2023,18:20,1,13,13211,1,1,1,2,A50-Sens Marseille vers Aubagne,43,
2.023E+11,5,12,2023,09:35,1,76,76618,1,1,2,1,RD925,49,
2.023E+11,1,4,2023,20:00,2,13,13208,2,3,1,1,PARADIS (RUE),43,
2.023E+11,26,8,2023,23:40,3,24,24217,1,9,3,6,D710,44,
2.023E+11,4,12,2023,09:40,1,61,61346,1,1,8,7,D703,48,
2.023E+11,1,4,2023,08:45,1,6,6069,2,1,1,2,PEGOMAS (ROUTE DE),43,
2.023E+11,10,5,2023,22:35,3,13,13001,1,1,1,2,A51-Sens Aix en Provence vers Marseille,43,
2.023E+11,23,8,2023,09:45,1,85,85047,2,1,1,6,RD1753,46,
2.023E+11,20,7,2023,01:10,3,13,13076,1,9,1,2,A7 pk 207.500 sens 2,43,
2.023E+11,25,8,2023,07:35,1,27,27201,1,1,1,7,D79,49,
2.023E+11,11,5,2023,08:15,1,67,67389,1,1,1,2,M35,48,
2.023E+11,4,12,2023,07:50,2,47,47214,1,2,2,3,À Picon,44,
2.023E+11,31,3,2023,18:10,1,3,3185,2,1,3,1,Avenue Jules Guesde,46,
2.023E+11,9,7,2023,15:35,1,13,13076,1,1,1,3,A7 - PK 211.000 - sens nord sud,43,
2.023E+11,28,7,2023,19:20,1,27,27108,1,2,1,2,D926,48,
2.023E+11,11,5,2023,19:45,1,91,91659,1,1,1,3,AUTOROUTE A6,48,
2.023E+11,1,4,2023,17:30,1,75,75113,2,1,2,3,PORTE D ITALIE,48,
2.023E+11,4,12,2023,09:00,1,47,47189,1,2,7,3,la guine du bois,44,
2.023E+11,28,10,2023,14:55,1,974,97411,2,1,1,3,TOPAZES(ALLEE DES),-20,
2.023E+11,26,8,2023,23:30,5,978,97801,2,1,1,7,R DE PIC PARADIS,18,
2.023E+11,1,4,2023,14:05,1,75,75113,2,1,1,2,BD PERIPHERIQUE INTERIEUR,48,
2.023E+11,29,10,2023,15:55,1,973,97302,2,1,1,7,PORT (DU VIEUX),4,
2.023E+11,28,8,2023,01:55,5,33,33122,1,6,1,6,Chemin du Pot aux Pins,44,
2.023E+11,3,12,2023,14:15,1,47,47151,1,1,2,1,route de lalande,44,
2.023E+11,11,5,2023,17:30,1,91,91689,1,1,1,4,AUTOROUTE A6B,48,
2.023E+11,24,10,2023,11:40,1,973,97302,2,1,1,6,ZEPHIR (CITE),4,
2.023E+11,22,8,2023,20:50,2,27,27517,1,1,1,6,Autoroute A13PK 78+800,49,
2.023E+11,31,3,2023,01:00,5,75,75120,2,1,2,6,ECHANGEUR BAGNOLET,48,
2.023E+11,4,12,2023,17:35,3,34,34142,2,1,1,3,D609,43,
2.023E+11,29,10,2023,01:05,3,973,97302,2,1,1,7,TIGRE (ROUTE DU),4,
2.023E+11,27,8,2023,12:05,1,987,98747,1,1,1,3,Afaahiti,,
2.023E+11,11,5,2023,09:10,1,91,91534,1,1,1,2,RN 118,48,
2.023E+11,29,10,2023,19:00,5,69,69386,2,1,1,3,Rue de Créqui,45,
2.023E+11,2,4,2023,19:15,2,75,75117,2,2,1,3,PLACE GENERAL CATROUX,48,
2.023E+11,27,8,2023,09:55,1,974,97422,1,1,1,7,Route Nationale 3,,
2.023E+11,28,11,2023,16:00,1,68,68042,2,1,1,2,30 Rue du 19 Novembre,47,
2.023E+11,11,5,2023,07:50,1,91,91228,1,1,1,3,AUTOROUTE A6,48,
2.023E+11,26,8,2023,10:55,1,971,97101,1,1,1,6,D101,16,
2.023E+11,2,4,2023,16:30,1,75,75117,2,2,8,6,RUE GUY MOQUET,48,
2.023E+11,27,10,2023,17:30,1,69,69389,2,2,1,7,74 Rue de Saint-Cyr,45,
2.023E+11,4,12,2023,07:45,2,44,44069,1,1,2,6,N/A,47,
2.023E+11,26,8,2023,21:45,5,45,45144,2,1,1,6,12 Place de l’Eglise,47,
2.023E+11,2,4,2023,04:30,5,75,75111,2,3,2,6,AVENUE PARMENTIER,48,
2.023E+11,11,5,2023,21:39,3,92,92036,1,1,1,6,A86,48,
2.023E+11,29,10,2023,03:55,5,69,69382,2,3,1,6,Quai Maréchal Joffre,45,
2.023E+11,5,12,2023,14:15,1,29,29165,1,3,1,3,Lieu Dit Quelarn,47,
2.023E+11,2,4,2023,19:12,1,75,75104,2,4,1,6,RUE DE RIVOLI,48,
2.023E+11,28,8,2023,08:10,1,77,77168,1,1,1,1,D30,48,
2.023E+11,29,10,2023,18:54,3,95,95585,2,1,1,6,DIVISION LECLERC (AVENUE DE LA),48,
2.023E+11,4,12,2023,19:20,3,31,31510,1,1,2,1,D635,43,
2.023E+11,1,4,2023,22:10,5,93,93064,2,1,2,6,Rue J et Etienne de Montgolfier,48,
2.023E+11,10,5,2023,10:15,5,75,75116,1,1,2,3,A13W,48,
2.023E+11,27,8,2023,17:26,1,77,77484,1,1,1,3,D228,48,
2.023E+11,29,10,2023,13:50,1,95,95680,1,1,1,3,D10,49,
2.023E+11,1,4,2023,23:20,5,93,93048,2,7,1,2,Place de la Fraternite / Rue Arsène Chéreau,48,
2.023E+11,23,8,2023,07:50,1,66,66008,1,1,1,7,D914,42,
2.023E+11,30,11,2023,00:45,3,66,66003,2,4,2,6,Avenue Docteur Bouix,42,
2.023E+11,29,10,2023,05:50,5,91,91027,2,1,1,6,VC QUAI DE L'INDUSTRIE,48,
2.023E+11,27,8,2023,07:45,2,5,5053,1,1,3,6,Route des Princes d?Orange,44,
2.023E+11,11,5,2023,19:15,1,93,93048,1,1,1,5,AUTOROUTE A3,48,
2.023E+11,2,4,2023,17:15,1,92,92050,2,5,8,3,FOCH MARECHAL PLACE DU,48,
2.023E+11,29,10,2023,05:20,4,86,86194,2,1,3,6,Rue du Faubourg Saint Cyprien,46,
2.023E+11,2,4,2023,18:30,1,37,37148,2,1,1,7,14 Grande Rue,46,
2.023E+11,28,8,2023,17:25,1,88,88410,1,1,1,6,RD435,48,
2.023E+11,4,12,2023,14:20,1,14,14431,2,2,2,3,2 Rue Eugène Leriteau,49,
2.023E+11,11,5,2023,14:20,1,93,93048,1,1,1,2,AUTOROUTE A3,48,
2.023E+11,29,10,2023,05:10,5,84,84031,2,9,1,6,LEGUE CHEMIN DE LA,44,
2.023E+11,1,4,2023,18:05,1,37,37043,1,1,2,6,D74,47,
2.023E+11,27,8,2023,19:55,1,57,57474,2,6,1,3,D8,49,
2.023E+11,4,12,2023,14:00,1,5,5124,1,1,4,3,D14,44,
2.023E+11,28,8,2023,19:00,2,57,57482,1,1,1,7,D67,49,
2.023E+11,11,5,2023,08:50,1,95,95154,1,1,1,5,A1,49,
2.023E+11,30,3,2023,07:15,2,6,6161,2,1,1,6,10 boulebard des Italiens,43,
2.023E+11,2,12,2023,22:15,3,83,83078,1,1,1,6,550 Route de Régusse,43,
2.023E+11,27,8,2023,08:50,1,81,81219,1,1,2,6,Lieu-dit Le Bousquet,43,
2.023E+11,5,12,2023,17:40,2,45,45145,2,1,2,6,37 Rue des Roches,48,
2.023E+11,27,10,2023,13:00,1,73,73011,2,3,8,3,CONTAMINE (CHEMIN DE LA),45,
2.023E+11,11,5,2023,09:05,1,93,93064,1,1,1,2,AUTOROUTE A103,48,
2.023E+11,27,8,2023,15:30,1,79,79048,1,1,1,1,N/A,46,
2.023E+11,2,4,2023,20:15,3,30,30125,1,1,1,2,D 6113,43,
2.023E+11,5,12,2023,03:20,3,16,16329,1,9,2,6,LA TUILERIE,45,
2.023E+11,3,4,2023,13:10,1,57,57300,1,1,1,6,D98d,48,
2.023E+11,23,10,2023,20:40,5,70,70388,1,6,1,3,RD457,47,
2.023E+11,27,8,2023,18:05,1,85,85226,1,1,1,1,RD38,46,
2.023E+11,11,5,2023,06:45,1,93,93053,1,1,1,3,AUTOROUTE A3,48,
2.023E+11,3,4,2023,13:15,1,67,67456,1,1,1,6,D1061,48,
2.023E+11,4,12,2023,07:50,1,40,40080,2,6,1,5,D824,43,
2.023E+11,26,8,2023,17:55,1,85,85238,2,1,1,6,Rue de la forge,46,
2.023E+11,3,4,2023,05:30,3,67,67434,1,1,1,2,D1061,48,
2.023E+11,28,10,2023,16:45,1,69,69266,2,1,1,3,Boulevard de la Bataille de Stalingrad,45,
2.023E+11,4,12,2023,17:20,5,4,4116,2,1,2,6,Boulevard de la République,44,
2.023E+11,11,5,2023,17:00,1,77,77363,1,1,8,5,A104,48,
2.023E+11,4,12,2023,18:00,5,27,27467,2,1,2,6,Rue des Déportés,49,
2.023E+11,29,10,2023,11:35,1,69,69290,2,1,1,6,Rue Colette,45,
2.023E+11,31,3,2023,22:30,3,80,80222,1,1,6,6,D111,50,
2.023E+11,28,8,2023,00:10,3,80,80799,1,6,1,6,D1029,49,
2.023E+11,11,5,2023,09:30,1,93,93051,1,1,1,4,A4,48,
2.023E+11,29,10,2023,21:40,5,67,67218,2,1,3,6,INDUSTRIE (RUE DE L ),48,
2.023E+11,3,4,2023,14:45,1,82,82026,1,1,1,6,route de départementale 115,44,
2.023E+11,28,8,2023,16:00,1,59,59550,1,6,1,3,N47,50,
2.023E+11,27,3,2023,21:00,3,82,82090,1,1,1,6,Côte de Mirabel,44,
2.023E+11,10,5,2023,19:00,1,94,94018,1,1,1,5,A4,48,
2.023E+11,5,12,2023,08:40,1,45,45222,1,3,9,2,D31 PR 26 + 990,48,
2.023E+11,29,10,2023,19:10,5,67,67482,2,3,3,3,FORET NOIRE (AVENUE DE LA),48,
2.023E+11,27,8,2023,05:35,3,83,83090,1,1,1,2,A50,43,
2.023E+11,2,4,2023,06:30,3,11,11262,1,1,1,2,N/A,43,
2.023E+11,5,12,2023,11:48,1,13,13009,1,1,1,7,D572,43,
2.023E+11,10,5,2023,11:00,1,94,94028,1,1,2,2,A86,48,
2.023E+11,2,4,2023,21:20,3,61,61150,1,1,8,6,D49 PR0+560,48,
2.023E+11,29,10,2023,12:44,1,64,64260,2,1,1,2,EMPEREUR (BOULEVARD DE ),43,
2.023E+11,5,12,2023,07:50,1,13,13113,1,1,1,2,A51,43,
2.023E+11,2,4,2023,14:10,1,49,49215,1,1,1,6,Rue du Cohu,47,
2.023E+11,10,5,2023,07:30,1,77,77249,1,9,3,2,RN104,48,
2.023E+11,29,10,2023,02:15,5,64,64024,2,1,1,2,BIARRITZ (AVENUE DE),43,
2.023E+11,26,8,2023,19:57,2,69,69297,1,1,3,2,Autoroute 7,45,
2.023E+11,5,12,2023,06:31,3,72,72223,1,1,1,7,A11,,
2.023E+11,27,8,2023,12:30,1,94,94043,1,1,1,6,A6B,48,
2.023E+11,3,4,2023,10:00,1,42,42302,1,1,2,1,Route de la Gachet,45,
2.023E+11,28,10,2023,18:15,1,63,63063,2,1,1,6,NATIONALE 9 (RTE),45,
2.023E+11,10,5,2023,07:15,1,76,76575,1,2,2,6,Boulevard Lénine,49,
2.023E+11,3,12,2023,19:15,3,60,60612,1,1,1,2,Autoroute A1 vers LILLE - PK 39+000,49,
2.023E+11,28,10,2023,01:10,3,62,62194,1,1,2,6,D70,50,
2.023E+11,10,5,2023,14:55,1,54,54547,2,1,1,6,Boulevard de l'Europe,48,
2.023E+11,2,4,2023,06:45,2,68,68374,1,1,2,3,D11,48,
2.023E+11,5,12,2023,11:00,1,33,33005,2,2,1,3,Rue Joseph Marie Jacquard,44,
2.023E+11,28,10,2023,11:50,1,62,62400,1,4,1,3,D86,50,
2.023E+11,1,4,2023,08:00,1,25,25558,2,1,1,1,rd 67 tarcenay,47,
2.023E+11,10,5,2023,12:00,1,38,38053,2,1,1,6,Avenue du Dauphiné,45,
2.023E+11,26,8,2023,23:50,4,93,93053,1,1,1,4,AUTOROUTE A3,48,
2.023E+11,4,12,2023,11:40,1,987,98725,2,1,1,7,PK 8.500 montée col tahara'a,-17,
2.023E+11,2,4,2023,03:45,3,29,29279,1,1,1,1,D58,48,
2.023E+11,10,5,2023,07:30,1,24,24145,2,1,1,6,GRAND-LAC (ROUTE DU),44,
2.023E+11,26,8,2023,23:50,4,95,95256,1,1,1,2,N184,49,
2.023E+11,29,10,2023,11:40,1,59,59350,2,2,1,3,BERNOS RUE,50,
2.023E+11,4,12,2023,13:10,1,973,97306,1,9,1,3,route départementale 8 ,,
2.023E+11,28,10,2023,19:30,5,59,59273,2,1,3,6,JOUHAUX (AVENUE LÃ©ON),50,
2.023E+11,26,8,2023,21:00,3,95,95500,1,1,1,2,A15,49,
2.023E+11,9,5,2023,19:00,1,76,76351,2,3,1,6,IRENE JOLIOT CURIE (RUE),49,
2.023E+11,2,4,2023,18:50,1,83,83032,1,1,1,6,RD 562,43,
2.023E+11,4,12,2023,18:00,5,45,45252,2,1,3,6,Avenue du 11 Novembre 1918,48,
2.023E+11,30,3,2023,14:00,1,60,60098,2,1,3,7,Rue Poitiers Bel Air,49,
2.023E+11,29,10,2023,19:07,5,47,47323,1,2,2,3,SCORAILLES(AVE),44,
2.023E+11,9,5,2023,14:25,1,58,58194,2,1,3,6,RESISTANCE (SQUARE),46,
2.023E+11,4,12,2023,12:13,1,89,89350,1,1,8,2,A6 - PK 118+300,48,
2.023E+11,27,8,2023,13:40,1,94,94028,1,1,1,4,A86 EXT,48,
2.023E+11,30,3,2023,07:30,2,64,64493,2,3,1,3,Avenue de Navarre,43,
2.023E+11,4,12,2023,18:50,5,51,51308,2,1,2,6,Route Nationale,49,
2.023E+11,29,10,2023,14:35,1,47,47001,2,3,1,3,ROMAS (RUE DE),44,
2.023E+11,31,3,2023,18:45,1,24,24035,2,1,1,6,4 Rue du 19 Mars 1962,44,
2.023E+11,5,12,2023,17:20,5,3,3224,2,1,1,6,4 Rue de Pénard,46,
2.023E+11,10,3,2023,16:23,1,74,74012,2,2,1,3,Avenue Henri Barbusse,46,
2.023E+11,2,4,2023,17:45,2,3,3097,1,1,3,6,A71 - pk 300.500,46,
2.023E+11,27,8,2023,13:40,1,94,94028,1,1,1,4,A86,48,
2.023E+11,4,12,2023,17:20,5,73,73054,2,1,4,6,D1090 - Place de la Gare,45,
2.023E+11,29,10,2023,18:47,5,45,45285,2,3,1,6,75 Rue Paul Doumer,47,
2.023E+11,4,12,2023,19:20,3,31,31420,1,1,1,7,D820,43,
2.023E+11,9,3,2023,19:20,5,74,74012,2,1,1,2,LECLERC (AVENUE DU MARECHAL),46,
2.023E+11,23,8,2023,10:22,1,988,98818,2,1,1,6,RUE JULES GARNIER,-22,
2.023E+11,3,4,2023,07:35,2,1,1425,1,1,8,2,A40 Pk152,46,
2.023E+11,29,10,2023,15:10,1,45,45234,2,1,1,3,Avenue de l'Hôpital,47,
2.023E+11,4,12,2023,18:45,3,64,64496,2,1,3,6,D 936 avenue de la soule,43,
2.023E+11,9,3,2023,12:05,1,74,74012,2,1,1,6,LIVRON (ROUTE DE),46,
2.023E+11,26,8,2023,12:50,1,976,97611,2,1,1,3,Boulevard Marcel Henry,-12,
2.023E+11,2,4,2023,23:00,5,973,97309,1,3,1,3,D?23,4,
2.023E+11,29,10,2023,09:05,1,35,35238,1,1,2,6,RN136,48,
2.023E+11,3,12,2023,16:15,1,64,64304,1,1,1,2,2617 Route de l'Adour,43,
2.023E+11,2,4,2023,19:26,1,51,51572,1,1,1,7,A4,49,
2.023E+11,28,10,2023,17:45,2,35,35115,2,6,3,6,LECLERC (BOULEVARD DU MARECHAL),48,
2.023E+11,1,3,2023,11:30,1,74,74010,2,4,1,6,Allée de la chapelle,45,
2.023E+11,25,8,2023,07:20,1,976,97611,2,9,1,3,m'tsapere-Nationale 2 (route),-12,
2.023E+11,5,12,2023,06:50,2,14,14712,1,6,2,3,D675,49,
2.023E+11,29,10,2023,23:20,5,33,33063,2,7,2,6,Quai du Maréchal Lyautey,44,
2.023E+11,25,8,2023,17:00,1,974,97416,2,1,1,6,PRESIDENT MITTERAND(AVENUE),-21,
2.023E+11,4,12,2023,10:00,1,29,29042,1,1,2,2,rue de Dinan,48,
2.023E+11,29,10,2023,19:15,5,33,33119,2,3,2,3,Avenue Jean Jaurès,44,
2.023E+11,26,8,2023,06:00,5,974,97411,2,3,1,3,NANTIER (RUE DIDIER),-20,
2.023E+11,4,12,2023,18:30,5,22,22136,2,6,2,1,Boulevard des Priteaux,48,
2.023E+11,4,5,2023,09:15,1,83,83126,2,1,1,6,FARLEDE (CHEMIN DE LA),43,
2.023E+11,29,10,2023,02:06,3,33,33281,2,1,3,6,Avenue du Maréchal Leclerc,44,
2.023E+11,26,8,2023,03:10,5,974,97411,2,1,2,6,LORY LES HAUTS (RUE),-20,
2.023E+11,1,4,2023,20:20,3,13,13018,1,1,1,4,AUtoroute A7 pk 203.000 sens MARSEILLE/ AVIGNON,43,
2.023E+11,4,12,2023,09:25,1,33,33162,1,1,1,3,ROCADE A 630,44,
2.023E+11,27,2,2023,21:30,3,74,74272,2,1,1,7,Route de Clermont_,45,
2.023E+11,29,10,2023,15:30,1,31,31555,2,1,1,3,RTE D ESPAGNE,43,
2.023E+11,1,4,2023,19:20,3,987,98750,1,1,1,3,pk 7.3,-16,
2.023E+11,26,8,2023,00:30,5,974,97411,2,2,1,6,LANCASTEL (BOULEVARD),-20,
2.023E+11,26,2,2023,01:20,5,74,74112,2,6,1,6,Route de Sillingy_,45,
2.023E+11,1,12,2023,13:13,1,62,62637,1,1,1,4,A1,50,
2.023E+11,2,4,2023,11:40,1,987,98733,2,1,1,1,RT1 au  niveau du PK 22.700,-17,
2.023E+11,27,10,2023,12:15,1,29,29039,2,1,2,4,Rue de Quimper,47,
2.023E+11,25,2,2023,12:45,1,74,74052,2,1,1,6,Route principale_,46,
2.023E+11,25,8,2023,19:25,5,974,97411,2,9,1,2,JAURES (BOULEVARD JEAN),-20,
2.023E+11,4,12,2023,08:30,2,94,94021,1,1,3,2,A6B,48,
2.023E+11,29,10,2023,18:40,2,16,16015,2,1,1,6,MONTMOREAU (RUE DE N°IMPAIRS DE 1 A 63),45,
2.023E+11,1,4,2023,18:00,1,973,97305,1,1,1,3,PK 24+500,5,
2.023E+11,17,2,2023,05:00,5,74,74058,2,1,1,7,route des frasses,46,
2.023E+11,4,12,2023,08:30,2,91,91235,1,1,2,3,RN 104,48,
2.023E+11,25,8,2023,15:15,1,974,97411,2,3,1,3,CANAL (CHEMIN DU GRAND),-20,
2.023E+11,4,12,2023,13:35,1,95,95277,1,1,2,6,A3,48,
2.023E+11,3,4,2023,10:25,1,971,97117,2,3,1,6,Route de Bellevue / rue du docteur Agenor Carle,16,
2.023E+11,29,10,2023,17:15,1,14,14701,1,4,1,1,Chemin de l'Orgueil,49,
2.023E+11,26,8,2023,12:20,1,69,69386,2,2,1,6,Rue Duquesne,45,
2.023E+11,15,2,2023,23:15,3,74,74238,1,1,1,1,D902,46,
2.023E+11,3,12,2023,22:55,3,95,95572,1,9,1,2,N184,49,
2.023E+11,3,4,2023,07:53,1,78,78531,1,1,1,2,autoroute a13 pk 54+600,49,
2.023E+11,28,10,2023,18:15,2,13,13005,2,1,8,7,SAINT PIERRE (CHEMIN DE),43,
2.023E+11,26,8,2023,11:10,1,69,69387,2,1,2,6,5 Rue de la Thibaudière,45,
2.023E+11,3,12,2023,04:20,3,94,94069,1,1,1,6,A4,48,
2.023E+11,21,2,2023,17:35,1,74,74099,1,4,1,7,Allée des myosotis,45,
2.023E+11,2,4,2023,23:15,5,13,13027,2,1,1,6,Avenue Jacques Trouillet,43,
2.023E+11,20,10,2023,08:45,1,72,72181,1,9,2,6,PREMIERE DIVISION FRANCAISE (BD),48,
2.023E+11,29,10,2023,11:15,1,11,11069,2,1,1,6,2b Rue Henri Fabre,43,
2.023E+11,25,8,2023,20:35,4,972,97213,1,1,1,3,ROUTE DEPARTEMENTALE 15,14,
2.023E+11,9,2,2023,06:20,3,74,74309,2,1,9,1,D18,46,
2.023E+11,2,4,2023,05:30,3,38,38110,1,1,2,1,D36,45,
2.023E+11,7,8,2023,20:50,2,14,14437,2,1,1,3,41 rue Pasteur,49,
2.023E+11,28,10,2023,12:15,1,7,7019,2,1,1,3,BELLANDE (AVENUE DE ),44,
2.023E+11,26,8,2023,02:20,3,972,97209,1,1,1,6,RD 41 (ROCADE),14,
2.023E+11,8,2,2023,20:20,3,74,74282,1,1,1,1,Rue des Fleuries,46,
2.023E+11,13,9,2023,15:10,1,14,14118,2,2,1,6,104 bis Boulevard Maréchal Leclerc,49,
2.023E+11,3,4,2023,08:40,1,1,1249,2,3,2,2,501 Grande Rue,45,
2.023E+11,13,8,2023,16:40,1,73,73021,1,1,1,7,D208,45,
2.023E+11,29,10,2023,19:10,5,6,6088,1,2,1,3,TURIN (RTE DE),43,
2.023E+11,23,8,2023,14:30,1,972,97209,2,1,1,3,RELIGIEUSES (ROUTE DES),14,
2.023E+11,5,2,2023,13:00,1,74,74243,1,1,1,2,A40,46,
2.023E+11,29,10,2023,01:40,5,3,3185,2,1,1,6,Bd président Allende,46,
2.023E+11,3,4,2023,09:25,1,14,14160,1,1,1,2,3 Route le Pré Marie,49,
2.023E+11,19,8,2023,19:10,5,972,97209,1,1,2,4,BISHOP (Avenue Maurice),14,
2.023E+11,28,4,2023,17:20,1,92,92078,2,1,1,6,AVENIR (RUE) (PAIRS DU 2 AU 28),48,
2.023E+11,2,4,2023,11:35,1,59,59398,2,1,1,6,131 Rue de la Mousserie,50,
2.023E+11,14,1,2023,03:05,5,62,62755,2,1,1,6,D940,50,
2.023E+11,29,10,2023,04:40,5,75,75112,2,1,1,2,PORTE DE CHARENTON,48,
2.023E+11,16,8,2023,11:08,1,64,64064,1,3,1,3,Route d'Espagne,43,
2.023E+11,27,8,2023,00:25,5,69,69389,2,1,2,3,17 Quai Arloing,45,
2.023E+11,1,2,2023,00:30,3,74,74208,1,1,1,6,Route de saint-gervais,45,
2.023E+11,2,4,2023,19:00,1,13,13088,1,1,1,3,A55-Sens Marseille vers Martigues,43,
2.023E+11,4,12,2023,08:20,1,988,98818,2,1,1,6,AVENUE DE LA VICTOIRE H. LAFLEUR,-22,
2.023E+11,28,10,2023,11:00,1,75,75112,2,1,1,2,ECHANGEUR BERCY,48,
2.023E+11,26,8,2023,16:30,1,69,69385,2,2,1,3,Avenue Général Eisenhower,45,
2.023E+11,25,2,2023,11:20,1,76,76414,2,2,2,2,ANCIEN PORT (RUE DE L'),49,
2.023E+11,3,12,2023,07:15,1,973,97302,2,1,1,7,MONTABO (ROUTE DE) 3,4,
2.023E+11,26,3,2023,00:30,5,69,69389,1,1,1,2,Route de Métropole 6,45,
2.023E+11,29,10,2023,12:30,1,75,75120,2,3,2,6,RUE DE BELLEVILLE,48,
2.023E+11,2,12,2023,19:45,5,973,97302,2,1,1,7,GALMOT (AVENUE),4,
2.023E+11,1,4,2023,19:25,1,69,69273,1,1,8,6,Route Départementale 301,45,
2.023E+11,25,8,2023,15:30,1,69,69382,2,3,1,2,42 Quai Docteur Gailleton,45,
2.023E+11,29,10,2023,07:00,5,75,75115,2,1,8,6,BOULEVARD DE GRENELLE,48,
2.023E+11,10,5,2023,18:35,5,974,97416,2,1,1,3,FLAMBOYANTS (CHEMIN) L 400,-21,
2.023E+11,29,10,2023,18:15,5,75,75113,2,1,1,6,RUE NATIONALE,48,
2.023E+11,1,12,2023,21:45,5,973,97302,2,1,1,6,MONTABO (ROUTE DE) 1,4,
2.023E+11,2,4,2023,07:40,1,33,33090,1,1,1,6,AUTOROUTE A 63,44,
2.023E+11,9,5,2023,08:15,1,974,97416,1,1,1,2,RN3 (3),-21,
2.023E+11,24,8,2023,19:33,1,2B,2B033,2,2,1,2,PAOLI DU NR 1 A 20 - BLD,42,
2.023E+11,3,12,2023,07:50,1,972,97213,1,1,1,1,Z I LA LEZARDE,14,
2.023E+11,29,10,2023,02:09,5,75,75110,2,2,8,3,PLACE DE LA BATAILLE DE STALINGRAD,48,
2.023E+11,10,5,2023,18:35,1,974,97411,2,9,1,6,LATTRE DE TASSIGNY (AVENUE MARECHAL DE),-20,
2.023E+11,2,4,2023,14:45,1,91,91174,1,1,1,3,RN 104,48,
2.023E+11,25,8,2023,12:12,1,971,97101,1,9,1,1,BAZIN,16,
2.023E+11,2,4,2023,11:45,1,91,91521,1,1,8,7,RN 104,48,
2.023E+11,10,5,2023,04:40,4,974,97411,1,1,1,7,COLORADO (CHEMIN DU),-20,
2.023E+11,24,8,2023,17:20,1,971,97107,2,1,1,1,GALBAS (CHEMIN DES ),16,
2.023E+11,28,10,2023,23:55,5,94,94058,2,1,3,3,Boulevard d'Alsace-lorraine,48,
2.023E+11,2,4,2023,09:15,1,92,92050,1,1,1,6,A14,48,
2.023E+11,25,8,2023,19:48,2,2A,2A004,2,1,1,6,SARTENE ANCIENNE ROUTE,41,
2.023E+11,2,12,2023,19:45,3,972,97213,1,6,1,3,ROUTE DEPARTEMENTALE 14 BIS,14,
2.023E+11,29,10,2023,21:00,5,94,94046,2,1,1,6,Avenue du Général Leclerc,48,
2.023E+11,9,5,2023,09:55,1,974,97407,1,9,1,2,MASCAREIGNES(BOULEVARD),-20,
2.023E+11,3,12,2023,02:35,3,972,97213,1,1,2,6,ROCADE (RUE DE LA),14,
2.023E+11,2,4,2023,18:30,1,77,77018,1,1,1,6,A4,48,
2.023E+11,25,8,2023,18:20,1,95,95268,2,3,1,3,D125E,48,
2.023E+11,10,5,2023,17:15,1,973,97302,2,1,1,1,MADELEINE (ROUTE DE LA),4,
2.023E+11,29,10,2023,10:00,1,94,94028,2,6,2,3,Boulevard Jean-baptiste Oudry,48,
2.023E+11,1,4,2023,22:05,3,75,75112,1,1,2,3,A4,48,
2.023E+11,2,12,2023,15:45,1,972,97209,2,1,1,5,RD 41 (ROCADE),14,
2.023E+11,28,10,2023,18:20,1,94,94071,2,2,2,6,Rue Albert Dru,48,
2.023E+11,30,3,2023,01:53,5,75,75119,2,1,1,6,BOULEVARD SERURIER,48,
2.023E+11,25,8,2023,23:30,5,95,95563,2,2,1,1,D928,49,
2.023E+11,10,5,2023,14:40,1,973,97302,2,4,2,3,RABAN (ROUTE DE),4,
2.023E+11,1,4,2023,16:11,1,75,75105,2,4,1,7,N/A,48,
2.023E+11,2,12,2023,16:16,1,972,97209,1,2,1,3,CHATEAUBOEUF (ROUTE DE),14,
2.023E+11,9,5,2023,06:50,1,973,97302,2,1,2,7,TIGRE (ROUTE DU),4,
2.023E+11,29,10,2023,21:10,5,93,93050,2,3,1,3,Avenue de Verdun / Rue Paul Lafargue,48,