Num_Acc,jour,mois,an,hrmn,lum,dep,com,agg,int,atm,col,adr,lat,long
2.023E+11,24,8,2023,23:20,5,95,95219,2,3,1,6,D909,48,
2.023E+11,30,3,2023,13:18,1,75,75119,2,1,1,7,AVENUE CORENTIN CARIOU,48,
2.023E+11,1,12,2023,16:25,2,69,69384,2,2,3,1,Cours d'Herbouville,45,
2.023E+11,8,5,2023,06:00,2,973,97302,2,1,1,2,BADUEL (ROUTE DE),4,
2.023E+11,1,4,2023,17:25,1,75,75116,2,3,8,6,AVENUE RAYMOND POINCARE,48,
2.023E+11,26,8,2023,11:25,1,91,91549,2,6,8,3,MARE AU CHANVRE (RUE DE LA),48,
2.023E+11,2,12,2023,21:20,5,971,97101,1,1,1,2,RN1 ROCADE DE CHAUVEL,16,
2.023E+11,31,3,2023,13:30,1,75,75116,2,1,1,3,ROUTE DE LA PTE DES SABLONS A LA PTE MAI,48,
2.023E+11,24,8,2023,10:09,1,87,87085,2,1,1,2,SABLARD (AVENUE DE),45,
2.023E+11,1,12,2023,18:30,5,971,97113,1,1,1,3,RN4 - SECTION RIVIERA,16,
2.023E+11,9,5,2023,08:05,1,972,97213,2,3,1,3,ROUTE DEPARTEMENTALE 14,14,
2.023E+11,24,8,2023,16:40,1,87,87085,1,1,1,7,GORDINI ( RUE AMEDEE),45,
2.023E+11,31,3,2023,19:00,1,75,75115,2,2,1,2,BOULEVARD LEFEBVRE,48,
2.023E+11,27,8,2023,02:10,3,86,86158,2,1,1,6,Rue des Cosses,46,
2.023E+11,3,12,2023,20:45,5,2A,2A004,2,1,1,3,NAPOLEON COURS AVANT BEVERINI,41,
2.023E+11,1,4,2023,15:50,1,75,75113,2,3,1,3,BOULEVARD VINCENT AURIOL,48,
2.023E+11,10,5,2023,07:25,1,972,97209,2,1,1,3,AVE CAMILLE DARSIERES,14,
2.023E+11,25,8,2023,18:30,1,86,86066,2,1,1,6,Rue de la Croix de Piétard,46,
2.023E+11,9,5,2023,00:23,5,972,97209,2,1,1,6,RAVINE VILAINE (CHEMIN DEPARTEMENTAL DE),14,
2.023E+11,2,12,2023,18:20,5,91,91027,2,6,1,6,AV BOURBONNAIS,48,
2.023E+11,25,8,2023,16:45,1,85,85191,1,9,1,6,RD 948,46,
2.023E+11,1,4,2023,01:20,5,75,75113,2,1,2,6,QUAI D AUSTERLITZ,48,
2.023E+11,1,4,2023,18:30,1,75,75110,2,2,2,6,Rue de l'Echiquier,48,
2.023E+11,2,12,2023,15:56,1,91,91223,2,1,1,3,RD 191,48,
2.023E+11,25,8,2023,22:30,5,83,83129,2,3,1,3,DE GAULLE (PROMENADE CHARLES),43,
2.023E+11,10,5,2023,13:25,1,69,69389,2,2,1,1,Rue Maurice Béjart,45,
2.023E+11,26,8,2023,19:20,1,83,83050,2,1,1,6,JOFFRE(BOULEVARD DU MARECHAL),43,
2.023E+11,1,4,2023,17:30,1,75,75110,2,3,8,3,BOULEVARD DE MAGENTA,48,
2.023E+11,9,5,2023,12:05,1,69,69384,2,1,1,6,56 Quai Joseph Gillet,45,
2.023E+11,25,8,2023,14:10,1,80,80001,2,1,1,6,CANOTIERS (des),50,
2.023E+11,3,12,2023,17:30,5,78,78401,2,2,1,3,AULNES (AVENUE DES),49,
2.023E+11,1,4,2023,13:30,1,75,75110,2,3,1,3,BOULEVARD DE MAGENTA,48,
2.023E+11,1,4,2023,15:10,1,75,75108,2,9,1,3,RUE DE ROME,48,
2.023E+11,9,5,2023,10:30,1,69,69389,2,3,1,3,32 Rue de Bourgogne,45,
2.023E+11,3,12,2023,16:15,1,72,72181,2,1,1,7,CHURCHILL WINSTON (BD) N° PAIRS DE 2 A 8,47,
2.023E+11,26,8,2023,07:00,2,77,77447,2,1,1,6,MELUN (RUE DE),48,
2.023E+11,1,4,2023,16:40,1,75,75103,2,2,1,6,RUE AUX OURS,48,
2.023E+11,3,12,2023,05:00,5,65,65100,2,1,1,6,Rue Rene Cassin,43,
2.023E+11,26,8,2023,06:30,2,77,77438,2,1,1,2,D934,48,
2.023E+11,1,4,2023,12:50,1,75,75104,2,1,1,1,VOIE GEORGES POMPIDOU,48,
2.023E+11,2,12,2023,17:55,3,64,64260,2,1,1,1,CORNICHE (ROUTE DE LA),43,
2.023E+11,8,5,2023,16:30,1,69,69034,2,2,1,3,Avenue Barthélémy Thimonnier,45,
2.023E+11,20,8,2023,19:17,1,77,77111,2,1,1,6,AV RENE GOSCINNY,48,
2.023E+11,1,4,2023,14:52,1,94,94042,2,1,1,2,Rue de Paris,48,
2.023E+11,3,12,2023,11:30,1,63,63113,2,2,1,3,Tram Mitterrand/Rabanesse,45,
2.023E+11,1,4,2023,15:00,1,94,94041,2,2,1,2,Avenue Georges Gosnat,48,
2.023E+11,8,5,2023,14:45,1,69,69382,2,2,1,3,Rue de Condé,45,
2.023E+11,25,8,2023,08:40,1,77,77186,2,3,1,3,CONSTANCE (BOULEVARD DE ),48,
2.023E+11,3,12,2023,07:40,1,63,63113,2,6,1,6,QUINET (BD EDGAR),45,
2.023E+11,1,4,2023,17:30,1,94,94073,1,9,2,3,Rue du Bas Marin,48,
2.023E+11,25,8,2023,15:45,1,76,76599,2,1,1,6,route de Lyons la Forêt,49,
2.023E+11,1,4,2023,07:40,1,94,94021,2,1,1,6,Avenue du 8 Mai 1945,48,
2.023E+11,10,5,2023,20:15,2,2B,2B033,2,1,1,2,ROUTE ROYALE,42,
2.023E+11,3,12,2023,19:05,5,61,61006,2,6,2,3,D958,48,
2.023E+11,25,8,2023,15:40,1,76,76481,1,1,1,1,GOLF (CHEMIN DU),49,
2.023E+11,1,4,2023,19:40,1,93,93066,2,2,2,3,Cours du Ru de Montfort / Avenue Leroy des Barres,48,
2.023E+11,24,8,2023,14:05,1,76,76351,2,1,1,7,PABLO PICASSO (AVENUE) ,49,
2.023E+11,3,12,2023,19:45,5,59,59183,2,1,1,6,RD 601,51,
2.023E+11,9,5,2023,07:50,1,971,97101,2,1,1,1,PAGES,16,
2.023E+11,1,4,2023,17:45,1,93,93064,2,3,2,1,Rue de la Côte des Chênes / Rue du Pré Gentil,48,
2.023E+11,26,8,2023,10:55,1,73,73065,2,1,2,6,DUCS DE SAVOIE (AVENUE DES),45,
2.023E+11,2,12,2023,22:20,5,56,56260,2,1,3,6,GAMBETTA(PLACE),47,
2.023E+11,1,4,2023,16:45,1,93,93064,2,2,2,6,Rue du 4e Zouave / Boulevard de la Boissière,48,
2.023E+11,8,5,2023,11:20,1,971,97101,1,9,1,3,CARAQUE,16,
2.023E+11,25,8,2023,09:20,1,71,71105,2,3,2,6,COUPEE (GRANDE-RUE DE LA),46,
2.023E+11,2,12,2023,16:25,1,49,49099,2,2,1,2,BELGIQUE (BOULEVARD DE ),47,
2.023E+11,1,4,2023,13:40,1,93,93049,2,2,1,3,Avenue du 18 Juin 1940/ Rue Andre Malraux,48,
2.023E+11,25,8,2023,12:05,1,71,71540,1,1,1,1,R.N.80,46,
2.023E+11,10,5,2023,20:50,5,2A,2A004,2,1,1,3,PRINCE IMPERIAL RCE RUE FRANCOIS PIETRI,41,
2.023E+11,1,4,2023,18:45,1,92,92064,2,1,2,2,PASTEUR,48,
2.023E+11,2,12,2023,17:30,5,45,45147,2,3,1,3,22 Rue Victor Arago,47,
2.023E+11,26,8,2023,09:30,1,71,71445,2,3,1,3,RD 978 B,46,
2.023E+11,1,4,2023,15:40,1,92,92064,2,1,1,2,DAILLY,48,
2.023E+11,3,12,2023,05:15,5,35,35278,1,1,1,2,RD 137,48,
2.023E+11,10,5,2023,20:50,2,95,95585,2,2,2,3,D125,48,
2.023E+11,25,8,2023,09:40,1,69,69275,2,1,2,5,Rue Elisée Reclus,45,
2.023E+11,1,4,2023,14:30,1,92,92025,2,6,1,3,GABRIEL PERI (RUE),48,
2.023E+11,3,12,2023,17:20,3,35,35238,1,1,1,3,GAYEULLES (AVENUE DES),48,
2.023E+11,31,3,2023,22:30,5,92,92023,2,1,1,1,GENERAL DE GAULLE (AVENUE DU),48,
2.023E+11,26,8,2023,22:20,5,69,69264,2,1,3,7,Rue Gantillon,45,
2.023E+11,31,3,2023,18:10,1,35,35177,1,1,2,7,Le Petit Bois,48,
2.023E+11,24,8,2023,11:01,1,69,69290,2,2,1,3,Rue Alfred de Vigny,45,
2.023E+11,2,12,2023,11:45,1,29,29232,2,3,7,3,2 Rue du Frugy,47,
2.023E+11,2,4,2023,11:50,1,18,18116,1,2,2,3,N/A,47,
2.023E+11,2,12,2023,14:25,1,29,29232,2,1,1,6,10 Rue Michelet,47,
2.023E+11,25,8,2023,08:15,1,67,67267,1,1,3,1,MARECHAL FOCH (RUE DU),48,
2.023E+11,2,4,2023,08:20,2,21,21638,1,1,2,6,A31,47,
2.023E+11,2,12,2023,18:30,5,25,25462,2,2,4,2,MARPAUD,46,
2.023E+11,10,5,2023,07:22,1,91,91425,1,1,2,6,AV DE LA DIVISION LECLERC,48,
2.023E+11,25,8,2023,11:17,1,65,65286,1,1,1,4,RN 21 Route de Tarbes,43,
2.023E+11,26,3,2023,11:20,1,35,35006,1,1,4,5,N157,48,
2.023E+11,25,8,2023,21:55,5,64,64130,2,1,1,2,RD811,43,
2.023E+11,3,12,2023,10:50,1,17,17415,2,2,1,1,DUFAURE AVENUE JULES,45,
2.023E+11,9,5,2023,09:00,1,91,91103,2,1,2,6,SALVADOR ALLENDE (AVENUE),48,
2.023E+11,31,3,2023,20:55,3,89,89387,1,1,3,1,N/A,48,
2.023E+11,3,12,2023,04:45,5,13,13054,2,1,1,1,MARECHAL JUIN (AV DU ),43,
2.023E+11,30,4,2023,17:20,1,91,91570,2,1,1,2,BOIELDIEU (RUE),48,
2.023E+11,26,8,2023,01:18,4,64,64445,2,1,1,3,BERLIOZ,43,
2.023E+11,1,4,2023,00:20,3,56,56153,1,1,6,5,D1,47,
2.023E+11,18,7,2023,06:10,2,77,77083,1,1,1,3,A4.W,48,
2.023E+11,27,8,2023,00:35,5,64,64102,2,1,2,7,AQUITAINE (AVENUE DE L'),43,
2.023E+11,3,12,2023,18:30,5,13,13203,2,3,1,3,PLOMBIERES (BOULEVARD DES),43,
2.023E+11,1,4,2023,06:00,3,76,76663,2,1,2,6,8 Cote des Petites Dalles,49,
2.023E+11,10,5,2023,06:25,2,91,91477,2,1,2,2,MAURICE BERTEAUX (RUE),48,
2.023E+11,25,8,2023,12:35,1,64,64024,2,9,1,3,BAYONNE (AVENUE DE),43,
2.023E+11,30,3,2023,12:05,1,2A,2A130,2,1,1,6,boulevard marie-jeanne bozzi,41,
2.023E+11,8,5,2023,20:20,1,91,91514,1,1,1,7,CD 33,48,
2.023E+11,2,12,2023,16:05,1,12,12145,1,1,1,1,GUYENNE (AVENUE DE),44,
2.023E+11,31,3,2023,23:00,3,65,65121,1,9,1,6,D935,43,
2.023E+11,3,12,2023,09:53,1,6,6088,1,1,1,6,MERCANTOUR (BD),43,
2.023E+11,17,7,2023,18:00,1,77,77121,1,1,1,2,A4,48,
2.023E+11,25,8,2023,11:25,1,64,64102,2,6,2,7,CONTE DE CABARRUS (COURS DU),43,
2.023E+11,2,4,2023,11:30,1,11,11401,1,1,1,6,N/A,42,
2.023E+11,10,5,2023,18:30,1,91,91027,2,2,1,3,AV JEAN PIERRE BENARD,48,
2.023E+11,3,12,2023,10:15,1,75,75116,2,1,1,2,PORTE DE SAINT CLOUD,48,
2.023E+11,1,4,2023,22:50,5,89,89025,2,1,8,7,rue de Plausse,47,
2.023E+11,25,2,2023,00:30,3,9,9332,1,1,1,6,D29,43,
2.023E+11,24,8,2023,11:21,1,64,64024,2,1,1,3,ROUTE DE PITOYS,43,
2.023E+11,9,5,2023,09:20,1,91,91027,2,9,2,6,AV D'ALSACE LORRAINE,48,
2.023E+11,1,4,2023,18:45,1,63,63456,1,1,1,6,departement 909 - PK 12+400,45,
2.023E+11,2,12,2023,14:40,1,75,75117,2,1,1,4,PORTE D ASNIERES,48,
2.023E+11,9,5,2023,07:40,1,91,91432,1,1,3,7,RD 118,48,
2.023E+11,29,1,2023,11:25,1,19,19272,2,1,9,6,Lieutenant Colonel Faro (avenue du),45,
2.023E+11,26,8,2023,10:10,1,63,63113,2,5,8,1,FONTGIEVE (RUE),45,
2.023E+11,2,4,2023,18:45,1,25,25079,1,3,2,3,Intersection D9/D48,46,
2.023E+11,10,5,2023,10:15,1,91,91469,1,1,2,7,VAUVERT (ROUTE DE) CD49,48,
2.023E+11,2,12,2023,12:55,1,75,75117,2,1,1,4,PORTE D ASNIERES,48,
2.023E+11,17,7,2023,19:30,3,974,97411,1,1,1,6,MONTAGNE (ROUTE DE LA),-20,
2.023E+11,2,4,2023,10:00,1,29,29277,1,1,1,2,Lohennec,48,
2.023E+11,5,5,2023,17:10,1,88,88160,1,1,1,6,UZEFAING (chemin),48,
2.023E+11,25,8,2023,07:00,2,63,63113,2,2,8,1,MAYER (BD DANIEL),45,
2.023E+11,2,12,2023,12:40,1,75,75119,2,1,1,2,PORTE DE LA VILLETTE,48,
2.023E+11,17,7,2023,21:30,5,973,97302,2,1,1,1,MERE THERESA (rue),4,
2.023E+11,2,4,2023,17:25,1,1,1124,1,1,3,1,Route de Varennes,46,
2.023E+11,8,5,2023,22:16,5,87,87085,2,1,1,3,LECLERC (AVENUE DU GENERAL),45,
2.023E+11,2,12,2023,00:30,5,75,75110,2,1,8,1,BOULEVARD DE MAGENTA,48,
2.023E+11,1,4,2023,23:00,3,72,72333,1,2,2,6,D72p,48,
2.023E+11,7,5,2023,12:37,1,87,87085,1,1,1,6,AUTOROUTE A20,45,
2.023E+11,18,2,2023,03:35,3,30,30221,1,1,1,5,A9,44,
2.023E+11,16,7,2023,22:45,5,972,97209,2,2,2,3,ANTOINE SIGER (RUE),14,
2.023E+11,8,5,2023,20:05,1,87,87085,2,1,1,6,DUNANT (AVENUE HENRI),45,
2.023E+11,2,12,2023,23:55,5,75,75105,2,2,1,3,RUE MONGE,48,
2.023E+11,17,7,2023,19:10,1,69,69034,2,1,1,6,9 Chemin  Petit,45,
2.023E+11,21,8,2023,17:00,1,62,62498,2,9,1,3,Rue Paul Eluard,50,
2.023E+11,18,2,2023,11:00,1,13,13037,1,1,1,3,A7 - PK 245.700 - sens sud nord,43,
2.023E+11,2,12,2023,20:45,5,75,75120,2,4,1,6,RUE LE BUA,48,
2.023E+11,12,8,2023,22:45,5,60,60057,2,1,1,1,Rue de l'Esterel,49,
2.023E+11,17,7,2023,16:45,1,69,69389,2,1,1,1,60 Avenue Barthélémy Buyer,45,
2.023E+11,5,5,2023,17:42,1,87,87085,1,1,1,4,AUTOROUTE A20,45,
2.023E+11,16,2,2023,16:30,1,987,98758,1,1,1,1,PK 2 coté ouest,-16,
2.023E+11,1,4,2023,17:00,1,30,30055,1,1,1,6,N/A,44,
2.023E+11,27,8,2023,00:35,5,59,59650,2,2,1,6,DELORY (RUE GUSTAVE),50,
2.023E+11,18,2,2023,16:00,1,988,98821,1,1,1,6,RT1,-22,
2.023E+11,3,12,2023,19:30,5,75,75117,2,5,1,3,AVENUE DE VILLIERS,48,
2.023E+11,17,7,2023,12:30,1,69,69382,2,2,1,3,Quai Jules Courmont,45,
2.023E+11,6,5,2023,10:47,1,87,87113,2,1,1,2,JAURES (RUE JEAN),45,
2.023E+11,25,8,2023,15:05,1,56,56260,2,1,1,6,Parking de la Gare,47,
2.023E+11,2,4,2023,16:00,1,67,67506,1,9,1,3,PK 472.500 Autoroute A4 sens Paris Strasbourg,48,
2.023E+11,24,8,2023,18:05,1,56,56083,2,1,1,7,STANG-ER-GAT (LIEU-DIT),47,
2.023E+11,7,5,2023,03:25,3,87,87085,2,1,1,6,FEYTIAT (RUE DE),45,
2.023E+11,2,12,2023,15:35,1,75,75116,2,1,1,2,ALLEE DU BORD DE L EAU,48,
2.023E+11,17,7,2023,12:35,1,69,69034,2,1,1,3,114 Quai Clémenceau,45,
2.023E+11,7,5,2023,08:27,1,87,87085,2,1,2,6,BASTIAT (RUE FREDERIC),45,
2.023E+11,17,7,2023,05:40,2,971,97120,2,1,8,7,CHANZY (BOULEVARD),16,
2.023E+11,16,2,2023,15:15,1,59,59350,1,1,1,6,Avenue Eugene Lesperant,50,
2.023E+11,1,4,2023,11:00,1,86,86007,1,1,1,2,A10,46,
2.023E+11,24,8,2023,13:40,1,56,56083,1,1,1,2,N/A,47,
2.023E+11,2,12,2023,20:50,5,75,75114,2,2,1,3,AVENUE DU GENERAL LECLERC,48,
2.023E+11,17,2,2023,17:20,1,28,28015,1,1,1,7,D18,48,
2.023E+11,17,7,2023,00:30,5,95,95585,2,2,1,3,D125,48,
2.023E+11,8,5,2023,16:15,1,83,83137,2,1,1,2,BIR-HAKEIM (ROND POINT),43,
2.023E+11,2,4,2023,01:30,3,988,98821,1,4,8,6,VE2/Bretelle de sortie Savannah,-22,
2.023E+11,18,8,2023,18:29,1,56,56083,2,1,1,2,KERLOIS (LIEU-DIT),47,
2.023E+11,18,2,2023,15:16,1,95,95046,1,1,1,6,RD 14,49,
2.023E+11,16,7,2023,18:00,1,87,87085,2,1,1,6,VIGENAL (BOULEVARD DU),45,
2.023E+11,3,5,2023,06:58,1,80,80021,2,9,1,6,BEAUVILLE CENTRE (BOULEVARD),49,
2.023E+11,25,8,2023,13:28,1,54,54482,2,2,1,3,Rue Alexandre 1er,48,
2.023E+11,29,1,2023,17:55,5,91,91129,2,1,1,2,5 Avenue d'Arpajon,48,
2.023E+11,2,4,2023,03:15,5,971,97111,1,1,1,6,La Coque,16,
2.023E+11,16,7,2023,14:28,1,87,87075,1,3,1,3,RN 21,45,
2.023E+11,2,4,2023,18:30,1,2B,2B296,1,1,1,6,D13,42,
2.023E+11,17,2,2023,16:15,1,66,66115,1,1,9,3,D11 PK 41-900KM,42,
2.023E+11,25,8,2023,10:45,1,54,54580,2,3,1,6,Rue Albert Lebrun,49,
2.023E+11,16,7,2023,09:15,1,87,87085,2,2,1,3,GARIBALDI (AVENUE),45,
2.023E+11,8,5,2023,18:20,1,77,77288,2,1,1,6,CARMES  (AVENUE DES),48,
2.023E+11,3,12,2023,02:30,5,75,75108,2,2,1,3,AVENUE DE FRIEDLAND,48,
2.023E+11,26,8,2023,14:15,1,51,51454,2,1,1,7,VENISE (RUE),49,
2.023E+11,1,4,2023,16:00,1,34,34327,1,1,1,1,M68,43,
2.023E+11,15,7,2023,16:38,1,87,87085,2,2,1,7,BERTHELOT (AVENUE),45,
2.023E+11,18,2,2023,11:20,1,66,66069,1,3,1,3,,42,
2.023E+11,25,8,2023,11:45,1,50,50066,1,6,1,3,AVRANCHES (AVENUE D'),48,
2.023E+11,2,12,2023,15:30,1,75,75116,2,3,1,6,AVENUE DE VERSAILLES,48,
2.023E+11,9,5,2023,17:30,1,77,77449,2,9,2,7,RD 345,48,
2.023E+11,17,2,2023,11:24,1,52,52269,1,1,1,7,Rue de Saints-Geosmes,47,
2.023E+11,31,3,2023,21:50,5,34,34057,2,2,1,3,18 Avenue Aristide Briand,43,
2.023E+11,13,7,2023,20:30,1,87,87085,2,1,1,6,RHIN ET DANUBE (RUE),45,
2.023E+11,24,8,2023,21:55,5,50,50129,2,1,1,1,CALIGNY (QUAI DE),49,
2.023E+11,2,4,2023,15:15,1,84,84065,1,1,1,1,798 Ancienne Route de Puget,43,
2.023E+11,2,4,2023,06:00,2,83,83071,1,1,1,6,Le Bas Jasson,43,
2.023E+11,3,12,2023,19:24,5,94,94073,2,9,1,3,Av du Pdt Franklin Roosevelt,48,
2.023E+11,24,8,2023,16:55,1,50,50129,2,3,1,2,NAPOLEON (PLACE),49,
2.023E+11,9,5,2023,08:38,1,77,77058,2,3,2,3,D406,48,
2.023E+11,13,7,2023,20:21,1,87,87085,2,3,1,6,GUE DE VERTHAMONT (RUE),45,
2.023E+11,17,2,2023,16:20,1,68,68004,2,3,1,3,Rue de Givet,47,
2.023E+11,1,4,2023,22:40,5,83,83069,2,1,1,6,St Nicolas,43,
2.023E+11,23,8,2023,11:40,1,50,50129,2,1,1,2,ASSELIN (RUE),49,
2.023E+11,3,12,2023,19:05,5,94,94017,2,1,1,2,Avenue Marx Dormoy,48,
2.023E+11,8,5,2023,17:15,1,77,77186,1,1,1,1,RD 409,48,
2.023E+11,17,2,2023,22:20,5,57,57474,2,1,1,3,88 Rue de Boussange,49,
2.023E+11,2,4,2023,06:30,2,13,13014,1,2,1,1,D113,43,
2.023E+11,25,8,2023,09:20,1,49,49007,2,1,1,3,Boulevard Jean Sauvage,47,
2.023E+11,3,12,2023,21:20,5,93,93005,2,9,1,1,Av I et Frederic Joliot Curie,48,
2.023E+11,10,5,2023,09:45,1,77,77131,1,1,3,3,REBAIS (AVENUE DE),48,
2.023E+11,16,7,2023,20:30,1,83,83050,2,1,1,1,TUTTLINGEN(AVENUE DE),43,
2.023E+11,17,2,2023,23:15,4,57,57032,1,1,1,1,D11,49,
2.023E+11,25,8,2023,03:09,3,49,49007,2,1,1,6,PASTEUR AVENUE,47,
2.023E+11,1,4,2023,14:15,1,13,13041,1,1,1,2,Route Departementale 6,43,
2.023E+11,17,2,2023,19:10,5,73,73015,2,1,1,6,Route du belvédère,45,
2.023E+11,17,7,2023,07:50,1,81,81060,2,1,1,3,RODEZ  (AVENUE DE),44,
2.023E+11,3,12,2023,17:30,2,93,93046,2,5,1,3,Boulevard Jean Jaurès / Avenue Montesquieu,48,
2.023E+11,24,8,2023,20:10,1,49,49007,2,1,1,6,GAGARINE RUE ET SQUARE,47,
2.023E+11,2,4,2023,05:00,3,3,3298,1,1,8,6,Route Départementale 46,46,
2.023E+11,17,2,2023,20:15,5,42,42094,2,1,1,1,Chemin des Monts,45,
2.023E+11,25,8,2023,07:45,1,45,45234,2,6,2,3,Avenue de Concyr,47,
2.023E+11,9,5,2023,07:30,1,76,76351,2,6,2,3,PIERRE NAZE (PLACE),49,
2.023E+11,3,12,2023,18:30,5,92,92078,2,1,1,2,VERDUN (AVENUE) (IMPAIRS 1 A 25),48,
2.023E+11,2,4,2023,00:30,5,74,74280,2,1,8,6,Rue des clefs,45,
2.023E+11,12,7,2023,06:20,1,78,78335,1,1,1,5,RD983,48,
2.023E+11,23,3,2023,12:15,1,26,26313,2,1,1,6,101 Avenue de Provence,44,
2.023E+11,17,2,2023,10:20,1,33,33268,2,3,1,3,Rue du General de Gaulle,45,
2.023E+11,26,8,2023,09:55,1,42,42207,2,2,1,3,Avenue de la Libération,45,
2.023E+11,4,12,2023,15:35,1,60,60137,1,2,3,3,D37,49,
2.023E+11,17,2,2023,22:45,3,50,50492,1,1,1,6,2 Hameau Barbey,49,
2.023E+11,17,8,2023,11:50,1,42,42330,2,1,1,6,Rue de Bourgeat,45,
2.023E+11,6,5,2023,15:35,1,76,76351,2,4,2,5,GENERAL FERRIE (AVENUE),49,
2.023E+11,2,4,2023,13:30,1,31,31048,1,1,1,6,Baure,43,
2.023E+11,18,2,2023,08:35,1,56,56023,2,1,2,7,Rue du Stade,47,
2.023E+11,3,12,2023,17:50,3,1,1333,1,1,1,1,D1083,45,
2.023E+11,15,7,2023,17:30,1,77,77067,1,1,1,1,D.346,48,
2.023E+11,25,8,2023,19:44,1,42,42044,2,1,8,5,Rue de la Libération,45,
2.023E+11,2,4,2023,10:45,1,35,35072,1,4,1,3,D108,48,
2.023E+11,16,2,2023,10:20,1,22,22242,1,1,1,2,D786 LE HONCHET,48,
2.023E+11,3,12,2023,14:55,1,73,73269,1,1,8,6,D921c,45,
2.023E+11,5,5,2023,22:20,4,76,76351,1,1,1,4,VERDUN (RUE DE),49,
2.023E+11,25,8,2023,09:05,1,41,41018,2,1,2,7,BAS RIVIERE,47,
2.023E+11,4,12,2023,16:35,1,84,84088,1,1,2,7,D49,44,
2.023E+11,17,7,2023,08:10,1,77,77186,1,2,7,3,RD 142 Glandée au grand veneur,48,
2.023E+11,31,3,2023,22:00,3,69,69294,1,1,1,5,Autoroute 7  ,45,
2.023E+11,4,12,2023,07:50,5,95,95487,2,1,3,6,8 MAI 1945 (RUE DU),49,
2.023E+11,10,5,2023,15:15,1,76,76349,1,3,1,2,RD 925,49,
2.023E+11,18,2,2023,14:48,1,60,60213,1,1,1,1,N330,49,
2.023E+11,17,7,2023,20:40,1,77,77131,1,1,1,2,D402 ,48,
2.023E+11,31,3,2023,23:14,3,91,91560,1,1,1,6,RN 104,48,
2.023E+11,25,8,2023,18:35,2,38,38544,2,3,1,3,JOSEPH SAVIGNE(RUE),45,
2.023E+11,3,12,2023,20:50,3,95,95529,2,1,1,6,NEUVE (ROUTE),49,
2.023E+11,17,2,2023,20:50,3,60,60160,1,1,1,7,D15,49,
2.023E+11,29,11,2023,23:00,3,29,29181,1,1,1,7,lotissement de Keranfloch,48,
2.023E+11,9,5,2023,20:15,1,76,76217,2,5,1,6,CITE DE LIMES (RUE),49,
2.023E+11,26,8,2023,21:10,5,37,37214,2,1,1,2,DE GAULLE (BD CHARLES),47,
2.023E+11,31,3,2023,15:05,1,91,91161,1,1,1,4,AUTOROUTE A6,48,
2.023E+11,18,2,2023,13:40,1,2,2381,1,1,1,6,Route de Blangy,49,
2.023E+11,2,12,2023,20:00,5,974,97410,2,6,1,1,Rond-Point des Plaines,-21,
2.023E+11,16,7,2023,12:00,1,76,76231,1,1,2,1,Rue de la Saussaye,49,
2.023E+11,1,4,2023,10:20,5,92,92062,1,1,9,7,A14,48,
2.023E+11,10,5,2023,20:30,2,74,74012,2,5,1,3,AMOUREUX (RUE DES),46,
2.023E+11,26,8,2023,03:45,5,34,34172,2,1,1,3,Avenue des Garrats,43,
2.023E+11,17,2,2023,20:45,5,80,80442,1,1,1,7,Rue des Osiers,49,
2.023E+11,1,9,2023,19:33,1,30,30334,2,1,1,6,Place des Cordeliers,44,
2.023E+11,31,3,2023,16:00,1,93,93005,1,1,1,3,AUTOROUTE A3,48,
2.023E+11,17,7,2023,10:00,1,69,69256,2,2,1,3,Avenue de Böhlen,45,
2.023E+11,10,5,2023,11:45,1,74,74012,2,4,1,2,ETREMBIERES (ROUTE D'),46,
2.023E+11,17,11,2023,14:45,1,31,31203,2,1,1,6,34 Avenue du Chêne Vert,43,
2.023E+11,1,4,2023,07:10,1,988,98818,2,1,1,6,N°21 RUE GEORGES LEQUES,-22,
2.023E+11,26,8,2023,18:50,1,34,34172,2,1,1,4,ORIENT (BOULEVARD D'),43,
2.023E+11,10,5,2023,08:30,1,72,72181,2,1,1,2,ESTIENNE D'ORVES (BD D'),48,
2.023E+11,17,7,2023,19:05,1,69,69290,2,5,1,3,Rue de Provence,45,
2.023E+11,31,3,2023,20:25,5,974,97411,1,1,1,2,JAURES (BLD 1 JEAN),-20,
2.023E+11,4,12,2023,08:45,1,79,79355,1,1,2,4,N/A,46,
2.023E+11,17,2,2023,07:28,1,13,13215,1,1,1,3,A7-Sens Marseille vers Lyon,43,
2.023E+11,25,8,2023,02:12,3,34,34336,1,6,1,3,MEDITERRANEE (ROND POINT DE LA),43,
2.023E+11,30,9,2023,10:15,1,6,6136,1,1,1,1,2415 Route du Col Saint Jean,43,
2.023E+11,8,5,2023,14:05,1,72,72181,2,1,1,2,LIBERATION (AV DE LA) N° PAIRS 2 A 122,48,
2.023E+11,31,3,2023,19:10,5,973,97302,1,6,2,3,CRIQUE FOUILLEE (ROND POINT),4,
2.023E+11,4,12,2023,12:50,1,33,33140,1,1,2,6,Le Genestat,44,
2.023E+11,15,2,2023,06:30,5,69,69199,1,1,1,3,Route Départementale 383,45,
2.023E+11,25,8,2023,14:05,1,34,34003,2,1,1,3,Route de Rochelongue,43,
2.023E+11,29,9,2023,18:10,1,6,6079,2,1,1,6,Boulevard des Écureuils,43,
2.023E+11,17,7,2023,05:05,2,67,67482,2,1,1,2,ROMAINS (ROUTE DES),48,
2.023E+11,31,3,2023,09:50,1,973,97302,2,1,1,2,EBOUE (ROCADE FELIX),4,
2.023E+11,4,5,2023,16:58,1,72,72181,2,1,1,3,KLOTZ HENRI-PIERRE (AV),48,