Num_Acc,jour,mois,an,hrmn,lum,dep,com,agg,int,atm,col,adr,lat,long
2.023E+11,29,9,2023,08:50,1,94,94079,1,1,1,2,A4,48,
2.023E+11,25,8,2023,12:05,1,75,75118,2,2,1,6,BOULEVARD NEY,48,
2.023E+11,16,6,2023,17:45,1,25,25427,2,1,1,1,5 Chemin du Rang,47,
2.023E+11,5,5,2023,00:00,5,42,42218,2,2,1,3,Boulevard Maréchal de Lattre de Tassigny,45,
2.023E+11,17,7,2023,11:00,1,94,94022,2,5,1,3,Avenue de Newburn,48,
2.023E+11,13,6,2023,14:30,1,38,38185,2,6,1,3,AVENUE DE L'EUROPE,45,
2.023E+11,23,7,2023,17:30,1,77,77442,2,1,1,1,D210,48,
2.023E+11,15,2,2023,12:35,1,66,66136,2,1,1,2,,42,
2.023E+11,1,12,2023,20:35,3,972,97213,2,1,1,6,GEORGES GRATIANT (AVENUE),14,
2.023E+11,26,8,2023,18:15,1,75,75117,2,2,1,3,BOULEVARD PEREIRE,48,
2.023E+11,17,7,2023,15:00,1,93,93059,2,1,1,7,Boulevard Pasteur,48,
2.023E+11,23,6,2023,21:45,2,55,55544,1,1,1,6,D118b,49,
2.023E+11,13,6,2023,14:05,1,37,37233,2,2,1,3,BALZAC (RUE HONORE DE),47,
2.023E+11,9,5,2023,10:00,1,42,42099,1,4,1,3,Rue Charles de Gaulle,45,
2.023E+11,17,7,2023,19:10,1,93,93064,2,1,1,6,Boulevard de la Boissière,48,
2.023E+11,1,12,2023,18:00,5,972,97209,1,1,1,1,REDOUTE (ROUTE DE LA),14,
2.023E+11,25,8,2023,18:15,1,75,75117,2,7,1,6,AVENUE DE VILLIERS,48,
2.023E+11,16,2,2023,19:00,5,59,59599,2,2,1,3,MARNE (AVENUE DE LA),50,
2.023E+11,28,9,2023,11:45,1,988,98818,2,3,1,6,RUE UNGER/ALI RALEB,-22,
2.023E+11,2,12,2023,22:55,5,2B,2B033,2,6,6,6,SAMPIERO CORSO - AV,42,
2.023E+11,17,7,2023,19:00,2,93,93048,2,1,1,3,Rue Kléber,48,
2.023E+11,25,8,2023,13:10,1,75,75117,2,1,8,6,AVENUE EMILE ET ARMAND MASSARD,48,
2.023E+11,28,9,2023,07:35,1,974,97416,1,1,1,7,CD 29,-21,
2.023E+11,13,6,2023,08:50,1,37,37208,2,9,1,3,ECORCHEVEAU (RUE DE L'),47,
2.023E+11,9,5,2023,17:11,1,38,38151,2,2,3,3,COURS JEAN JAURÈS,45,
2.023E+11,15,2,2023,20:50,5,59,59350,2,1,1,6,Boulevard Jean-Baptiste Lebas,50,
2.023E+11,28,9,2023,08:45,1,973,97302,2,1,1,7,ZEPHIR (ROCADE),4,
2.023E+11,17,7,2023,09:30,1,93,93079,2,1,1,2,Route de Saint-leu,48,
2.023E+11,25,8,2023,22:55,5,75,75107,2,2,1,3,Quai d'Orsay,48,
2.023E+11,13,6,2023,23:54,5,35,35238,2,1,1,1,VOLNEY (BD),48,
2.023E+11,11,2,2023,11:40,1,56,56260,2,6,1,6,CHATEAUBRIAND(RUE FRANCOIS DE),47,
2.023E+11,9,5,2023,11:40,1,38,38185,2,1,1,3,MARCEAU (RUE),45,
2.023E+11,1,12,2023,18:07,3,2B,2B037,1,1,1,4,TOUTES RUES,42,
2.023E+11,28,9,2023,06:15,2,973,97302,2,1,1,7,MADELEINE (ROUTE DE LA),4,
2.023E+11,17,7,2023,11:15,1,93,93029,2,1,1,6,Rue de la République,48,
2.023E+11,3,12,2023,01:15,5,2A,2A004,2,1,1,-1,MACCHINI EUGENE AVENUE,41,
2.023E+11,13,6,2023,08:45,1,35,35278,1,1,1,2,RD 137,48,
2.023E+11,17,7,2023,13:50,1,93,93013,2,1,1,6,Avenue de la Division Leclerc,48,
2.023E+11,16,2,2023,19:50,5,54,54184,2,1,1,3,Avenue de Saulxures,48,
2.023E+11,10,5,2023,20:10,1,37,37261,2,1,8,3,HOSPITALITE (RUE DE L'),47,
2.023E+11,28,9,2023,10:04,1,69,69388,2,8,1,3,Boulevard des Etats-Unis,45,
2.023E+11,26,8,2023,15:00,1,75,75115,2,3,1,2,RUE DE VAUGIRARD,48,
2.023E+11,13,6,2023,12:30,1,34,34301,2,1,1,6,427 Boulevard de Verdun,43,
2.023E+11,9,5,2023,09:16,1,37,37214,2,1,2,2,SAINT CYR (QUAI DE),47,
2.023E+11,16,2,2023,13:35,1,54,54138,1,1,1,2,52 (ROUTE NATIONALE),49,
2.023E+11,28,9,2023,04:15,5,69,69383,2,9,1,6,Rue Paul Bert,45,
2.023E+11,17,7,2023,11:35,1,93,93001,2,2,1,3,Avenue Jean Jaurès / Avenue de la République,48,
2.023E+11,10,6,2023,10:10,1,34,34032,1,1,1,3,RD609,43,
2.023E+11,25,8,2023,19:45,1,75,75115,2,1,1,2,RUE DU COLONEL PIERRE AVIA,48,
2.023E+11,2,12,2023,10:00,1,95,95277,2,1,1,7,D970,48,
2.023E+11,9,5,2023,09:15,1,37,37122,2,2,3,3,BORDEAUX (AVENUE DE),47,
2.023E+11,28,9,2023,06:15,1,972,97209,1,1,1,2,RD 41 (ROCADE),14,
2.023E+11,17,7,2023,10:00,1,92,92051,2,3,1,3,GENERAL LECLERC (BOULEVARD DU,,
2.023E+11,25,8,2023,14:35,1,75,75114,2,7,1,6,RUE DU CHATEAU,48,
2.023E+11,2,12,2023,19:50,2,91,91549,2,1,1,6,JACQUES DUCLOS (AVENUE),48,
2.023E+11,10,5,2023,17:25,1,35,35051,1,6,2,2,ALLIES (BOULEVARD DES),48,
2.023E+11,13,6,2023,20:15,1,31,31555,2,1,1,3,AV FREDERIC ESTEBE,43,
2.023E+11,29,9,2023,01:40,5,69,69382,2,2,1,6,Place Antonin Poncet,45,
2.023E+11,17,7,2023,09:40,1,92,92012,2,1,1,3,MARCEL SEMBAT (PLACE),48,
2.023E+11,2,12,2023,17:30,5,91,91549,2,3,1,3,GRANDE CHARMILLE DU PARC (AVENUE DE LA),48,
2.023E+11,28,9,2023,19:00,2,69,69389,2,1,1,2,3 Quai Paul Sédallian,45,
2.023E+11,9,5,2023,11:45,1,35,35278,1,2,2,3,BERTAICHE  (LIEU DIT),48,
2.023E+11,16,2,2023,16:45,1,51,51454,2,6,1,6,avenue Christophe Colomb,49,
2.023E+11,25,8,2023,19:30,1,75,75112,2,3,1,3,AVENUE DU TREMBLAY,48,
2.023E+11,13,6,2023,18:10,1,29,29232,2,2,1,1,Rue President Sadate,47,
2.023E+11,18,7,2023,19:13,1,39,39329,1,1,1,7,N/A,46,
2.023E+11,1,12,2023,18:20,5,91,91027,2,1,1,2,AV HENRI DUNANT,48,
2.023E+11,27,9,2023,19:20,2,69,69389,2,2,1,3,21 Avenue Sidoine Apollinaire,45,
2.023E+11,9,5,2023,08:20,1,35,35238,1,1,1,2,RN136,48,
2.023E+11,16,2,2023,11:15,1,51,51431,2,9,1,6,Rue Jules Lobet,49,
2.023E+11,2,12,2023,10:50,1,78,78650,2,6,1,1,ETATS UNIS (BOULEVARD DES),48,
2.023E+11,27,9,2023,21:50,3,971,97101,2,9,1,3,PALAIS ROYAL,16,
2.023E+11,24,6,2023,20:45,2,35,35126,2,2,1,7,Rue du Championnat,47,
2.023E+11,25,8,2023,09:00,1,75,75112,2,2,1,6,AVENUE DE SAINT MANDE,48,
2.023E+11,13,2,2023,12:30,1,50,50129,2,1,1,2,ABBAYE (RUE DE L'),49,
2.023E+11,28,9,2023,10:55,1,2A,2A004,2,1,1,6,AVENUE DU DOCTEUR NOEL FRANCHINI,41,
2.023E+11,2,12,2023,08:50,1,78,78650,2,1,1,1,GEORGES CLEMENCEAU (AVENUE),48,
2.023E+11,9,5,2023,17:30,1,33,33063,1,9,2,4,Boulevard Alienor d'Aquitaine,44,
2.023E+11,12,6,2023,14:10,1,17,17306,1,1,3,4,EXPRESS (VOIE),45,
2.023E+11,17,7,2023,17:50,1,22,22209,2,3,1,3,Rue Paul Vatine,48,
2.023E+11,22,8,2023,12:15,1,75,75112,2,3,1,3,BOULEVARD SOULT,48,
2.023E+11,15,2,2023,15:44,1,49,49007,2,1,1,6,LA BRUYERE,47,
2.023E+11,9,5,2023,14:15,1,29,29019,2,1,1,5,avenue Georges Clemenceau,48,
2.023E+11,13,6,2023,14:00,1,17,17300,2,2,1,7,ROBESPIERRE   AVENUE,46,
2.023E+11,28,9,2023,13:20,1,95,95018,2,2,1,6,JEAN JAURES (AVENUE),48,
2.023E+11,18,7,2023,12:00,1,68,68044,2,1,1,2,20 Rue du 3e Spahis Algeriens,48,
2.023E+11,13,6,2023,18:30,1,13,13117,2,1,1,6,SALYENS ( AVENUE DES ),43,
2.023E+11,16,2,2023,14:40,1,37,37261,2,7,1,6,FRANCE (PLACE ANATOLE),47,
2.023E+11,25,8,2023,23:05,3,75,75109,2,3,1,6,RUE CONDORCET,48,
2.023E+11,28,9,2023,12:00,1,91,91421,1,1,1,1,NATIONALE 6 (PARTIE FORET),48,
2.023E+11,1,12,2023,07:55,3,77,77284,2,1,8,1,ALLENDE (AV.SALVADOR),48,
2.023E+11,17,7,2023,14:30,1,51,51599,1,1,1,3,RD 944 - PK 45,49,
2.023E+11,15,2,2023,07:45,1,37,37214,2,1,1,6,HAUTE VAISPREE (RUE DE LA),47,
2.023E+11,13,6,2023,17:50,1,13,13209,1,1,8,1,COL DE LA GINESTE D559,43,
2.023E+11,18,7,2023,18:00,1,60,60279,1,1,1,6,Nationale 2,49,
2.023E+11,2,12,2023,19:15,4,76,76540,1,1,1,2,N28,49,
2.023E+11,28,9,2023,08:00,2,91,91114,2,1,1,3,RTE NATIONALE 6,48,
2.023E+11,13,6,2023,16:10,1,13,13211,2,9,1,2,HENRI MARTINET (ROND POINT ),43,
2.023E+11,17,7,2023,19:40,1,34,34259,1,1,1,6,N109,43,
2.023E+11,16,2,2023,11:50,1,35,35238,2,3,2,3,PAYS-BAS (AVENUE DES),48,
2.023E+11,30,11,2023,17:45,5,73,73011,2,1,3,6,CHASSEURS ALPINS (AV.) P. DUROY VERS AV,45,
2.023E+11,25,8,2023,18:30,1,75,75108,2,7,1,7,PLACE SAINT AUGUSTIN,48,
2.023E+11,27,9,2023,17:30,1,91,91691,2,6,1,2,GRANGE(AVENUE),48,
2.023E+11,13,6,2023,15:00,1,13,13209,2,1,1,3,LÉON LACHAMP (ROUTE),43,
2.023E+11,18,7,2023,08:54,1,62,62767,2,1,1,6,Rue des Carmes,50,
2.023E+11,18,1,2023,22:00,5,34,34301,2,1,1,6,2 Boulevard de Verdun,43,
2.023E+11,2,12,2023,07:20,5,72,72181,2,1,9,7,SAINT AUBIN (RUE) N° IMP 85 ET >,48,
2.023E+11,28,9,2023,07:40,1,87,87085,2,3,1,7,LEGENDRE (RUE CHARLES),45,
2.023E+11,12,6,2023,17:37,1,12,12089,1,1,2,1,D 963,44,
2.023E+11,9,5,2023,06:45,1,26,26198,1,1,1,3,RN7 (secteur Nord),44,
2.023E+11,18,7,2023,07:50,1,56,56156,1,1,1,1,PRAT MÉRIEN,48,
2.023E+11,23,8,2023,08:00,1,75,75108,2,2,1,6,BOULEVARD DE COURCELLES,48,
2.023E+11,16,2,2023,07:00,5,33,33162,2,3,1,3,Rue de Langlet,44,
2.023E+11,13,6,2023,13:57,1,11,11069,1,1,1,2,ROCADE NORD - RD 6113,43,
2.023E+11,15,7,2023,23:15,5,56,56240,2,6,2,7,Giratoire de Kergroës,47,
2.023E+11,9,5,2023,13:25,1,25,25056,2,1,2,6,ALLENDE  BOULEVARD SALVADOR,47,
2.023E+11,27,9,2023,08:05,1,80,80021,2,1,1,3,ELBEUF (RUE D'),49,
2.023E+11,16,2,2023,12:58,1,32,32013,2,6,1,7,BOURGET,43,
2.023E+11,2,12,2023,06:06,5,63,63113,2,6,4,3,MAYER (BD DANIEL),45,
2.023E+11,12,6,2023,12:44,1,11,11069,2,1,2,6,27 Boulevard Marcou,43,
2.023E+11,9,5,2023,11:30,1,25,25056,2,8,1,6,N/A,47,
2.023E+11,26,8,2023,15:32,1,75,75107,2,2,1,3,BOULEVARD DES INVALIDES,48,
2.023E+11,16,7,2023,09:25,1,56,56067,1,1,1,6,Lieu dit Cosqueric,47,
2.023E+11,26,9,2023,11:20,1,80,80021,2,1,1,3,PAUL CLAUDEL (AVENUE),49,
2.023E+11,16,2,2023,17:05,1,25,25547,2,1,1,6,AVENUE LECLERC,47,
2.023E+11,9,5,2023,10:35,1,22,22278,2,1,1,7,CAPUCINS (DES),48,
2.023E+11,2,12,2023,20:30,5,59,59512,2,1,1,2,METZ (BOULEVARD DE),50,
2.023E+11,12,6,2023,18:31,1,10,10387,2,1,1,3,GEORGES POMPIDOU (RUE),48,
2.023E+11,26,9,2023,12:00,1,80,80021,2,1,1,3,DE LA ROCHEFOUCAULD (RUE),49,
2.023E+11,25,8,2023,23:40,5,75,75107,2,2,1,6,RUE SAINT DOMINIQUE,48,
2.023E+11,17,7,2023,12:40,1,82,82112,1,1,1,1,Route Départementale 927,44,
2.023E+11,6,5,2023,10:45,1,18,18033,2,1,1,6,9 Rue Coursarlon,47,
2.023E+11,2,12,2023,22:25,5,59,59360,2,1,8,6,FOCH RUE DU MARECHAL,50,
2.023E+11,13,6,2023,08:50,1,6,6155,2,9,1,6,MARTYRS DE LA RESISTANCE AV.DES,43,
2.023E+11,16,2,2023,10:15,1,14,14118,2,3,1,2,6 Boulevard Aristide Briand,49,
2.023E+11,17,7,2023,22:45,4,82,82079,1,1,1,6,Route de Montauban,43,
2.023E+11,9,5,2023,07:45,1,17,17415,2,1,2,3,REPUBLIQUE QUAI DE LA,45,
2.023E+11,28,9,2023,23:18,5,78,78403,2,2,1,1,CHATEAUBRIAND (AVENUE),48,
2.023E+11,5,6,2023,09:00,1,2,2722,2,6,1,2,,49,
2.023E+11,25,8,2023,20:45,5,75,75102,2,5,1,3,RUE DE LA PAIX,48,
2.023E+11,2,12,2023,10:30,1,59,59350,2,1,1,3,VAUBAN BOULEVARD N°2-18-1-39,50,
2.023E+11,25,9,2023,14:00,1,78,78498,2,1,1,6,DEVAUX BD,48,
2.023E+11,18,7,2023,18:35,1,49,49228,2,1,1,1,D138,47,
2.023E+11,15,2,2023,15:00,1,13,13117,1,1,1,2,Route nationale 113,43,
2.023E+11,12,6,2023,15:45,1,75,75117,2,1,1,3,BD PERIPHERIQUE INTERIEUR,48,
2.023E+11,10,5,2023,09:50,1,17,17380,1,2,1,4,EXPRESS (VOIE),45,
2.023E+11,25,8,2023,15:50,1,75,75101,2,2,8,2,BOULEVARD DE SEBASTOPOL,48,
2.023E+11,2,12,2023,06:30,5,59,59350,2,2,1,3,BASCULE,,
2.023E+11,16,2,2023,11:20,1,13,13001,2,1,1,6,,43,
2.023E+11,17,7,2023,20:35,2,46,46173,1,1,1,1,D19,44,
2.023E+11,12,6,2023,07:20,1,75,75118,2,1,1,2,BD PERIPHERIQUE EXTERIEUR,48,
2.023E+11,3,5,2023,12:30,1,15,15012,2,1,1,3,NIEPCE (RUE NICEPHORE),44,
2.023E+11,25,8,2023,01:10,5,75,75102,2,2,1,3,Rue Réaumur,48,
2.023E+11,28,9,2023,13:00,1,77,77132,1,1,1,4,RD 934,48,
2.023E+11,12,6,2023,23:00,5,75,75116,2,1,1,6,ALLEE DE LONGCHAMP,48,
2.023E+11,16,2,2023,12:15,1,12,12176,2,1,1,3,SEVERAC LE CHATEAU (ROUTE DE ),44,
2.023E+11,2,12,2023,18:30,5,54,54578,2,1,1,3,Avenue du General Leclerc,48,
2.023E+11,17,7,2023,14:45,1,47,47214,1,1,1,3,D143,44,
2.023E+11,3,5,2023,08:12,1,15,15014,2,2,7,6,RN 122,44,
2.023E+11,27,9,2023,22:00,5,76,76351,2,1,1,1,GENERAL FERRIE (AVENUE),49,
2.023E+11,15,11,2023,15:30,1,54,54099,2,6,1,7,Avenue Albert de Briey,49,
2.023E+11,24,8,2023,19:40,1,75,75101,2,2,1,3,RUE DE RIVOLI,48,
2.023E+11,17,7,2023,07:00,1,41,41256,1,1,1,6,D41,47,
2.023E+11,16,2,2023,14:40,1,11,11069,2,1,1,2,270 Avenue du Général Leclerc,43,
2.023E+11,13,6,2023,19:30,1,75,75119,2,3,1,1,RUE RIQUET,48,
2.023E+11,24,8,2023,15:45,1,75,75101,2,7,1,6,QUAI FRANCOIS MITTERRAND,48,
2.023E+11,28,9,2023,05:20,5,76,76351,2,2,1,7,COCHET,49,
2.023E+11,2,12,2023,20:25,5,51,51454,2,3,1,6,DIEU LUMIERE (BOULEVARD) COTE PAIR,49,
2.023E+11,9,5,2023,18:00,1,14,14243,2,1,2,1,387 Chemin du Val des Moulineaux,49,
2.023E+11,16,2,2023,12:00,1,11,11069,2,1,1,3,6 Boulevard Denis Papin,43,
2.023E+11,17,7,2023,18:23,1,25,25060,2,2,1,1,Rue de l'Eglise,46,
2.023E+11,13,6,2023,11:20,1,75,75119,2,3,1,3,AVENUE JEAN JAURES,48,
2.023E+11,16,2,2023,20:30,5,7,7102,1,9,1,6,Chemin des Mulets,44,
2.023E+11,26,8,2023,15:45,1,94,94080,2,1,1,2,Rue Félix Faure,48,
2.023E+11,9,5,2023,20:40,1,14,14333,2,1,2,2,246 Chemin du Buquet,49,
2.023E+11,26,9,2023,16:15,1,76,76305,1,2,1,6,BREQUE (ROUTE),49,
2.023E+11,16,7,2023,20:40,2,25,25228,2,1,1,3,Avenue René Jacot,47,
2.023E+11,13,6,2023,10:15,1,75,75117,2,1,1,6,RUE SALNEUVE,48,
2.023E+11,16,2,2023,16:37,1,1,1289,2,1,7,6,BELLEVUE ( CHEMIN DE) PAIR,46,
2.023E+11,27,9,2023,19:40,5,72,72181,2,9,1,1,GLONNIERES (BD) N° PAIRS,47,
2.023E+11,10,5,2023,19:00,1,13,13211,2,3,1,3,PAGEOTTE (CHEMIN DE LA),43,
2.023E+11,26,8,2023,18:00,1,94,94052,2,2,8,3,N486,48,
2.023E+11,3,12,2023,00:15,4,47,47031,1,1,5,7,RD 813 (nouvelle rocade),44,
2.023E+11,11,6,2023,23:40,5,75,75115,2,7,8,2,PLACE DE BRETEUIL,48,
2.023E+11,27,9,2023,19:30,2,72,72181,2,1,1,3,DURAND GEORGES (AV) N° IMP 313 ET plus,47,
2.023E+11,10,5,2023,15:30,1,13,13208,2,1,1,3,MADRAGUE DE MONTREDON (AVE DE LA) ,43,
2.023E+11,14,7,2023,01:00,3,44,44023,1,1,1,6,Saint Eloi,47,
2.023E+11,24,8,2023,17:05,1,94,94058,2,1,1,3,Avenue du Général de Gaulle,48,
2.023E+11,15,2,2023,08:18,1,976,97611,2,1,1,2,tsoundzou-Mangadzia  Tsoundzou 2 (rue ),-12,
2.023E+11,17,7,2023,12:20,1,29,29277,1,1,1,7,D764,48,
2.023E+11,13,6,2023,15:25,1,75,75114,2,2,1,3,RUE GASSENDI,48,
2.023E+11,27,9,2023,09:50,1,72,72181,2,9,1,2,PORT (RUE DU),48,
2.023E+11,7,5,2023,18:00,1,13,13215,2,1,1,3,MADRAGUE VILLE (chemin de la),43,
2.023E+11,26,8,2023,12:45,1,94,94016,2,1,1,3,Avenue du Président Wilson,48,
2.023E+11,15,2,2023,16:00,1,974,97416,2,1,1,5,RN2 (2),-21,
2.023E+11,28,9,2023,15:50,1,71,71076,2,1,1,6,DE LATTRE DE TASSIGNY(MARECHAL),46,
2.023E+11,15,7,2023,19:15,1,29,29176,1,1,1,1,Village Lanzent,48,
2.023E+11,8,5,2023,23:43,5,13,13212,2,9,1,3,CAILLOLS (AVENUE DES),43,
2.023E+11,13,6,2023,11:27,1,75,75113,2,7,1,7,PLACE VALHUBERT,48,
2.023E+11,25,8,2023,12:15,1,94,94021,2,1,1,6,Rue d'Agen,48,
2.023E+11,9,5,2023,19:25,2,13,13209,2,1,2,1,COL DE LA GINESTE D559,43,
2.023E+11,28,9,2023,09:50,1,69,69264,2,1,1,2,Boulevard Général Leclerc,45,
2.023E+11,15,2,2023,15:41,1,973,97302,2,4,1,3,SOURCE DE BADUEL (CHEMIN DE LA),4,
2.023E+11,13,6,2023,23:15,5,75,75112,2,3,1,3,AVENUE LEDRU ROLLIN,48,
2.023E+11,17,7,2023,17:35,1,29,29072,2,2,1,3,Rue Louis Pasteur,47,
2.023E+11,25,8,2023,18:00,1,94,94028,2,1,1,2,Route de Choisy,48,
2.023E+11,9,5,2023,18:30,1,13,13212,2,1,2,2,SAINT JULIEN (AVENUE DE ),43,
2.023E+11,15,2,2023,07:05,1,973,97302,2,3,1,3,TIGRE (ROUTE DU),4,
2.023E+11,18,7,2023,12:15,1,2,2810,1,1,1,6,D936,49,
2.023E+11,28,9,2023,07:30,1,69,69290,2,6,1,3,Rue du Progrès,45,
2.023E+11,13,6,2023,16:58,1,75,75111,2,4,1,3,AVENUE LEDRU ROLLIN,48,
2.023E+11,9,5,2023,15:05,1,13,13205,2,3,1,3,JEAN MOULIN (BOULEVARD),43,
2.023E+11,15,2,2023,14:41,1,972,97209,2,1,1,1,MOUTTE (ROUTE DE),14,
2.023E+11,25,8,2023,09:45,1,94,94011,2,9,8,3,Rue Pierre Sémard,48,
2.023E+11,13,6,2023,16:10,1,75,75111,2,1,1,3,BOULEVARD VOLTAIRE,48,
2.023E+11,27,9,2023,18:45,1,69,69290,2,1,1,1,Boulevard de la Cité Berliet,45,
2.023E+11,14,7,2023,16:05,1,50,50003,2,2,3,3,Avenue des Pins,49,
2.023E+11,15,2,2023,19:30,5,69,69385,2,2,1,3,Avenue de Ménival,45,
2.023E+11,13,6,2023,19:40,1,75,75110,2,2,1,6,BOULEVARD DE STRASBOURG,48,
2.023E+11,24,8,2023,19:45,2,94,94017,2,3,1,2,Avenue du Général de Gaulle,48,
2.023E+11,15,2,2023,10:50,1,69,69081,2,2,1,6,Place Charles de Gaulle,45,
2.023E+11,18,7,2023,20:35,1,50,50410,2,1,1,2,16 Rue Couesnon,48,
2.023E+11,13,6,2023,14:20,1,75,75109,2,2,1,1,RUE LA FAYETTE,48,
2.023E+11,25,8,2023,20:10,1,94,94002,2,2,1,3,Rue de Seine,48,
2.023E+11,15,2,2023,17:17,1,2A,2A004,2,3,1,3,ALATA ROUTE,41,
2.023E+11,28,9,2023,08:55,1,67,67447,2,3,1,1,TRIBUNAL (RUE DU),48,
2.023E+11,17,7,2023,21:10,1,50,50436,1,2,1,2,D205,48,
2.023E+11,13,6,2023,07:45,1,75,75108,2,7,1,3,PLACE DE L ALMA,48,
2.023E+11,26,8,2023,03:00,3,93,93070,2,9,1,6,Rue Emile Cordon,48,
2.023E+11,18,7,2023,19:30,1,60,60277,2,1,1,7,Lieu dit l'Italienne,49,
2.023E+11,15,2,2023,08:12,1,2A,2A004,2,1,1,4,SAMPIERO BD,41,
2.023E+11,28,9,2023,08:50,1,67,67482,2,8,1,6,COLMAR (AVENUE DE),48,
2.023E+11,12,6,2023,23:44,5,75,75108,2,3,1,3,AVENUE DES CHAMPS ELYSEES,48,
2.023E+11,18,7,2023,16:00,1,64,64233,2,1,1,7,RD834,43,
2.023E+11,25,8,2023,15:30,1,93,93064,2,9,1,6,Avenue du Général de Gaulle,48,
2.023E+11,17,7,2023,13:30,1,7,7204,1,1,1,6,RD 276,45,
2.023E+11,13,6,2023,08:58,1,75,75107,2,2,1,1,BOULEVARD DES INVALIDES,48,
2.023E+11,14,2,2023,16:45,1,91,91477,2,1,1,5,CARNOT (RUE),48,
2.023E+11,27,9,2023,17:10,1,67,67447,2,1,1,3,SELESTAT (RUE DE),48,
2.023E+11,18,7,2023,09:30,1,21,21332,2,1,1,7,Rue du Meix Pichot,47,
2.023E+11,28,9,2023,19:22,1,64,64130,1,1,1,7,LARRETXEKO BORDA (CHEMIN DE),43,
2.023E+11,12,6,2023,15:15,1,75,75103,2,2,1,6,BOULEVARD SAINT DENIS,48,
2.023E+11,17,7,2023,11:05,1,85,85234,2,1,1,1,78 Route de la caillauderie,46,
2.023E+11,15,2,2023,15:35,1,91,91479,2,2,1,1,AV JEAN JAURES,48,
2.023E+11,13,6,2023,20:15,1,94,94081,2,1,1,6,Avenue de l'Abbé Roger Derry,48,
2.023E+11,15,2,2023,13:45,1,91,91589,2,1,1,6,BD DES BELGES,48,
2.023E+11,18,7,2023,02:35,3,37,37014,1,1,1,6,RD 57,47,
2.023E+11,15,2,2023,07:08,2,91,91027,2,1,1,3,AV MARCEL SEMBAT,48,
2.023E+11,7,1,2023,14:50,1,974,97418,2,6,1,1,RUE DE LA FRATERNITÉ,-20,
2.023E+11,12,6,2023,21:30,2,94,94080,2,5,1,3,NOGENT (AV DE),48,
2.023E+11,17,7,2023,15:40,1,37,37050,2,2,1,3,41 avenue du grand sud,47,
2.023E+11,27,9,2023,10:30,1,64,64284,2,6,1,2,CHARLES DE GAULLE,43,
2.023E+11,14,2,2023,14:34,1,87,87085,2,1,1,7,HALEVY (RUE),45,
2.023E+11,2,1,2023,22:30,5,2B,2B311,2,3,1,3,Poraja,42,
2.023E+11,13,6,2023,07:40,1,94,94046,2,5,1,3,Avenue du Général Leclerc,48,
2.023E+11,14,7,2023,18:05,1,8,8116,2,1,1,1,24 Rue du Zouave Coco,49,
2.023E+11,14,2,2023,13:15,1,78,78029,2,2,1,3,FLEURIOTTES (RUE DES),48,
2.023E+11,4,1,2023,12:05,1,6,6128,2,1,1,2,450 route de la colle,43,
2.023E+11,13,6,2023,15:48,1,94,94043,2,1,1,7,Rue Carnot,48,
2.023E+11,22,9,2023,13:10,1,64,64335,1,6,2,3,SANTOS-DUMONT,43,
2.023E+11,15,7,2023,19:10,1,8,8222,2,3,2,3,Rue de l'Espérance,50,
2.023E+11,7,1,2023,11:25,1,89,89438,1,2,1,3,,47,
2.023E+11,15,2,2023,15:55,1,77,77445,2,1,1,1,D151,48,
2.023E+11,16,7,2023,07:45,1,67,67463,1,1,1,2,A35,48,
2.023E+11,6,1,2023,10:15,1,7,7324,2,1,1,6,42 Avenue du 8 Mai 1945,45,
2.023E+11,13,6,2023,08:47,1,94,94022,2,1,1,3,Avenue Anatole France,48,
2.023E+11,27,9,2023,07:47,1,64,64102,2,3,1,3,PAULMY (AVENUE DES ALLEES),43,
2.023E+11,7,1,2023,18:30,3,1,1185,1,1,1,1,les allobrauges,45,
2.023E+11,16,7,2023,23:00,4,35,35206,1,6,1,3,Rue de Rennes,48,
2.023E+11,15,2,2023,06:45,2,77,77186,1,2,1,3,D301 / D152,48,
2.023E+11,13,6,2023,20:20,1,94,94060,2,1,1,6,Rue du Général de Gaulle,48,
2.023E+11,28,9,2023,13:40,1,63,63300,1,1,1,6,RD 2009,45,
2.023E+11,13,6,2023,08:20,1,94,94047,2,1,1,6,Rue Paul Doumer,48,
2.023E+11,6,1,2023,18:12,2,22,22026,1,2,2,1,La Huballerie,48,
2.023E+11,16,2,2023,00:35,3,76,76497,1,1,1,2,N338 - Sud 3,49,
2.023E+11,15,9,2023,04:50,3,62,62224,2,1,1,6,D181E8,50,
2.023E+11,7,1,2023,17:30,5,60,60612,2,3,2,6,Cours Thore Montmorency,49,
2.023E+11,16,7,2023,08:30,1,11,11048,1,1,1,2,A61,43,
2.023E+11,9,2,2023,20:20,3,76,76498,1,1,1,4,N338 - Sud 3,49,
2.023E+11,6,1,2023,18:05,3,60,60575,2,1,1,6,rue de la chapelle,49,
2.023E+11,14,2,2023,20:45,5,72,72181,2,1,1,3,PREMARTINE (RUE) N° IMP 185 ET >,48,
2.023E+11,27,9,2023,16:55,1,62,62193,2,1,1,5,Cite des Cheminots,50,
2.023E+11,16,7,2023,11:30,1,987,98729,1,3,1,2,MAATEA - PK 14,,
2.023E+11,13,6,2023,09:57,1,93,93064,2,1,1,4,Rue Laënnec,48,
2.023E+11,15,2,2023,19:20,4,69,69282,2,3,1,6,Avenue Lucien Buisson,45,
2.023E+11,6,1,2023,19:20,2,13,13211,1,1,1,6,A50-Sens Marseille vers Aubagne,43,
2.023E+11,14,7,2023,17:30,1,78,78231,1,1,1,1,D928,48,