Num_Acc,jour,mois,an,hrmn,lum,dep,com,agg,int,atm,col,adr,lat,long
2.023E+11,16,2,2023,14:50,1,92,92024,2,1,7,2,ALSACE (RUE D') DE (25BIS A 77)   (38 A,48,
2.023E+11,4,1,2023,18:00,5,10,10387,2,1,2,3,SENARDES (RUE DES),48,
2.023E+11,16,7,2023,23:25,5,31,31555,2,3,1,3,RTE DE SEYSSES,43,
2.023E+11,4,1,2023,01:56,5,10,10362,2,9,2,6,Avenue du General Leclerc,48,
2.023E+11,16,7,2023,08:15,1,31,31555,1,1,1,2,26 LA FAOURETTE  (PERIPH OUEST A620),43,
2.023E+11,28,9,2023,16:55,1,75,75116,2,1,1,5,ECHANGEUR AUTEUIL,48,
2.023E+11,15,2,2023,20:00,5,92,92024,2,3,1,3,MARTRE (RUE) DE (59 A 109)   (58 A 120),48,
2.023E+11,15,7,2023,17:30,1,27,27375,1,1,1,6,RD133,49,
2.023E+11,2,6,2023,14:38,1,31,31458,1,1,1,2,D817,43,
2.023E+11,15,2,2023,20:55,5,92,92023,2,1,1,1,JEAN JAURES (AVENUE) N°57 A 259 ET 64 A,48,
2.023E+11,4,1,2023,13:50,1,75,75116,2,1,1,3,PORT DE PASSY,48,
2.023E+11,28,9,2023,12:30,1,75,75114,2,1,1,4,PORTE DE CHATILLON,48,
2.023E+11,16,7,2023,06:21,1,14,14118,2,3,1,3,101 Rue du Chemin Vert,49,
2.023E+11,16,2,2023,08:45,1,92,92071,2,9,1,6,CAUCHY (AVENUE),48,
2.023E+11,14,6,2023,11:40,1,27,27322,1,4,7,2,D79,49,
2.023E+11,5,1,2023,09:25,1,75,75117,2,1,8,6,RUE DE MONTENOTTE,48,
2.023E+11,16,7,2023,09:10,1,13,13208,2,1,1,5,MONTREDON (AVENUE DE),43,
2.023E+11,28,9,2023,12:00,1,75,75119,2,1,1,2,PORTE DES LILAS,48,
2.023E+11,16,2,2023,21:37,5,92,92002,2,2,1,7,GENERAL DE GAULLE (AVENUE DU),48,
2.023E+11,4,1,2023,14:45,1,75,75105,2,3,2,6,RUE DES CARMES,48,
2.023E+11,28,9,2023,10:45,1,75,75119,2,1,1,2,PORTE D AUBERVILLIERS,48,
2.023E+11,14,6,2023,10:10,1,76,76055,1,2,1,1,D131,49,
2.023E+11,16,2,2023,14:25,1,92,92002,2,1,1,3,FONTAINE GRELOT (RUE DE LA),48,
2.023E+11,16,7,2023,08:30,1,13,13209,2,3,1,5,LANCIER (CHEMIN DU),43,
2.023E+11,4,1,2023,23:10,5,75,75116,2,1,2,2,AVENUE DE NEW YORK,48,
2.023E+11,16,2,2023,11:26,1,8,8499,1,1,2,7,D11,49,
2.023E+11,27,9,2023,21:25,5,75,75116,2,4,1,3,PORTE DE PASSY,48,
2.023E+11,14,6,2023,08:40,1,60,60612,2,3,1,3,Rue de la République,49,
2.023E+11,16,7,2023,08:45,1,13,13001,2,6,1,7,MAURIAT HENRI (AV),43,
2.023E+11,16,2,2023,21:35,3,24,24449,1,1,1,2,D6089,45,
2.023E+11,5,1,2023,15:15,1,75,75114,2,1,2,3,RUE RAYMOND LOSSERAND,48,
2.023E+11,27,9,2023,11:55,1,75,75120,2,2,1,3,RUE DES PYRENEES,48,
2.023E+11,13,2,2023,17:50,2,49,49192,2,1,1,1,D20,47,
2.023E+11,5,1,2023,18:10,5,75,75110,2,3,2,6,RUE DU FAUBOURG SAINT MARTIN,48,
2.023E+11,16,7,2023,19:30,1,9,9122,1,1,1,4,20 (R.N.) COTE SUD DU TUNNEL,42,
2.023E+11,14,6,2023,16:30,1,80,80561,2,1,1,6,Boulevard du Général Debeney,49,
2.023E+11,27,9,2023,00:10,5,75,75120,2,3,1,3,RUE SAINT FARGEAU,48,
2.023E+11,16,7,2023,17:25,1,6,6088,2,1,1,3,MONTREAL (BD DE),43,
2.023E+11,5,1,2023,18:20,5,75,75108,2,7,2,3,PLACE DU CANADA,48,
2.023E+11,17,2,2023,11:00,1,42,42120,1,2,1,5,Route de Villerest,45,
2.023E+11,13,6,2023,22:50,3,59,59303,1,1,1,7,Rue Madoue,50,
2.023E+11,16,7,2023,01:00,5,6,6088,2,1,1,6,CALIFORNIE (AV.) (A PARTIR DU N° 201-212,43,
2.023E+11,28,9,2023,13:38,1,75,75119,2,3,1,6,RUE ARMAND CARREL,48,
2.023E+11,17,2,2023,12:00,1,974,97405,1,1,1,1,Rue Augustin Mézino,-21,
2.023E+11,12,6,2023,22:10,3,13,13085,1,1,1,2,A50-Sens Aubagne vers Toulon,43,
2.023E+11,15,7,2023,07:45,1,6,6088,2,1,1,6,DUNANT (AV. HENRI),43,
2.023E+11,5,1,2023,18:05,5,75,75102,2,3,2,6,RUE MONTMARTRE,48,
2.023E+11,28,9,2023,09:20,1,75,75119,2,3,1,2,RUE BOTZARIS,48,
2.023E+11,12,2,2023,17:10,1,63,63004,1,1,7,1,CD 19 - pk 23+220,45,
2.023E+11,15,7,2023,09:55,1,75,75119,2,1,1,2,PORTE D AUBERVILLIERS,48,
2.023E+11,5,1,2023,04:15,5,75,75104,2,2,1,2,BOULEVARD BOURDON,48,
2.023E+11,28,9,2023,05:40,5,75,75118,2,2,1,3,BOULEVARD BARBES,48,
2.023E+11,15,2,2023,16:30,1,46,46197,1,1,1,3,RD820,44,
2.023E+11,7,6,2023,18:30,1,13,13071,1,1,1,4,A7-Sens Marseille vers Lyon,43,
2.023E+11,15,6,2023,14:40,1,75,75119,2,4,1,7,PORTE DE PANTIN,48,
2.023E+11,4,1,2023,10:24,1,75,75104,2,3,2,3,RUE DE RIVOLI,48,
2.023E+11,16,2,2023,23:00,3,42,42158,1,1,1,6,Route de Renaison,46,
2.023E+11,28,9,2023,12:00,1,75,75117,2,3,1,2,BOULEVARD PERSHING,48,
2.023E+11,16,7,2023,19:45,1,75,75119,2,3,1,3,RUE MANIN,48,
2.023E+11,9,2,2023,16:30,1,38,38105,2,9,1,6,Route du Bourg,45,
2.023E+11,13,6,2023,09:28,1,33,33013,1,1,1,5,,44,
2.023E+11,5,1,2023,19:40,3,94,94081,2,2,1,6,Rue Julian Grimau / Rue Edouard Tremblay,48,
2.023E+11,16,7,2023,13:10,1,75,75112,2,2,1,2,BOULEVARD SOULT,48,
2.023E+11,17,2,2023,09:30,1,8,8402,1,1,2,2,,49,
2.023E+11,13,6,2023,17:15,1,91,91340,1,1,1,3,RN 104,48,
2.023E+11,28,9,2023,11:15,1,75,75117,2,2,1,3,RUE TRUFFAUT,48,
2.023E+11,5,1,2023,14:35,1,94,94046,2,3,2,1,117 Rue Jean Jaurès,48,
2.023E+11,15,2,2023,16:05,1,62,62541,1,1,1,6,D104,50,
2.023E+11,15,7,2023,21:45,5,75,75111,2,2,1,2,BOULEVARD DE CHARONNE,48,
2.023E+11,27,9,2023,11:40,1,75,75115,2,1,1,6,BOULEVARD DE GRENELLE,48,
2.023E+11,13,6,2023,09:40,1,94,94043,1,1,1,2,A6B,48,
2.023E+11,16,2,2023,08:40,1,83,83057,1,9,1,6,Route de Nice,43,
2.023E+11,5,1,2023,18:22,5,93,93055,2,4,2,6,Rue Jules Auffret / Avenue Faidherbe,48,
2.023E+11,28,9,2023,12:30,1,75,75111,2,3,1,6,BOULEVARD VOLTAIRE,48,
2.023E+11,16,7,2023,20:15,1,75,75110,2,2,1,3,BOULEVARD DE STRASBOURG,48,
2.023E+11,24,1,2023,01:10,3,2B,2B096,1,1,2,1,RT 20 - Pk-PR 078.950,42,
2.023E+11,5,1,2023,16:35,1,93,93032,2,3,2,6,Avenue Paul Vaillant Couturier / Avenue Bizet,48,
2.023E+11,13,6,2023,16:55,1,78,78206,1,1,1,5,A13,48,
2.023E+11,28,9,2023,06:00,5,75,75111,2,7,1,3,RUE DU FAUBOURG DU TEMPLE,48,
2.023E+11,16,7,2023,20:55,1,93,93007,2,6,1,3,Avenue Pablo Néruda / Avenue Descartes,48,
2.023E+11,16,2,2023,07:50,1,82,82112,1,6,5,2,Route de l'Avenir,44,
2.023E+11,13,6,2023,09:15,1,92,92064,1,1,1,2,A13,48,
2.023E+11,4,1,2023,19:00,5,93,93001,2,2,2,2,Avenue Victor Hugo / Avenue des Magasins Generaux,48,
2.023E+11,16,7,2023,10:30,1,92,92044,2,2,1,3,ED.VAILLANT(RUE) 47A73 ET 50A78,48,
2.023E+11,27,9,2023,15:15,1,75,75111,2,3,1,6,RUE DU GRAND PRIEURE,48,
2.023E+11,12,6,2023,23:30,3,78,78418,1,1,1,2,A14,48,
2.023E+11,16,7,2023,01:55,5,92,92024,2,1,1,6,GUSTAVE EIFFEL (RUE),48,
2.023E+11,5,1,2023,08:05,2,92,92020,2,3,1,6,STALINGRAD BOULEVARD,48,
2.023E+11,16,2,2023,19:25,3,82,82161,1,3,1,5,D 115,44,
2.023E+11,28,9,2023,14:45,1,75,75109,2,5,1,1,RUE PIERRE FONTAINE,48,
2.023E+11,12,6,2023,08:18,1,92,92047,1,1,1,3,A13,48,
2.023E+11,5,1,2023,13:40,1,92,92040,2,1,2,3,rue du passeur de boulogne,48,
2.023E+11,15,2,2023,20:40,5,33,33011,2,1,1,3,Avenue de la Libération,44,
2.023E+11,28,9,2023,09:05,1,75,75109,2,3,1,3,RUE DU FAUBOURG POISSONNIERE,48,
2.023E+11,6,1,2023,08:10,1,60,60036,1,1,1,2,N31,49,
2.023E+11,13,6,2023,17:00,1,95,95277,1,1,1,2,A3,48,
2.023E+11,17,2,2023,11:15,1,63,63003,2,1,1,6,Allée des Sports,45,
2.023E+11,27,9,2023,09:15,1,75,75108,2,2,1,3,AVENUE MATIGNON,48,
2.023E+11,6,1,2023,18:08,3,76,76115,1,1,2,5,D6015,49,
2.023E+11,13,6,2023,07:10,1,93,93005,1,1,1,2,AUTOROUTE A1,48,
2.023E+11,12,6,2023,17:30,1,95,95572,1,1,1,2,N184,49,
2.023E+11,28,9,2023,14:30,1,75,75107,2,4,1,2,RUE DE BABYLONE,48,
2.023E+11,6,1,2023,15:55,1,25,25147,1,1,8,3,A36 sortie n°3 Besançon Ouest PK 133+800,47,
2.023E+11,17,7,2023,15:41,1,60,60191,2,1,1,1,Rue de flandre,49,
2.023E+11,15,2,2023,20:10,3,49,49008,1,2,1,2,D770,47,
2.023E+11,28,9,2023,07:30,2,94,94079,2,3,1,6,Boulevard Aristide Briand,48,
2.023E+11,12,6,2023,15:00,1,93,93066,1,1,1,3,AUTOROUTE A1,48,
2.023E+11,6,1,2023,08:15,2,49,49092,1,9,2,6,D160,47,
2.023E+11,27,9,2023,01:04,5,93,93066,2,1,1,6,Rue Georges Politzer,48,
2.023E+11,6,1,2023,12:00,1,77,77141,1,1,1,7,A4 pk 035.250,48,
2.023E+11,12,6,2023,10:00,1,95,95527,1,1,1,4,N104,49,
2.023E+11,28,9,2023,17:20,1,93,93050,2,1,1,3,Rue Louis Vannini,48,
2.023E+11,12,6,2023,09:15,1,93,93008,1,1,1,2,AUTOROUTE A86,48,
2.023E+11,28,9,2023,15:15,1,93,93049,2,2,1,1,Chemin de Meaux / Rue Marcel Dassault,48,
2.023E+11,4,1,2023,18:00,3,10,10067,1,1,2,4,D671,48,
2.023E+11,12,6,2023,06:30,1,95,95252,1,1,1,3,A15,48,
2.023E+11,28,9,2023,12:00,1,93,93079,2,1,1,6,Avenue Jean-baptiste Clément,48,
2.023E+11,28,9,2023,15:44,1,93,93027,2,1,1,6,Boulevard Pasteur,48,
2.023E+11,28,9,2023,09:15,1,93,93007,2,1,1,2,Avenue du Professeur Fleming,48,
2.023E+11,6,1,2023,16:23,2,74,74272,1,3,8,3,Route de Bellegarde,45,
2.023E+11,28,9,2023,08:20,1,92,92046,2,9,1,6,ETIENNE DOLET (RUE),48,
2.023E+11,27,9,2023,18:48,1,92,92077,2,2,1,3,VERSAILLES (RUE DE),48,
2.023E+11,27,9,2023,13:20,1,92,92050,2,1,7,2,CLEMENCEAU GEORGES AVENUE N° PAIR,48,
2.023E+11,11,6,2023,21:05,2,93,93066,1,1,3,2,AUTOROUTE A1,48,
2.023E+11,25,9,2023,16:30,1,92,92050,2,1,8,3,CLEMENCEAU GEORGES AVENUE N° PAIR,48,
2.023E+11,6,1,2023,05:10,5,6,6095,2,3,1,3,41 Avenue de Boutiny,43,
2.023E+11,13,6,2023,06:20,1,93,93051,1,1,1,5,A4,48,
2.023E+11,5,1,2023,15:01,1,6,6109,1,1,1,7,Route de Levens,43,
2.023E+11,28,9,2023,16:48,1,92,92044,2,2,1,6,PDT WILSON(RUE) 2A24 ET 1A21,48,
2.023E+11,5,1,2023,16:49,1,3,3026,1,1,2,6,A79,46,
2.023E+11,19,2,2023,06:00,3,88,88028,1,1,8,1,D11,48,
2.023E+11,6,1,2023,06:10,3,4,4033,1,1,1,7,RD900B - PK24+493,44,
2.023E+11,28,9,2023,12:37,1,92,92044,2,1,1,2,PDT WILSON(RUE)107A131 ET 110A130,48,
2.023E+11,8,2,2023,07:29,1,88,88486,2,1,1,6,Rue Robert Claudel,48,
2.023E+11,6,1,2023,07:10,2,51,51380,1,1,1,3,Rue du Faubourg de Paris,48,
2.023E+11,28,9,2023,20:34,5,92,92024,2,1,1,3,GENERAL LECLERC (BD DU) (9 A 59)   (4 A,48,
2.023E+11,29,1,2023,08:00,2,88,88447,1,1,1,2,D43,47,
2.023E+11,2,1,2023,18:30,3,56,56013,2,1,2,3,20 Route de Pont Lorois,47,
2.023E+11,28,1,2023,04:00,3,88,88243,2,1,8,1,62 Rue du Haut Pré,48,
2.023E+11,27,9,2023,11:00,1,92,92012,2,1,1,3,ALPHONSE LE GALLO (QUAI) 35/FIN,48,
2.023E+11,5,1,2023,12:10,1,74,74096,2,2,1,6,7 Grand-Rue,46,
2.023E+11,26,3,2023,14:50,1,43,43177,1,9,1,1,D500,45,
2.023E+11,29,9,2023,07:25,1,17,17408,2,2,1,3,d 122,45,
2.023E+11,3,1,2023,07:20,3,80,80173,1,1,1,1,D919,49,
2.023E+11,10,3,2023,16:20,1,43,43268,1,1,1,7,RN88,45,
2.023E+11,28,9,2023,15:30,1,84,84137,2,1,1,6,Avenue des Choralies,44,
2.023E+11,5,1,2023,07:35,2,11,11024,1,1,1,3,,43,
2.023E+11,5,3,2023,15:30,1,13,13056,2,1,1,6,TURCAN FRANCIS,43,
2.023E+11,27,9,2023,22:45,3,83,83130,1,1,1,6,Autoroute A57,,
2.023E+11,6,1,2023,19:20,4,49,49086,2,2,1,3,Rue d’anjou ,47,
2.023E+11,8,4,2023,19:00,1,57,57487,2,1,1,3,VERDUN (RUE DE ),49,
2.023E+11,16,9,2023,09:05,1,71,71448,1,1,2,3,Autorute A6 PK 378+900 sens LYON / PARIS,46,
2.023E+11,6,1,2023,14:32,1,86,86145,1,2,1,3,N10,46,
2.023E+11,7,4,2023,12:50,1,93,93046,2,2,1,3,Av du Pdt J Fitzgerald Kennedy / Boulevard Roger Salengro,48,
2.023E+11,27,9,2023,20:15,3,62,62491,2,1,1,1,D169,50,
2.023E+11,5,1,2023,00:45,3,34,34332,1,1,1,6,D612,43,
2.023E+11,29,9,2023,18:35,2,69,69260,2,1,1,7,774 Chemin de la Pronde,45,
2.023E+11,12,6,2023,07:40,1,974,97411,2,2,1,6,PHILIBERT (RUE),-20,
2.023E+11,28,9,2023,21:00,3,51,51245,1,1,1,6,départementale 27,49,
2.023E+11,5,1,2023,18:20,4,39,39078,1,2,1,3,N/A,47,
2.023E+11,11,6,2023,22:30,5,973,97302,2,1,1,1,GALMOT (AVENUE),4,
2.023E+11,5,1,2023,09:30,1,39,39013,2,1,1,6,1 Avenue Pasteur,46,
2.023E+11,29,9,2023,05:49,2,59,59074,1,9,1,1,D115,50,
2.023E+11,12,6,2023,10:50,1,69,69387,2,8,1,7,Rue de Marseille,45,
2.023E+11,5,1,2023,18:10,5,25,25157,2,2,2,6,La Tuilerie,46,
2.023E+11,11,6,2023,11:45,1,971,97113,2,1,1,1,SECTION MARE-GAILLARD,16,
2.023E+11,29,9,2023,16:30,1,59,59282,1,1,1,3,D916,50,
2.023E+11,6,1,2023,07:30,3,31,31396,1,1,1,1,D622,43,
2.023E+11,11,6,2023,06:50,1,971,97101,2,9,1,3,Frédéric JALTON,16,
2.023E+11,6,1,2023,01:15,4,2,2126,2,7,2,6,3 Place de Mai 1940,49,
2.023E+11,29,9,2023,08:50,1,65,65020,2,1,1,2,Route de Lourdes,43,
2.023E+11,12,6,2023,14:40,1,95,95280,2,1,7,6,GARE (AVENUE DE LA),49,
2.023E+11,27,9,2023,13:00,1,32,32457,1,1,1,6,D953,43,
2.023E+11,5,1,2023,16:50,1,70,70315,2,1,1,1,4 Avenue Jacques Parisot,47,
2.023E+11,29,9,2023,17:40,1,71,71282,1,1,1,7,RD 680,46,
2.023E+11,12,6,2023,12:00,1,95,95197,2,1,1,2,GALLIENI (RUE),48,
2.023E+11,6,1,2023,07:00,5,70,70235,2,3,2,3,grande rue,47,
2.023E+11,28,9,2023,16:30,1,71,71134,2,1,1,3,Route de Montvaillant (Clermain),46,
2.023E+11,12,6,2023,08:35,1,91,91114,2,1,1,4,RTE NATIONALE 6,48,
2.023E+11,5,1,2023,14:50,1,54,54405,2,1,1,7,Grande Rue,48,
2.023E+11,11,9,2023,18:50,1,61,61068,1,1,1,3,D309,48,
2.023E+11,6,1,2023,13:55,1,5,5170,2,1,1,6,10 Place du Commandant Dumont,44,
2.023E+11,12,6,2023,12:40,1,91,91027,2,2,1,3,AV FRANCOIS MITTERRAND,48,
2.023E+11,12,6,2023,10:56,1,91,91223,1,1,1,6,CHARPENTIER (AVENUE THEODORE),48,
2.023E+11,2,1,2023,16:55,2,10,10323,2,1,1,5,Rue Milford Haven,48,
2.023E+11,29,9,2023,04:26,3,25,25022,1,1,1,6,D683,47,
2.023E+11,12,6,2023,07:50,1,88,88383,2,1,1,6,faubourg d'alsace,48,
2.023E+11,4,1,2023,07:35,2,7,7122,1,1,1,3,Route d Ales,44,
2.023E+11,11,6,2023,05:23,3,87,87201,1,1,1,6,RD941 (OUEST),45,
2.023E+11,29,9,2023,14:35,1,44,44007,1,1,1,3,Bel Air,47,
2.023E+11,5,1,2023,22:40,3,60,60570,1,1,1,6,A16,49,
2.023E+11,28,9,2023,13:20,1,35,35143,2,1,1,6,D 71,48,
2.023E+11,5,1,2023,18:08,5,38,38530,1,1,1,4,RD1006,45,
2.023E+11,11,6,2023,13:00,1,83,83123,1,4,1,3,BANDOL (ROUTE)N° PAIRS,43,
2.023E+11,28,9,2023,19:30,2,29,29020,1,3,8,3,Route de Kergolo,48,
2.023E+11,6,1,2023,04:00,5,971,97103,2,3,1,3,Rue de l?Industrie,16,
2.023E+11,28,9,2023,22:00,3,29,29176,1,1,3,6,Lieu Dit Croix Neuve,48,
2.023E+11,5,1,2023,11:35,1,971,97125,2,2,1,3,Bragelogne,16,
2.023E+11,27,9,2023,05:20,3,29,29026,1,1,1,6,Prat Aval,48,
2.023E+11,12,6,2023,20:00,1,77,77058,2,9,1,7,CLOS SAINT GEORGES  (AVENUE DU),48,
2.023E+11,25,9,2023,15:30,1,31,31110,1,1,1,6,DEPARTEMENTALE 83,43,
2.023E+11,4,1,2023,21:45,5,971,97125,1,2,1,3,Belle Allée,16,
2.023E+11,9,6,2023,22:25,1,76,76351,2,6,1,6,LOUIS BLANC,49,
2.023E+11,5,1,2023,02:21,3,977,97701,2,1,2,7,Saint jean,17,
2.023E+11,11,6,2023,19:00,1,72,72181,2,1,1,3,BOLLEE (AV) N° PAIRS 2 A 62,48,
2.023E+11,6,1,2023,08:50,1,29,29233,2,6,8,3,Rue de Pont-aven,47,
2.023E+11,27,9,2023,13:15,1,3,3093,1,2,1,5,D907,46,
2.023E+11,6,1,2023,08:15,2,91,91200,2,1,2,6,Intersection D116 - rue de l'ouye,48,
2.023E+11,11,6,2023,18:56,1,71,71270,2,1,3,7,Boulevard de la Résistance,46,
2.023E+11,28,9,2023,17:55,2,3,3092,1,1,7,6,lieu dit couture,46,
2.023E+11,5,1,2023,11:45,1,34,34344,2,1,1,6,7 Rue des Artisans,43,
2.023E+11,28,9,2023,16:30,1,26,26345,2,1,1,3,554 Route de Ste-Cécile,44,
2.023E+11,5,1,2023,19:34,3,6,6077,2,1,1,6,D2566,43,
2.023E+11,27,9,2023,19:00,2,72,72132,2,1,1,7,lieu dit le manay,48,
2.023E+11,6,1,2023,08:30,1,5,5159,1,1,1,6,Route Departementale 330,44,
2.023E+11,29,9,2023,14:20,1,6,6073,1,1,1,7,RM97,,
2.023E+11,18,9,2023,08:40,1,6,6080,1,1,8,7,Pont de la Bolinette,44,
2.023E+11,5,1,2023,18:20,5,73,73213,2,3,1,6,D1006,45,
2.023E+11,28,9,2023,20:30,3,8,8137,1,3,1,3,N/A,49,
2.023E+11,6,1,2023,20:40,3,7,7042,1,1,1,6,D86,44,
2.023E+11,5,1,2023,22:20,3,32,32258,1,1,1,6,chemin de crastes,43,
2.023E+11,6,1,2023,07:57,3,14,14060,1,1,1,3,Allée Christian Coeuret,49,
2.023E+11,28,9,2023,16:45,1,88,88116,1,3,1,3,18 Rue de Chermenil,47,
2.023E+11,3,1,2023,03:00,4,27,27016,2,1,1,6,2 Route des Templiers,49,
2.023E+11,6,1,2023,07:40,5,76,76758,2,1,2,1,Rue Pierre de Coubertin,49,
2.023E+11,4,1,2023,15:45,1,59,59151,1,1,2,7,Route de Solre-le-chateau,50,
2.023E+11,5,1,2023,08:34,1,13,13071,1,1,1,5,A55-Sens Martigues vers Marseille,43,
2.023E+11,1,1,2023,06:20,3,69,69259,2,1,8,2,Boulevard Laurent Bonnevay,45,
2.023E+11,5,1,2023,13:53,1,77,77384,1,1,2,3,AUTOROUTE A5A,48,
2.023E+11,5,1,2023,11:08,1,91,91689,1,1,1,5,A10,48,
2.023E+11,5,1,2023,09:31,1,91,91286,1,1,8,3,AUTOROUTE A6,48,
2.023E+11,4,1,2023,23:25,3,91,91064,1,1,3,6,RN 118,48,
2.023E+11,4,1,2023,16:50,5,78,78126,1,1,2,6,A86 DUPLEX,48,
2.023E+11,5,1,2023,16:00,1,93,93066,1,1,2,4,AUTOROUTE A1,48,
2.023E+11,4,1,2023,23:50,3,95,95572,1,1,2,6, A15,49,
2.023E+11,5,1,2023,10:40,1,94,94028,1,1,1,2,A86,48,
2.023E+11,4,1,2023,20:00,5,35,35051,2,1,2,6,PARIS (RUE DE),48,
2.023E+11,4,1,2023,19:00,5,27,27375,2,1,3,6,CROSNE (BOULEVARD DE),49,
2.023E+11,3,1,2023,18:29,5,29,29019,2,1,2,6,avenue Victor Le Gorgeu,48,
2.023E+11,4,1,2023,19:25,2,974,97416,2,1,1,6,LORION (RUE LUC),-21,
2.023E+11,2,1,2023,08:00,1,974,97411,1,1,1,1,MONTAGNE (ROUTE DE LA),-20,
2.023E+11,4,1,2023,23:45,5,69,69383,2,3,2,7,Route de Genas,45,
2.023E+11,4,1,2023,11:55,1,69,69034,2,1,1,6,Route de Strasbourg,45,
2.023E+11,4,1,2023,11:30,1,69,69034,2,1,1,2,Montée des Soldats,45,
2.023E+11,3,1,2023,18:00,5,971,97101,2,1,1,4,RN1-  HAUTEUR DE SORTIE LAURICISQUE,16,
2.023E+11,4,1,2023,20:05,5,2A,2A004,2,1,1,3,SEBASTIANU COSTA BD,41,
2.023E+11,4,1,2023,09:20,1,91,91645,2,2,8,3,GEORGES POMPIDOU (AVENUE),48,
2.023E+11,4,1,2023,17:50,5,91,91114,2,1,2,6,RUE DES VALLEES,48,
2.023E+11,4,1,2023,13:25,1,91,91589,2,4,2,3,BD ARISTIDE BRIAND,48,
2.023E+11,4,1,2023,06:50,3,91,91223,1,1,8,6,CD63,48,
2.023E+11,1,1,2023,12:15,1,88,88413,2,3,1,3,Rue de l'Etang Piller,48,
2.023E+11,4,1,2023,13:30,1,87,87085,2,3,2,3,THOMAS (AVENUE ALBERT),45,
2.023E+11,3,1,2023,09:15,1,86,86194,2,1,1,4,Avenue Jacques Coeur,46,
2.023E+11,3,1,2023,08:55,1,83,83137,2,3,1,3,MOULINS (AVE DES DE 18 A 23,43,
2.023E+11,2,1,2023,18:30,2,83,83137,2,3,1,2,DUGOMMIER (RUE),43,
2.023E+11,3,1,2023,19:20,5,76,76351,2,3,2,6,PIERRE MENDES FRANCE,49,
2.023E+11,4,1,2023,07:25,5,74,74012,2,1,5,3,THONON (ROUTE DE),46,
2.023E+11,4,1,2023,05:40,5,74,74012,2,1,5,6,FAUCIGNY (RUE DU),46,
2.023E+11,4,1,2023,10:30,1,72,72181,2,1,1,7,GRANDES COURBES (RUE DES),47,
2.023E+11,4,1,2023,13:20,1,69,69266,2,1,1,3,259 Rue Léon Blum,45,
2.023E+11,3,1,2023,16:00,1,67,67482,2,1,1,6,PAUL ELUARD (RUE),48,
2.023E+11,4,1,2023,07:52,5,66,66136,2,6,1,3,,42,
2.023E+11,1,1,2023,04:50,5,66,66136,2,1,1,2,,42,
2.023E+11,1,1,2023,04:15,3,60,60159,1,1,1,6,Route Nationale 31,49,
2.023E+11,3,1,2023,06:45,4,59,59350,2,1,1,2,CHAUDE RIVIERE RUE DE,50,
2.023E+11,3,1,2023,07:35,5,59,59131,2,9,9,6,SEPT PLANETES,50,
2.023E+11,4,1,2023,18:14,5,51,51454,2,4,2,1,boulevard du Docteur Roux,49,
2.023E+11,3,1,2023,10:15,1,51,51454,2,1,1,6,rue Chanzy,49,
2.023E+11,2,1,2023,11:20,1,49,49099,2,1,8,3,D160,47,
2.023E+11,4,1,2023,08:21,3,49,49007,2,1,8,7,WALDECK ROUSSEAU,47,
2.023E+11,2,1,2023,22:58,5,49,49007,2,2,1,3,FREMUR,47,
2.023E+11,29,10,2023,14:31,1,93,93001,2,1,8,2,Avenue Victor Hugo,48,
2.023E+11,29,10,2023,22:50,3,54,54462,1,1,3,3,D116,48,
2.023E+11,20,10,2023,08:00,3,51,51423,1,1,3,6,D61,48,
2.023E+11,30,10,2023,10:25,1,6,6114,2,1,1,6,Chemin du Souvenir,43,
2.023E+11,29,10,2023,13:10,1,33,33205,1,1,3,1,Lieu Dit Ardennes,44,
2.023E+11,29,10,2023,09:50,1,31,31454,2,1,1,6,Avenue du Casteras,43,
2.023E+11,28,10,2023,16:10,1,69,69285,2,6,1,3,Rue des Bruyères,45,
2.023E+11,29,10,2023,05:15,2,27,27306,1,1,2,7,N1013,49,
2.023E+11,6,10,2023,12:40,1,1,1109,2,3,1,3,Intersection D984B / Rue du Rhone,46,
2.023E+11,30,10,2023,14:15,1,44,44056,1,1,1,3,1 le moulin de la violaye,47,
2.023E+11,29,10,2023,19:15,3,62,62289,1,1,2,6,D138,50,
2.023E+11,28,10,2023,06:04,3,62,62376,1,1,2,6,D937,50,
2.023E+11,29,10,2023,23:45,3,37,37179,1,1,1,2,A10 PK 198+380 SENS PARIS-TOURS,47,
2.023E+11,30,10,2023,13:25,1,56,56188,1,1,8,1,Le Roduic,47,
2.023E+11,30,10,2023,19:15,3,56,56171,1,1,2,1,Fontalvy,47,
2.023E+11,30,10,2023,10:20,1,71,71263,2,1,1,6,Rue de Bram,46,
2.023E+11,30,10,2023,14:30,1,71,71014,1,1,3,6,D 680,46,
2.023E+11,30,10,2023,14:00,1,89,89072,1,1,8,6,Lieu Dit les Rosses,47,
2.023E+11,24,10,2023,14:09,1,63,63366,1,3,1,4,D999/D214,45,
2.023E+11,29,10,2023,18:45,2,61,61230,1,1,1,3,D8,48,
2.023E+11,4,10,2023,06:27,3,68,68286,1,3,1,3,D 21.3,47,
2.023E+11,30,10,2023,18:50,3,50,50289,1,2,8,3,La Bretonniere,49,
2.023E+11,22,10,2023,01:20,3,50,50619,2,3,9,6,Rue de l?Eglise,49,
2.023E+11,30,10,2023,18:40,5,50,50639,2,1,2,6,Rue du Général de Gaulle,48,
2.023E+11,9,5,2023,08:50,1,13,13210,2,6,1,6,ALFRED CURTEL (RUE),43,