Num_Acc,jour,mois,an,hrmn,lum,dep,com,agg,int,atm,col,adr,lat,long
2.023E+11,29,10,2023,12:40,1,9,9296,2,1,1,3,N20,42,
2.023E+11,10,5,2023,18:27,1,13,13063,2,1,1,3,REPUBLIQUE AVENUE DE LA,43,
2.023E+11,30,10,2023,12:50,1,85,85020,2,6,1,2,RD 148,46,
2.023E+11,8,5,2023,18:30,1,13,13063,2,1,1,1,DANIEL PAUL AVENUE,43,
2.023E+11,8,5,2023,11:30,1,13,13005,2,1,1,6,BARTHELEMY (RUE DU DR),43,
2.023E+11,28,10,2023,21:00,5,63,63113,1,9,1,5,A71,45,
2.023E+11,8,5,2023,14:25,1,13,13004,2,2,1,6,AV DES ALYSCAMPS,43,
2.023E+11,30,10,2023,15:37,1,14,14555,1,1,1,3,AUTOROUTE A13 PK173+300,49,
2.023E+11,29,10,2023,21:00,3,988,98815,1,1,1,6,Tuho (Tribu),-21,
2.023E+11,9,5,2023,17:50,1,10,10343,2,1,1,3,Allée du Château des Cours,48,
2.023E+11,30,10,2023,05:15,3,29,29233,1,1,3,6,RN165,47,
2.023E+11,9,5,2023,14:28,1,10,10387,2,1,2,2,Boulevard Victor Hugo,48,
2.023E+11,26,10,2023,05:50,3,77,77466,1,1,3,1,D21,48,
2.023E+11,24,8,2023,21:55,5,93,93077,2,3,1,6,Avenue de Rosny / Avenue du Rond Point,48,
2.023E+11,9,5,2023,15:45,1,6,6069,2,1,1,3,AURIBEAU (ROUTE D') -D609-,43,
2.023E+11,30,10,2023,11:45,1,84,84129,2,1,3,2,1171 Route d'Entraigues,44,
2.023E+11,25,8,2023,19:30,1,93,93061,2,3,1,3,Rue d'Estienne d'Orves / Rue Simonnot,48,
2.023E+11,9,5,2023,08:00,1,6,6069,2,6,1,3,PEGOMAS (ROUTE DE),43,
2.023E+11,11,10,2023,08:33,1,13,13101,2,3,1,1,Rue de la Fontaine,43,
2.023E+11,26,8,2023,18:50,1,93,93029,2,2,1,3,Rue des Bois de Groslay / Rue de l'Argonne,48,
2.023E+11,7,5,2023,16:45,1,6,6004,2,2,1,1,FELON RUE,43,
2.023E+11,29,10,2023,17:50,3,13,13030,1,1,1,2,D8n,43,
2.023E+11,25,8,2023,16:05,1,93,93010,2,3,1,3,Route de Villemomble / Rue Rene Char,48,
2.023E+11,30,10,2023,07:52,2,71,71086,1,1,2,6,D985,,
2.023E+11,27,4,2023,12:05,1,5,5061,2,3,1,3,RAMBAUD ( ROUTE DE ),44,
2.023E+11,26,8,2023,08:45,1,93,93005,2,1,1,6,Rue Arthur Chevalier,48,
2.023E+11,30,10,2023,08:30,1,52,52132,1,1,8,1,D33,48,
2.023E+11,10,5,2023,10:00,1,75,75106,2,3,3,6,RUE DE SEVRES,48,
2.023E+11,25,8,2023,23:00,5,93,93005,2,2,1,3,Rue Pierre Jouhet / Avenue Berthollet,48,
2.023E+11,29,10,2023,23:25,3,67,67155,2,1,8,7,166 Route de Strasbourg,48,
2.023E+11,10,5,2023,17:15,1,75,75120,2,3,1,3,RUE D AVRON,48,
2.023E+11,25,8,2023,20:13,1,93,93001,2,4,1,6,Rue de Saint Denis / Chemin Latéral Nord,48,
2.023E+11,28,10,2023,18:25,2,3,3265,2,3,1,3,intersection D55 et D15,46,
2.023E+11,25,8,2023,00:15,5,92,92046,2,2,1,3,GABRIEL PERI,48,
2.023E+11,10,5,2023,20:00,1,75,75119,2,3,1,6,AVENUE DE FLANDRE,48,
2.023E+11,26,8,2023,19:40,1,92,92064,2,1,1,3,CARNOT,48,
2.023E+11,30,10,2023,17:20,2,7,7245,2,3,2,3,D86,45,
2.023E+11,9,5,2023,23:30,5,75,75119,2,1,3,6,BOULEVARD DE LA VILLETTE,48,
2.023E+11,29,10,2023,15:20,1,1,1431,2,1,1,7,124 Grande Rue,45,
2.023E+11,26,8,2023,16:30,1,92,92033,2,1,2,4,RAYMOND POINCARE,48,
2.023E+11,9,5,2023,20:40,1,75,75117,2,2,1,6,BOULEVARD DE COURCELLES,48,
2.023E+11,28,10,2023,18:05,1,69,69194,1,4,1,3,Avenue Ampère,45,
2.023E+11,24,8,2023,18:35,1,92,92063,2,2,1,3,BONS RAISINS (RUE DES),48,
2.023E+11,10,5,2023,14:03,1,75,75113,2,3,1,3,QUAI FRANCOIS MAURIAC,48,
2.023E+11,25,8,2023,14:48,1,92,92040,2,9,1,3,JEAN JACQUES ROUSSEAU,48,
2.023E+11,26,10,2023,10:30,1,33,33023,1,1,2,3,16 Avenue du Petit Breton,44,
2.023E+11,10,5,2023,11:10,1,75,75113,2,3,2,1,AVENUE BOUTROUX,48,
2.023E+11,25,10,2023,01:15,3,33,33272,1,1,2,6,N10,45,
2.023E+11,24,8,2023,17:50,1,92,92025,2,1,1,2,A86,48,
2.023E+11,8,5,2023,22:15,5,75,75113,2,3,1,3,PLACE DU DOCTEUR YERSIN,48,
2.023E+11,26,8,2023,01:40,5,92,92012,2,1,1,3,QUATRE SEPTEMBRE (QUAI DU),48,
2.023E+11,30,10,2023,08:30,2,44,44073,1,1,2,1,N/A,47,
2.023E+11,10,5,2023,17:30,1,75,75112,2,3,1,3,RUE DE CHARENTON,48,
2.023E+11,16,10,2023,17:20,1,14,14488,2,1,1,6,67 Rue des Dunes,49,
2.023E+11,23,8,2023,09:20,1,92,92012,2,1,1,5,ALPHONSE LE GALLO (QUAI) 35/FIN,48,
2.023E+11,30,10,2023,06:35,3,60,60437,1,1,3,7,D137,49,
2.023E+11,25,8,2023,18:45,1,92,92014,2,1,1,6,CONDORCET (PLACE),48,
2.023E+11,10,5,2023,13:05,1,75,75111,2,4,2,3,AVENUE LEDRU ROLLIN,48,
2.023E+11,10,5,2023,10:20,1,75,75111,2,4,2,6,BOULEVARD VOLTAIRE,48,
2.023E+11,18,10,2023,17:45,1,13,13214,1,1,1,2,A507 sens Marseille - Aubagne,43,
2.023E+11,26,8,2023,08:30,1,60,60441,2,9,1,2,Intermarché Super (Supermarché),49,
2.023E+11,10,5,2023,09:20,1,75,75108,2,3,3,6,AVENUE HOCHE,48,
2.023E+11,29,10,2023,15:55,1,69,69297,1,1,1,4,Autoroute 7,45,
2.023E+11,26,8,2023,11:30,1,86,86131,1,1,1,7,D8,46,
2.023E+11,10,5,2023,20:15,1,75,75107,2,3,3,6,QUAI D ORSAY,48,
2.023E+11,29,10,2023,13:30,1,91,91468,1,1,1,5,AUTOROUTE A6,48,
2.023E+11,25,8,2023,19:50,1,76,76675,1,1,1,3,A151,49,
2.023E+11,10,5,2023,17:20,1,94,94074,2,1,2,6,Rue du Colonel Fabien,48,
2.023E+11,29,10,2023,13:20,1,91,91161,1,1,1,4,AUTOROUTE A6,48,
2.023E+11,10,5,2023,15:30,1,94,94058,2,9,3,6,Boulevard de la Liberté,48,
2.023E+11,27,7,2023,16:35,1,6,6161,2,3,1,3,Avenue des Maurettes,43,
2.023E+11,29,10,2023,09:30,1,94,94034,1,1,3,7,A86,48,
2.023E+11,10,5,2023,08:30,1,94,94058,2,2,2,3,27 Avenue Montaigne,48,
2.023E+11,12,8,2023,17:30,1,41,41167,1,6,1,7,D952,47,
2.023E+11,27,10,2023,16:00,1,78,78431,1,1,3,2,A13,48,
2.023E+11,10,5,2023,14:42,1,94,94079,2,3,2,6,Rue Louis Lenoir,48,
2.023E+11,26,8,2023,17:20,1,51,51396,1,1,1,7,Chemin de Vignes,49,
2.023E+11,10,5,2023,19:50,1,94,94002,2,2,1,3,Rue Victor Hugo / Rue Jules Guesde,48,
2.023E+11,26,7,2023,17:30,1,11,11098,1,1,1,7,rd 6113,43,
2.023E+11,29,10,2023,16:45,1,93,93066,1,1,1,4,AUTOROUTE A1,48,
2.023E+11,10,5,2023,18:51,1,93,93059,2,3,1,3,Avenue de la République / Rue Jacques Petit,48,
2.023E+11,29,10,2023,13:25,1,95,95527,1,1,1,7,A3,48,
2.023E+11,10,5,2023,07:50,1,93,93070,2,1,3,3,Avenue Michelet,48,
2.023E+11,26,8,2023,05:00,3,26,26324,1,9,1,4,N/A,44,
2.023E+11,5,5,2023,16:00,1,93,93066,2,2,1,3,Rue de l'Amiral Caillard / Rue de la Justice,48,
2.023E+11,29,10,2023,12:15,2,93,93008,1,1,2,2,AUTOROUTE A86,48,
2.023E+11,25,8,2023,22:10,3,68,68253,1,1,2,5,Départementale 39,47,
2.023E+11,9,5,2023,23:40,5,93,93039,2,1,3,3,Quai de Seine,48,
2.023E+11,29,10,2023,10:50,1,95,95018,1,1,2,7,A15,48,
2.023E+11,25,8,2023,16:20,1,21,21244,1,1,1,7,A6,47,
2.023E+11,10,5,2023,15:10,1,93,93008,2,2,2,3,Avenue Louis Aragon / Rue de la Paix,48,
2.023E+11,29,10,2023,09:50,1,92,92036,1,1,2,4,AUTOROUTE A15,48,
2.023E+11,25,8,2023,10:30,1,21,21087,1,1,3,6,a6,47,
2.023E+11,10,5,2023,08:07,1,93,93048,2,2,3,3,Avenue Gabriel Péri / Avenue du Président Wilson,48,
2.023E+11,27,8,2023,02:30,3,30,30014,1,1,2,6,D982,44,
2.023E+11,28,10,2023,22:45,3,95,95488,1,1,2,6,A15,49,
2.023E+11,10,5,2023,11:05,1,93,93008,2,1,2,3,Avenue Paul Vaillant - Couturier,48,
2.023E+11,27,8,2023,10:30,1,22,22084,1,1,1,6,Le Val Joli,48,
2.023E+11,9,5,2023,11:50,1,92,92064,2,1,2,6,JACOULET,48,
2.023E+11,28,10,2023,20:10,3,95,95488,1,1,2,2,A15,49,
2.023E+11,26,8,2023,04:00,3,63,63290,1,1,1,6,A89,,
2.023E+11,10,5,2023,08:20,1,92,92051,2,2,2,6,ROUVRAY (RUE DE),48,
2.023E+11,28,10,2023,10:25,1,93,93007,1,1,1,4,AUTOROUTE A1,48,
2.023E+11,10,5,2023,10:20,1,92,92044,2,2,2,3,VOLTAIRE(RUE)1A51 ET2A40,48,
2.023E+11,29,10,2023,11:40,1,94,94073,1,1,1,2,A86,48,
2.023E+11,26,8,2023,04:50,3,56,56066,2,1,1,6,6 Rue de Scaer,48,
2.023E+11,9,5,2023,15:25,1,92,92024,2,2,3,6,GEORGES BOISSEAU (RUE),48,
2.023E+11,27,8,2023,01:45,3,56,56169,2,1,1,6,71 Rue du Pont-Lorois,47,
2.023E+11,29,10,2023,06:15,3,94,94079,1,1,1,4,A4,48,
2.023E+11,26,8,2023,07:00,2,59,59647,2,4,3,6,Rue de Saint Omer,50,
2.023E+11,29,10,2023,02:30,3,94,94028,1,1,2,6,N406,48,
2.023E+11,10,5,2023,16:30,1,92,92012,2,1,1,4,REINE (ROUTE DE LA) 82/FIN - 107TER/FIN,48,
2.023E+11,29,10,2023,00:10,3,94,94028,1,1,3,6,A86,48,
2.023E+11,10,5,2023,14:00,1,92,92012,2,1,1,6,BELLE FEUILLE (RUE DE LA),48,
2.023E+11,26,8,2023,11:05,1,77,77109,1,1,8,3,D75,48,
2.023E+11,31,3,2023,21:38,5,51,51454,2,2,2,3,rue Bernard Fresson,49,
2.023E+11,26,8,2023,17:35,1,67,67513,1,1,1,7,N/A,48,
2.023E+11,29,7,2023,15:30,1,91,91377,2,2,1,3,RTE DE LA BONDE,48,
2.023E+11,10,5,2023,12:50,1,92,92002,2,1,1,3,ADOLPHE PAJEAUD (RUE),48,
2.023E+11,30,3,2023,19:30,1,50,50129,2,1,1,2,JOLIOT CURIE (RUE),49,
2.023E+11,25,8,2023,10:30,1,79,79277,1,1,1,7,N/A,47,
2.023E+11,30,3,2023,11:40,1,49,49007,2,1,1,6,TARIN,47,
2.023E+11,10,5,2023,09:40,1,92,92002,1,3,2,2,DOCTEUR TENINE (AVENUE DU),48,
2.023E+11,19,5,2023,12:00,1,91,91161,1,1,1,3,AUTOROUTE A126,48,
2.023E+11,26,8,2023,20:00,3,2A,2A006,1,1,1,1,D81,41,
2.023E+11,31,3,2023,19:30,1,42,42218,2,1,1,6,Rue du Puits de la Loire,45,
2.023E+11,8,5,2023,14:00,1,60,60563,2,1,1,6,2 Rue du Transloy,49,
2.023E+11,28,8,2023,20:05,1,74,74012,2,2,8,1,BEULET (RUE DU),46,
2.023E+11,26,8,2023,02:45,3,82,82148,1,1,1,6,Route de Caussade,44,
2.023E+11,11,5,2023,11:05,1,60,60242,1,1,1,7,D901,49,
2.023E+11,31,3,2023,20:00,2,42,42187,2,6,2,3,Rue Joanny Augé,46,
2.023E+11,23,8,2023,21:15,3,11,11124,1,1,1,7,N/A,42,
2.023E+11,27,8,2023,22:46,5,74,74010,2,1,1,2,CROISEE (DE LA),45,
2.023E+11,10,5,2023,22:25,3,1,1207,1,3,1,7,D904,45,
2.023E+11,23,3,2023,16:14,1,38,38185,2,1,1,6,RUE DE STALINGRAD,45,
2.023E+11,27,8,2023,02:00,5,74,74118,2,1,3,1,DEPORTES (ROUTE DES ),46,
2.023E+11,11,5,2023,15:50,1,6,6149,2,1,1,2,7045 Route de Laghet,43,
2.023E+11,25,8,2023,18:15,2,71,71016,1,4,8,3,Route de Peronne,46,
2.023E+11,31,3,2023,11:45,1,37,37261,2,1,1,3,DANIEL MAYER,47,
2.023E+11,25,8,2023,21:50,3,61,61142,1,1,1,6,D955,48,
2.023E+11,28,10,2023,13:20,1,976,97611,2,1,1,3,mamoudzou centre-Commandant Passot (Plac,-12,
2.023E+11,10,5,2023,07:41,1,22,22370,1,1,8,1,la grande tournée,48,
2.023E+11,28,10,2023,11:20,1,974,97416,1,1,7,7,PERE MAITRE(RUE DU),-21,
2.023E+11,31,3,2023,19:19,1,33,33063,2,2,1,3,Rue Cornac,44,
2.023E+11,26,8,2023,22:15,5,42,42177,2,2,1,3,Rue de la République,46,
2.023E+11,10,5,2023,15:14,1,69,69046,2,3,1,1,46 Rue des Gobins,45,
2.023E+11,28,10,2023,07:45,1,974,97416,1,9,1,1,BASSIN PLAT(CHEMIN),-21,
2.023E+11,26,8,2023,17:30,1,42,42029,2,1,1,6,Rue Pasteur,45,
2.023E+11,31,3,2023,18:00,1,33,33063,2,1,1,6,Cours Charles Bricaud,44,
2.023E+11,10,5,2023,18:00,1,972,97214,2,1,1,7,Crochemort,14,
2.023E+11,28,10,2023,05:30,5,69,69386,2,1,1,1,Rue Duguesclin,45,
2.023E+11,31,3,2023,14:50,1,33,33200,2,1,1,2,Avenue du Médoc,44,
2.023E+11,28,10,2023,21:22,4,2B,2B120,2,1,1,3,LAGUNE (Route de la) D107,42,
2.023E+11,3,12,2023,00:35,4,45,45302,2,1,1,6,2954 Ancienne Route de Chartres,47,
2.023E+11,10,5,2023,07:15,1,972,97210,2,1,1,1,RN6,,
2.023E+11,25,8,2023,17:45,1,47,47119,1,1,1,6,pk 9 D154 - lieu dit La Gumièche,44,
2.023E+11,28,11,2023,16:35,1,35,35115,2,1,1,2,COINTAT (BD MICHEL),48,
2.023E+11,9,5,2023,07:00,1,972,97204,1,1,1,7,RN2 PK 024+500,14,
2.023E+11,27,10,2023,15:50,1,971,97101,1,3,2,6,L'ASSAINISSEMENT (RUE DE),16,
2.023E+11,30,3,2023,18:20,1,33,33281,2,1,1,4,Avenue de Verdun,44,
2.023E+11,26,8,2023,22:45,3,86,86039,1,1,1,6,N10,46,
2.023E+11,2,12,2023,22:40,5,34,34172,2,2,1,1,CROIX CAPITAINE (AVENUE DE LA),43,
2.023E+11,10,6,2023,23:00,5,70,70550,2,2,1,3,ALLIES (BOULEVARD DES),47,
2.023E+11,26,8,2023,10:40,1,39,39290,1,1,2,6,N/A,46,
2.023E+11,28,10,2023,07:50,5,95,95539,2,2,1,1,D125,48,
2.023E+11,30,3,2023,18:10,1,33,33063,2,3,1,3,Cours de Verdun,44,
2.023E+11,10,5,2023,17:20,1,83,83086,1,1,1,5,D 125,43,
2.023E+11,12,6,2023,18:20,1,69,69266,2,1,1,6,Rue Antoine Primat,45,
2.023E+11,28,11,2023,14:41,1,33,33281,2,1,1,2,Avenue François Mitterrand,44,
2.023E+11,25,8,2023,00:15,3,29,29279,1,1,1,6,D58,48,
2.023E+11,8,5,2023,15:10,1,11,11098,1,1,1,6,RD 6113,43,
2.023E+11,28,10,2023,06:55,5,95,95555,1,2,2,3,D470,48,
2.023E+11,1,12,2023,16:50,2,33,33063,2,1,2,3,Rue Marcel Sembat,44,
2.023E+11,12,6,2023,08:40,1,69,69029,2,2,1,3,Avenue Pierre Mendès France,45,
2.023E+11,26,8,2023,14:35,1,29,29024,2,1,1,6,17 Avenue Victor Hugo,48,
2.023E+11,11,5,2023,15:20,1,1,1353,2,1,1,1,Route de Reyrieux,45,
2.023E+11,28,10,2023,23:16,5,95,95323,2,1,3,6,OISE (BOULEVARD DE L'),49,
2.023E+11,11,6,2023,19:00,1,69,69259,2,1,1,3,Boulevard Irène Joliot Curie,45,
2.023E+11,29,3,2023,08:12,1,14,14487,1,1,1,1,11 Route de Manerbe,49,
2.023E+11,10,5,2023,19:07,1,59,59579,1,1,1,7,5 Route du Village,50,
2.023E+11,26,8,2023,18:50,1,31,31399,2,9,1,1,Route de Toulouse,43,
2.023E+11,10,5,2023,16:20,1,26,26333,2,1,1,6,chemin des druides,45,
2.023E+11,11,6,2023,13:05,1,66,66136,2,6,1,3,,42,
2.023E+11,31,3,2023,22:00,3,13,13103,1,3,1,3,RN 113,43,
2.023E+11,2,12,2023,15:25,1,27,27306,2,1,1,6,CARAVELLES (RUE DES),49,
2.023E+11,9,6,2023,17:24,1,66,66136,2,1,1,2,,42,
2.023E+11,26,8,2023,15:15,1,2,2607,1,1,1,1,N/A,49,
2.023E+11,2,12,2023,19:50,5,25,25056,2,1,1,6,FLUTTES AGASSES RUE DES,47,
2.023E+11,11,5,2023,12:05,1,62,62698,1,1,1,5,RD901,50,
2.023E+11,29,10,2023,21:55,5,91,91425,2,2,2,3,RTE D ORLEANS RN 20,48,
2.023E+11,3,5,2023,18:40,1,62,62186,2,1,1,3,D165,50,
2.023E+11,11,5,2023,14:30,1,4,4033,1,1,1,6,D900,44,
2.023E+11,31,3,2023,15:50,1,13,13213,2,1,1,5,CHATEAU GOMBERT CHEMIN,43,
2.023E+11,1,12,2023,17:00,5,25,25056,2,1,2,6,MONTARMOTS CHEMIN DES,47,
2.023E+11,25,8,2023,20:30,2,2,2027,2,1,1,1,31 Rue Ernest Lavisse,49,
2.023E+11,8,6,2023,18:34,1,61,61169,1,1,1,1,D217 PR1+270,48,
2.023E+11,31,3,2023,03:30,5,13,13208,2,1,1,7,POMPIDOU (PROMENADE),43,
2.023E+11,3,12,2023,00:15,4,22,22360,2,1,1,3,MENDES FRANCE (AVENUE PIERRE),48,
2.023E+11,27,10,2023,16:20,1,84,84031,1,6,1,3,D942,44,
2.023E+11,27,8,2023,07:40,2,15,15187,2,1,1,1,RD 679,45,
2.023E+11,10,6,2023,20:40,1,59,59122,2,3,1,3,MARCOING (RUE DE),50,
2.023E+11,1,12,2023,18:30,5,14,14366,2,1,1,7,86 Rue Fournet,49,
2.023E+11,15,7,2023,17:50,1,11,11367,1,1,2,6,D629,43,
2.023E+11,9,5,2023,06:00,2,41,41258,1,1,2,3,D976,47,
2.023E+11,29,10,2023,00:30,5,78,78372,2,3,2,2,VERSAILLES (ROUTE DE),48,
2.023E+11,30,3,2023,20:00,2,13,13213,2,3,1,5,ALBERT EINSTEIN (RUE),43,
2.023E+11,1,12,2023,21:00,5,13,13106,1,1,2,6,BEDOULE (CHEMIN DE LA),43,
2.023E+11,11,6,2023,15:05,1,57,57306,2,1,1,6,CD 13,49,
2.023E+11,15,7,2023,00:20,3,60,60403,1,1,1,6,D133,49,
2.023E+11,10,5,2023,16:36,1,41,41166,1,1,8,7,Le Gros Buisson,47,
2.023E+11,26,8,2023,10:30,1,15,15192,1,1,1,1,N122,45,
2.023E+11,28,3,2023,16:30,1,13,13028,2,9,1,6,GUERIN (BOULEVARD),43,
2.023E+11,9,6,2023,16:20,1,57,57672,1,1,1,2,OEUTRANGE (ROUTE D'),49,
2.023E+11,2,12,2023,19:15,5,13,13208,2,1,1,2,JEAN MERMOZ (RUE),43,
2.023E+11,10,5,2023,22:15,3,86,86014,1,1,1,2,D749,46,
2.023E+11,16,7,2023,18:35,1,60,60403,2,3,1,6,2 Rue Ferdinand Buisson,49,
2.023E+11,27,10,2023,18:25,3,78,78372,1,2,3,5,PLANTES (CHEMIN DES),48,
2.023E+11,26,8,2023,05:40,3,1,1188,1,3,1,7,D66a,46,
2.023E+11,2,12,2023,09:30,1,13,13214,2,1,1,6,MAISON BLAN (BOULEVARD),43,
2.023E+11,29,3,2023,14:15,1,10,10081,1,9,1,2,ROCADE EST (RD 610),48,
2.023E+11,9,6,2023,22:10,1,56,56121,2,2,1,3,POISSONNIERE (RUE),47,
2.023E+11,16,7,2023,00:30,3,86,86258,1,2,1,6,Rue de Bonnoy,46,
2.023E+11,9,5,2023,19:15,2,68,68120,1,1,3,1,D12b,47,
2.023E+11,28,10,2023,09:50,1,77,77131,2,1,8,6,MORIN (rue du),48,
2.023E+11,26,8,2023,20:30,3,1,1138,1,1,3,6,D992,45,
2.023E+11,26,3,2023,03:30,3,4,4112,1,1,1,7,FOUCAULT(CHEMIN LEON),43,
2.023E+11,11,6,2023,15:00,1,56,56098,2,9,1,3,KESLER-DEVILLERS ( AV. ),47,
2.023E+11,1,12,2023,16:00,1,13,13002,2,1,2,5,DES TERMES (ROUTE) RD 908,43,
2.023E+11,16,7,2023,16:35,1,85,85143,1,1,1,6,RD65,46,
2.023E+11,11,5,2023,04:30,3,68,68377,2,1,1,6,D419,47,
2.023E+11,26,8,2023,06:15,2,70,70142,1,1,1,7,D 21 Grande rue,47,
2.023E+11,28,10,2023,14:30,1,76,76216,2,1,2,2,A150,49,
2.023E+11,11,6,2023,13:10,1,54,54578,2,1,1,3,Boulevard d'Haussonville,48,
2.023E+11,11,5,2023,10:00,1,39,39478,2,1,1,6,Rue Gambetta,46,
2.023E+11,31,3,2023,16:30,1,75,75119,2,1,1,2,PORTE DE LA VILLETTE,48,
2.023E+11,1,12,2023,11:40,1,12,12089,1,1,2,3,D963,44,
2.023E+11,26,8,2023,18:30,1,72,72309,2,9,8,3,D106,48,
2.023E+11,9,7,2023,14:25,1,41,41194,2,3,1,2,54 Avenue de Blois,47,
2.023E+11,29,10,2023,02:10,5,72,72181,2,1,2,6,PORT (RUE DU),48,
2.023E+11,12,6,2023,16:40,1,53,53130,2,1,1,3,Rue Joséphine Baker,48,
2.023E+11,11,5,2023,15:00,1,66,66124,2,3,1,3,N/A,42,
2.023E+11,31,3,2023,11:45,1,75,75113,2,1,1,2,PORTE D IVRY,48,
2.023E+11,1,12,2023,23:25,5,11,11069,2,6,2,2,36 Avenue du Marechal Juin,43,
2.023E+11,25,8,2023,17:34,1,72,72228,1,1,1,1,D8,47,
2.023E+11,15,7,2023,15:30,1,2A,2A278,1,1,1,1,D420,41,
2.023E+11,11,6,2023,20:20,1,51,51454,2,1,1,1,VIGNOBLE (ALLEE),49,
2.023E+11,27,8,2023,04:15,3,14,14578,1,1,2,7,Route de Trouville,49,
2.023E+11,31,3,2023,08:35,1,75,75116,2,1,1,7,PORT D AUTEUIL,48,
2.023E+11,28,10,2023,20:45,5,72,72181,2,1,3,1,CLEMENCEAU GEORGES ( BD) N° IMP,47,
2.023E+11,10,5,2023,18:30,2,18,18138,1,2,1,2,N/A,47,
2.023E+11,2,12,2023,19:20,5,6,6088,2,2,1,6,VAUBAN (R. MARECHAL),43,
2.023E+11,11,6,2023,15:30,1,51,51454,2,1,1,6,SAINT FIACRE (RUE),49,
2.023E+11,10,5,2023,10:45,1,53,53245,1,1,2,7,Chemin de Bel Air,48,
2.023E+11,26,8,2023,14:55,1,50,50487,2,1,8,1,Rue du Moulin,48,
2.023E+11,16,7,2023,17:55,1,41,41256,1,1,1,5,Autoroute A71 PK 172+600 sens 2,47,
2.023E+11,28,10,2023,18:07,1,72,72181,2,1,2,2,BROSSOLETTE PIERRE (BD) N° IMP,47,
2.023E+11,10,6,2023,11:45,1,51,51454,2,3,1,3,EPERNAY (AVENUE D') COTE PAIR,49,
2.023E+11,30,3,2023,15:00,1,75,75116,2,1,2,4,PORTE MAILLOT,48,
2.023E+11,7,5,2023,09:40,1,21,21008,1,2,2,3,Chemin de Meplan,47,
2.023E+11,17,7,2023,11:30,1,28,28278,1,6,1,3,D910,48,
2.023E+11,2,12,2023,22:30,5,6,6004,2,1,1,5,CHANCEL BD,43,
2.023E+11,12,6,2023,19:30,1,47,47001,2,3,1,3,DUMON (BD SYLVAIN),44,
2.023E+11,29,3,2023,12:50,1,75,75112,2,1,1,2,BOULEVARD PERIPHERIQUE,48,
2.023E+11,28,10,2023,11:15,1,69,69266,2,2,8,3,Cours Docteur Jean Damidot,45,
2.023E+11,27,8,2023,12:50,1,64,64155,1,1,3,2,RD 933,43,
2.023E+11,11,5,2023,11:50,1,27,27620,1,1,1,7,vc106,49,
2.023E+11,12,6,2023,10:20,1,45,45234,2,1,1,6,Avenue de Paris,47,
2.023E+11,16,7,2023,19:00,1,85,85017,1,1,6,3,RD23,46,
2.023E+11,1,12,2023,08:30,1,75,75112,2,1,1,4,BD PERIPHERIQUE INTERIEUR,48,
2.023E+11,27,10,2023,08:45,1,69,69266,2,8,2,6,Boulevard Honoré de Balzac,45,
2.023E+11,26,8,2023,21:40,5,73,73255,2,1,2,6,D74 - 1160 Route de l'aura,45,
2.023E+11,10,5,2023,10:40,1,17,17050,1,2,1,3,D2,45,
2.023E+11,30,3,2023,20:10,2,75,75120,2,4,2,3,RUE DES PYRENEES,48,
2.023E+11,16,7,2023,16:39,1,22,22020,1,1,1,1,CD 793,48,
2.023E+11,10,6,2023,14:10,1,40,40281,1,1,1,5,ROCADE SUD RD 824,43,
2.023E+11,24,8,2023,00:50,3,36,36200,1,1,1,6,N/A,46,
2.023E+11,28,10,2023,19:55,5,69,69259,1,1,1,6,3 Rue Pierre Timbaud,45,
2.023E+11,30,11,2023,13:52,1,75,75106,2,3,1,3,RUE DE SEINE,48,
2.023E+11,12,6,2023,14:50,1,38,38185,2,1,1,6,RUE FÉLIX ESCLANGON,45,
2.023E+11,31,3,2023,18:30,1,75,75119,2,3,1,6,AVENUE MATHURIN MOREAU,48,
2.023E+11,10,5,2023,18:00,1,37,37226,2,6,1,3,Route de Sepmes,47,
2.023E+11,25,8,2023,19:50,2,7,7122,1,1,3,7,Chemin du Gay,44,
2.023E+11,15,7,2023,14:00,1,56,56040,1,1,1,2,Lieu-dit Kerlebert,47,
2.023E+11,27,10,2023,17:30,1,65,65440,2,4,1,3,Rue Massey,43,
2.023E+11,2,12,2023,17:45,5,75,75118,2,1,1,3,BOULEVARD DE ROCHECHOUART,48,
2.023E+11,10,5,2023,23:00,3,60,60009,1,1,1,2,Autoroute A16,,
2.023E+11,27,8,2023,07:00,1,4,4110,2,1,2,7,Avenue du 14 Juillet 1789,44,
2.023E+11,12,6,2023,12:40,1,37,37261,2,2,1,6,GRAMMONT (AVENUE DE),47,
2.023E+11,30,3,2023,21:45,5,75,75113,2,2,2,3,BOULEVARD VINCENT AURIOL,48,
2.023E+11,16,7,2023,17:56,1,2B,2B341,1,1,1,3,RUDA D143,42,
2.023E+11,10,6,2023,18:50,1,36,36202,1,1,1,7,Route de Niherne,46,
2.023E+11,29,10,2023,00:10,5,64,64445,2,3,1,3,14 JUILLET DU,43,
2.023E+11,2,12,2023,12:40,1,75,75116,2,2,1,6,RUE DE PASSY,48,
2.023E+11,6,5,2023,11:50,1,67,67488,1,4,1,3,Autoroute A4  - PK 408+250 - vers STRASBOURG (67),48,
2.023E+11,26,8,2023,15:20,1,85,85096,2,3,1,7,RD 32C,46,
2.023E+11,31,3,2023,13:00,1,75,75114,2,1,6,2,RUE GAZAN,48,
2.023E+11,17,7,2023,17:35,1,2B,2B319,1,1,1,1,Penticchie,42,