Num_Acc,jour,mois,an,hrmn,lum,dep,com,agg,int,atm,col,adr,lat,long
2.023E+11,12,6,2023,15:20,1,33,33063,2,2,1,3,Rue Pasteur,44,
2.023E+11,2,12,2023,12:05,1,75,75114,2,2,1,6,Rue Pierre Castagnou,48,
2.023E+11,10,5,2023,21:50,3,17,17053,1,1,8,2,A837,45,
2.023E+11,28,10,2023,07:20,5,64,64348,1,3,2,6,LACS DES,43,
2.023E+11,25,8,2023,15:30,1,85,85182,1,1,1,6,D960b,46,
2.023E+11,14,7,2023,22:50,5,80,80333,2,1,2,6,Avenue de la Plage,50,
2.023E+11,31,3,2023,08:30,1,75,75114,2,3,1,6,AVENUE DU MAINE,48,
2.023E+11,12,6,2023,06:00,2,33,33063,2,2,1,3,Rue Joseph Brunet,44,
2.023E+11,25,8,2023,19:30,1,85,85146,2,2,7,3,RD 763,46,
2.023E+11,2,12,2023,01:45,5,75,75114,2,3,1,3,RUE VERCINGETORIX,48,
2.023E+11,28,10,2023,14:45,1,62,62193,2,2,1,6,Place d’Armes,50,
2.023E+11,11,6,2023,02:30,5,33,33063,2,3,1,7,Avenue Thiers,44,
2.023E+11,16,7,2023,15:50,1,71,71204,2,6,1,1,D19,46,
2.023E+11,28,4,2023,10:00,1,38,38401,1,1,1,4,A43,45,
2.023E+11,30,3,2023,17:20,1,75,75114,2,3,1,3,AVENUE DU GENERAL LECLERC,48,
2.023E+11,25,8,2023,08:15,2,27,27108,1,2,8,3,D926,48,
2.023E+11,28,10,2023,19:50,5,60,60175,2,1,3,6,Boulevard Jean Biondi,49,
2.023E+11,12,6,2023,02:40,5,29,29232,2,1,1,6,Avenue Pierre Mendes-France,47,
2.023E+11,1,12,2023,17:55,5,75,75114,2,3,1,2,BOULEVARD DE PORT ROYAL,48,
2.023E+11,25,8,2023,09:32,1,28,28089,1,1,2,6,Route du Mans,48,
2.023E+11,10,5,2023,05:00,2,971,97107,2,1,1,6,Sainte Marie,16,
2.023E+11,30,3,2023,23:30,5,75,75109,2,1,2,2,RUE SAINT LAZARE,48,
2.023E+11,15,7,2023,18:33,2,71,71522,1,2,3,3,Route du Taillet,46,
2.023E+11,28,10,2023,22:15,5,57,57660,2,3,2,3,NATIONALE(RUE)LIMITE FORBACH/RUE ST ALIC,49,
2.023E+11,12,6,2023,17:35,1,29,29039,1,6,1,3,Giratoire de Kervinou,47,
2.023E+11,2,12,2023,16:15,1,75,75112,2,2,1,6,AVENUE DAUMESNIL,48,
2.023E+11,11,5,2023,01:40,3,34,34151,1,1,1,1,RD61,43,
2.023E+11,31,3,2023,15:45,1,75,75103,2,4,2,7,RUE DE TURBIGO,48,
2.023E+11,26,8,2023,14:55,1,48,48097,1,1,8,1,St Roman de Tousque,44,
2.023E+11,28,10,2023,15:24,1,54,54395,2,1,1,3,Boulevard du 26e Régiment d'Infanterie,48,
2.023E+11,16,7,2023,03:30,3,76,76507,2,1,1,6,D49,50,
2.023E+11,13,5,2023,09:35,1,24,24037,2,6,1,3,TAINE (RUE HIPPOLYTE),44,
2.023E+11,6,5,2023,11:30,1,84,84105,1,1,1,3,D48,43,
2.023E+11,31,3,2023,13:00,1,94,94038,2,1,2,6,Rue de Chevilly,48,
2.023E+11,27,10,2023,11:50,1,51,51454,2,1,1,7,VAL DE VESLE (BOULEVARD),49,
2.023E+11,2,12,2023,14:15,1,75,75112,2,2,1,3,ROUTE DE LA FERME,48,
2.023E+11,26,8,2023,12:55,1,8,8185,1,1,1,1,Route départementale 8051 - PR28,49,
2.023E+11,17,7,2023,00:55,5,47,47052,2,1,1,6,rue des abeilles,44,
2.023E+11,11,5,2023,09:00,1,83,83027,1,1,7,1,Chemin de l?Argile,43,
2.023E+11,11,6,2023,19:30,1,18,18279,2,3,1,1,Route du Petit Râteau,47,
2.023E+11,29,10,2023,02:10,5,49,49007,2,1,1,2,DAVIERS BOULEVARD,47,
2.023E+11,31,3,2023,08:49,1,94,94054,2,2,1,3,Rue des Aubépines / Avenue Henri Barbusse,48,
2.023E+11,16,7,2023,07:00,1,47,47188,1,1,1,6,767 route de maurillac,44,
2.023E+11,2,12,2023,08:05,1,75,75112,2,1,1,2,QUAI DE LA RAPEE,48,
2.023E+11,25,8,2023,15:55,1,10,10380,1,1,1,2,A26,48,
2.023E+11,10,5,2023,17:00,2,6,6146,1,1,2,6,RM 2205,43,
2.023E+11,30,3,2023,13:10,1,94,94018,2,3,1,6,Avenue de la Liberte / Rue de l'Archeveché,48,
2.023E+11,11,5,2023,08:50,1,13,13072,2,1,1,6,N/A,43,
2.023E+11,28,10,2023,19:40,5,41,41018,2,9,2,2,FENELON (RUE),47,
2.023E+11,16,7,2023,02:50,3,68,68176,2,1,2,7,Rue de Seppois,47,
2.023E+11,2,12,2023,01:23,5,75,75108,2,1,1,5,COURS ALBERT 1ER,48,
2.023E+11,26,8,2023,17:00,1,42,42243,1,1,1,6,A89,45,
2.023E+11,9,6,2023,17:40,1,14,14366,2,1,1,3,17 Rue du Pré d'Auge,49,
2.023E+11,30,3,2023,13:51,1,94,94017,2,1,2,6,Avenue Jacques Copeau,48,
2.023E+11,17,7,2023,08:25,1,68,68155,2,6,1,3,Route de Colmar,48,
2.023E+11,28,10,2023,13:40,1,37,37261,2,1,2,3,DE GAULLE (AVENUE DU GENERAL),47,
2.023E+11,31,3,2023,17:00,1,93,93066,2,1,1,6,Rue de la Garenne,48,
2.023E+11,9,6,2023,16:08,1,30,30032,2,1,1,6,CASINO ALLEE,43,
2.023E+11,2,12,2023,03:11,5,75,75107,2,1,1,5,QUAI D ORSAY,48,
2.023E+11,8,5,2023,11:30,1,21,21606,1,2,1,1,route nationale 74,47,
2.023E+11,16,7,2023,21:20,3,25,25160,1,1,1,6,CD 437 PK58+000,47,
2.023E+11,31,3,2023,16:25,1,93,93051,2,1,1,6,Avenue Montaigne,48,
2.023E+11,16,7,2023,02:15,3,35,35049,2,1,1,6,Rue de la Ville-ballet,48,
2.023E+11,27,10,2023,16:10,1,37,37261,2,8,2,3,FRANCE (PLACE ANATOLE),47,
2.023E+11,12,6,2023,09:00,1,13,13215,2,1,1,1,PADOUANE (BD DE LA ),43,
2.023E+11,2,12,2023,02:40,5,94,94052,2,1,1,6,1 Avenue du Val de Beauté,48,
2.023E+11,11,5,2023,16:15,1,68,68317,2,3,2,3,17 Route de la Schlucht,48,
2.023E+11,31,3,2023,09:45,1,93,93048,2,3,1,6,Boulevard Aristide Briand / Passage des Ecoles,48,
2.023E+11,27,8,2023,07:10,2,67,67162,1,1,5,2,autoroute A4 - PK447+250,48,
2.023E+11,28,10,2023,15:30,1,34,34003,2,1,1,3,CASSIN (J18 A I20,43,
2.023E+11,16,7,2023,23:15,3,29,29197,1,1,1,1,Route de Kerfendal - Kerglogay,48,
2.023E+11,12,6,2023,00:35,5,13,13208,2,1,1,3,MENDES FRANCE (AVENUE),43,
2.023E+11,8,5,2023,16:55,1,67,67010,1,4,2,7,route départementale 253,48,
2.023E+11,31,3,2023,18:36,1,92,92078,2,3,2,6,GALLIENI (BD) (126 ET 152),48,
2.023E+11,2,12,2023,15:25,1,94,94041,2,9,1,3,Rue Ampère,48,
2.023E+11,28,10,2023,10:15,1,33,33063,2,1,8,7,DANEY (BD ALFRED),44,
2.023E+11,25,8,2023,19:00,1,6,6088,1,1,1,2,A8,,
2.023E+11,10,5,2023,17:10,1,67,67118,1,1,1,6,Rue Jean Monnet,48,
2.023E+11,31,3,2023,10:30,1,92,92075,2,2,1,7,JEAN BLEUZEN,48,
2.023E+11,12,6,2023,01:55,5,13,13208,2,1,1,3,GOUDES (CHEMIN DES),43,
2.023E+11,16,7,2023,00:30,5,31,31430,1,2,8,3,D817,43,
2.023E+11,2,12,2023,16:00,1,94,94028,2,1,1,2,Rue Maurice UTRILLO,48,
2.023E+11,28,10,2023,11:06,1,33,33039,2,1,1,3,Route de Toulouse,44,
2.023E+11,8,5,2023,13:40,1,67,67300,2,1,1,6,Rue de la Commanderie,48,
2.023E+11,28,10,2023,09:10,1,33,33167,2,1,8,6,BD ENTRE DEUX MERS,44,
2.023E+11,26,8,2023,09:45,1,63,63021,1,1,8,3,A75 PK 16+100,45,
2.023E+11,31,3,2023,12:50,1,92,92040,2,3,1,6,VAUDETARD,48,
2.023E+11,11,6,2023,13:04,1,13,13202,2,3,1,6,PORT (QUAI DU),43,
2.023E+11,18,6,2023,17:00,1,84,84017,1,1,1,1,Route du Mont-ventoux,44,
2.023E+11,1,12,2023,17:00,5,94,94054,2,1,1,3,D225,48,
2.023E+11,16,7,2023,11:00,1,3,3254,2,6,1,6,Place de la Liberté,46,
2.023E+11,27,10,2023,17:08,1,33,33162,2,1,8,1,AVE DU MEDOC,44,
2.023E+11,11,6,2023,00:40,5,13,13208,2,1,1,6,JOSEPH VIDAL (AVENUE),43,
2.023E+11,10,5,2023,11:20,1,73,73242,2,1,1,1,D80B,45,
2.023E+11,31,3,2023,08:45,1,92,92040,2,1,1,2,MARCEAU,48,
2.023E+11,26,8,2023,07:50,1,13,13097,1,1,1,1,Autoroute A54,,
2.023E+11,2,12,2023,05:00,5,93,93066,2,2,1,3,Rue de la Saussaie / Rue de Villiers,48,
2.023E+11,17,7,2023,08:00,1,15,15163,1,3,1,1,RD 20,44,
2.023E+11,30,3,2023,15:30,1,92,92036,2,3,1,3,JEAN GRANDEL (PLACE),48,
2.023E+11,28,10,2023,15:20,1,29,29019,1,1,1,5,rue Yves Giloux,48,
2.023E+11,11,5,2023,10:50,1,33,33114,1,1,2,2,N10,45,
2.023E+11,11,6,2023,20:55,2,13,13001,2,1,2,1,RD 543,43,
2.023E+11,2,12,2023,19:45,5,93,93055,2,2,1,6,Avenue Jean Lolive / Rue de Moscou,48,
2.023E+11,25,8,2023,21:40,3,77,77412,1,1,1,3,A6 PK 044+200,48,
2.023E+11,28,10,2023,21:00,5,28,28085,2,1,2,3,NICOLE (RUE),48,
2.023E+11,31,3,2023,17:00,1,92,92024,2,1,1,2,GABRIEL PERI (RUE),48,
2.023E+11,15,7,2023,15:20,1,1,1138,2,3,1,3,Route de Luyrieux,45,
2.023E+11,12,6,2023,00:00,3,9,9225,2,1,1,6,ESCOSSE CHEMIN D',43,
2.023E+11,25,8,2023,21:00,3,987,98725,2,1,2,7,Descente Pointe Tapahi Orofara,-17,
2.023E+11,27,10,2023,12:00,1,19,19272,2,1,3,6,Ventadour (Av),45,
2.023E+11,31,3,2023,16:15,1,92,92024,2,1,1,2,CLICHY (QUAI DE) DE (8 A 60),48,
2.023E+11,2,12,2023,00:38,5,93,93050,2,5,1,6,Avenue du Maréchal Leclerc / Avenue de Verdun,48,
2.023E+11,25,8,2023,18:30,5,974,97408,2,9,1,6,Rue Jean Robert,-20,
2.023E+11,11,5,2023,14:00,1,56,56076,1,3,1,3,Lan Er Frost,48,
2.023E+11,28,10,2023,12:20,1,17,17415,1,9,8,2,GATERAT LE GRAND,45,
2.023E+11,16,7,2023,18:05,1,1,1328,1,1,1,1,Route de Neuville,46,
2.023E+11,30,3,2023,09:00,1,60,60152,1,1,1,1,Hameau de Froyères,49,
2.023E+11,11,6,2023,18:51,1,6,6088,2,1,1,6,BARLA (RUE),43,
2.023E+11,2,12,2023,16:25,1,93,93029,2,1,1,6,Rue de Budapest,48,
2.023E+11,25,8,2023,19:11,1,13,13040,1,9,1,3,Route Departementale 96,43,
2.023E+11,27,10,2023,15:15,1,15,15012,2,1,3,7,SEGUIN (RUE M.),44,
2.023E+11,31,3,2023,18:40,1,24,24442,2,1,2,6,Rue du 8 mai 1945,45,
2.023E+11,10,5,2023,16:45,1,59,59400,2,1,1,1,Rue de Caudescure (Pont),50,
2.023E+11,16,7,2023,09:30,1,70,70257,1,1,1,1,RD 474,47,
2.023E+11,26,8,2023,18:15,1,37,37079,2,2,1,3,12 Rue Nationale,47,
2.023E+11,12,6,2023,05:50,2,6,6069,2,3,1,3,PLAN (ROUTE DU) -D304-,43,
2.023E+11,2,12,2023,12:00,1,93,93029,2,2,1,3,Rue Auguste Blanqui / Rue Jacqueline Quatremaire,48,
2.023E+11,1,4,2023,17:15,1,52,52076,1,1,1,2,D65,48,
2.023E+11,28,10,2023,19:45,5,13,13205,2,2,1,3,SAKAKINI (BOULEVARD),43,
2.023E+11,10,5,2023,13:20,1,13,13212,2,1,1,2,A507 sens Marseille - Aubagne,43,
2.023E+11,16,7,2023,16:20,1,6,6056,1,9,1,7,Entraunes,44,
2.023E+11,23,8,2023,17:20,1,28,28187,1,2,8,3,D16,48,
2.023E+11,2,12,2023,22:45,5,92,92073,2,2,1,6,SAINT CLOUD (RUE DE),48,
2.023E+11,31,3,2023,17:00,1,18,18151,1,1,3,6,N/A,47,
2.023E+11,10,6,2023,16:25,1,75,75114,2,1,1,3,PORTE DE GENTILLY,48,
2.023E+11,10,5,2023,08:25,1,83,83137,1,1,1,2,A57,43,
2.023E+11,1,12,2023,17:00,5,92,92060,2,1,1,3,PAUL LANGEVIN (AVENUE) (RD 2),48,
2.023E+11,16,7,2023,10:50,1,14,14397,1,1,1,3,Route de Tessy,49,
2.023E+11,26,3,2023,13:05,1,44,44073,1,1,3,7,N/A,47,
2.023E+11,27,10,2023,14:22,1,13,13208,2,2,1,3,RABATAU (BOULEVARD),43,
2.023E+11,9,6,2023,02:32,5,75,75112,2,1,1,3,PORTE DE VINCENNES,48,
2.023E+11,4,8,2023,18:00,1,77,77381,1,2,1,3,D201,48,
2.023E+11,10,5,2023,02:40,3,91,91216,1,1,1,7,AUTOROUTE A6,48,
2.023E+11,1,12,2023,14:40,1,92,92004,2,1,7,2,ABBE LEMIRE DE L',48,
2.023E+11,15,7,2023,19:30,1,9,9190,1,1,2,1,D19,43,
2.023E+11,12,6,2023,21:50,5,75,75118,2,1,1,6,AVENUE DE LA PORTE DE LA CHAPELLE,48,
2.023E+11,1,4,2023,09:50,1,83,83054,2,3,1,3,chemin des pinsons,43,
2.023E+11,27,10,2023,17:00,1,13,13001,2,9,1,3,GALICE (RTE DE),43,
2.023E+11,24,8,2023,16:15,1,77,77217,1,1,2,1,Rue des Bois,48,
2.023E+11,2,12,2023,12:45,1,92,92014,2,1,1,3,GALOIS (AVENUE),48,
2.023E+11,1,4,2023,08:45,1,56,56165,2,1,1,6,72 Rue Saint Michel,47,
2.023E+11,17,7,2023,16:40,1,64,64529,1,1,1,2,D936,43,
2.023E+11,12,6,2023,14:00,1,75,75117,2,4,1,3,BOULEVARD MALESHERBES,48,
2.023E+11,23,10,2023,11:30,1,11,11262,2,2,1,3,2 Rue Joseph Cugnot,43,
2.023E+11,2,12,2023,11:45,1,92,92014,2,2,1,3,CHATEAU (AVENUE DU),48,
2.023E+11,1,4,2023,00:10,5,74,74309,1,3,2,3,d1205,46,
2.023E+11,10,6,2023,17:15,1,75,75116,2,3,1,6,RUE VAN LOO,48,
2.023E+11,16,7,2023,16:30,1,43,43025,1,2,1,1,La Croix de l’Horme,45,
2.023E+11,1,4,2023,07:30,1,79,79299,1,1,1,7,N/A,46,
2.023E+11,10,5,2023,17:50,1,93,93006,1,1,1,4,AUTOROUTE A3,48,
2.023E+11,26,8,2023,00:50,3,2B,2B193,1,1,1,1,RD 84 PK 79 - lieu dit Francardo,42,
2.023E+11,28,10,2023,18:05,2,10,10357,2,1,2,6,Prolongement Bd POMPIDOU,48,
2.023E+11,16,7,2023,00:30,3,53,53245,1,1,1,6,699 Route D Ernee,48,
2.023E+11,12,6,2023,08:45,1,75,75114,2,3,1,3,BOULEVARD DU MONTPARNASSE,48,
2.023E+11,10,5,2023,11:30,1,95,95582,1,1,2,6,A15,48,
2.023E+11,2,12,2023,21:10,3,60,60369,1,1,9,4,D200,49,
2.023E+11,28,10,2023,19:30,5,8,8105,2,9,2,2,N/A,49,
2.023E+11,9,3,2023,21:30,5,2A,2A271,2,1,1,1,T20,41,
2.023E+11,21,6,2023,18:00,1,83,83042,2,2,1,3,Rue Georges Clémenceau,43,
2.023E+11,10,6,2023,16:30,1,75,75114,2,2,1,1,RUE JULIA BARTET,48,
2.023E+11,1,12,2023,19:10,5,62,62100,2,1,1,2,D130,50,
2.023E+11,16,7,2023,20:59,1,21,21358,1,1,1,1,D19,47,
2.023E+11,10,5,2023,13:55,1,77,77146,1,1,8,4,A4.Y,48,
2.023E+11,28,10,2023,07:25,5,6,6088,2,1,1,3,SAINT-AUGUSTIN (AV. DE),43,
2.023E+11,25,8,2023,11:40,1,5,5177,1,1,1,6,D902,44,
2.023E+11,14,7,2023,17:30,1,21,21316,1,1,7,7,D25d,47,
2.023E+11,25,8,2023,13:45,1,4,4143,1,1,1,7,D12 PK35+60,43,
2.023E+11,12,6,2023,19:13,1,75,75113,2,3,1,3,AVENUE D ITALIE,48,
2.023E+11,10,5,2023,10:10,1,94,94079,1,1,1,3,A4,48,
2.023E+11,29,3,2023,18:15,1,33,33421,1,1,1,1,lieu dit bonhomme,44,
2.023E+11,2,12,2023,18:35,3,49,49195,1,3,1,3,L'Appentière,47,
2.023E+11,28,10,2023,14:55,1,4,4112,2,2,1,7,BRET (BD. M.),43,
2.023E+11,12,6,2023,17:40,1,75,75112,2,2,1,6,BOULEVARD PONIATOWSKI,48,
2.023E+11,27,10,2023,21:05,3,75,75112,2,1,2,7,PORTE DE CHARENTON,48,
2.023E+11,16,7,2023,16:00,1,40,40001,1,2,1,3,Route de Geaune,43,
2.023E+11,3,12,2023,06:20,5,81,81273,2,1,1,6,18bis Route de Toulouse,43,
2.023E+11,10,5,2023,09:20,1,94,94028,1,1,2,2,A86,48,
2.023E+11,25,8,2023,20:10,1,67,67023,1,2,1,7,d139,48,
2.023E+11,1,4,2023,16:15,1,47,47226,1,2,3,1,d668/c502,44,
2.023E+11,25,5,2023,23:40,5,75,75112,2,1,1,6,AVENUE DE NOGENT,48,
2.023E+11,15,7,2023,04:00,3,24,24237,1,6,2,6,rond point ribeyrie,44,
2.023E+11,27,10,2023,18:55,5,75,75119,2,1,2,4,PORTE D AUBERVILLIERS,48,
2.023E+11,2,12,2023,16:50,2,28,28222,1,1,1,6,D28,48,
2.023E+11,1,4,2023,11:00,1,34,34214,1,1,1,7,9 Avenue de Gabian,43,
2.023E+11,25,8,2023,11:40,1,55,55427,2,6,1,3,Avenue du 15e Corps,48,
2.023E+11,9,5,2023,09:45,1,75,75117,2,1,2,3,PORTE D ASNIERES,48,
2.023E+11,12,6,2023,18:48,1,75,75110,2,1,1,3,BOULEVARD DE MAGENTA,48,
2.023E+11,3,12,2023,03:59,3,1,1288,1,1,1,6,D884,46,
2.023E+11,26,8,2023,05:00,3,42,42038,1,9,1,6,Rue de Montazy,45,
2.023E+11,28,10,2023,08:17,2,75,75117,2,3,1,1,RUE DE SAUSSURE,48,
2.023E+11,16,7,2023,14:14,1,4,4076,2,3,1,3,Avenue de Vauban,43,
2.023E+11,25,3,2023,18:25,1,34,34252,1,3,1,3,D922,43,
2.023E+11,9,5,2023,20:56,2,75,75120,2,2,1,3,RUE BELGRAND,48,
2.023E+11,12,6,2023,12:45,1,75,75110,2,3,1,3,BOULEVARD DE BONNE NOUVELLE,48,
2.023E+11,28,10,2023,08:17,5,75,75117,2,5,1,6,RUE DE ROME,48,
2.023E+11,25,8,2023,15:50,1,26,26170,1,2,7,3,Chemin des Balayes,44,
2.023E+11,3,12,2023,01:00,3,29,29020,1,1,1,3,Rue Nicephore Niepce,48,
2.023E+11,8,7,2023,03:30,3,85,85018,1,2,1,6,RD51,46,
2.023E+11,31,3,2023,08:12,2,44,44213,1,1,6,5,Route de Saint-Florent,47,
2.023E+11,9,5,2023,19:12,1,75,75120,2,3,2,6,RUE BELGRAND,48,
2.023E+11,12,7,2023,23:00,4,85,85046,1,9,1,7,RD 948,46,
2.023E+11,11,6,2023,17:45,1,75,75108,2,2,1,1,RUE DE VIENNE,48,
2.023E+11,2,12,2023,20:55,3,14,14027,2,1,1,6,D54,48,
2.023E+11,1,4,2023,16:55,1,29,29300,1,3,2,1,Pont Chlaon,47,
2.023E+11,24,8,2023,14:35,1,1,1313,2,3,1,3,108 rue du prieuré,46,
2.023E+11,28,10,2023,12:25,1,75,75119,2,1,1,2,AVENUE MATHURIN MOREAU,48,
2.023E+11,9,5,2023,13:00,1,75,75120,2,2,2,3,BOULEVARD MORTIER,48,
2.023E+11,12,6,2023,21:10,2,75,75102,2,2,1,6,RUE REAUMUR,48,
2.023E+11,2,12,2023,10:50,1,6,6095,2,1,1,6,18 Avenue de Boutiny,43,
2.023E+11,16,7,2023,20:15,2,27,27107,1,1,1,3,D139,49,
2.023E+11,31,3,2023,15:30,1,38,38034,2,6,1,3,Route de VIENNE,45,
2.023E+11,26,8,2023,09:25,1,69,69069,2,3,3,3,11 Avenue Edouard Millaud,45,
2.023E+11,28,10,2023,10:55,1,75,75119,2,1,1,4,BOULEVARD DE LA VILLETTE,48,
2.023E+11,9,6,2023,16:45,1,94,94068,2,1,1,6,Avenue Foch,48,
2.023E+11,31,3,2023,18:45,2,2,2235,1,1,6,7,Tunnel,49,
2.023E+11,16,7,2023,21:47,2,27,27224,1,1,2,6,Épreville-près-le-Neubourg,49,
2.023E+11,9,5,2023,11:30,1,75,75120,2,2,3,6,RUE PIXERECOURT,48,
2.023E+11,2,12,2023,21:10,3,38,38030,1,1,1,1,D519,45,
2.023E+11,26,8,2023,12:45,1,31,31395,2,1,1,6,3 Rue Didier Daurat,43,
2.023E+11,27,10,2023,11:25,1,75,75119,2,1,1,2,BOULEVARD DE LA VILLETTE,48,
2.023E+11,9,5,2023,17:45,1,75,75119,2,1,1,6,RUE ARMAND CARREL,48,
2.023E+11,10,6,2023,17:30,1,94,94038,2,1,1,6,17 Rue Paul Hochart,48,
2.023E+11,2,12,2023,14:30,1,91,91534,2,9,7,1,Route d?Orsay,48,
2.023E+11,1,4,2023,11:48,1,1,1093,1,1,2,3,D936,46,
2.023E+11,9,5,2023,15:20,1,75,75119,2,3,3,3,AVENUE DE FLANDRE,48,
2.023E+11,16,7,2023,18:45,1,27,27679,2,1,1,1,Avenue Edmond Démolins,48,
2.023E+11,3,12,2023,15:55,1,51,51488,1,1,1,4,D951,49,
2.023E+11,26,8,2023,23:30,3,24,24223,1,1,2,6,Route de la Grande Serre,44,
2.023E+11,1,4,2023,13:40,1,26,26369,1,1,1,6,RD94,44,
2.023E+11,9,5,2023,14:00,1,75,75119,2,2,2,3,AVENUE SIMON BOLIVAR,48,
2.023E+11,12,6,2023,06:25,1,94,94028,2,1,1,3,Route de Choisy,48,
2.023E+11,2,12,2023,19:10,3,56,56185,1,1,2,6,N/A,47,
2.023E+11,28,10,2023,20:15,5,75,75116,2,2,2,1,ALLEE DE LA REINE MARGUERITE,48,
2.023E+11,2,12,2023,05:50,3,59,59662,1,1,9,6,Route de Bray-dunes,50,
2.023E+11,9,5,2023,13:10,1,75,75117,2,3,2,3,RUE DE COURCELLES,48,
2.023E+11,11,6,2023,22:50,4,94,94017,1,6,8,6,11 Boulevard des Alliés,48,
2.023E+11,1,4,2023,10:00,1,14,14371,1,2,1,3,2224 Route du Lieu aux Amis,49,
2.023E+11,28,10,2023,20:45,3,75,75114,2,1,2,7,AVENUE DENFERT ROCHEREAU,48,
2.023E+11,26,8,2023,09:30,1,33,33227,2,2,1,3,rond point de guyenne,44,
2.023E+11,15,7,2023,15:30,1,17,17385,2,3,1,7,83 Avenue de Bel Air,45,
2.023E+11,2,12,2023,19:25,3,77,77414,1,3,1,3,D75,48,
2.023E+11,31,3,2023,16:45,1,7,7117,1,1,1,7,D104 route d'Ales,44,
2.023E+11,9,5,2023,13:45,1,75,75115,2,3,3,2,BOULEVARD LEFEBVRE,48,
2.023E+11,2,12,2023,12:20,1,76,76517,1,4,1,3,D47,49,
2.023E+11,12,6,2023,12:00,1,93,93073,2,3,2,2,Rue Ronsard / Rue Corneille,48,
2.023E+11,9,5,2023,12:15,1,75,75115,2,1,2,6,RUE DE VOUILLE,48,
2.023E+11,26,8,2023,18:00,1,50,50041,1,3,1,3,44 Rue du Millecent (Beaumont-Hague),49,
2.023E+11,16,7,2023,21:30,1,88,88486,2,2,1,7,Rue de Saint-del,48,
2.023E+11,27,10,2023,13:40,1,75,75113,2,5,1,2,PORTE D ITALIE,48,
2.023E+11,1,4,2023,04:10,3,53,53146,1,1,2,6,Quifeu,48,
2.023E+11,10,6,2023,23:45,5,93,93073,1,1,1,3,Rue du Chapitre,49,
2.023E+11,2,12,2023,18:54,5,2A,2A362,2,1,1,5,RT10 STE LUCIE DE PORTO VECCHIO,41,
2.023E+11,9,5,2023,12:15,1,75,75113,2,3,2,3,AVENUE D ITALIE,48,
2.023E+11,12,6,2023,18:30,1,93,93072,2,1,2,2,Boulevard Maxime Gorki,48,
2.023E+11,12,6,2023,13:25,1,93,93064,2,1,1,6,Avenue du Général de Gaulle,48,
2.023E+11,9,5,2023,08:00,1,75,75113,2,1,2,3,BOULEVARD VINCENT AURIOL,48,
2.023E+11,18,7,2023,00:50,3,988,98805,1,1,2,6,VE1 SENS NORD/SUD - PR 5+574,-22,
2.023E+11,31,3,2023,12:35,1,40,40282,2,1,1,1,avenue de l'océean,43,
2.023E+11,26,8,2023,05:30,2,29,29294,1,1,5,6,Brec'Hoat,48,
2.023E+11,24,11,2023,20:10,5,82,82112,2,2,2,4,Rue des Pommes,44,
2.023E+11,12,6,2023,19:30,1,93,93048,2,1,1,6,Boulevard Théophile Sueur,48,
2.023E+11,28,10,2023,12:10,1,75,75110,2,3,1,6,RUE DU FAUBOURG SAINT MARTIN,48,
2.023E+11,9,5,2023,20:30,5,75,75112,2,2,1,3,AVENUE DU DOCTEUR ARNOLD NETTER,48,
2.023E+11,3,12,2023,10:15,1,71,71396,1,3,7,6,27 Route de Pierre,46,
2.023E+11,9,5,2023,08:20,1,75,75112,2,1,2,6,RUE DE REUILLY,48,
2.023E+11,12,6,2023,02:10,3,93,93032,2,1,1,3,Rue de Maison Rouge,48,
2.023E+11,12,6,2023,17:45,1,93,93010,2,1,1,6,Av du Mal de Lattre de Tassigny,48,
2.023E+11,9,5,2023,00:10,5,75,75112,2,2,8,6,AVENUE DAUMESNIL,48,
2.023E+11,16,7,2023,13:25,1,42,42243,1,1,1,6,A89,45,
2.023E+11,3,12,2023,09:45,1,71,71097,1,1,1,1,Route de la Genete,46,
2.023E+11,12,6,2023,13:40,1,93,93010,2,1,1,6,Route de Villemomble,48,
2.023E+11,1,4,2023,14:50,1,40,40154,1,4,3,3,Route de Naboude,43,
2.023E+11,3,12,2023,13:20,1,71,71162,1,1,1,7,Route de Beaune,46,
2.023E+11,8,5,2023,22:03,5,75,75109,2,3,1,6,RUE DE CLICHY,48,
2.023E+11,11,6,2023,13:03,1,92,92064,2,9,1,3,GOUNOD,48,
2.023E+11,28,10,2023,17:30,2,75,75108,2,2,2,6,BOULEVARD HAUSSMANN,48,
2.023E+11,3,12,2023,09:15,1,89,89307,1,1,8,6,Nationale 77,47,
2.023E+11,9,5,2023,18:34,1,94,94081,2,1,2,6,Place de l'Eglise,48,
2.023E+11,10,6,2023,11:57,1,92,92064,2,9,1,3,GOUNOD,48,
2.023E+11,30,11,2023,05:15,3,34,34031,1,1,2,6,D137,43,
2.023E+11,31,3,2023,12:20,1,24,24525,1,1,1,1,"D87 lieu dit ""Lavenaud""",45,
2.023E+11,26,8,2023,11:23,1,13,13212,1,1,1,2,A507 sens Aubagne- Marseille,43,
2.023E+11,9,5,2023,15:10,1,94,94065,2,3,2,3,Avenue Charles Lindbergh / Rue Mondétour,48,
2.023E+11,3,12,2023,04:20,3,44,44072,1,1,2,7,2 Kercouret,47,
2.023E+11,9,6,2023,23:25,5,92,92063,2,2,1,3,SOLFERINO (BOULEVARD),48,