Num_Acc,jour,mois,an,hrmn,lum,dep,com,agg,int,atm,col,adr,lat,long
2.023E+11,30,3,2023,16:15,1,93,93014,2,2,1,6,Allée de Gagny / Allée Romain Rolland,48,
2.023E+11,9,5,2023,11:26,1,37,37250,1,1,3,4,A10  PK 224+000 sens 2,47,
2.023E+11,26,9,2023,22:05,5,974,97411,2,3,1,3,MACE (BOULEVARD GABRIEL),-20,
2.023E+11,13,6,2023,14:25,1,16,16170,1,1,1,1,D709,45,
2.023E+11,16,7,2023,15:30,1,50,50531,1,1,2,7,Rue de la Jarrière,48,
2.023E+11,16,8,2023,00:36,5,971,97113,1,3,1,2,Morne Salines,16,
2.023E+11,3,1,2023,18:35,5,10,10060,2,1,1,3,HAUTEFEUILLE (RUE),48,
2.023E+11,29,10,2023,10:45,1,63,63047,1,1,2,1,D996,45,
2.023E+11,17,2,2023,11:15,1,37,37240,1,1,8,6,D74,47,
2.023E+11,6,5,2023,09:15,1,51,51507,2,7,1,6,Avenue de la Gare,49,
2.023E+11,30,3,2023,08:40,1,92,92050,2,2,1,6,FRACHON BENOIT AVENUE,48,
2.023E+11,12,7,2023,15:19,1,29,29094,1,1,1,7,coat allee,48,
2.023E+11,12,6,2023,08:20,1,53,53040,1,1,1,6,le bas montigné,48,
2.023E+11,2,12,2023,10:30,1,33,33063,1,1,1,4,ROCADE A 630,44,
2.023E+11,24,8,2023,11:10,1,2A,2A004,2,1,1,2,NICOLI JEAN COURS,41,
2.023E+11,3,1,2023,11:06,1,10,10297,2,1,1,6,Rue Marc Verdier,48,
2.023E+11,28,10,2023,14:25,1,61,61037,1,1,3,7,D310,48,
2.023E+11,29,3,2023,08:45,1,92,92004,2,1,1,3,PIERRE BOUDOU,48,
2.023E+11,12,6,2023,22:55,3,21,21547,1,1,1,6,D970,47,
2.023E+11,28,10,2023,21:30,5,55,55063,2,1,2,1,Rue Marcel-cachin,49,
2.023E+11,3,1,2023,21:25,5,9,9122,2,6,8,6,RD 117,42,
2.023E+11,27,9,2023,10:30,3,972,97209,1,1,2,4,RD 41 (ROCADE),14,
2.023E+11,24,8,2023,18:40,1,95,95268,2,9,1,6,D125,48,
2.023E+11,15,7,2023,22:40,3,22,22168,2,1,2,3,Boulevard Jean Mermoz,48,
2.023E+11,2,12,2023,15:45,1,91,91340,1,1,1,2,AUTOROUTE A6,48,
2.023E+11,5,5,2023,11:00,1,56,56122,1,3,2,3,89 Trégadoret,47,
2.023E+11,12,6,2023,15:33,1,4,4054,1,1,3,6,N85,44,
2.023E+11,17,2,2023,12:52,1,72,72198,1,1,1,7,a81,48,
2.023E+11,29,10,2023,09:00,1,55,55010,1,1,3,5,pk 4 N4,48,
2.023E+11,27,3,2023,11:25,1,62,62895,2,1,1,6,Rue du Marechal Leclerc,50,
2.023E+11,14,7,2023,05:00,3,59,59562,1,1,1,7,Rue de Flaumont,50,
2.023E+11,24,8,2023,15:10,1,91,91201,2,2,2,1,AV JEAN JAURES,48,
2.023E+11,27,9,2023,17:18,1,69,69381,2,1,1,6,Tunnel de la Rue Terme,45,
2.023E+11,3,1,2023,06:10,5,6,6123,2,1,1,3,DE GAULLE GENERAL AVENUE,43,
2.023E+11,2,12,2023,02:40,3,91,91363,1,1,1,6,RN 118,48,
2.023E+11,9,5,2023,13:25,1,76,76219,2,1,1,1,Rue Cacheleu,49,
2.023E+11,29,10,2023,09:00,1,49,49069,1,1,8,6,RD 154,47,
2.023E+11,21,1,2023,01:46,5,25,25462,2,9,4,6,MONTRIEUX,46,
2.023E+11,2,12,2023,15:15,1,93,93010,1,1,1,6,AUTOROUTE A3,48,
2.023E+11,13,6,2023,08:00,1,27,27284,1,4,1,7,D15b,49,
2.023E+11,19,8,2023,17:20,1,91,91691,2,3,8,3,CHARLE DE GAULLE(RUE),48,
2.023E+11,4,1,2023,08:45,1,93,93070,2,1,1,6,Rue des Entrepôts,48,
2.023E+11,27,9,2023,05:50,2,2B,2B033,1,9,1,7,11 - RT,42,
2.023E+11,28,10,2023,15:36,1,39,39535,1,1,1,6,N/A,46,
2.023E+11,30,3,2023,14:00,1,976,97611,1,1,1,3,kaweni-Kaweni sud  (Z I),-12,
2.023E+11,13,6,2023,08:45,1,17,17434,1,1,1,7,D114,46,
2.023E+11,10,5,2023,17:15,1,82,82190,1,1,1,6,D26,43,
2.023E+11,1,12,2023,20:30,3,93,93053,1,1,1,3,AUTOROUTE A3,48,
2.023E+11,16,7,2023,06:30,1,13,13213,1,1,1,3,A507 sens Marseille - Aubagne,43,
2.023E+11,4,1,2023,17:45,5,75,75117,2,1,2,2,PORTE DE CLICHY,48,
2.023E+11,24,8,2023,21:57,5,91,91434,2,2,1,3,MONTLHERY (RUE DE),48,
2.023E+11,27,9,2023,18:25,3,971,97120,1,6,1,6,BLANCHARD,16,
2.023E+11,5,6,2023,15:35,1,37,37050,2,1,1,6,34 Rue des Pommiers,47,
2.023E+11,30,3,2023,17:18,1,974,97416,2,1,1,3,LORION (RUE LUC),-21,
2.023E+11,29,10,2023,07:56,2,39,39404,1,1,8,1,N/A,46,
2.023E+11,17,2,2023,13:30,1,34,34157,2,6,7,3,25 Route de Villeveyrac,43,
2.023E+11,24,8,2023,11:17,1,87,87050,2,1,1,7,EGLISE (RUE DE L'),45,
2.023E+11,10,5,2023,17:55,1,89,89267,1,5,1,3,N/A,47,
2.023E+11,30,3,2023,11:28,1,974,97416,2,1,1,6,PRESIDENT MITTERAND(AVENUE),-21,
2.023E+11,3,1,2023,17:00,5,75,75113,2,1,1,4,QUAI D IVRY,48,
2.023E+11,1,12,2023,19:45,3,93,93048,1,1,1,4,AUTOROUTE A3,48,
2.023E+11,29,10,2023,04:20,5,25,25228,2,1,1,6,Av du General Charles de Gaulle,47,
2.023E+11,11,6,2023,17:45,1,8,8361,2,1,1,2,D988,49,
2.023E+11,16,7,2023,12:50,1,91,91689,1,1,1,2,AUTOROUTE A10,48,
2.023E+11,4,5,2023,19:45,1,49,49100,1,1,1,7,D 960,47,
2.023E+11,16,2,2023,16:30,1,34,34213,1,1,1,2,D613,43,
2.023E+11,23,8,2023,08:55,1,87,87085,2,1,1,6,VALIN (AVENUE DU GENERAL MARTIAL),45,
2.023E+11,30,3,2023,20:35,5,973,97302,2,1,1,7,BADUEL (ROUTE DE),4,
2.023E+11,28,10,2023,05:20,3,29,29236,1,1,1,6,Pont du Guilly,47,
2.023E+11,2,12,2023,06:50,3,95,95424,1,1,1,6,A15,48,
2.023E+11,3,1,2023,10:25,1,75,75112,2,1,1,3,BOULEVARD PERIPHERIQUE,48,
2.023E+11,27,9,2023,12:00,1,91,91589,2,2,1,3,RUE HENRI DUNANT,48,
2.023E+11,13,6,2023,17:20,1,13,13103,1,2,1,3,D69,43,
2.023E+11,23,8,2023,16:55,1,85,85194,2,1,1,3,Rue du général dumouriez,46,
2.023E+11,16,7,2023,05:00,2,91,91377,1,1,1,2,AUTOROUTE A10,48,
2.023E+11,1,12,2023,16:00,1,95,95088,1,1,1,6,D170 ,48,
2.023E+11,29,3,2023,12:30,1,973,97302,2,2,1,3,POLYCARPE (VERMONT),4,
2.023E+11,27,9,2023,09:40,1,91,91027,2,1,1,6,QUAI DE L'INDUSTRIE,48,
2.023E+11,15,2,2023,19:40,4,34,34145,1,2,1,3,D61,43,
2.023E+11,10,5,2023,10:25,1,41,41185,1,1,1,1,D765,47,
2.023E+11,29,10,2023,09:05,1,29,29182,1,3,2,2,Route de l'Oratoire,48,
2.023E+11,24,8,2023,08:00,1,83,83137,2,1,1,2,CLEMENCEAU (BD GEORGES),43,
2.023E+11,13,6,2023,08:50,1,69,69244,2,2,2,1,60 Avenue Général Brosset,45,
2.023E+11,16,7,2023,16:07,1,92,92064,1,1,1,2,A13,48,
2.023E+11,1,12,2023,18:35,5,976,97611,2,1,1,6,kaweni-Centrale (rue),-12,
2.023E+11,30,3,2023,16:55,1,972,97209,1,1,1,2,AVE CAMILLE DARSIERES,14,
2.023E+11,9,5,2023,13:55,1,38,38416,2,1,1,6,Rue Jean Rony,45,
2.023E+11,27,9,2023,08:35,1,86,86214,2,1,1,6,Route de Ligugé,46,
2.023E+11,23,8,2023,17:15,1,83,83144,2,1,1,6,UNIVERSITE (AVE DE L'),43,
2.023E+11,4,1,2023,19:05,5,94,94067,2,2,2,6,Avenue du Général de Gaulle / Rue de l'Epinette,48,
2.023E+11,28,9,2023,00:00,5,85,85191,1,1,2,6,Boulevard louis blanc,46,
2.023E+11,30,3,2023,13:00,1,972,97209,2,1,1,3,BEAUSEJOUR JAMBETTE (ROUTE),14,
2.023E+11,27,11,2023,11:00,1,974,97416,1,1,1,5,MAURICE THOREZ(CHEMIN),-21,
2.023E+11,10,5,2023,11:45,1,3,3281,1,1,1,6,le Chy,46,
2.023E+11,13,6,2023,11:00,1,38,38052,1,4,1,3,D211,45,
2.023E+11,17,2,2023,00:30,5,83,83042,2,1,1,7,Rond Point de la Foux,43,
2.023E+11,1,8,2023,22:00,4,79,79329,2,3,2,7,N/A,46,
2.023E+11,4,1,2023,07:10,5,94,94046,2,2,2,6,Boulevard Gallièni,48,
2.023E+11,15,7,2023,13:50,1,92,92012,1,1,1,5,A13,48,
2.023E+11,25,9,2023,18:25,1,83,83137,2,2,1,1,ESCARTEFIGUE (CORNICHE DU 2 A 422,43,
2.023E+11,1,12,2023,13:05,1,974,97411,1,1,1,7,PITON (ROUTE DU BOIS DE NEFLES),-20,
2.023E+11,12,6,2023,14:50,1,27,27249,1,1,1,6,A13,49,
2.023E+11,9,5,2023,13:45,1,70,70493,1,1,2,6,D15,47,
2.023E+11,30,3,2023,08:00,1,972,97209,1,3,1,3,RELIGIEUSES (ROUTE DES),14,
2.023E+11,28,10,2023,19:05,3,29,29076,1,3,3,5,D26,48,
2.023E+11,24,8,2023,05:30,5,78,78401,2,2,1,3,RHIN ET DANUBE (PONT),49,
2.023E+11,11,6,2023,04:00,3,971,97112,1,1,1,6,RN 9 DUCOS HERMITAGE,15,
2.023E+11,15,7,2023,19:20,1,95,95394,1,1,1,7,N184,49,
2.023E+11,4,1,2023,12:40,1,94,94041,2,1,2,3,Rue Gaston Cornavin,48,
2.023E+11,26,9,2023,17:05,1,82,82121,2,1,1,6,1 boulevard edouard herriot,44,
2.023E+11,16,2,2023,20:05,5,89,89013,2,2,1,3,,47,
2.023E+11,30,11,2023,09:30,1,974,97411,2,1,2,2,CANAL (CHEMIN DU GRAND),-20,
2.023E+11,5,5,2023,16:15,1,6,6059,2,1,1,6,Avenue de la Liberté,43,
2.023E+11,28,10,2023,06:15,5,2,2807,2,3,2,6,16bis Route de Saint-quentin,49,
2.023E+11,11,6,2023,18:00,1,971,97134,1,1,1,6,Grandes Rivières,16,
2.023E+11,15,7,2023,20:20,1,93,93006,1,1,1,6,AUTOROUTE A3,48,
2.023E+11,29,3,2023,09:50,1,69,69389,2,1,1,2,110 Rue de Saint-Cyr,45,
2.023E+11,24,8,2023,11:10,1,76,76178,1,2,6,1,Rue de Tourville,49,
2.023E+11,4,1,2023,18:04,5,94,94021,2,1,2,6,344 Avenue de Stalingrad,48,
2.023E+11,6,5,2023,18:43,1,5,5127,1,1,1,7,D3,,
2.023E+11,14,2,2023,13:00,1,67,67397,1,1,5,7,D52,48,
2.023E+11,27,10,2023,20:35,5,84,84089,2,6,1,1,route départementale 956 - rond point d'alton,43,
2.023E+11,11,6,2023,15:28,1,972,97224,2,1,1,3,1348 gondeau,14,
2.023E+11,3,1,2023,17:05,5,94,94028,2,1,1,3,140 Avenue du Maréchal Foch,48,
2.023E+11,28,11,2023,21:40,5,974,97411,2,3,1,3,MACE (BOULEVARD GABRIEL),-20,
2.023E+11,13,3,2023,13:01,1,2B,2B120,2,1,8,3,11 - RT,42,
2.023E+11,23,8,2023,13:30,1,76,76351,1,3,1,3,LENINGRAD (BD DE),49,
2.023E+11,16,7,2023,13:50,1,75,75112,1,1,1,4,A4,48,
2.023E+11,16,2,2023,19:05,5,63,63284,2,1,1,2,4 rue de la Fontaine Ballet,45,
2.023E+11,12,6,2023,09:40,1,13,13087,1,2,1,3,Avenue de la Bégude,43,
2.023E+11,1,12,2023,16:30,1,973,97302,2,1,1,3,MADELEINE (ROUTE DE LA),4,
2.023E+11,9,5,2023,11:40,1,50,50419,2,5,2,3,Rue du Mont Saint Michel,48,
2.023E+11,3,1,2023,15:50,1,94,94069,2,2,1,3,PONT DE CHARENTON,48,
2.023E+11,24,8,2023,17:10,1,69,69264,2,2,1,3,Rue Francois Meunier Vial,45,
2.023E+11,16,7,2023,09:20,1,77,77337,1,9,1,6,RN104,48,
2.023E+11,15,2,2023,20:00,5,42,42022,2,6,1,3,Avenue de la Mairie,45,
2.023E+11,27,3,2023,09:15,1,95,95203,2,4,1,3,Rue du Général Leclerc,48,
2.023E+11,29,10,2023,01:30,5,58,58085,2,1,2,7,Rue de Derriere les Murs,47,
2.023E+11,27,9,2023,14:30,1,77,77132,2,1,1,2,AV ROBERT SCHUMAN,48,
2.023E+11,1,6,2023,18:10,1,77,77440,1,1,1,6,D603,48,
2.023E+11,1,12,2023,14:25,1,973,97302,2,1,1,3,STE THERESE(CITE ANATOLE),4,
2.023E+11,3,1,2023,14:20,1,94,94017,2,2,8,3,Rue Louis Talamoni,48,
2.023E+11,17,2,2023,01:42,3,69,69289,2,6,1,7,Route d’Heyrieux,45,
2.023E+11,23,8,2023,18:30,1,69,69264,2,3,1,1,Boulevard Général Leclerc,45,
2.023E+11,9,5,2023,18:00,1,50,50388,1,3,2,3,Rue des Forges,49,
2.023E+11,29,10,2023,08:02,1,54,54128,1,1,2,7,N4,48,
2.023E+11,13,6,2023,10:10,1,2A,2A247,2,1,1,1,avenue george Pompidou,41,
2.023E+11,1,12,2023,18:00,5,69,69388,2,1,2,3,Avenue Général Frère,45,
2.023E+11,27,9,2023,12:15,1,69,69029,2,3,1,6,Rue Guillermin,45,
2.023E+11,16,7,2023,05:55,2,77,77122,1,1,1,7,RN104,48,
2.023E+11,29,10,2023,18:28,3,50,50215,1,1,1,2,D650,49,
2.023E+11,20,8,2023,17:10,1,69,69264,2,2,1,3,Boulevard Général Leclerc,45,
2.023E+11,4,1,2023,13:36,1,93,93078,2,6,1,2,Avenue Georges Clémenceau / Boulevard Robert Ballanger,48,
2.023E+11,17,2,2023,15:10,1,81,81120,1,1,1,1,N112,43,
2.023E+11,30,3,2023,09:30,1,91,91326,2,1,1,6,MONTTESSUY (RUE DE),48,
2.023E+11,9,5,2023,18:30,1,50,50568,1,2,1,7,D73 D235,49,
2.023E+11,9,6,2023,13:00,1,66,66133,1,2,1,3,,42,
2.023E+11,1,12,2023,15:55,1,972,97213,2,1,1,3,Z I LES MANGLES,14,
2.023E+11,29,10,2023,08:30,2,45,45035,2,1,3,6,Rue du Chesnoy,48,
2.023E+11,27,9,2023,08:44,1,69,69286,1,6,1,3,Chemin du Champ du Roy,45,
2.023E+11,30,4,2023,08:00,1,43,43020,2,1,1,6,Pont de Bas en Basset,45,
2.023E+11,4,1,2023,17:50,5,93,93033,2,2,2,3,Avenue Aristide Briand / Rue des Rosiers,48,
2.023E+11,24,8,2023,16:50,1,69,69259,2,3,1,3,Rue Marius Martin,45,
2.023E+11,16,2,2023,15:15,1,44,44047,2,3,1,3,21 Rue Fernand Doceul,47,
2.023E+11,13,6,2023,08:50,1,34,34022,1,1,1,3,8 Rue du Mas de la Treille,43,
2.023E+11,28,10,2023,20:15,3,43,43025,1,1,6,6,RD 461,45,
2.023E+11,9,5,2023,09:39,1,64,64001,1,4,1,1,D 311,43,
2.023E+11,23,8,2023,17:40,2,69,69259,2,1,1,6,Rue de l'Industrie,45,
2.023E+11,15,7,2023,09:35,1,85,85191,2,1,8,6,Rue françois cevert,46,
2.023E+11,26,9,2023,13:10,1,67,67482,2,9,1,3,ARTHUR RIMBAUD (RUE),48,
2.023E+11,4,1,2023,16:50,5,93,93048,2,3,2,6,Boulevard Aristide Briand / Rue Charles Delescluze,48,
2.023E+11,30,3,2023,16:57,1,90,90001,2,1,1,2,Rue des Prés,47,
2.023E+11,1,12,2023,10:15,1,69,69384,2,1,2,4,Quai Joseph Gillet,45,
2.023E+11,16,2,2023,21:25,5,33,33096,1,1,1,6,AUTOROUTE A 10,44,
2.023E+11,4,1,2023,06:57,5,93,93048,2,1,2,6,Rue Franklin,48,
2.023E+11,11,3,2023,11:40,1,89,89387,2,1,1,6,HEROS (PLACE DES),48,
2.023E+11,13,6,2023,07:40,1,84,84132,1,2,1,3,Route de Fontaine de Vaucluse,43,
2.023E+11,23,8,2023,12:00,1,69,69029,2,3,1,2,Rue Lionel Terray,45,
2.023E+11,15,7,2023,16:25,1,79,79300,2,1,1,6,N/A,46,
2.023E+11,27,9,2023,12:50,1,64,64545,2,3,1,3,PAUL GELOS (RUE),43,
2.023E+11,1,5,2023,14:36,1,53,53135,1,2,1,3,D153,47,
2.023E+11,1,12,2023,06:00,2,971,97113,2,6,1,6,RN4 - SECTION RIVIERA,16,
2.023E+11,28,10,2023,13:30,1,43,43244,1,3,1,3,Route de Saint-Etienne,45,
2.023E+11,16,2,2023,17:50,1,33,33550,1,1,1,5,ROCADE A 630,44,
2.023E+11,3,1,2023,16:30,1,92,92073,2,1,1,3,JAURES (AVENUE JEAN),48,
2.023E+11,23,8,2023,11:40,1,64,64122,2,9,1,6,REPTOU (RUE DU),43,
2.023E+11,12,6,2023,20:00,1,57,57058,2,3,1,6,Rue des Roses,49,
2.023E+11,27,9,2023,19:44,1,64,64269,1,9,1,6,CAM MARTY DE,43,
2.023E+11,4,1,2023,12:45,1,92,92064,2,1,2,7,ANDRE CHEVRILLON,48,
2.023E+11,15,7,2023,06:51,2,94,94022,1,1,2,2,A86,48,
2.023E+11,28,10,2023,14:30,1,36,36088,2,1,8,3,Rue de Lattre de Tassigny,46,
2.023E+11,3,5,2023,15:20,1,27,27135,1,2,1,1,D24,49,
2.023E+11,30,11,2023,18:30,4,971,97101,2,9,1,2,BOISRIPEAUX,16,
2.023E+11,12,6,2023,19:40,1,3,3139,1,1,2,6,departementale 7,46,
2.023E+11,27,3,2023,19:13,1,87,87085,2,1,1,4,PORT DU NAVEIX (RUE DU),45,
2.023E+11,18,8,2023,19:15,1,64,64122,2,3,1,3,HELIANTHE ),43,
2.023E+11,16,2,2023,17:50,1,33,33192,1,1,1,3,ROCADE A 630,44,
2.023E+11,4,1,2023,19:25,5,92,92020,2,1,2,7,PARIS AVENUE DE N°2 A82,48,
2.023E+11,22,9,2023,14:40,1,64,64445,2,2,2,3,CASTETNAU,43,
2.023E+11,29,10,2023,01:42,3,7,7240,1,1,1,7,Route Departementale 86,,
2.023E+11,11,6,2023,11:20,1,7,7107,2,1,1,6,165 Allee Marie Sauzee,44,
2.023E+11,26,3,2023,16:10,1,83,83061,1,1,1,6,RN7,43,
2.023E+11,16,2,2023,10:30,1,94,94034,1,1,1,6,A86,48,
2.023E+11,9,5,2023,18:52,1,30,30228,1,1,2,1,D418,43,
2.023E+11,14,7,2023,00:40,5,77,77373,2,3,1,6,AV DU DUC DE DANTZIG,48,
2.023E+11,1,12,2023,19:08,5,2A,2A004,2,1,1,4,T22,41,
2.023E+11,21,8,2023,11:20,1,64,64122,2,1,1,6,VIERGE (ESPLANADE DE LA),43,
2.023E+11,27,9,2023,04:05,3,61,61397,2,1,5,6,D30 PR0+220,48,
2.023E+11,3,1,2023,18:45,5,92,92036,2,1,1,6,LUCIEN LANTERNIER (AVENUE) (19/65),48,
2.023E+11,9,5,2023,12:01,1,52,52398,1,1,2,7,route départementale 16,48,
2.023E+11,29,3,2023,16:40,1,78,78551,2,1,1,6,MARCHE NEUF (PLACE DU),48,
2.023E+11,23,8,2023,05:45,3,64,64024,2,1,1,7,PEE (ROUTE DE SAINT),43,
2.023E+11,1,12,2023,20:30,5,95,95680,2,9,1,6,D316C2,49,
2.023E+11,15,2,2023,18:10,2,93,93007,1,1,1,3,AUTOROUTE A3,48,
2.023E+11,12,6,2023,07:27,2,1,1405,1,3,1,2,D1083,46,
2.023E+11,4,1,2023,08:35,1,92,92026,2,1,1,3,SAINT-DENIS BD DE (01 A 197 / 02 A 118),48,
2.023E+11,27,9,2023,11:11,1,58,58194,2,1,1,3,REPUBLIQUE (BOULEVARD),46,
2.023E+11,28,10,2023,15:35,1,53,53219,2,1,3,5,RN12,48,
2.023E+11,13,7,2023,16:00,1,77,77131,2,2,1,6,8 MAI 1945 (PLACE DU),48,
2.023E+11,24,8,2023,12:15,1,63,63113,2,9,1,6,DELILLE (PLACE),45,
2.023E+11,9,5,2023,09:10,1,26,26088,1,9,1,7,A49 - BIF7.3,45,
2.023E+11,15,2,2023,10:20,1,93,93007,1,1,1,2,AUTOROUTE A3,48,
2.023E+11,1,12,2023,18:50,5,91,91552,2,6,1,6,RUE D'AULNAY,48,
2.023E+11,5,6,2023,08:50,2,44,44026,2,1,1,3,Avenue Syrma,47,
2.023E+11,27,10,2023,19:40,3,40,40014,1,1,2,6,D9,44,
2.023E+11,4,1,2023,14:00,1,37,37153,1,1,2,6,RD910,47,
2.023E+11,9,5,2023,06:00,2,49,49377,1,1,3,6,a11,47,
2.023E+11,12,7,2023,22:30,5,93,93048,2,1,1,7,Boulevard Rouget de Lisle,48,
2.023E+11,26,9,2023,17:55,1,56,56121,2,3,1,3,LAGRANGE (RUE  LEO ),47,
2.023E+11,23,8,2023,12:04,1,63,63113,2,1,1,7,CARNOT (AVENUE),45,
2.023E+11,12,6,2023,16:45,1,29,29247,2,1,1,6,Allée du Bois,47,
2.023E+11,30,11,2023,13:30,1,91,91103,2,6,1,3,AV DE LA COMMUNE DE PARIS,48,
2.023E+11,27,10,2023,09:30,1,87,87047,1,1,2,7,Route d?Angelard,45,
2.023E+11,3,1,2023,08:00,3,79,79057,1,1,5,6,N/A,46,
2.023E+11,10,6,2023,17:21,1,54,54027,1,1,1,6,Autoroute A 31,48,
2.023E+11,16,2,2023,09:50,1,94,94073,1,1,1,5,A86,48,
2.023E+11,22,8,2023,20:30,1,62,62427,1,1,1,2,D47,50,
2.023E+11,11,7,2023,19:20,5,974,97411,2,9,1,1,CAMELIAS (RUE DES),-20,
2.023E+11,9,5,2023,17:40,1,6,6018,1,3,1,3,Route de Valbonne,43,
2.023E+11,28,10,2023,01:30,3,987,98752,1,1,1,6,PK 42+600,-17,
2.023E+11,26,9,2023,10:05,1,54,54578,2,1,1,2,Boulevard des Aiguillettes,48,
2.023E+11,3,1,2023,15:15,1,62,62166,1,1,1,6,D916,50,
2.023E+11,1,12,2023,06:40,5,91,91589,2,3,1,3,AV DE L ARMEE LECLERC,48,
2.023E+11,23,8,2023,11:39,1,62,62548,2,9,1,6,RUE HENRI RAVISSE,50,
2.023E+11,30,3,2023,00:30,3,77,77445,2,1,1,1,MOULIN (AVENUE JEAN),48,
2.023E+11,9,6,2023,15:00,1,67,67482,1,1,1,2,M35,48,
2.023E+11,13,3,2023,23:15,3,62,62826,1,1,1,3,Avenue François Godin,50,
2.023E+11,15,2,2023,20:30,5,75,75118,2,1,1,2,PORTE DE SAINT OUEN,48,
2.023E+11,26,9,2023,10:00,1,54,54304,2,1,1,2,Avenue de la Résistance,48,
2.023E+11,5,1,2023,09:54,1,83,83073,2,1,1,6,Dn7,43,
2.023E+11,27,10,2023,18:00,1,24,24450,1,1,2,1,Route du Riol,44,
2.023E+11,9,5,2023,14:45,1,77,77071,1,1,2,2,Autoroute A6,,
2.023E+11,24,8,2023,20:30,5,59,59527,2,1,1,6,LECLERC RUE DU GENERAL,50,
2.023E+11,10,6,2023,17:10,1,59,59609,1,1,1,2,AUTOROUTE A1,50,
2.023E+11,7,7,2023,19:30,1,89,89387,2,1,7,6,LEPELLETIER DE SAINT FARGEAU (RUE),48,
2.023E+11,1,12,2023,14:10,1,84,84035,1,9,2,5,ROBION-RD2 (ROUTE DE),43,
2.023E+11,26,9,2023,17:45,1,54,54483,2,1,1,2,Rue Anatole France,48,
2.023E+11,4,1,2023,19:00,3,82,82101,1,2,1,6,267 LIEU-DIT AU GOULAT,44,
2.023E+11,15,2,2023,11:45,1,75,75117,2,1,1,2,PORTE DE CHAMPERRET,48,
2.023E+11,22,8,2023,10:20,1,57,57672,2,1,1,6,LIBERATION (ALLEE DE LA) - PAIR,49,
2.023E+11,8,5,2023,11:45,1,78,78410,1,4,1,7,route departementale 37,49,
2.023E+11,7,6,2023,19:45,1,59,59378,1,1,1,6,AUTOROUTE A22,50,
2.023E+11,1,12,2023,19:55,5,83,83137,2,1,2,6,LACROIX (RUE DU LIEUTENANT HENRI),43,
2.023E+11,15,7,2023,18:30,3,974,97416,1,1,2,6,RN3 (3),-21,
2.023E+11,25,10,2023,21:00,3,78,78189,1,1,2,7,Route départementale,48,
2.023E+11,26,9,2023,08:20,1,52,52121,2,1,1,6,REPUBLIQUE (AVENUE),48,
2.023E+11,5,1,2023,13:25,1,47,47043,1,1,1,4,Route de Vianne,44,
2.023E+11,12,6,2023,17:31,1,91,91174,1,1,1,6,RN 104,48,
2.023E+11,14,2,2023,21:15,1,75,75113,2,1,1,3,PORTE D IVRY,48,
2.023E+11,15,7,2023,23:20,3,974,97416,1,1,3,7,RN1,-21,
2.023E+11,23,8,2023,11:30,1,54,54395,2,2,1,3,Rue Henri Déglin,48,
2.023E+11,27,9,2023,12:10,1,51,51454,2,1,1,6,LOUVOIS (RUE DE) DU N°140 A FIN ET DU N°,49,
2.023E+11,9,5,2023,17:15,1,2B,2B313,2,1,1,2,RT10 Moriani Plage,42,
2.023E+11,1,12,2023,18:15,5,82,82033,2,2,1,3,Route Quercy-Gascogne,44,
2.023E+11,12,6,2023,16:46,1,92,92064,1,1,1,2,A13,48,
2.023E+11,4,1,2023,16:20,1,25,25262,1,1,1,1,D461,47,
2.023E+11,26,9,2023,15:50,1,50,50129,2,3,1,6,LANSONNEUR (RUE LOUIS),49,
2.023E+11,15,2,2023,18:00,1,75,75120,2,2,1,3,RUE DE LA BIDASSOA,48,
2.023E+11,15,7,2023,20:15,5,974,97416,2,2,2,3,BOEUF(CHEMIN),-21,
2.023E+11,30,3,2023,08:50,1,77,77186,1,2,1,5,RD606. de la rochette à l'obélisque,48,
2.023E+11,30,11,2023,07:15,2,80,80021,2,2,1,3,SAINT MAURICE (RUE),49,
2.023E+11,24,8,2023,18:31,2,54,54149,2,1,2,1,D521,49,
2.023E+11,12,6,2023,09:20,1,92,92048,1,1,1,2,N118,48,
2.023E+11,6,5,2023,13:00,1,66,66065,2,3,1,3,N/A,42,
2.023E+11,26,9,2023,19:05,1,50,50129,2,6,1,3,BRECOURT (rond point de ),49,
2.023E+11,23,8,2023,16:36,1,54,54382,1,9,1,6,Avenue de l’Europe,49,
2.023E+11,30,3,2023,11:00,1,69,69266,2,1,1,3,138 Cours Emile Zola,45,
2.023E+11,15,2,2023,16:00,1,75,75119,2,1,1,2,RUE DES FETES,48,
2.023E+11,5,1,2023,17:00,1,44,44131,2,1,8,3,19 Rue Charles de Foucauld,47,
2.023E+11,12,6,2023,06:40,1,78,78402,1,1,1,6,A13,48,
2.023E+11,15,7,2023,07:22,1,974,97416,1,1,2,2,RN03,-21,
2.023E+11,9,5,2023,17:30,1,83,83001,1,1,1,1,D37,43,
2.023E+11,1,12,2023,18:05,5,79,79259,2,2,1,2,N/A,46,
2.023E+11,26,9,2023,18:56,1,49,49353,2,1,1,3,REPUBLIQUE AVENUE,47,
2.023E+11,24,8,2023,13:20,1,51,51454,2,1,8,6,LECOINTE (RUE SADI),49,
2.023E+11,10,6,2023,07:30,1,75,75116,1,1,1,3,A13Y,48,
2.023E+11,15,2,2023,09:15,1,75,75119,2,1,1,3,BOULEVARD SERURIER,48,