Num_Acc,jour,mois,an,hrmn,lum,dep,com,agg,int,atm,col,adr,lat,long
2.023E+11,29,3,2023,12:30,1,64,64140,2,3,1,3,MOULIN D'HUREOUS (RUE DU),43,
2.023E+11,15,7,2023,19:15,3,974,97411,1,9,1,2,LITTORAL (ROUTE 1 DU),-20,
2.023E+11,9,5,2023,21:10,5,4,4143,2,1,1,6,18 Avenue Charles Richaud,43,
2.023E+11,1,12,2023,19:57,5,78,78440,2,1,1,4,MARECHAL FOCH (AVENUE DU),48,
2.023E+11,5,1,2023,14:15,1,38,38065,1,1,8,5,D520,45,
2.023E+11,26,9,2023,11:35,1,49,49353,2,1,1,7,JEAN JAURES RUE,47,
2.023E+11,24,8,2023,09:30,1,51,51454,2,2,1,6,TALLEYRAND (RUE),49,
2.023E+11,9,5,2023,07:00,4,42,42168,2,1,1,6,Route de Maclas,45,
2.023E+11,15,2,2023,18:30,5,75,75118,2,3,8,6,RUE DES POISSONNIERS,48,
2.023E+11,1,12,2023,15:35,1,78,78401,2,1,1,6,ALBERT JOZON (RUE),49,
2.023E+11,9,6,2023,08:00,1,78,78322,1,1,1,4,RN12 EXT,48,
2.023E+11,29,3,2023,14:33,1,63,63113,2,2,1,3,Av République / Catarou,45,
2.023E+11,27,9,2023,20:20,4,47,47001,2,1,1,6,BRU (AVENUE DU DOCTEUR JEAN),44,
2.023E+11,15,7,2023,09:00,1,974,97411,2,9,1,3,VICTOIRE (AVENUE DE LA),-20,
2.023E+11,4,1,2023,01:50,3,14,14249,1,1,6,6,D8,49,
2.023E+11,23,8,2023,11:10,1,51,51454,2,6,1,3,rue Saint-Léonard,49,
2.023E+11,14,2,2023,12:48,1,75,75106,2,3,1,6,BOULEVARD DU MONTPARNASSE,48,
2.023E+11,30,4,2023,14:15,1,38,38557,1,1,1,1,Rue des Marais,45,
2.023E+11,1,12,2023,20:18,3,77,77350,1,1,1,7,D471,48,
2.023E+11,9,6,2023,18:00,1,93,93066,1,1,1,2,AUTOROUTE A1,48,
2.023E+11,30,3,2023,13:45,1,62,62498,2,1,1,3,Rue Jean Letienne,50,
2.023E+11,5,1,2023,16:15,2,60,60155,1,1,2,1,D929,49,
2.023E+11,26,9,2023,18:40,1,44,44184,2,4,1,1,13 Rue Ambroise Paré,47,
2.023E+11,23,8,2023,08:07,1,50,50129,1,6,7,3,BATE (ROND POINT),49,
2.023E+11,15,7,2023,18:10,1,973,97302,2,1,1,3,MADELEINE (ROUTE DE LA),4,
2.023E+11,1,1,2023,22:40,3,16,16075,1,1,2,6,D7,45,
2.023E+11,30,3,2023,23:55,5,61,61143,2,6,3,7,Route d'Ecouves,48,
2.023E+11,9,6,2023,17:45,1,95,95527,1,1,1,2,A1,48,
2.023E+11,15,2,2023,10:30,1,75,75110,2,1,1,2,RUE DU FAUBOURG SAINT MARTIN,48,
2.023E+11,14,11,2023,18:40,5,76,76540,2,6,1,6,Boulevard Gambetta,49,
2.023E+11,23,8,2023,18:40,1,49,49007,2,1,1,6,auriol,47,
2.023E+11,24,9,2023,16:45,1,42,42186,2,1,1,3,Rue Edouard Vaillant,45,
2.023E+11,11,6,2023,17:00,1,69,69264,2,1,1,6,Rue du Garet,45,
2.023E+11,1,12,2023,11:10,1,76,76575,1,1,1,2,D18 E,49,
2.023E+11,29,3,2023,17:50,1,60,60057,2,2,1,3,Avenue de l'Europe,49,
2.023E+11,5,1,2023,12:30,1,40,40282,2,3,1,2,Route de Mont-de-marsan,43,
2.023E+11,10,5,2023,17:40,1,38,38158,2,3,1,3,rue mendès france,45,
2.023E+11,19,8,2023,19:00,1,47,47323,2,1,1,6,SILOS (RUE DES),44,
2.023E+11,15,7,2023,02:50,5,69,69387,2,3,1,1,Avenue Berthelot,45,
2.023E+11,27,9,2023,15:25,1,37,37233,2,1,1,6,REPUBLIQUE (AVENUE DE LA),47,
2.023E+11,15,2,2023,06:30,5,75,75110,2,4,1,3,RUE DU FAUBOURG SAINT MARTIN,48,
2.023E+11,23,3,2023,07:00,1,2A,2A271,1,1,1,3,T20,41,
2.023E+11,30,11,2023,14:25,1,76,76296,1,1,1,1,LIBERATION (RUE DE LA ),49,
2.023E+11,30,3,2023,14:00,1,59,59512,2,1,2,3,MOTTE (AVENUE ALFRED),50,
2.023E+11,9,5,2023,17:15,1,7,7324,2,1,2,7,avenue de nimes,45,
2.023E+11,5,1,2023,09:17,1,40,40212,1,2,8,3,D817,43,
2.023E+11,11,6,2023,11:00,1,974,97416,1,1,1,7,RN1 (ROUTE NATIONALE),-21,
2.023E+11,24,8,2023,09:00,1,30,30243,2,3,1,3,avenue jean moulin,44,
2.023E+11,14,7,2023,23:11,5,972,97213,1,1,1,3,ROUTE DEPARTEMENTALE 14,14,
2.023E+11,27,9,2023,12:15,1,35,35278,2,3,1,3,MILON (RUE A),48,
2.023E+11,1,12,2023,18:25,5,74,74118,2,5,3,3,DEPORTES (ROUTE DES ),46,
2.023E+11,30,3,2023,12:40,1,59,59350,2,3,1,3,MATHIAS FERDINAND RUE,50,
2.023E+11,2,5,2023,14:45,1,7,7264,2,1,1,1,175 Avenue de Provence,44,
2.023E+11,15,2,2023,12:00,1,75,75109,2,3,1,3,RUE LA BRUYERE,48,
2.023E+11,5,1,2023,08:00,3,27,27105,1,1,2,2,D438,49,
2.023E+11,11,6,2023,14:00,1,974,97407,2,1,1,1,JACQUES DUCLOS (RUE) - RIVIERE DES GAL  ,-20,
2.023E+11,1,12,2023,13:30,1,72,72181,1,9,1,6,PREMIERE DIVISION FRANCAISE (BD),48,
2.023E+11,23,8,2023,11:00,1,29,29151,2,3,1,3,Rue de Brest,48,
2.023E+11,15,7,2023,10:35,1,972,97209,2,1,1,2,ENTRAIDE (ROUTE DE L'),14,
2.023E+11,23,3,2023,09:00,1,59,59328,2,3,8,6,LILLE RUE DE,50,
2.023E+11,24,9,2023,15:40,1,34,34301,2,1,1,6,AVENUE DES EAUX BLANCHES,43,
2.023E+11,5,1,2023,08:45,1,6,6018,1,1,1,2,Route des Dolines,43,
2.023E+11,11,6,2023,14:40,1,973,97302,2,1,8,3,RABAN (ROUTE DE),4,
2.023E+11,30,11,2023,17:45,5,72,72181,2,9,2,3,HEUZE OLIVIER (AV) N° IMP DE 1 A 239,47,
2.023E+11,15,2,2023,19:05,2,75,75108,2,3,1,6,RUE DE LA VILLE L EVEQUE,48,
2.023E+11,10,5,2023,07:30,1,1,1390,1,2,1,3,Route de Ricoty,45,
2.023E+11,29,3,2023,11:35,1,49,49007,2,2,8,1,DUNANT BOULEVARD,47,
2.023E+11,18,8,2023,17:20,1,29,29019,2,6,1,2,rue de Gouesnou,48,
2.023E+11,27,9,2023,13:00,1,31,31555,2,1,1,3,RTE DE SAINT SIMON,43,
2.023E+11,15,7,2023,06:05,1,69,69149,2,3,1,1,Rue Marx Dormoy,45,
2.023E+11,4,1,2023,13:40,1,49,49306,1,1,2,2,Saint-Léger-de-Linières,47,
2.023E+11,11,6,2023,18:55,1,69,69383,2,2,1,3,Cours Docteur Long,45,
2.023E+11,9,5,2023,22:15,3,85,85189,1,1,1,6,1985 Route de challans,46,
2.023E+11,30,3,2023,17:00,1,47,47001,2,1,1,3,GAILLARD (AV. ET PONT DE),44,
2.023E+11,2,12,2023,00:15,5,69,69275,1,1,2,1,Rue Elisée Reclus,45,
2.023E+11,4,1,2023,15:40,1,51,51515,1,1,2,7,A4,49,
2.023E+11,14,2,2023,13:00,1,75,75108,2,2,1,3,RUE DE COURCELLES,48,
2.023E+11,22,8,2023,10:01,1,14,14366,2,3,1,6,103 Avenue du 6 Juin,49,
2.023E+11,23,9,2023,17:30,1,31,31555,2,9,1,3,AV PAUL SEJOURNE,43,
2.023E+11,15,7,2023,10:20,1,971,97101,2,6,1,6,ROND POINT IGNACE,16,
2.023E+11,30,3,2023,07:50,1,44,44143,2,1,1,6,Boulevard du Général de Gaulle,47,
2.023E+11,11,6,2023,16:45,1,69,69383,2,1,1,6,134 Avenue Lacassagne,45,
2.023E+11,1,12,2023,17:10,2,69,69266,2,1,2,2,60 Rue Lucette et René Desgrand,45,
2.023E+11,15,7,2023,01:30,5,971,97113,1,1,1,6,RN4 - SECTION RIVIERA,16,
2.023E+11,27,9,2023,07:45,1,31,31555,2,1,1,3,ETROITS (CHE DES) DU 1AU 159,43,
2.023E+11,9,5,2023,12:10,1,49,49194,1,2,8,3,Route de la Roche,47,
2.023E+11,5,1,2023,08:50,1,14,14269,1,1,2,5,459 Route de Blangy-le-Château,49,
2.023E+11,1,12,2023,13:50,1,69,69264,2,6,2,7,Rue Francois Meunier Vial,45,
2.023E+11,15,2,2023,07:30,2,75,75107,2,2,1,3,BOULEVARD RASPAIL,48,
2.023E+11,24,8,2023,00:45,5,14,14118,2,8,1,3,30 Place de la Liberté,49,
2.023E+11,10,6,2023,21:20,4,972,97213,1,1,1,6,ROUTE DEPARTEMENTALE 3,14,
2.023E+11,9,5,2023,23:00,3,49,49138,1,1,1,7,D61,47,
2.023E+11,15,7,2023,18:35,1,2A,2A004,1,6,1,3,CAMPO DELL ORO RTE,41,
2.023E+11,29,11,2023,16:00,2,69,69271,2,1,1,3,Chemin de Décines,45,
2.023E+11,11,6,2023,19:57,1,69,69384,2,2,1,3,Rue Jean Jullien,45,
2.023E+11,14,2,2023,13:52,1,75,75107,2,2,1,6,PONT DE L ALMA,48,
2.023E+11,24,8,2023,08:15,1,13,13117,1,4,1,2,CD20 E,43,
2.023E+11,29,3,2023,20:00,1,37,37261,2,2,1,3,VAILLANT (RUE EDOUARD),47,
2.023E+11,9,5,2023,16:50,1,50,50492,1,3,1,3,lieu-dit Vaulaville - Précorbin,49,
2.023E+11,2,1,2023,18:31,3,45,45093,1,1,2,2,A10 PR 82 + 782,48,
2.023E+11,1,12,2023,17:10,5,67,67482,2,3,2,6,LOUIS PASTEUR (QUAI),48,
2.023E+11,15,7,2023,21:54,1,95,95585,2,6,1,3,D125,48,
2.023E+11,11,6,2023,13:35,1,69,69382,2,2,1,3,Rue de la Charité,45,
2.023E+11,14,2,2023,12:34,1,75,75103,2,4,1,3,RUE DU TEMPLE,48,
2.023E+11,30,3,2023,12:45,1,35,35115,2,1,2,2,COINTAT (BD MICHEL),48,
2.023E+11,19,8,2023,18:40,1,13,13213,2,1,1,6,PEYPIN (RUE DE),43,
2.023E+11,1,12,2023,08:10,1,66,66136,1,1,1,2,Départementale  617,42,
2.023E+11,27,9,2023,08:00,1,18,18205,1,1,1,5,N/A,47,
2.023E+11,29,3,2023,16:50,1,34,34172,2,6,1,7,646 Rue des Quatre Vents,43,
2.023E+11,11,6,2023,16:30,1,2A,2A004,2,3,1,3,PRINCE IMPERIAL COURS,41,
2.023E+11,15,7,2023,20:55,1,91,91589,2,1,1,1,PL DE LA GARE,48,
2.023E+11,23,8,2023,09:20,1,12,12089,2,1,1,1,ALFARIC PROSPER (AVENUE),44,
2.023E+11,30,11,2023,17:15,1,66,66136,2,1,1,3,Avenue Paul Gauguin,42,
2.023E+11,15,2,2023,15:45,1,94,94081,2,2,1,6,Rue Verte / Avenue du Colonel Fabien,48,
2.023E+11,8,5,2023,14:16,1,13,13215,1,1,1,3,A7-Sens Lyon vers Marseille,43,
2.023E+11,4,1,2023,14:00,1,988,98832,1,1,3,1,RP3,-22,
2.023E+11,26,9,2023,22:46,3,18,18033,1,1,1,3,N/A,47,
2.023E+11,30,3,2023,09:50,1,31,31555,2,1,1,6,RUE ERNEST RENAN,43,
2.023E+11,1,12,2023,19:19,5,65,65440,2,1,3,6,LACAUSSADE (BOULEVARD),43,
2.023E+11,11,6,2023,16:25,1,95,95555,2,1,2,2,D14,48,
2.023E+11,23,8,2023,17:10,1,9,9225,2,1,1,6,CAPITAINE TOURNISSA AVENUE DU,43,
2.023E+11,15,2,2023,13:02,1,94,94081,2,2,1,3,Avenue Youri Gagarine / Rue de la Petite Saussaie,48,
2.023E+11,4,1,2023,08:20,1,988,98833,1,1,1,7,RPN3,-21,
2.023E+11,15,7,2023,20:20,1,78,78238,1,1,1,2,CD 14,48,
2.023E+11,30,3,2023,00:39,3,31,31555,1,1,1,6,VA007644 EMPALOT A620 Sortie 24,43,
2.023E+11,11,6,2023,02:29,5,91,91589,2,1,1,7,AV GABRIEL PERI,48,
2.023E+11,27,9,2023,20:30,4,17,17415,2,1,1,3,CASTAGNARY ALLEE,45,
2.023E+11,15,2,2023,18:20,2,94,94078,2,1,1,6,Av du Pdt J Fitzgerald Kennedy,48,
2.023E+11,19,8,2023,14:20,1,7,7281,1,1,1,7,C.D.533,44,
2.023E+11,15,7,2023,17:45,1,77,77083,1,6,1,6,VC,48,
2.023E+11,30,11,2023,07:45,3,65,65286,1,3,2,3,N21 route de Tarbes,43,
2.023E+11,30,3,2023,06:20,5,31,31483,2,1,1,6,FOCH (AVENUE DU MARECHAL),43,
2.023E+11,10,6,2023,14:41,1,74,74218,1,1,1,6,BENNAZ (RUE DE LA),46,
2.023E+11,5,1,2023,06:10,3,971,97114,1,1,1,5,Christophe Ouest,16,
2.023E+11,27,9,2023,20:12,5,17,17300,2,1,1,3,MONGE   RUE GASPARD,46,
2.023E+11,14,2,2023,22:30,5,94,94074,2,1,1,3,Avenue Henri Barbusse,48,
2.023E+11,16,7,2023,00:50,5,69,69259,2,1,3,3,Boulevard Irène Joliot Curie,45,
2.023E+11,11,6,2023,02:20,5,69,69266,2,1,1,6,Avenue Roger Salengro,45,
2.023E+11,11,8,2023,20:15,1,6,6069,2,1,1,3,CHENES (CHEMIN DES),43,
2.023E+11,28,3,2023,12:00,1,30,30007,2,3,1,3,N/A,44,
2.023E+11,27,9,2023,21:50,5,13,13211,1,1,1,6,RTE D' ALLAUCH,43,
2.023E+11,15,2,2023,00:46,3,94,94042,2,2,1,6,Quai du Barrage,48,
2.023E+11,1,12,2023,17:56,5,63,63300,2,1,2,4,ROCADE RD 446,45,
2.023E+11,3,1,2023,17:40,5,21,21515,2,1,2,6,Avenue de Bourgogne,47,
2.023E+11,9,6,2023,19:25,2,69,69199,2,3,1,6,57 Avenue Jean Jaurès,45,
2.023E+11,15,7,2023,19:05,1,65,65440,2,2,8,3,Boulevard Lacaussade,43,
2.023E+11,24,8,2023,16:30,1,6,6004,2,2,1,3,GREC AV.JULES,43,
2.023E+11,29,3,2023,10:05,1,29,29019,2,2,1,3,rue du Guelmeur,48,
2.023E+11,27,9,2023,17:30,1,13,13210,2,1,1,3,PAUL CLAUDEL (BOULEVARD),43,
2.023E+11,1,12,2023,14:05,1,62,62040,2,9,1,3,Avenue Georges Brassens,50,
2.023E+11,14,2,2023,15:30,1,94,94028,1,3,1,2,Avenue du Maréchal Foch / A86,48,
2.023E+11,15,7,2023,23:55,5,64,64024,2,1,1,7,BAYONNE (AVENUE DE),43,
2.023E+11,4,1,2023,23:50,3,29,29071,1,1,2,1,D222,47,
2.023E+11,24,11,2023,13:40,1,62,62427,2,9,8,7,Boulevard Ferdinand de Lesseps,50,
2.023E+11,13,2,2023,17:50,1,94,94022,2,1,1,1,Avenue de Lugo,48,
2.023E+11,27,9,2023,17:40,1,13,13204,2,1,1,6,SEBASTOPOL (PLACE),43,
2.023E+11,15,7,2023,16:10,1,64,64102,2,1,2,6,GENIE (PONT DU),43,
2.023E+11,29,3,2023,08:25,1,29,29019,2,2,1,3,boulevard de l'Europe,48,
2.023E+11,24,8,2023,17:20,1,75,75119,2,1,1,2,PORTE D AUBERVILLIERS,48,
2.023E+11,10,6,2023,16:25,1,65,65440,2,2,1,1,CARNOT (RUE),43,
2.023E+11,5,1,2023,12:54,1,45,45051,1,1,2,1,D952 PK 36 + 55,47,
2.023E+11,14,2,2023,18:35,5,94,94018,2,2,1,6,Rue des Bordeaux,48,
2.023E+11,30,3,2023,13:45,1,28,28134,2,1,1,6,ITALIE (PLACE D'),48,
2.023E+11,22,9,2023,09:00,1,13,13210,2,3,1,3,PONT DE VIVAUX (BOULEVARD),43,
2.023E+11,15,7,2023,12:13,1,61,61143,2,3,7,3,D204,48,
2.023E+11,24,8,2023,17:05,1,75,75120,2,2,1,6,RUE DE MENILMONTANT,48,
2.023E+11,24,3,2023,10:45,1,27,27681,2,6,1,6,MONT VERNON (ROND POINT),49,
2.023E+11,15,2,2023,21:00,5,93,93066,2,1,1,3,Rue Danielle Casanova,48,
2.023E+11,1,12,2023,18:00,5,59,59426,2,1,1,4,SCHUMAN (RUE ROBERT),50,
2.023E+11,4,1,2023,14:35,1,77,77476,1,1,2,1,D401,49,
2.023E+11,15,7,2023,16:04,1,59,59599,2,1,8,3,GAMBETTA (BOULEVARD),50,
2.023E+11,26,9,2023,01:00,5,13,13202,2,2,1,7,MONTOLIEU (RUE),43,
2.023E+11,15,2,2023,06:25,2,93,93066,2,1,1,3,Avenue du Président Wilson,48,
2.023E+11,11,6,2023,18:20,1,49,49007,2,3,1,3,BEAUSSIER BOULEVARD,47,
2.023E+11,24,8,2023,14:50,1,75,75120,2,2,2,3,RUE DES PYRENEES,48,
2.023E+11,15,7,2023,19:10,1,59,59350,2,1,1,6,JUSSIEU RUE,50,
2.023E+11,1,12,2023,18:30,5,59,59650,2,1,1,5,Rue Vallon,50,
2.023E+11,4,1,2023,09:00,2,95,95658,1,1,2,1,D14,49,
2.023E+11,27,9,2023,18:25,1,13,13001,1,2,1,6,ST SIMON (CH DE),43,
2.023E+11,15,2,2023,10:00,1,93,93050,2,2,1,3,Boulevard Louis Armand / Rue Louis Vannini,48,
2.023E+11,9,6,2023,17:45,1,48,48095,1,1,3,1,RN 88 (ROUTE DU PUY),44,
2.023E+11,15,7,2023,11:40,1,56,56121,2,3,1,2,MULLER ( DU COLONEL JEAN ),47,
2.023E+11,30,3,2023,21:30,5,25,25056,2,1,1,7,ARENES RUE D',47,
2.023E+11,15,2,2023,12:10,1,93,93048,2,2,1,3,Avenue de la Résistance / Rue Hoche,48,
2.023E+11,24,8,2023,10:20,1,75,75120,2,2,1,3,RUE DES PYRENEES,48,
2.023E+11,4,1,2023,07:30,3,11,11099,1,1,5,7,,43,
2.023E+11,15,7,2023,00:50,3,54,54528,2,1,1,6,Boulevard de Pinteville,48,
2.023E+11,25,9,2023,09:15,1,12,12083,2,3,7,6,19 MARS 1962 (DU),44,
2.023E+11,1,12,2023,21:45,5,59,59350,2,3,1,3,BERTEAUX MAURICE RUE,50,
2.023E+11,11,6,2023,21:05,1,44,44184,2,2,1,3,82 Boulevard Pierre de Maupertuis,47,
2.023E+11,15,2,2023,14:30,1,93,93006,2,1,1,2,48bis Rue Charles Delescluze,48,
2.023E+11,30,3,2023,13:35,1,21,21054,2,2,1,3,FERRY (BOULEVARD JULES),47,
2.023E+11,11,6,2023,21:45,5,43,43157,2,1,3,7,Boulevard de Cluny,45,
2.023E+11,17,6,2023,15:00,1,75,75120,2,3,1,1,RUE BELGRAND,48,
2.023E+11,15,7,2023,22:40,3,54,54431,2,2,2,3,Rue Fabvier,48,
2.023E+11,27,9,2023,06:46,2,6,6088,2,2,1,3,DIGUE DES FRANCAIS (TRAV. DE LA),43,
2.023E+11,30,11,2023,17:15,2,57,57606,2,1,8,6,FOCH (RUE DU MARECHAL),49,
2.023E+11,5,1,2023,16:00,1,6,6146,1,1,1,5,M2205,43,
2.023E+11,15,2,2023,09:50,1,93,93031,2,1,1,6,Rue de la Bruyère,48,
2.023E+11,15,7,2023,18:20,1,51,51454,2,9,2,6,DAUPHINOT (BOULEVARD),49,
2.023E+11,28,3,2023,10:55,1,19,19031,2,6,1,3,COURBATERE (ROND-POINT ROGER),45,
2.023E+11,26,9,2023,17:00,1,6,6123,2,1,1,6,PAGNOL MARCEL BOULEVARD,43,
2.023E+11,5,1,2023,20:30,3,5,5119,1,1,1,1,RD 186 - lieu dit le chazaret,44,
2.023E+11,30,11,2023,17:55,5,57,57332,2,7,1,6,Route départementale 603,49,
2.023E+11,15,6,2023,17:20,1,75,75120,2,3,1,3,RUE DE BELLEVILLE,48,
2.023E+11,15,2,2023,15:00,1,93,93014,2,3,1,3,Boulevard Gagarine / Avenue de l'Avenir,48,
2.023E+11,11,6,2023,02:32,3,42,42184,2,1,1,1,Rue du Maréchal Foch,46,
2.023E+11,29,3,2023,17:27,1,17,17306,2,1,1,3,ROCHEFORT (DE)  (AVENUE),45,
2.023E+11,15,7,2023,08:00,2,51,51172,2,6,2,3,FRATERNITE (PLACE),49,
2.023E+11,4,1,2023,17:50,3,25,25047,1,1,1,5,D683,47,
2.023E+11,27,9,2023,00:10,5,1,1283,2,1,1,6,BRILLAT SAVARIN,46,
2.023E+11,24,11,2023,07:59,5,56,56260,2,3,8,3,Boulevard du Colonel Rémy,47,
2.023E+11,11,6,2023,06:10,1,38,38185,1,9,1,6,A480,45,
2.023E+11,15,2,2023,19:15,5,93,93057,2,3,1,3,Avenue de Rome / Allee de Luxembourg,48,
2.023E+11,30,3,2023,16:45,1,13,13215,2,2,1,6,SAINT LOUIS (AVENUE DE),43,
2.023E+11,14,7,2023,19:50,1,51,51454,2,2,1,1,ALBERT 1ER (BOULEVARD),49,
2.023E+11,5,1,2023,11:40,1,7,7272,1,1,1,3,D579,44,
2.023E+11,15,2,2023,17:49,5,93,93055,2,1,1,3,Avenue Jean Lolive,48,
2.023E+11,11,6,2023,12:50,1,35,35238,2,1,1,6,SAINT-HELIER,48,
2.023E+11,27,9,2023,15:20,1,75,75112,2,1,1,2,ECHANGEUR BERCY,48,
2.023E+11,1,12,2023,08:10,5,56,56121,2,6,2,3,CORNOUAILLES (ROND-POINT DE LA),47,
2.023E+11,15,7,2023,11:00,1,37,37195,2,1,1,7,SABLES (CHEMIN DES),47,
2.023E+11,30,3,2023,10:15,1,13,13214,2,9,1,3,LAVOISIER (BOULEVARD),43,
2.023E+11,4,1,2023,18:54,5,69,69116,2,6,1,6,Avenue de la Porte de Lyon,45,
2.023E+11,14,2,2023,15:41,1,93,93001,2,1,1,6,..,48,
2.023E+11,5,1,2023,18:00,3,33,33006,1,1,2,6,D255 PR 16+450,45,
2.023E+11,11,6,2023,01:35,5,35,35238,2,1,1,3,BOURGEOIS (BOULEVARD LEON),48,
2.023E+11,15,7,2023,19:45,1,34,34172,1,1,1,2,Boulevard Louis Blanc,43,
2.023E+11,26,9,2023,21:13,5,75,75120,2,1,1,2,PORTE DE MONTREUIL,48,
2.023E+11,29,3,2023,08:18,1,11,11069,2,2,1,3,N/A,43,
2.023E+11,15,2,2023,16:30,1,92,92078,2,1,1,6,GALLIENI (BD) (153 ET 225),48,
2.023E+11,30,11,2023,12:52,1,54,54304,2,2,1,3,Avenue de la Résistance,48,
2.023E+11,5,1,2023,08:15,5,53,53168,2,1,8,6,16 Rue d'Anjou,47,
2.023E+11,14,7,2023,09:50,1,34,34003,1,1,1,2,RD612,43,
2.023E+11,15,2,2023,09:20,1,92,92051,2,1,1,2,CHARLES DE GAULLE (AVENUE,,
2.023E+11,30,3,2023,13:30,1,6,6069,2,1,1,1,MASSEBOEUF (CHEMIN),43,
2.023E+11,11,6,2023,22:15,5,35,35115,2,6,1,3,PRES (RUE DES),48,
2.023E+11,27,9,2023,19:42,5,75,75106,2,3,1,6,QUAI MALAQUAIS,48,
2.023E+11,4,1,2023,18:45,3,76,76057,1,1,3,2,Boulevard de Normandie,49,
2.023E+11,15,7,2023,05:00,5,33,33063,2,1,1,6,Quai Richelieu,44,
2.023E+11,2,12,2023,02:00,5,49,49007,2,1,1,3,MONTAIGNE AVENUE,47,
2.023E+11,11,6,2023,08:30,1,31,31555,2,1,1,6,ALL DE BARCELONE,43,
2.023E+11,14,2,2023,09:20,1,92,92049,2,2,1,3,BRIAND AVENUE ARISTIDE N°1 A 129,48,
2.023E+11,29,3,2023,15:10,1,5,5061,2,1,1,2,FREDERIC MISTRAL ( COURS ),44,
2.023E+11,5,1,2023,12:25,1,80,80219,1,1,2,7,Rue du Chateau,49,
2.023E+11,27,9,2023,09:10,1,75,75113,2,3,1,3,RUE DE TOLBIAC,48,
2.023E+11,10,6,2023,03:05,5,31,31555,2,1,1,6,Autoroute 624,43,
2.023E+11,15,2,2023,12:50,1,92,92044,2,1,1,7,ALSACE (RUE) N°19 + ET 20+,48,
2.023E+11,15,7,2023,09:31,1,33,33200,2,3,2,3,Rue de la Morandière,44,
2.023E+11,29,3,2023,18:30,1,5,5061,2,1,1,6,GEORGES POMPIDOU ( BD),44,
2.023E+11,15,2,2023,09:55,1,92,92044,2,3,8,6,JACQUES IBERT(RUE)14A26,48,
2.023E+11,4,1,2023,10:15,1,59,59400,1,1,2,1,Rue de Maroeuil,50,
2.023E+11,11,6,2023,18:05,1,28,28220,2,1,1,3,ROUTE NATIONALE 123,48,
2.023E+11,30,11,2023,17:37,2,49,49267,2,1,1,4,A87N,47,
2.023E+11,30,3,2023,19:50,5,75,75106,2,3,1,6,RUE LOBINEAU,48,
2.023E+11,15,2,2023,14:37,1,54,54142,1,1,1,6,N57,48,
2.023E+11,11,6,2023,23:10,5,14,14715,2,1,1,6,1 Place Foch,49,
2.023E+11,30,11,2023,01:47,3,49,49267,1,1,1,1,RD 116,47,
2.023E+11,30,3,2023,07:55,1,75,75120,2,4,1,6,RUE BELGRAND,48,
2.023E+11,15,2,2023,18:45,5,86,86131,2,4,1,1,Rue de la Poste,46,
2.023E+11,3,1,2023,08:10,4,59,59507,1,1,1,2,AUTOROUTE A1,50,
2.023E+11,14,7,2023,01:45,5,33,33032,2,1,1,6,Quai Francais,44,
2.023E+11,11,6,2023,22:00,5,13,13206,2,2,2,3,ROME (RUE DE),43,
2.023E+11,27,9,2023,15:45,1,75,75119,2,3,1,6,AVENUE RENE FONCK,48,
2.023E+11,16,2,2023,01:10,4,68,68250,2,1,5,7,Route de Soultzmatt,47,
2.023E+11,29,11,2023,17:10,3,48,48095,1,1,2,7,RD 806,44,
2.023E+11,30,3,2023,18:15,1,75,75117,2,2,1,3,AVENUE DE SAINT OUEN,48,
2.023E+11,4,1,2023,09:50,1,94,94003,1,1,2,3,A6A,48,
2.023E+11,11,6,2023,06:00,1,13,13201,2,9,1,2,FLAMMARION (BOULEVARD)     1 A 65,43,
2.023E+11,15,7,2023,10:00,1,31,31555,2,3,1,3,RUE DE LISIEUX,43,
2.023E+11,4,1,2023,13:55,1,78,78640,1,1,2,6,A86 EXT,48,
2.023E+11,30,3,2023,14:45,1,75,75116,2,1,1,6,AVENUE RAYMOND POINCARE,48,
2.023E+11,26,9,2023,19:00,1,75,75119,2,1,1,3,RUE AUGUSTIN THIERRY,48,
2.023E+11,11,2,2023,08:05,2,84,84037,2,1,1,1,Route de Sorgues,44,
2.023E+11,11,6,2023,17:15,1,13,13210,2,1,1,2,Rond-point Florian,43,
2.023E+11,4,1,2023,07:30,2,93,93007,1,1,1,3,AUTOROUTE A3,48,
2.023E+11,29,11,2023,11:57,1,45,45208,2,4,1,3,51 Rue Dorée,47,
2.023E+11,15,7,2023,05:19,5,31,31555,1,1,1,3,VA007331 A620,43,
2.023E+11,15,2,2023,16:00,1,59,59278,2,1,1,3,Rue du General de Gaulle,50,
2.023E+11,30,3,2023,13:00,1,75,75116,2,5,1,3,AVENUE DE VERSAILLES,48,
2.023E+11,3,1,2023,23:40,3,77,77373,1,1,3,7,RN104,48,
2.023E+11,14,7,2023,09:50,1,29,29232,2,1,1,6,Rue de Juniville,47,
2.023E+11,14,2,2023,17:30,1,71,71336,2,1,1,6,36 Route de Chalon,46,
2.023E+11,10,6,2023,13:35,1,13,13028,2,6,1,3,ROVARCH (AVENUE PIERRE),43,
2.023E+11,30,11,2023,18:20,2,44,44143,2,1,1,2,Boulevard du Général de Gaulle,47,
2.023E+11,30,3,2023,12:30,1,75,75116,2,2,1,2,BOULEVARD EXELMANS,48,
2.023E+11,27,9,2023,08:45,1,75,75118,2,2,1,6,PLACE JULES JOFFRIN,48,
2.023E+11,15,7,2023,23:25,5,28,28134,2,9,1,6,MARCHE COUVERT (PLACE DU),48,