Num_Acc,jour,mois,an,hrmn,lum,dep,com,agg,int,atm,col,adr,lat,long
2.023E+11,3,1,2023,10:30,1,33,33009,2,3,1,6,REGUE BLANQUE (RUE DE LA) 01 ET +,44,
2.023E+11,17,11,2023,21:35,5,43,43041,2,1,1,7,121 Avenue Charles Dupuy,45,
2.023E+11,11,6,2023,04:14,5,6,6088,2,9,1,6,ANGLAIS (DU N° 45 AU N° 112),43,
2.023E+11,13,2,2023,15:15,1,62,62473,2,8,7,3,D91,50,
2.023E+11,29,3,2023,23:40,5,75,75116,2,2,1,1,ROUTE DE SURESNES,48,
2.023E+11,2,1,2023,13:30,1,988,98818,2,1,1,6,RUE PAUL CANE,-22,
2.023E+11,11,6,2023,12:10,1,6,6069,2,1,1,3,RENOIR (AVENUE AUGUSTE),43,
2.023E+11,27,9,2023,15:30,1,75,75117,2,1,1,2,BOULEVARD DU FORT DE VAUX,48,
2.023E+11,15,7,2023,13:55,1,28,28134,2,1,1,7,KOUDOUGOU (RUE DE),48,
2.023E+11,16,2,2023,13:20,1,76,76344,1,3,1,3,D929,49,
2.023E+11,1,12,2023,07:00,5,35,35238,2,2,1,2,SERGENT MAGINOT (AVENUE),48,
2.023E+11,2,1,2023,20:45,3,973,97302,1,1,1,3,,4,
2.023E+11,10,6,2023,01:25,3,4,4112,1,1,1,6,VANNADES (CH. DES),43,
2.023E+11,29,3,2023,12:45,1,75,75116,2,3,1,3,ROUTE DE LA MUETTE A NEUILLY,48,
2.023E+11,14,2,2023,18:00,3,82,82118,1,1,1,7,route des martels,43,
2.023E+11,15,7,2023,15:20,1,27,27229,2,1,1,6,VERNON (RUE DE),49,
2.023E+11,27,9,2023,13:10,1,75,75117,2,1,1,3,BOULEVARD BERTHIER,48,
2.023E+11,2,1,2023,19:12,5,69,69389,2,1,2,6,63 Avenue Sidoine Apollinaire,45,
2.023E+11,30,3,2023,16:05,1,75,75115,2,2,1,6,RUE DE LOURMEL,48,
2.023E+11,10,6,2023,18:25,1,75,75117,2,1,1,3,PORTE DE CHAMPERRET,48,
2.023E+11,16,2,2023,13:45,1,38,38343,2,2,1,1,D80,45,
2.023E+11,1,12,2023,23:50,5,34,34172,2,2,8,3,BRINGUIER (AVENUE PAUL),43,
2.023E+11,3,1,2023,07:00,5,95,95539,2,1,1,2,GARE (BOULEVARD DE LA),48,
2.023E+11,15,7,2023,03:35,3,26,26362,1,1,1,7,Route de Fauconnières,44,
2.023E+11,27,9,2023,12:00,1,75,75117,2,2,1,3,AVENUE NIEL,48,
2.023E+11,15,2,2023,17:50,2,70,70473,2,1,1,3,Rue Edouard Herriot,47,
2.023E+11,10,6,2023,16:20,1,75,75114,2,1,1,2,PORTE DE GENTILLY,48,
2.023E+11,3,1,2023,08:15,2,95,95280,2,1,1,6,DEMOISELLES (AVENUE DES),49,
2.023E+11,29,3,2023,19:50,2,75,75115,2,2,1,3,RUE DE LA PROCESSION,48,
2.023E+11,1,12,2023,19:30,5,34,34129,2,1,2,7,D21 E1,43,
2.023E+11,15,7,2023,06:15,1,25,25056,2,1,1,6,OUEST BOULEVARD,47,
2.023E+11,27,9,2023,13:30,1,75,75116,2,1,1,2,ROUTE DES TRIBUNES,48,
2.023E+11,2,1,2023,18:22,5,91,91477,2,1,8,6,ALLIES (AVENUE DES),48,
2.023E+11,30,3,2023,08:29,1,75,75114,2,2,1,3,BOULEVARD JOURDAN,48,
2.023E+11,10,6,2023,11:40,1,75,75114,2,1,1,2,BOULEVARD PERIPHERIQUE EXTERIEUR PORTE DE GENTILLY,48,
2.023E+11,30,11,2023,18:13,5,34,34032,2,1,1,6,HEMINGWAY ERNEST (BLD),43,
2.023E+11,15,7,2023,02:25,5,18,18279,2,1,2,6,Route de Puits Berteau,47,
2.023E+11,3,1,2023,19:10,5,91,91027,2,1,1,6,RUE EDOUARD VAILLANT,48,
2.023E+11,27,9,2023,20:45,3,75,75115,2,2,1,3,RUE DE VAUGIRARD,48,
2.023E+11,15,2,2023,16:10,1,24,24564,1,1,7,3,D708,45,
2.023E+11,10,6,2023,01:30,4,75,75114,2,1,1,6,ECHANGEUR ORLEANS,48,
2.023E+11,14,7,2023,19:15,2,17,17415,1,1,1,2,route nationale 141,45,
2.023E+11,1,12,2023,01:30,5,33,33063,2,1,2,6,Cours Saint Louis,44,
2.023E+11,29,3,2023,11:20,1,75,75114,2,4,1,3,RUE DU COMMANDANT RENE MOUCHOTTE,48,
2.023E+11,2,1,2023,14:59,1,88,88160,2,1,2,6,ALSACE (RUE D'),48,
2.023E+11,16,2,2023,15:40,1,27,27288,1,1,8,6,RD 130 PK 10,49,
2.023E+11,27,9,2023,08:30,1,75,75115,2,2,1,6,BOULEVARD PASTEUR,48,
2.023E+11,8,6,2023,08:40,1,75,75112,2,1,1,2,PORTE DE CHARENTON,48,
2.023E+11,15,7,2023,14:00,1,13,13201,2,3,1,3,ROME (RUE DE)        1 A 71A,43,
2.023E+11,30,3,2023,11:40,1,75,75113,2,7,1,6,RUE DU DOCTEUR LANDOUZY,48,
2.023E+11,30,11,2023,08:00,1,33,33529,2,2,2,6,Place du General de Gaulle,44,
2.023E+11,3,1,2023,17:27,2,86,86066,2,1,1,6,Boulevard de Blossac,46,
2.023E+11,15,2,2023,20:18,3,27,27198,1,1,1,1,D140,48,
2.023E+11,27,9,2023,13:20,1,75,75113,2,3,1,7,RUE MAX JACOB,48,
2.023E+11,1,1,2023,21:45,5,84,84007,1,1,1,3,Route de Marseille Mft,43,
2.023E+11,15,2,2023,19:30,3,17,17008,1,1,1,2,D137,46,
2.023E+11,1,12,2023,08:30,1,31,31555,2,1,2,6,BOULINGRIN (ROND POINT DU) DU 5AU 9,43,
2.023E+11,9,6,2023,16:30,1,75,75120,2,1,1,2,BOULEVARD PERIPHERIQUE INTERIEUR NORD  ,48,
2.023E+11,30,3,2023,08:00,1,75,75112,2,3,1,3,AVENUE DE SAINT MANDE,48,
2.023E+11,15,7,2023,10:30,1,11,11069,1,1,1,3,Route de Montreal,43,
2.023E+11,27,9,2023,11:50,1,75,75113,2,2,1,6,BOULEVARD VINCENT AURIOL,48,
2.023E+11,1,12,2023,11:22,1,29,29232,2,1,1,3,65 Avenue de Ty Bos,47,
2.023E+11,16,2,2023,08:00,1,37,37156,2,3,1,7,Rue des Vallées de Greux,47,
2.023E+11,30,3,2023,09:00,1,75,75109,2,3,1,6,RUE DE CLICHY,48,
2.023E+11,3,1,2023,13:05,1,81,81004,2,2,1,3,GAMBETTA (AV),43,
2.023E+11,14,7,2023,23:20,5,11,11069,2,1,1,6,Avenue des Berges de l’Aude,43,
2.023E+11,11,6,2023,18:30,1,75,75106,2,3,1,2,QUAI DE CONTI,48,
2.023E+11,26,9,2023,15:10,1,75,75113,2,1,1,6,BOULEVARD VINCENT AURIOL,48,
2.023E+11,16,2,2023,06:00,2,973,97310,1,1,2,7,PK 22,4,
2.023E+11,30,3,2023,19:00,1,75,75108,2,2,1,7,PONT DE LA CONCORDE,48,
2.023E+11,2,1,2023,18:32,3,81,81004,1,1,8,1,ROCADE RN88 EST,43,
2.023E+11,1,12,2023,09:50,1,29,29019,2,7,1,6,rue Armorique,48,
2.023E+11,15,2,2023,14:20,1,42,42279,2,1,1,2,Boulevard Jean Jaurès,45,
2.023E+11,3,1,2023,07:50,3,79,79191,2,2,1,6,N/A,46,
2.023E+11,14,7,2023,14:40,1,11,11069,2,3,1,3,56 Rue Pierre Germain,43,
2.023E+11,27,9,2023,12:00,1,75,75110,2,2,1,1,RUE LA FAYETTE,48,
2.023E+11,14,2,2023,08:30,1,45,45173,1,1,7,3,Rue du Talus,47,
2.023E+11,28,3,2023,20:20,1,94,94077,1,3,1,1,Avenue du 8 Mai 1945 / Rue Lamartine,48,
2.023E+11,10,6,2023,03:10,5,75,75118,2,1,9,7,AVENUE DE SAINT OUEN,48,
2.023E+11,30,11,2023,19:55,4,29,29019,1,1,1,1,Rond-point des Keresseis,48,
2.023E+11,14,7,2023,18:19,1,7,7102,2,9,1,6,SADI-CARNOT (AV.) [DU N° AU N°],44,
2.023E+11,3,1,2023,08:50,1,76,76217,2,1,1,7,CARENAGE (QUAI DU),49,
2.023E+11,15,2,2023,13:20,1,13,13014,1,1,1,2,Route Departementale 21,43,
2.023E+11,30,3,2023,16:40,1,93,93078,2,2,1,2,Boulevard Robert Ballanger / Avenue Emile Dambel,48,
2.023E+11,11,6,2023,11:48,1,75,75117,2,2,1,2,AVENUE DE LA PORTE DES TERNES,48,
2.023E+11,27,9,2023,08:00,1,75,75110,2,2,1,2,RUE JACQUES LOUVEL TESSIER,48,
2.023E+11,29,11,2023,18:05,5,29,29019,2,1,2,6,rue de Glasgow,48,
2.023E+11,30,3,2023,00:24,3,93,93066,2,9,1,3,Rue Proudhon,48,
2.023E+11,1,12,2023,19:40,3,25,25056,1,1,2,6,GRAY ROUTE DE,47,
2.023E+11,15,7,2023,10:55,1,6,6104,1,1,1,5,TURBIE (ROUTE DE LA),43,
2.023E+11,3,1,2023,06:30,2,74,74305,2,6,2,2,MONTREAL (RUE DE),46,
2.023E+11,16,2,2023,13:30,1,13,13057,1,3,1,5,d99 - PK 22+646,43,
2.023E+11,10,6,2023,14:40,1,75,75113,2,2,1,3,RUE NEUVE TOLBIAC,48,
2.023E+11,29,3,2023,11:40,1,93,93066,2,1,1,6,3 Avenue Jean Moulin,48,
2.023E+11,3,1,2023,07:15,5,69,69092,2,1,1,3,Rue des Ecoles,45,
2.023E+11,1,12,2023,19:40,5,25,25056,2,2,2,2,OBSERVATOIRE AVENUE DE L',47,
2.023E+11,16,2,2023,08:15,1,38,38407,1,1,1,3,Le Jallas,45,
2.023E+11,11,6,2023,14:15,1,75,75107,2,1,8,3,QUAI D ORSAY,48,
2.023E+11,14,7,2023,19:55,1,75,75117,2,1,1,5,PORTE DE SAINT OUEN,48,
2.023E+11,26,9,2023,23:09,5,75,75107,2,3,1,3,QUAI BRANLY,48,
2.023E+11,3,1,2023,14:40,1,69,69259,2,1,1,2,Rue Léo Lagrange,45,
2.023E+11,30,3,2023,07:10,1,93,93051,2,6,1,1,Porte de Neuilly / Boulevard du Mont d'Est,48,
2.023E+11,16,2,2023,16:15,1,26,26170,1,1,1,3,Avenue des Cévennes,44,
2.023E+11,1,12,2023,07:55,2,25,25056,2,1,2,6,N/A,47,
2.023E+11,11,6,2023,02:30,5,75,75107,2,1,1,6,PONT D IENA,48,
2.023E+11,26,9,2023,20:05,5,75,75103,2,2,1,2,RUE DES ARCHIVES,48,
2.023E+11,1,12,2023,19:05,3,24,24037,1,1,3,6,RD 936 E1,44,
2.023E+11,13,7,2023,17:10,1,75,75117,2,1,1,5,BD PERIPHERIQUE INTERIEUR,48,
2.023E+11,3,1,2023,09:45,1,69,69290,2,3,1,3,Rue du Maconnais,45,
2.023E+11,26,9,2023,20:10,3,94,94068,2,2,1,6,Rue Georges Clemenceau,48,
2.023E+11,16,2,2023,06:40,5,14,14630,2,1,1,6,Impasse Garnerin,49,
2.023E+11,3,1,2023,02:05,5,69,69290,2,1,2,6,30 Rue Colette,45,
2.023E+11,29,11,2023,22:15,5,19,19031,2,3,1,3,RIBOT (AVENUE),45,
2.023E+11,15,7,2023,16:43,1,75,75105,2,3,1,3,QUAI SAINT BERNARD,48,
2.023E+11,16,2,2023,17:15,1,27,27676,1,1,1,7,d135 PR 06+110,49,
2.023E+11,25,9,2023,15:30,1,94,94079,2,1,1,2,Avenue André Rouy,48,
2.023E+11,13,2,2023,07:13,3,59,59574,1,1,1,6,AUTOROUTE A 21,50,
2.023E+11,3,1,2023,16:15,1,64,64545,1,3,1,4,Route Départementale n° 810,43,
2.023E+11,29,11,2023,14:30,1,19,19031,2,1,1,6,SEMARD (AVENUE PIERRE) JUSQU'A N° 73 - 6,45,
2.023E+11,27,9,2023,10:00,1,94,94017,2,2,1,2,Avenue Maurice Thorez,48,
2.023E+11,2,1,2023,10:23,1,64,64335,2,1,2,3,Rue de Satao,43,
2.023E+11,15,2,2023,17:25,1,91,91689,1,1,1,2,AUTOROUTE A6,48,
2.023E+11,27,11,2023,22:35,5,19,19031,2,2,1,3,SEMARD (AVENUE PIERRE) JUSQU'A N° 73 - 6,45,
2.023E+11,27,9,2023,06:15,5,94,94017,2,1,1,6,Rue Louis Talamoni,48,
2.023E+11,15,2,2023,02:50,3,78,78571,1,1,1,6,A13,48,
2.023E+11,15,7,2023,14:00,1,75,75117,2,4,8,2,BOULEVARD PERSHING,48,
2.023E+11,1,12,2023,07:45,2,15,15012,1,1,3,4,D 920,44,
2.023E+11,3,1,2023,18:00,5,64,64122,2,4,1,4,Boulevard Mayol de Senillosa,43,
2.023E+11,14,2,2023,17:15,1,95,95488,1,1,1,6, A15,49,
2.023E+11,15,7,2023,04:00,3,75,75116,2,2,1,6,RUE DE LA POMPE,48,
2.023E+11,1,12,2023,18:45,5,13,13209,2,1,2,1,CAMILLE BLANC (BOULEVARD),43,
2.023E+11,3,1,2023,08:44,1,64,64102,2,1,1,3,Avenue du 14 Avril 1814,43,
2.023E+11,14,2,2023,17:00,1,93,93007,1,1,1,2,AUTOROUTE A1,48,
2.023E+11,27,9,2023,08:10,1,93,93078,2,9,1,3,Boulevard Robert Ballanger,48,
2.023E+11,15,7,2023,16:15,1,75,75111,2,1,1,2,BOULEVARD RICHARD LENOIR,48,
2.023E+11,1,12,2023,06:25,5,13,13214,2,2,1,6,ROLAND DORGELES (BOULEVARD),43,
2.023E+11,2,1,2023,07:25,5,59,59350,2,1,1,1,CORDONNIER DENIS AVENUE,50,
2.023E+11,15,7,2023,09:15,1,75,75108,2,2,2,7,AVENUE DE WAGRAM,48,
2.023E+11,14,2,2023,14:30,1,92,92036,1,1,1,4,AUTOROUTE A86,48,
2.023E+11,27,9,2023,19:55,3,93,93005,2,4,1,3,Rue du 11 Novembre / Boulevard Félix Faure,48,
2.023E+11,30,11,2023,18:20,5,10,10387,2,3,8,3,URBAIN IV (RUE),48,
2.023E+11,14,2,2023,11:55,1,93,93078,1,1,1,7,AUTOROUTE A104,48,
2.023E+11,3,1,2023,16:20,1,54,54578,1,1,1,2,Avenue Paul Muller,48,
2.023E+11,27,9,2023,17:17,1,93,93066,2,1,1,6,Allée Léonard de Vinci,48,
2.023E+11,15,7,2023,02:45,5,75,75108,2,7,1,2,PLACE CHARLES DE GAULLE,48,
2.023E+11,14,2,2023,09:00,1,92,92036,1,1,1,2,AUTOROUTE A15,48,
2.023E+11,2,1,2023,05:37,3,49,49007,2,1,2,1,Rue Paul Langevin,47,
2.023E+11,1,12,2023,17:25,5,9,9122,2,1,3,4,ESPAGNE (ROUTE D'),42,
2.023E+11,15,7,2023,01:10,5,75,75107,2,1,1,1,QUAI VOLTAIRE,48,
2.023E+11,27,9,2023,14:16,1,93,93066,2,4,1,3,Avenue Jean Moulin / Rue Guy Moquet,48,
2.023E+11,3,1,2023,12:10,1,45,45302,2,1,1,6,D520 PR 0 + 485,47,
2.023E+11,15,2,2023,12:30,1,94,94028,1,1,1,5,A86,48,
2.023E+11,1,12,2023,06:40,5,7,7281,2,6,2,7,LIBERATION (CARREFOUR DE LA),44,
2.023E+11,14,7,2023,13:35,1,75,75107,2,5,1,6,PLACE JOFFRE,48,
2.023E+11,27,9,2023,07:15,2,93,93066,2,9,1,3,Avenue du Président Wilson,48,
2.023E+11,3,1,2023,12:15,1,37,37214,2,2,7,3,HUGO (RUE VICTOR),47,
2.023E+11,29,11,2023,17:00,2,6,6069,2,9,1,3,MISTRAL (AVENUE ET PLACE FREDERIC),43,
2.023E+11,15,2,2023,06:30,3,94,94044,1,1,1,7,N406,48,
2.023E+11,15,7,2023,05:00,5,75,75104,2,3,1,7,RUE DU RENARD,48,
2.023E+11,3,1,2023,15:30,1,35,35238,2,2,1,6,FOUGERES (RUE DE),48,
2.023E+11,14,2,2023,17:45,2,91,91201,2,1,1,6,RUE DU PORT AUX DAMES,48,
2.023E+11,27,9,2023,18:10,1,93,93046,2,9,1,3,Allée Montpensier,48,
2.023E+11,15,7,2023,18:00,1,94,94077,2,1,1,2,Avenue de la Haute Seine,48,
2.023E+11,14,2,2023,07:45,2,62,62160,2,1,1,2,Avenue Charles de Gaulle,50,
2.023E+11,3,1,2023,11:10,1,35,35238,2,2,1,3,BOURGEOIS (BOULEVARD LEON),48,
2.023E+11,15,7,2023,10:45,1,94,94033,2,1,1,7,Avenue de la Pepiniere,48,
2.023E+11,27,9,2023,08:30,1,93,93079,2,3,1,3,Avenue de la Division Leclerc / Rue Paul Langevin,48,
2.023E+11,14,2,2023,08:00,1,60,60057,2,1,5,6,Rue Beauregard,49,
2.023E+11,29,11,2023,13:25,1,6,6069,2,6,1,3,Rd point des Quatre Chemins,43,
2.023E+11,15,7,2023,14:50,1,93,93046,2,1,2,3,Avenue Voltaire,48,
2.023E+11,3,1,2023,07:25,5,35,35238,2,6,1,3,GINGUENE,48,
2.023E+11,10,2,2023,15:55,1,67,67482,2,1,1,6,FRANÇOIS MITTERRAND (AVENUE),48,
2.023E+11,26,9,2023,04:35,5,93,93029,2,2,1,3,Avenue Henri Barbusse / Avenue Jean Jaurès,48,
2.023E+11,14,2,2023,17:30,1,974,97416,1,1,1,7,RN3 (1),-21,
2.023E+11,15,7,2023,15:10,1,93,93051,2,2,8,6,Avenue Médéric / Avenue de l'Etoile,48,
2.023E+11,1,1,2023,00:00,3,34,34032,1,1,1,6,D14,43,
2.023E+11,13,2,2023,17:05,1,974,97416,1,1,1,6,RN03,-21,
2.023E+11,15,7,2023,12:30,1,93,93027,2,1,1,3,Boulevard Pasteur,48,
2.023E+11,6,1,2023,14:30,1,29,29019,2,1,2,3,rue de Quimper,48,
2.023E+11,27,9,2023,18:30,2,93,93057,2,7,1,5,Avenue Aristide Briand,48,
2.023E+11,14,2,2023,16:45,1,974,97411,2,1,1,2,MONNERVILLE (BOULEVARD GASTON),-20,
2.023E+11,2,1,2023,15:30,1,19,19031,2,1,1,3,SALAN (BOULEVARD DU),45,
2.023E+11,15,7,2023,09:15,1,92,92051,2,1,2,2,CHARLES DE GAULLE (AVENUE,,
2.023E+11,27,9,2023,17:30,1,93,93010,2,1,1,6,Avenue Jean Lebas,48,
2.023E+11,15,7,2023,12:50,1,92,92048,2,1,2,7,MARE ADAM (CARREFOUR DE LA),48,
2.023E+11,3,1,2023,08:15,1,17,17415,2,1,5,3,GAMBETTA 74 A 162 ET 29 A 183 AVENUE,45,
2.023E+11,13,2,2023,18:25,1,974,97411,2,6,1,2,RIVIERE DES PLUIES (ROUTE DE LA),-20,
2.023E+11,27,9,2023,09:05,1,93,93008,2,6,1,6,Avenue Henri Barbusse,48,
2.023E+11,3,1,2023,14:45,1,13,13207,2,1,1,6,PAUL CODACCIONI (RUE),43,
2.023E+11,14,2,2023,10:00,1,973,97302,2,1,2,7,PASTEUR (AVENUE LOUIS),4,
2.023E+11,16,7,2023,00:55,5,38,38019,2,3,1,1,N7,45,
2.023E+11,27,9,2023,20:02,5,92,92078,2,1,1,6,GALLIENI (BD) (153 ET 225),48,
2.023E+11,3,1,2023,01:00,5,13,13205,2,9,1,3,SAKAKINI (BOULEVARD),43,
2.023E+11,14,2,2023,02:20,5,972,97209,2,1,1,7,RD 41 (ROCADE),14,
2.023E+11,16,7,2023,07:30,2,6,6149,2,1,1,2,7000 Route de Laghet,43,
2.023E+11,3,1,2023,07:30,1,13,13005,2,2,1,3,RN 8,43,
2.023E+11,25,9,2023,15:35,1,92,92072,2,2,1,3,GRANDE RUE,48,
2.023E+11,14,2,2023,15:30,1,69,69382,2,1,1,6,18 Rue de la Barre,45,
2.023E+11,2,1,2023,21:35,5,10,10362,2,2,1,2,GENERAL SARRAIL (RUE DU),48,
2.023E+11,14,2,2023,10:25,1,95,95555,1,1,5,3,Rue d'Ermont,48,
2.023E+11,27,9,2023,08:28,1,92,92062,2,1,1,3,GENERAL DE GAULLE (AV) DU 44 AU 106,48,
2.023E+11,15,7,2023,18:45,1,22,22172,2,2,1,1,Rue de la Madeleine,48,
2.023E+11,26,9,2023,12:19,1,92,92051,2,1,1,2,ACHILLE PERETTI (AVENUE,,
2.023E+11,2,1,2023,18:00,5,7,7102,2,6,2,1,REPUBLIQUE (AV. DE LA) [DU N° AU N°],44,
2.023E+11,11,2,2023,16:05,1,91,91228,2,2,1,6,BD DECAUVILLE,48,
2.023E+11,16,7,2023,07:30,1,43,43093,1,1,1,6,D906,45,
2.023E+11,27,9,2023,14:40,1,92,92050,2,1,1,3,PESARO BOULEVARD DE,48,
2.023E+11,13,7,2023,16:00,1,6,6044,2,1,1,6,541 Boulevard Honoré Teisseire,43,
2.023E+11,1,1,2023,22:20,5,6,6088,2,4,1,1,CASSIN (BD RENE),43,
2.023E+11,27,9,2023,09:50,1,92,92020,2,1,1,7,PARIS AVENUE DE N° IMPAIRS,48,
2.023E+11,15,7,2023,11:15,1,972,97207,1,1,1,1,Rivière la Manche,14,
2.023E+11,3,1,2023,13:45,1,1,1344,1,1,1,1,BRESSE (AVENUE DE),46,
2.023E+11,27,9,2023,07:50,1,92,92072,2,1,1,6,GARDES (ROUTE DES) N° 91 A 93,48,
2.023E+11,3,1,2023,09:30,1,75,75116,2,1,1,2,PORT DE PASSY,48,
2.023E+11,27,9,2023,17:32,1,92,92062,2,1,1,3,ILE DE PUTEAUX,48,
2.023E+11,14,2,2023,18:15,3,76,76410,1,1,1,1,Cote de la Valette,49,
2.023E+11,14,7,2023,16:45,1,38,38270,2,1,1,1,Route de la Couratiere,45,
2.023E+11,3,1,2023,15:30,1,75,75113,2,3,1,2,BOULEVARD MASSENA,48,
2.023E+11,14,2,2023,18:55,3,76,76705,1,1,1,2,D7,49,
2.023E+11,25,9,2023,19:34,1,92,92050,2,4,1,4,SARTROUVILLE (RUE DE ),48,
2.023E+11,15,7,2023,20:30,1,79,79130,1,2,1,3,N/A,46,
2.023E+11,3,1,2023,18:11,5,75,75118,2,3,1,3,BOULEVARD BARBES,48,
2.023E+11,26,9,2023,23:25,5,92,92007,2,9,1,3,BRIAND (AVENUE ARISTIDE) N° 162 A 300,48,
2.023E+11,13,2,2023,15:25,1,71,71040,1,1,1,4,RN 70 (ROUTE EXPRESS),46,
2.023E+11,3,1,2023,10:15,1,75,75116,2,3,1,2,AVENUE DE VERSAILLES,48,
2.023E+11,16,7,2023,09:30,1,2B,2B050,2,9,1,3,Route territoriale 30,42,
2.023E+11,27,9,2023,21:45,3,51,51531,2,1,1,6,Route d?Alliancelles,48,
2.023E+11,14,2,2023,07:35,2,69,69266,2,3,1,6,Cours Emile Zola,45,
2.023E+11,3,1,2023,15:30,1,75,75115,2,2,8,3,BOULEVARD LEFEBVRE,48,
2.023E+11,26,9,2023,10:05,1,51,51531,2,1,7,6,Place Charles de Gaulle,48,
2.023E+11,14,7,2023,23:25,5,2B,2B050,2,9,1,3,avenue christophe colomb,42,
2.023E+11,3,1,2023,19:50,5,75,75114,2,3,1,6,RUE VERCINGETORIX,48,
2.023E+11,15,7,2023,20:29,2,12,12054,1,1,1,6,la peyrière,44,
2.023E+11,14,2,2023,08:05,1,69,69282,2,2,1,3,41 Rue Louis Saulnier,45,
2.023E+11,27,9,2023,17:15,1,62,62812,1,2,1,3,D92,50,
2.023E+11,3,1,2023,18:35,5,75,75113,2,2,1,3,RUE JACQUES DESTREE,48,
2.023E+11,28,9,2023,08:00,1,95,95134,1,1,1,3,D301,49,
2.023E+11,14,2,2023,06:05,5,69,69259,2,2,1,3,Boulevard de Jodino,45,
2.023E+11,16,7,2023,05:30,2,42,42323,2,1,1,1,Avenue du général de Gaulle,45,
2.023E+11,3,1,2023,08:07,2,75,75113,2,2,1,3,RUE NEUVE TOLBIAC,48,
2.023E+11,27,9,2023,10:15,1,83,83086,1,1,1,7,D125,43,
2.023E+11,11,7,2023,19:20,1,34,34064,1,1,1,6,RD 142,43,
2.023E+11,11,2,2023,09:00,1,64,64102,2,1,1,3,LACHEPAILLET (ROND POINT DE),43,
2.023E+11,3,1,2023,16:15,1,75,75110,2,3,1,6,RUE DU FAUBOURG SAINT MARTIN,48,
2.023E+11,2,1,2023,16:55,2,75,75101,2,1,1,7,VOIE GEORGES POMPIDOU,48,
2.023E+11,27,9,2023,17:50,1,35,35337,2,3,1,3,Rue Nationale,48,
2.023E+11,16,7,2023,01:00,3,22,22194,2,1,2,7,Rue de Pont Menou,48,
2.023E+11,14,2,2023,21:20,5,61,61001,2,1,1,7,AMBROISE PARE (RUE),48,
2.023E+11,2,1,2023,09:30,2,75,75102,2,2,2,7,RUE TIQUETONNE,48,
2.023E+11,3,1,2023,19:17,5,94,94044,2,1,1,1,Avenue de Verdun,48,
2.023E+11,14,2,2023,18:00,1,59,59599,2,2,1,3,Chaussée Marcelin Berthelot,50,
2.023E+11,27,9,2023,17:15,1,51,51571,1,3,1,1,D34,49,
2.023E+11,3,1,2023,08:35,1,94,94078,2,1,1,6,Rue des Vignes,48,
2.023E+11,27,9,2023,14:30,1,51,51093,1,1,1,6,D951,48,
2.023E+11,3,1,2023,20:45,5,94,94046,2,1,2,3,Avenue de la République,48,
2.023E+11,13,2,2023,15:00,1,59,59467,2,2,1,3,Route de Bavay,50,
2.023E+11,27,9,2023,11:10,1,59,59037,2,1,1,3,65 Rue Roger Salengro,50,
2.023E+11,27,9,2023,18:50,1,56,56058,2,3,1,3,Boulevard de la Couvranne,47,
2.023E+11,2,1,2023,13:45,1,94,94028,2,3,1,2,2 Rue Viet / Rue du Général Leclerc,48,
2.023E+11,13,2,2023,20:25,3,52,52121,1,1,1,1,RD 143,48,
2.023E+11,28,9,2023,16:15,1,76,76222,2,1,1,6,Avenue du Président Coty,49,
2.023E+11,3,1,2023,09:44,1,93,93048,2,1,1,6,Rue de Paris,48,
2.023E+11,28,9,2023,16:40,1,2B,2B201,1,1,7,6,D14,42,
2.023E+11,14,2,2023,08:10,1,51,51454,2,2,1,6,boulevard Pommery,49,
2.023E+11,3,1,2023,19:10,5,92,92078,2,1,1,7,VERDUN (AVENUE) (IMPAIRS 1 A 25),48,
2.023E+11,26,9,2023,14:51,1,65,65250,2,2,1,3,Chemin de Marcoy,43,
2.023E+11,3,1,2023,20:15,5,92,92075,2,3,2,6,JEAN BLEUZEN,48,
2.023E+11,13,2,2023,17:45,1,49,49099,2,1,1,3,FAIDHERBE (BOULEVARD DU GENERAL),47,
2.023E+11,15,9,2023,19:30,1,71,71412,1,1,1,3,N70,46,
2.023E+11,3,1,2023,16:28,1,92,92063,2,4,1,3,POMPIDOU (AVENUE DU PRESIDENT),48,
2.023E+11,14,2,2023,08:30,1,49,49246,2,1,1,3,GUINEL,47,
2.023E+11,28,9,2023,07:53,1,71,71549,1,1,1,1,D933,46,
2.023E+11,3,1,2023,20:28,5,92,92050,2,1,3,3,JOLIOT CURIE F. ET IRENE AVENUE  N°PAIRS,48,
2.023E+11,14,2,2023,17:50,1,44,44109,1,1,1,2,,47,
2.023E+11,3,1,2023,13:05,1,92,92024,2,9,1,3,DAGOBERT (RUE),48,
2.023E+11,28,9,2023,10:00,1,71,71359,1,2,1,3,D 37,46,
2.023E+11,14,2,2023,08:44,1,38,38185,2,2,1,1,RUE DU 19 MARS 1962,45,
2.023E+11,2,1,2023,15:20,1,92,92060,2,1,8,2,CHARLES DE GAULLE (PLACE),48,
2.023E+11,27,9,2023,23:10,5,63,63291,2,2,1,3,D906-Anatole France/ rue Pasteur,45,
2.023E+11,2,1,2023,21:20,5,92,92004,2,2,1,3,ARGENTEUIL AV D',48,
2.023E+11,13,2,2023,15:55,1,37,37233,2,2,1,3,REPUBLIQUE (AVENUE DE LA),47,
2.023E+11,22,9,2023,17:00,1,61,61129,1,1,2,1,D9,48,
2.023E+11,1,1,2023,05:35,3,35,35177,1,1,1,6,Les Petites Roches,48,
2.023E+11,27,9,2023,13:30,1,46,46313,1,1,1,7,Lieu Dit les Reingues,44,