Num_Acc,jour,mois,an,hrmn,lum,dep,com,agg,int,atm,col,adr,lat,long
2.023E+11,14,2,2023,15:35,1,35,35206,1,1,1,2,RN136,48,
2.023E+11,27,9,2023,17:25,1,44,44130,1,1,1,2,97 Rue du pays de retz,47,
2.023E+11,4,1,2023,14:30,1,66,66190,1,1,1,2,,42,
2.023E+11,28,9,2023,11:20,1,29,29264,1,1,1,7,Route de Kerfaven,48,
2.023E+11,10,2,2023,07:30,2,34,34032,2,3,1,1,674 Ancienne Route de Bedarieux,43,
2.023E+11,3,1,2023,07:45,2,28,28035,1,3,5,3,La Saussaye,48,
2.023E+11,28,9,2023,12:50,1,29,29176,1,1,2,7,lieu dit toul fil,48,
2.023E+11,14,2,2023,12:00,1,33,33529,2,1,1,3,LABARTHE (RUE MICHEL),44,
2.023E+11,3,1,2023,10:10,1,62,62338,1,3,1,1,Rue des Lombards,50,
2.023E+11,17,9,2023,16:45,1,38,38457,1,1,1,1,D71,45,
2.023E+11,3,1,2023,08:40,1,74,74085,1,1,5,7,Chemin de colombaz,45,
2.023E+11,14,2,2023,19:55,5,27,27229,2,1,1,3,NORMANDIE (BOULEVARD DE),49,
2.023E+11,4,1,2023,19:05,5,74,74267,2,1,1,6,652 Route du col de leschaux,45,
2.023E+11,17,9,2023,02:00,4,26,26193,1,1,1,6,60 Route du Clôt,44,
2.023E+11,3,1,2023,19:30,3,79,79311,1,1,2,7,,46,
2.023E+11,14,2,2023,12:20,1,22,22187,2,2,1,3,CHALUTIER SANS PITIE (Avenue du),48,
2.023E+11,4,1,2023,11:25,1,79,79322,1,1,2,6,N/A,46,
2.023E+11,14,2,2023,11:30,1,22,22278,2,1,1,6,71° RI (DU),48,
2.023E+11,1,1,2023,12:45,1,69,69018,1,1,1,7,Route de la Vallée d’Andilleys,46,
2.023E+11,27,9,2023,23:00,5,18,18096,2,1,1,7,3 Rue Joliot Curie,47,
2.023E+11,3,1,2023,21:20,3,71,71014,1,1,5,6,Route de Château Chinon,46,
2.023E+11,14,2,2023,16:21,1,19,19275,2,9,1,3,,45,
2.023E+11,24,9,2023,12:21,1,18,18108,2,1,1,6,21 Rue Edmond Laroche,46,
2.023E+11,3,1,2023,19:00,5,89,89309,2,1,1,6,27 Avenue du General Leclerc,48,
2.023E+11,27,9,2023,18:45,1,18,18145,2,1,1,6,23 Rue de la Gare,47,
2.023E+11,14,2,2023,21:02,5,14,14118,2,2,1,1,1 Rue Professeur Joseph Rousselot,49,
2.023E+11,3,1,2023,12:35,1,46,46317,2,2,5,3,D60,44,
2.023E+11,13,2,2023,19:30,5,14,14118,2,1,1,6,116 Rue de la Délivrande,49,
2.023E+11,3,1,2023,10:25,1,47,47195,1,2,7,1,Route de Mezin,44,
2.023E+11,3,1,2023,14:30,1,86,86281,2,1,1,6,9 Route de Lencloître,46,
2.023E+11,13,2,2023,14:45,1,13,13103,2,1,1,2,AVENUE BOREL -GEORGES,43,
2.023E+11,26,9,2023,19:45,2,21,21545,1,1,1,6,D118,47,
2.023E+11,4,1,2023,06:55,2,38,38416,1,1,1,3,pk79 rd 518,45,
2.023E+11,27,9,2023,08:16,2,8,8491,2,9,7,6,Rue de l?Industrie,49,
2.023E+11,14,2,2023,23:30,5,13,13213,2,1,1,6,ESCADRILLE NORMANDIE NIEMEN,43,
2.023E+11,4,1,2023,20:25,3,38,38533,1,1,1,5,D524,45,
2.023E+11,28,9,2023,14:00,1,88,88357,1,1,1,1,Chemin de Ramecourt,48,
2.023E+11,14,2,2023,22:40,5,94,94038,2,1,1,6,Rue Paul Hochart,48,
2.023E+11,3,1,2023,20:45,3,50,50604,1,1,2,6,1 Le Moulin d?Arrondel,49,
2.023E+11,28,9,2023,07:04,2,38,38517,1,1,1,6,A49,45,
2.023E+11,13,2,2023,08:36,1,75,75118,2,3,1,1,RUE ORDENER,48,
2.023E+11,27,9,2023,19:00,2,67,67152,2,1,1,7,Route de Strasbourg,48,
2.023E+11,4,1,2023,09:00,2,50,50615,2,6,2,6,Place du Château,49,
2.023E+11,27,9,2023,09:30,1,91,91386,2,1,1,6,28 Boulevard Charles de Gaulle,48,
2.023E+11,14,2,2023,11:45,1,75,75120,2,2,1,3,AVENUE GAMBETTA,48,
2.023E+11,4,1,2023,07:10,3,45,45327,1,1,2,3,D11 PR 24 + 625,47,
2.023E+11,14,2,2023,20:20,5,75,75119,2,7,1,2,PLACE AUGUSTE BARON,48,
2.023E+11,26,9,2023,12:00,1,84,84019,2,1,1,1,chemin des turs,,
2.023E+11,1,1,2023,06:19,3,64,64059,1,1,1,1,D817,43,
2.023E+11,3,1,2023,12:55,1,18,18019,1,1,1,7,,47,
2.023E+11,27,9,2023,12:15,1,13,13034,1,1,1,3,D24b,43,
2.023E+11,2,1,2023,08:55,1,53,53109,1,1,1,3,D35,48,
2.023E+11,14,2,2023,12:30,1,75,75119,2,3,1,3,AVENUE DE FLANDRE,48,
2.023E+11,28,9,2023,07:40,1,38,38072,1,1,1,2,Autoroute A7 PK023+600 sens Nord / Sud,45,
2.023E+11,4,1,2023,16:45,1,37,37212,1,1,2,6,Sainte-Catherine de Fierbois ? RD 910,47,
2.023E+11,13,2,2023,13:00,1,75,75119,2,2,1,6,RUE MANIN,48,
2.023E+11,3,1,2023,20:50,3,30,30169,1,1,1,1,RN 113,43,
2.023E+11,14,2,2023,11:45,1,75,75116,2,1,1,6,RUE COPERNIC,48,
2.023E+11,28,9,2023,07:55,1,70,70416,1,1,1,5,N19,47,
2.023E+11,28,9,2023,06:55,2,3,3298,1,1,1,7,RN7,46,
2.023E+11,3,1,2023,07:40,5,35,35206,1,3,1,3,D82 Le rouvray,48,
2.023E+11,13,2,2023,19:45,5,75,75116,2,3,1,6,AVENUE KLEBER,48,
2.023E+11,28,9,2023,14:15,1,7,7324,2,6,1,3,chemin de champagne,45,
2.023E+11,14,2,2023,19:20,5,75,75115,2,2,1,1,RUE DE LA CONVENTION,48,
2.023E+11,27,9,2023,14:26,1,13,13117,1,1,1,6,A7-Sens Lyon vers Marseille,43,
2.023E+11,14,2,2023,20:25,5,75,75113,2,1,1,6,AVENUE D ITALIE,48,
2.023E+11,27,9,2023,14:25,1,13,13028,1,1,1,1,A50,43,
2.023E+11,4,1,2023,16:00,1,2B,2B007,1,1,1,7,RD 84,42,
2.023E+11,13,2,2023,22:40,5,75,75113,2,3,1,3,AVENUE DES GOBELINS,48,
2.023E+11,25,9,2023,18:03,1,33,33318,1,1,1,2,ROCADE A 630,44,
2.023E+11,4,1,2023,10:00,1,34,34213,2,1,1,6,Rue Paul Valéry,43,
2.023E+11,4,1,2023,07:45,1,34,34113,2,1,1,6,2 Avenue de Béziers,43,
2.023E+11,14,2,2023,20:15,5,75,75111,2,3,1,3,BOULEVARD VOLTAIRE,48,
2.023E+11,14,2,2023,04:25,5,75,75107,2,2,1,6,AVENUE DUQUESNE,48,
2.023E+11,27,9,2023,14:00,1,91,91689,1,1,1,4,AUTOROUTE A6B,48,
2.023E+11,27,9,2023,14:18,1,91,91179,1,1,1,3,AUTOROUTE A6,48,
2.023E+11,2,1,2023,11:35,1,34,34199,2,2,1,3,1 Rue Louis Feuillade,43,
2.023E+11,13,2,2023,10:45,1,75,75107,2,2,1,6,RUE D ESTREES,48,
2.023E+11,13,2,2023,17:40,5,75,75101,2,2,1,6,BOULEVARD DE SEBASTOPOL,48,
2.023E+11,4,1,2023,08:10,1,83,83035,1,1,1,5,D2,43,
2.023E+11,27,9,2023,06:15,2,95,95219,1,1,1,6,A115,48,
2.023E+11,14,2,2023,17:20,1,94,94058,2,9,1,6,34 Avenue du 11 Novembre,48,
2.023E+11,4,1,2023,18:30,3,13,13103,1,1,1,1,D538,43,
2.023E+11,14,2,2023,02:00,5,94,94058,2,2,1,6,Boulevard de Fontenay,48,
2.023E+11,27,9,2023,17:10,1,94,94022,1,1,1,4,A86,48,
2.023E+11,3,1,2023,08:55,1,21,21388,2,1,5,6,D34,47,
2.023E+11,13,2,2023,16:50,1,94,94033,2,3,9,6,Rue Danielle Casanova,48,
2.023E+11,7,6,2023,14:25,1,9,9225,2,1,1,6,JACOBINS RUE DES,43,
2.023E+11,4,1,2023,18:00,3,68,68109,2,1,2,6,Rue du Muhlele,48,
2.023E+11,14,2,2023,22:10,5,94,94022,2,1,1,2,Rue Jean Jaures,48,
2.023E+11,26,7,2023,20:30,1,74,74118,1,9,1,3,N/A,46,
2.023E+11,2,1,2023,11:20,1,69,69069,2,2,1,3,40 Rue Centrale,45,
2.023E+11,12,2,2023,23:30,5,94,94069,2,2,1,1,PONT DE CHARENTON,48,
2.023E+11,4,1,2023,09:50,1,29,29046,1,1,2,7,Route d’Audierne,48,
2.023E+11,13,2,2023,08:10,1,94,94017,2,1,1,6,15 Rue de l'Abreuvoir,48,
2.023E+11,12,7,2023,17:00,1,74,74012,2,1,1,3,VALLEES (ROUTE DES),46,
2.023E+11,14,2,2023,08:30,1,93,93072,2,1,1,6,Rue Jean Pierre Timbaud,48,
2.023E+11,4,1,2023,07:40,4,59,59035,2,1,2,6,Avenue de Verdun,50,
2.023E+11,22,7,2023,19:55,2,74,74118,1,9,1,6,18 AOUT (RUE DU),46,
2.023E+11,3,1,2023,08:42,1,13,13005,1,1,1,1,A50-Sens Marseille vers Aubagne,43,
2.023E+11,13,7,2023,18:15,1,74,74137,1,1,7,1,Route des aires,46,
2.023E+11,14,2,2023,14:30,1,93,93066,2,1,1,5,Rue du Landy,48,
2.023E+11,2,1,2023,14:39,1,91,91228,1,1,1,4,RN 104,48,
2.023E+11,14,2,2023,16:24,1,93,93077,2,2,1,6,Grande Rue / Avenue Lespinasse,48,
2.023E+11,17,7,2023,22:35,3,74,74012,2,1,1,3,ROMAGNY (RUE DE),46,
2.023E+11,14,2,2023,10:50,1,93,93051,2,2,1,2,Avenue Médéric / Rue du Ballon,48,
2.023E+11,16,7,2023,23:50,3,74,74010,1,1,1,1,OUEST (BOULEVARD),45,
2.023E+11,14,2,2023,08:00,1,93,93051,2,1,8,2,Boulevard du Rempart,48,
2.023E+11,1,1,2023,01:50,4,92,92072,1,1,1,4,N118,48,
2.023E+11,13,2,2023,12:20,1,93,93006,2,3,1,2,Rue des Loriettes,48,
2.023E+11,3,1,2023,17:40,3,93,93078,1,1,1,3,AUTOROUTE A104,48,
2.023E+11,16,7,2023,11:15,1,74,74076,1,2,1,3,Route de cercier,45,
2.023E+11,14,2,2023,06:30,5,93,93032,2,5,1,1,Rue Paul Vaillant Couturier / Rue Hippolyte Pina,48,
2.023E+11,19,7,2023,19:15,1,74,74118,2,1,1,2,DEPORTES (ROUTE DES ),46,
2.023E+11,14,2,2023,09:40,1,93,93079,2,1,7,6,189 Avenue de la Division Leclerc,48,
2.023E+11,13,7,2023,21:05,2,74,74116,1,1,1,6,A410,46,
2.023E+11,14,2,2023,08:29,1,93,93030,2,1,1,3,Avenue Ambroise Croizat,48,
2.023E+11,14,2,2023,11:45,1,93,93008,2,1,7,6,Rue Pablo Picasso,48,
2.023E+11,13,2,2023,18:18,5,92,92046,2,9,1,6,DE STALINGRAD,48,
2.023E+11,20,7,2023,06:40,1,74,74010,2,3,1,5,FIER (BOULEVARD DU)),45,
2.023E+11,13,2,2023,10:51,1,92,92075,2,2,1,3,MARY BESSEYRE (RUE),48,
2.023E+11,19,7,2023,09:55,1,74,74012,2,1,1,2,ROMAGNY (RUE DE),46,
2.023E+11,13,2,2023,13:45,1,92,92063,2,1,1,3,GALLIENI (RUE),48,
2.023E+11,13,7,2023,16:10,1,74,74010,2,1,1,1,MARQUISATS (AVENUE DES),45,
2.023E+11,14,2,2023,19:45,5,92,92050,2,2,1,3,CLEMENCEAU GEORGES AVENUE N°IMPAIR,48,
2.023E+11,11,7,2023,01:45,5,74,74298,2,6,1,6,BONNEVILLE (ROUTE DE ),46,
2.023E+11,13,2,2023,15:30,1,92,92036,2,2,1,3,HENRI BARBUSSE (RUE) (1/35),48,
2.023E+11,13,2,2023,10:00,1,92,92036,2,1,1,2,MARCEL PAUL (AVENUE) (52/102),48,
2.023E+11,14,2,2023,13:00,1,92,92025,2,1,1,3,STALINGRAD (AV DE),48,
2.023E+11,11,7,2023,13:50,1,74,74012,2,1,1,2,BONNEVILLE (ROUTE DE),46,
2.023E+11,14,2,2023,07:45,1,92,92012,2,1,1,2,ALPHONSE LE GALLO (QUAI) 1/34,48,
2.023E+11,13,2,2023,20:30,5,92,92014,2,1,1,2,GENERAL LECLERC (AV.) (1 A 55BIS - 2 A 4,48,
2.023E+11,1,2,2023,18:30,3,60,60435,1,1,1,7,D150,49,
2.023E+11,2,1,2023,20:40,3,95,95582,1,1,1,6,A15,48,
2.023E+11,2,1,2023,19:30,3,93,93064,1,1,1,2,AUTOROUTE A86,48,
2.023E+11,2,1,2023,09:40,2,92,92036,1,1,3,6,AUTOROUTE A15,48,
2.023E+11,2,1,2023,08:30,2,95,95527,1,1,2,6, A1,49,
2.023E+11,2,1,2023,07:54,1,34,34172,2,1,1,6,3310 Boulevard Paul Valéry,43,
2.023E+11,1,1,2023,18:30,5,29,29019,2,1,2,6,boulevard Gambetta,48,
2.023E+11,2,1,2023,17:05,5,69,69388,2,8,2,6,Avenue Rockefeller,45,
2.023E+11,1,12,2023,18:25,5,6,6027,2,1,2,6,ALPES AVENUE DES,43,
2.023E+11,2,1,2023,11:00,1,69,69386,2,2,1,3,11 Rue des Emeraudes,45,
2.023E+11,28,11,2023,14:30,1,5,5061,2,1,1,1,JEAN MACE ( RUE ),44,
2.023E+11,1,1,2023,04:00,5,972,97213,1,1,1,7,AUTOROUTE A1,14,
2.023E+11,1,1,2023,07:00,1,972,97209,1,1,1,2,AUTOROUTE (A1),14,
2.023E+11,15,2,2023,16:40,1,17,17387,1,1,1,2,Rue du Côteau,45,
2.023E+11,14,2,2023,18:55,2,52,52017,2,1,1,7,chemin de combe saint dizier,47,
2.023E+11,2,1,2023,07:40,1,971,97113,1,1,1,1,RN4 - SECTION RIVIERA,16,
2.023E+11,28,11,2023,15:00,1,5,5061,2,2,1,3,COMMERCE ( RUE DU ),44,
2.023E+11,14,2,2023,09:55,1,40,40065,2,6,7,6,Avenue Jean Lartigau,43,
2.023E+11,1,1,2023,23:38,5,971,97113,1,9,1,1,COCOYER,16,
2.023E+11,15,2,2023,17:44,1,974,97404,1,1,1,3,D110,-21,
2.023E+11,1,12,2023,18:00,5,75,75119,2,1,1,3,PORTE DE PANTIN,48,
2.023E+11,2,1,2023,18:55,3,77,77121,2,1,1,6,NOYERS (RUE DES ),48,
2.023E+11,14,2,2023,20:20,3,35,35109,1,1,1,2,Piquet,48,
2.023E+11,15,2,2023,09:30,1,95,95144,1,1,5,6,RD 9,49,
2.023E+11,1,1,2023,13:50,1,73,73222,1,1,1,3,D912 Route de la Féclaz,45,
2.023E+11,13,2,2023,09:50,1,19,19248,1,1,1,3,rd 920,45,
2.023E+11,1,1,2023,15:50,1,71,71076,2,3,1,3,BOUCICAUT (AVENUE),46,
2.023E+11,11,2,2023,16:00,1,56,56185,1,1,1,6,le Ménéguen,47,
2.023E+11,1,12,2023,16:17,1,75,75117,2,2,1,3,RUE DES ACACIAS,48,
2.023E+11,2,1,2023,06:40,3,69,69092,1,1,1,7,Route de Montmelas,46,
2.023E+11,7,7,2023,18:00,1,74,74225,1,1,1,3,D910,45,
2.023E+11,30,11,2023,10:52,1,75,75108,2,2,1,6,RUE DE CONSTANTINOPLE,48,
2.023E+11,15,2,2023,15:00,1,82,82136,2,6,1,6,Grand Rue,43,
2.023E+11,5,7,2023,10:30,1,74,74237,1,1,1,1,Route Nationale,46,
2.023E+11,26,10,2023,12:45,1,75,75105,2,3,1,3,BOULEVARD SAINT MICHEL,48,
2.023E+11,2,1,2023,18:25,5,69,69290,2,3,2,3,Boulevard Edouard Herriot,45,
2.023E+11,28,6,2023,19:25,2,74,74272,1,3,1,3,Route de Clermont_,45,
2.023E+11,15,2,2023,17:10,2,61,61168,2,1,7,1,D916,48,
2.023E+11,30,11,2023,08:30,1,75,75105,2,3,1,6,RUE DU FOUARRE,48,
2.023E+11,25,6,2023,00:20,3,74,74161,1,1,1,1,Route d'annecy,45,
2.023E+11,2,1,2023,17:55,3,69,69290,2,1,2,2,Rue Maurice Audibert,45,
2.023E+11,1,12,2023,07:40,2,75,75114,2,2,1,2,BOULEVARD ROMAIN ROLLAND,48,
2.023E+11,19,6,2023,06:45,2,74,74016,2,6,1,3,Avenue marie curie,46,
2.023E+11,17,1,2023,22:15,5,61,61145,2,1,8,6,Voie Communale,48,
2.023E+11,1,12,2023,18:15,5,75,75111,2,3,1,6,AVENUE DE LA REPUBLIQUE,48,
2.023E+11,1,1,2023,04:10,4,67,67482,2,1,1,2,SALLUSTE (RUE),48,
2.023E+11,13,2,2023,08:30,1,55,55001,1,1,5,7,D10,48,
2.023E+11,29,11,2023,17:13,1,75,75101,2,3,1,7,RUE DU COLONEL DRIANT,48,
2.023E+11,26,6,2023,08:15,1,26,26165,1,1,1,3,Route lucien ravit,44,
2.023E+11,30,11,2023,11:10,1,94,94081,2,9,1,6,Boulevard de Stalingrad,48,
2.023E+11,1,1,2023,17:50,5,66,66136,2,3,1,6,,42,
2.023E+11,26,9,2023,19:40,5,973,97302,2,9,1,3,ZEPHIR (ROCADE),4,
2.023E+11,1,12,2023,22:00,5,94,94078,2,3,1,3,Rue de Paris,48,
2.023E+11,15,2,2023,17:20,1,47,47301,1,1,1,3,1950 route de seyches,44,
2.023E+11,26,9,2023,14:05,1,973,97302,2,1,1,3,BADUEL (ROUTE DE),4,
2.023E+11,1,1,2023,18:15,5,64,64102,2,1,1,1,Avenue Maréchal Foch,43,
2.023E+11,9,5,2023,08:20,1,13,13211,1,1,1,2,A50-Sens Aubagne vers Marseille,43,
2.023E+11,29,3,2023,17:55,1,93,93063,2,1,1,3,Rue de la République,48,
2.023E+11,30,11,2023,23:50,5,94,94068,2,2,1,1,Avenue de la Libération,48,
2.023E+11,26,9,2023,07:20,1,973,97302,2,1,1,3,MADELEINE (ROUTE DE LA),4,
2.023E+11,2,1,2023,20:30,5,62,62193,2,3,1,3,Boulevard Léon Gambetta,50,
2.023E+11,30,3,2023,16:50,1,93,93029,2,1,1,6,Rue Voltaire,48,
2.023E+11,8,2,2023,11:15,1,22,22251,2,3,1,3,Rue des Sports,48,
2.023E+11,1,12,2023,11:45,1,94,94073,2,1,1,3,Boulevard de Stalingrad,48,
2.023E+11,9,5,2023,03:00,3,69,69295,1,1,1,6,Autoroute 46,45,
2.023E+11,30,3,2023,09:57,1,92,92051,2,1,1,3,VICTOR HUGO (BOULEVARD,,
2.023E+11,1,1,2023,20:30,5,59,59043,2,6,2,5,CASSEL (RUE DE),50,
2.023E+11,26,9,2023,17:15,2,69,69386,2,3,1,3,Cours Vitton,45,
2.023E+11,1,12,2023,09:15,1,94,94073,2,1,1,2,Rue des Aubépines,48,
2.023E+11,2,1,2023,11:00,1,56,56098,2,6,7,3,Rue Daniel Trudaine,47,
2.023E+11,29,3,2023,23:26,5,92,92050,2,6,2,3,SOUFFLOT J-GERMAIN BOULEVARD,48,
2.023E+11,15,2,2023,09:30,1,39,39030,1,6,7,3,N/A,47,
2.023E+11,26,9,2023,16:50,1,69,69388,2,2,1,2,Boulevard des Etats-Unis,45,
2.023E+11,1,1,2023,05:40,4,56,56121,2,1,6,6,MONISTROL (RUE),47,
2.023E+11,1,12,2023,09:40,1,94,94017,2,1,1,6,Avenue du Général de Gaulle,48,
2.023E+11,2,1,2023,18:36,5,50,50218,2,1,2,6,MATIGNON (AV DES),48,
2.023E+11,30,3,2023,22:00,5,92,92020,2,1,1,3,VERDUN AVENUE DE N°1 A 45,48,
2.023E+11,9,5,2023,09:02,1,33,33281,1,1,2,2,ROCADE A 630,44,
2.023E+11,26,9,2023,09:57,1,69,69388,2,2,1,1,Avenue des Frères Lumière,45,
2.023E+11,30,11,2023,20:07,5,93,93073,2,2,1,3,Rue du Chapitre / Rue des Terres Noires,49,
2.023E+11,30,3,2023,11:40,1,92,92049,2,1,1,3,BROSSOLETTE AVENUE PIERRE,48,
2.023E+11,1,1,2023,06:38,3,49,49246,1,1,2,2,A87N,47,
2.023E+11,29,3,2023,20:03,5,92,92049,2,1,1,1,BROSSOLETTE AVENUE PIERRE,48,
2.023E+11,14,2,2023,14:00,1,25,25519,1,1,1,5,RD 437,47,
2.023E+11,2,1,2023,20:10,5,38,38318,2,3,3,3,FREREJEAN(AV G.ET L.),45,
2.023E+11,25,9,2023,17:15,1,69,69387,2,3,1,3,Boulevard Yves Farge,45,
2.023E+11,30,11,2023,05:00,5,93,93066,2,2,1,3,Avenue du Président Wilson /  Rue Henri Delaunay,48,
2.023E+11,30,3,2023,14:45,1,92,92048,2,1,1,6,VERD DE SAINT JULIEN (BOULEVARD),48,
2.023E+11,26,9,2023,07:55,1,972,97209,2,1,1,7,ZOBDA QUITMAN (AVENUE),14,
2.023E+11,2,1,2023,05:50,5,37,37208,2,2,2,3,DE GAULLE (AV. DU GAL),47,
2.023E+11,30,3,2023,08:10,1,92,92026,1,3,8,3,MARECHAL JOFFRE (QUAI DU),48,
2.023E+11,1,12,2023,19:40,5,93,93077,2,3,1,6,Grande Rue / Avenue de la Bourdonnais,48,
2.023E+11,14,2,2023,18:45,2,29,29020,2,2,1,3,Rue Amiral de la Grandiere,48,
2.023E+11,26,9,2023,13:30,1,69,69389,2,1,1,2,49 Quai Paul Sédallian,45,
2.023E+11,2,1,2023,17:20,2,33,33063,2,2,1,3,Boulevard Pierre 1er,44,
2.023E+11,30,3,2023,09:23,1,92,92019,2,1,1,6,DIVISION LECLERC (AVENUE DE LA),48,
2.023E+11,8,5,2023,09:48,1,33,33192,1,1,1,4,ROCADE A 630,44,
2.023E+11,14,2,2023,16:30,1,31,31276,1,1,1,6,2245 Route de Balesta,43,
2.023E+11,26,9,2023,13:30,1,971,97101,1,1,1,6,RN1-  HAUTEUR DE SORTIE LAURICISQUE,16,
2.023E+11,29,3,2023,08:45,1,92,92004,2,1,1,6,PIERRE BOUDOU,48,
2.023E+11,1,12,2023,08:46,1,93,93077,2,3,1,4,Grande Rue / Avenue de la Bourdonnais,48,
2.023E+11,1,1,2023,18:40,5,33,33063,2,5,1,3,Allée Serr,44,
2.023E+11,26,9,2023,11:50,1,971,97105,2,4,1,7,DANIEL BEAUPERTHUY (RUE),15,
2.023E+11,5,5,2023,23:25,3,59,59189,1,1,1,2,AUTOROUTE A25,50,
2.023E+11,30,3,2023,10:35,1,92,92002,2,1,1,6,FERNAND BRAUDEL (ALLEE),48,
2.023E+11,15,2,2023,11:35,1,5,5111,1,1,1,1,D9,44,
2.023E+11,1,12,2023,14:30,1,93,93048,2,2,1,3,Rue Kléber / Rue Michelet,48,
2.023E+11,2,1,2023,22:30,5,32,32013,2,1,1,6,ETIGNY (ALLEES D'),43,
2.023E+11,11,6,2023,19:11,1,94,94073,2,1,1,6,Avenue de Versailles,48,
2.023E+11,6,5,2023,12:25,1,59,59431,1,1,1,6,AUTOROUTE A25,50,
2.023E+11,30,3,2023,19:30,1,85,85223,1,1,1,1,D137,46,
2.023E+11,26,9,2023,09:35,1,2A,2A004,2,1,1,4,T21,41,
2.023E+11,11,6,2023,16:59,1,94,94075,2,1,1,6,Av du Mal de Lattre de Tassigny,48,
2.023E+11,15,2,2023,09:20,1,5,5044,1,1,1,6,D39,44,
2.023E+11,1,1,2023,07:00,3,31,31555,1,1,1,2,,43,
2.023E+11,9,5,2023,20:40,1,94,94038,1,1,1,2,A6B,48,
2.023E+11,31,3,2023,19:28,1,22,22180,1,2,2,3,Rue des Plantations,48,
2.023E+11,1,12,2023,08:50,1,93,93007,2,5,1,6,Avenue Aristide Briand / Rue Maxime Gorki,48,
2.023E+11,2,1,2023,15:44,1,22,22106,2,1,1,3,VERNE (RUE JULES),48,
2.023E+11,26,9,2023,09:25,1,2A,2A004,1,1,1,2,ROUTE DU STILETTO,41,
2.023E+11,11,6,2023,16:28,1,93,93039,2,1,1,2,Quai du Châtelier,48,
2.023E+11,9,5,2023,17:45,1,91,91432,1,1,2,2,AUTOROUTE A6,48,
2.023E+11,14,2,2023,14:50,1,50,50364,2,1,1,3,Rue du Bourg,49,
2.023E+11,2,1,2023,13:41,1,22,22278,2,1,1,6,WALDECK-ROUSSEAU (BD ET PT),48,
2.023E+11,1,12,2023,21:32,3,92,92051,2,1,1,4,CHARLES DE GAULLE (AVENUE,,
2.023E+11,31,3,2023,12:30,1,71,71270,1,1,1,4,A6,46,
2.023E+11,10,6,2023,21:40,2,93,93050,2,2,1,6,Avenue du Dauphine / Avenue Léon Blum,48,
2.023E+11,9,5,2023,08:30,1,94,94034,1,1,2,3,A6A,48,
2.023E+11,26,9,2023,09:30,1,95,95598,2,3,1,3,GENERAL  DE GAULLE (AVENUE DU),48,
2.023E+11,2,1,2023,21:15,5,75,75119,2,1,1,6,RUE GASTON TESSIER,48,
2.023E+11,1,12,2023,18:06,5,92,92048,2,3,1,7,COLONEL MORAINE (ROUTE DU),48,
2.023E+11,29,3,2023,12:05,1,974,97401,2,6,1,6,Rue de l'Église,-21,
2.023E+11,11,6,2023,17:45,1,93,93047,2,1,1,1,Boulevard de l'Europe,48,
2.023E+11,12,2,2023,12:00,1,50,50484,1,1,1,3,D976,48,
2.023E+11,2,1,2023,07:35,5,75,75116,2,2,2,6,Route de la Muette à Neuilly,48,
2.023E+11,31,3,2023,13:08,1,28,28278,2,1,3,6,D910,48,
2.023E+11,26,9,2023,09:13,1,95,95127,1,1,1,4,N14,49,
2.023E+11,30,11,2023,19:45,5,92,92025,2,3,1,6,ESTIENNE D'ORVES (RUE),48,
2.023E+11,11,6,2023,04:20,3,93,93010,2,1,2,6,Avenue Henri Varagnat,48,
2.023E+11,9,5,2023,13:53,1,78,78362,1,1,3,4,A13,48,
2.023E+11,1,1,2023,17:40,5,75,75116,2,1,2,6,ALLEE DU BORD DE L EAU,48,
2.023E+11,30,3,2023,01:30,3,22,22034,1,1,1,7,ROUTE DEPARTEMENTALE 767,,
2.023E+11,9,5,2023,09:15,1,92,92036,1,1,3,6,RN315 Y,48,
2.023E+11,1,12,2023,07:00,5,92,92012,2,1,1,3,GEORGES GORSE (QUAI),48,
2.023E+11,10,6,2023,01:07,5,92,92051,2,1,1,6,MAURICE BARRES (BOULEVARD),48,
2.023E+11,2,1,2023,18:28,5,75,75115,2,1,1,3,QUAI ANDRE CITROEN,48,
2.023E+11,15,2,2023,14:50,1,60,60509,2,3,1,3,Rue Voltaire,49,
2.023E+11,31,3,2023,15:00,1,60,60176,1,1,2,1,D1324,49,
2.023E+11,2,1,2023,12:00,1,75,75114,2,3,2,7,AVENUE LUCIEN DESCAVES,48,
2.023E+11,8,5,2023,23:05,3,92,92072,1,1,2,2,N118,48,
2.023E+11,11,6,2023,21:45,5,92,92050,2,1,2,2,JOLIOT CURIE F. ET IRENE AVENUE  N°PAIRS,48,
2.023E+11,1,12,2023,16:10,1,91,91086,1,1,1,5,noel marteau,48,
2.023E+11,15,2,2023,11:30,1,36,36241,1,1,1,6,,46,
2.023E+11,26,9,2023,10:50,1,91,91326,2,2,1,6,CAMILLE DESMOULINS (RUE),48,
2.023E+11,1,12,2023,09:00,2,31,31364,1,1,3,6,Route de Verfeil,43,
2.023E+11,2,1,2023,14:35,1,75,75112,2,3,1,7,AVENUE DAUMESNIL,48,
2.023E+11,30,3,2023,14:00,1,37,37010,1,9,1,2,A10 Aire courte épée,47,
2.023E+11,11,6,2023,16:50,1,92,92025,2,1,2,2,CHARLES DE GAULLE (BD),48,
2.023E+11,9,5,2023,18:15,1,95,95582,1,1,1,3,A15,48,
2.023E+11,20,9,2023,16:55,1,88,88209,2,1,1,2,SCHUMANN ( RUE ROBERT ),48,