Num_Acc,jour,mois,an,hrmn,lum,dep,com,agg,int,atm,col,adr,lat,long
2.023E+11,31,3,2023,06:45,3,3,3102,1,1,1,6,N/A,46,
2.023E+11,11,6,2023,15:00,1,92,92024,2,1,1,7,GENERAL LECLERC (BD DU) (9 A 59)   (4 A,48,
2.023E+11,13,2,2023,06:47,2,85,85288,1,1,1,3,RD36,46,
2.023E+11,2,1,2023,15:40,1,75,75108,2,2,1,3,BOULEVARD HAUSSMANN,48,
2.023E+11,9,5,2023,17:30,1,95,95572,1,1,1,2,N184,49,
2.023E+11,30,11,2023,12:55,1,26,26324,1,1,2,5,A7 - PK 139+000 - Sens S/N,44,
2.023E+11,2,1,2023,11:20,1,75,75108,2,2,2,6,AVENUE DES CHAMPS ELYSEES,48,
2.023E+11,11,6,2023,13:22,1,92,92004,2,2,1,3,PONT D'ASNIERES,48,
2.023E+11,14,2,2023,04:00,3,72,72231,1,1,1,6,Autoroute A28 PK 089+000,47,
2.023E+11,9,5,2023,16:30,1,93,93001,1,1,8,2,AUTOROUTE A86,48,
2.023E+11,12,9,2023,18:15,1,84,84087,1,3,1,3,JONQUIERES (ROUTE DE),44,
2.023E+11,1,12,2023,16:45,2,79,79106,1,1,1,7,N/A,45,
2.023E+11,12,6,2023,02:06,3,47,47184,1,1,1,7,Fenouil,44,
2.023E+11,31,3,2023,18:55,1,51,51413,1,1,6,1,D9,49,
2.023E+11,1,1,2023,18:20,5,75,75104,2,3,2,6,RUE DE RIVOLI,48,
2.023E+11,26,9,2023,19:30,1,84,84035,2,1,1,3,BOURNISSAC (COURS),43,
2.023E+11,30,3,2023,19:00,1,2B,2B251,1,1,1,7,Route de Poggio,42,
2.023E+11,14,2,2023,08:35,1,35,35353,1,1,7,2,,48,
2.023E+11,12,6,2023,09:00,1,2A,2A272,1,1,1,1,route de tizzano,41,
2.023E+11,9,5,2023,13:05,1,95,95582,1,1,3,4,A15,48,
2.023E+11,2,1,2023,18:00,5,94,94078,2,3,1,6,Rue Gambetta / Rue Jules Ferry,48,
2.023E+11,12,6,2023,14:15,1,28,28219,1,1,1,7,PK 105.100,,
2.023E+11,31,3,2023,09:46,1,2B,2B207,1,1,8,1,ZA,42,
2.023E+11,13,2,2023,19:00,3,69,69244,2,1,1,3,19 Avenue Victor Hugo,45,
2.023E+11,26,9,2023,08:45,1,81,81163,2,1,1,2,LAPEYROUSE,43,
2.023E+11,1,12,2023,17:50,3,71,71420,1,3,2,3,Route de Louhans,46,
2.023E+11,2,1,2023,18:40,5,94,94046,2,1,1,5,Avenue du Général Leclerc,48,
2.023E+11,30,3,2023,11:40,1,81,81249,1,1,1,6,Almayrac,44,
2.023E+11,9,5,2023,10:30,1,93,93005,1,1,3,5,AUTOROUTE A1,48,
2.023E+11,12,6,2023,16:50,1,12,12197,1,1,8,3,Sabonies,43,
2.023E+11,24,8,2023,09:15,1,75,75115,2,3,1,2,RUE CAMBRONNE,48,
2.023E+11,12,2,2023,11:05,1,6,6113,1,1,1,3,A8 pk 219  sens FRANCE - ITALIE,43,
2.023E+11,1,12,2023,08:00,2,2A,2A040,1,1,8,2,T20 pont de Sellola,42,
2.023E+11,31,3,2023,00:05,3,32,32160,2,1,1,7,Avenue Charles Bacqué (Pont),43,
2.023E+11,2,1,2023,20:20,5,94,94002,2,1,1,2,24 Quai de la Révolution,48,
2.023E+11,8,5,2023,16:00,1,93,93005,1,1,1,6,AUTOROUTE A104,48,
2.023E+11,26,9,2023,18:00,1,81,81004,2,1,1,4,LANNES (BD DU MARECHAL),43,
2.023E+11,24,8,2023,16:35,1,75,75112,2,3,1,3,BOULEVARD DIDEROT,48,
2.023E+11,12,2,2023,20:30,5,33,33199,2,2,1,3,Cours de Verdun,44,
2.023E+11,11,6,2023,21:00,2,35,35124,1,1,1,4,nationale 137 point kilométrique 004+700 sens NANTES RENNES,47,
2.023E+11,2,1,2023,17:10,2,93,93059,2,2,1,2,Boulevard Jean Mermoz / Rue Guéroux,48,
2.023E+11,31,3,2023,17:10,1,71,71378,2,6,3,2,D981,46,
2.023E+11,1,12,2023,17:15,2,31,31150,2,3,2,1,Route de Toulouse,43,
2.023E+11,8,5,2023,10:50,1,93,93066,1,1,1,2,AUTOROUTE A86,48,
2.023E+11,21,9,2023,16:46,1,81,81004,2,1,1,6,ESCAPADOU,43,
2.023E+11,23,8,2023,10:17,1,75,75109,2,1,1,4,BOULEVARD MONTMARTRE,48,
2.023E+11,2,1,2023,09:28,2,93,93039,2,1,2,3,Quai du Châtelier,48,
2.023E+11,14,2,2023,09:20,1,45,45028,2,3,7,6,5 Avenue d'Orléans,47,
2.023E+11,11,6,2023,13:15,1,17,17142,1,1,1,7,route nationale 11,46,
2.023E+11,30,3,2023,18:25,1,63,63366,1,1,1,6,D999 PK 7+900,45,
2.023E+11,25,9,2023,06:23,5,80,80021,2,1,1,6,MARECHAL JOFFRE (PLACE DU),49,
2.023E+11,7,5,2023,21:35,5,95,95219,1,1,2,2,A115,48,
2.023E+11,1,12,2023,18:30,3,89,89227,1,1,1,6,départementale 124,47,
2.023E+11,24,8,2023,20:40,5,94,94028,2,1,1,6,Rue de Paris,48,
2.023E+11,14,2,2023,16:35,1,84,84092,1,1,1,2,D225,43,
2.023E+11,1,1,2023,03:00,5,93,93066,2,1,1,2,Avenue du Colonel Fabien,48,
2.023E+11,19,11,2023,19:15,3,12,12210,1,1,2,7,222 Route de l’Egalite,44,
2.023E+11,7,5,2023,21:40,3,77,77122,1,1,2,6,RN104,48,
2.023E+11,24,8,2023,08:40,1,94,94015,2,3,1,1,Rue François de Troy,48,
2.023E+11,31,3,2023,13:12,1,55,55398,1,1,2,3,Zone industrielle Les Herbues,48,
2.023E+11,24,9,2023,12:20,1,80,80021,2,2,1,3,SAINT PATRICE (RUE),49,
2.023E+11,2,1,2023,15:25,1,93,93055,2,3,1,6,Rue Davoust / Avenue Édouard Vaillant,48,
2.023E+11,15,2,2023,07:30,1,83,83068,1,1,1,1,D558,43,
2.023E+11,1,12,2023,10:15,1,22,22251,2,3,1,6,Rue de Saint-Brieuc,48,
2.023E+11,27,1,2023,17:00,1,38,38544,1,1,1,1,LEVEAU(ROUTE DE),45,
2.023E+11,21,9,2023,11:00,1,80,80021,2,1,2,3,ALPHONSE FIQUET (PLACE),49,
2.023E+11,2,1,2023,15:10,1,93,93048,2,1,1,6,148 Rue de Paris,48,
2.023E+11,24,8,2023,00:40,5,94,94041,2,3,1,3,Quai Auguste Deshaies,48,
2.023E+11,11,6,2023,14:30,1,62,62233,1,1,1,5,route départementale 940,50,
2.023E+11,15,2,2023,08:00,1,21,21138,1,3,1,3,D905,47,
2.023E+11,31,3,2023,18:00,1,49,49069,1,2,1,2,Lieu dit La Carré - DRAIN,47,
2.023E+11,30,11,2023,21:00,5,25,25367,2,9,2,6,Rue du 17 Novembre,47,
2.023E+11,2,1,2023,12:20,1,93,93015,1,1,2,3,Route Stratégique,48,
2.023E+11,24,8,2023,21:50,5,94,94022,2,1,1,3,Rue Jean Jaures,48,
2.023E+11,3,3,2023,18:50,5,74,74010,2,1,1,6,RHONE (AVENUE DU),45,
2.023E+11,12,6,2023,00:45,5,83,83070,1,1,1,6,Avenue du Levant,43,
2.023E+11,15,2,2023,11:00,1,42,42059,2,1,1,6,Rue de Lyon,45,
2.023E+11,2,1,2023,21:50,5,93,93029,2,3,1,3,Rue de Stalingrad / Rue Marcel Cachin,48,
2.023E+11,2,12,2023,09:30,1,29,29079,1,1,7,2,Kerveguen,48,
2.023E+11,1,3,2023,07:10,2,74,74012,2,6,1,3,ZOLA (RUE EMILE),46,
2.023E+11,26,9,2023,10:30,1,79,79191,2,2,1,3,N/A,46,
2.023E+11,24,8,2023,18:23,1,93,93073,2,2,1,2,Avenue Gilbert Berger / Avenue Kalifat,48,
2.023E+11,31,3,2023,16:25,1,2,2810,2,1,1,6,33bis Rue du 18 Juillet 1918,49,
2.023E+11,2,6,2023,15:55,1,14,14389,1,1,1,2,A84,49,
2.023E+11,10,2,2023,15:20,1,1,1281,2,3,1,3,Rue de Gex,46,
2.023E+11,2,1,2023,20:30,5,93,93007,2,2,1,3,Avenue Charles Floquet,48,
2.023E+11,24,8,2023,14:00,1,93,93055,2,1,2,3,Avenue du Général Leclerc,48,
2.023E+11,16,1,2023,21:00,5,31,31044,2,1,2,6,ALLÉE PAUL GAUGUIN,43,
2.023E+11,11,6,2023,14:00,1,85,85109,1,1,7,7,RD160,46,
2.023E+11,26,9,2023,08:40,1,78,78350,2,1,1,6,MARLY (ROUTE DE),48,
2.023E+11,31,3,2023,05:50,3,1,1229,1,3,1,6,Route de Bourg,46,
2.023E+11,1,12,2023,17:00,3,15,15142,1,1,4,3,D990,44,
2.023E+11,2,1,2023,17:05,2,93,93005,2,1,1,2,Carrefour de l’Europe,48,
2.023E+11,24,8,2023,14:35,1,93,93049,2,3,8,6,Rue des Coquelicots / Passage Felix,48,
2.023E+11,13,2,2023,18:15,2,69,69143,1,1,1,4,27 Avenue du Parc,45,
2.023E+11,6,5,2023,21:30,5,987,98736,1,4,1,6,TEMATAHI TEMARII (RUE),-17,
2.023E+11,6,6,2023,05:15,3,34,34142,1,1,1,2,A75 - PK 278+500,43,
2.023E+11,27,3,2023,04:55,3,72,72046,1,1,1,1,Lieu Dit Le Tertre,47,
2.023E+11,15,2,2023,16:50,1,85,85178,2,1,1,7,VC 22 Rue des chênes,46,
2.023E+11,26,9,2023,12:05,1,78,78172,2,2,1,1,CARNOT (AVENUE),49,
2.023E+11,2,1,2023,18:00,5,93,93005,2,1,1,4,Rue Jules Princet,48,
2.023E+11,27,3,2023,13:55,1,64,64374,1,1,1,7,D 945,43,
2.023E+11,24,8,2023,14:50,1,93,93050,2,2,8,3,Boulevard du Marechal Foch / Avenue Michel Debré,48,
2.023E+11,11,6,2023,23:45,3,62,62084,2,1,1,6,D8,50,
2.023E+11,8,5,2023,18:30,2,973,97302,2,6,1,3,CATAYEE (JUSTIN),4,
2.023E+11,2,12,2023,16:00,2,60,60151,1,1,1,2,D66,49,
2.023E+11,30,3,2023,22:15,3,64,64234,1,9,1,6,D946,43,
2.023E+11,15,2,2023,10:30,1,14,14322,1,6,1,3,D572,49,
2.023E+11,24,8,2023,00:45,5,93,93048,2,2,1,3,Avenue Gabriel Péri / Avenue du Président Wilson,48,
2.023E+11,2,1,2023,18:39,5,92,92020,2,1,1,1,LIBERTE BOULEVARD DE LA N° IMPAIRS,48,
2.023E+11,8,5,2023,19:50,2,69,69259,2,1,1,3,48 Avenue Francis de Pressensé,45,
2.023E+11,11,6,2023,18:20,1,57,57529,2,1,1,1,Rue du Château,49,
2.023E+11,14,2,2023,13:15,1,14,14076,1,1,1,6,D515,49,
2.023E+11,10,11,2023,20:30,3,73,73171,1,1,2,3,D1006,45,
2.023E+11,24,8,2023,18:10,1,93,93031,2,1,1,6,Avenue Joffre,48,
2.023E+11,2,1,2023,16:00,1,92,92026,2,9,1,3,PRÉSIDENT PAUL DOUMER (QUAI DU),48,
2.023E+11,25,9,2023,18:15,1,77,77330,1,1,1,2,RD 360,48,
2.023E+11,12,6,2023,15:19,1,76,76328,1,1,1,7,Route du Fort,49,
2.023E+11,8,5,2023,09:15,1,69,69386,2,2,1,6,79 Cours Vitton,45,
2.023E+11,24,8,2023,08:42,1,93,93059,2,4,1,3,Boulevard Jean Mermoz / Avenue Jacques Prévert,48,
2.023E+11,6,2,2023,17:00,1,14,14066,1,1,1,1,D79A,49,
2.023E+11,30,3,2023,13:00,1,18,18118,1,1,1,-1,N/A,47,
2.023E+11,9,6,2023,12:20,1,79,79174,2,6,1,3,,46,
2.023E+11,24,8,2023,10:10,1,92,92007,2,9,1,7,PASTEUR (AVENUE LOUIS) N° 1 A 39 ET 2 A,48,
2.023E+11,2,1,2023,02:55,5,92,92025,2,2,2,3,STALINGRAD (AV DE),48,
2.023E+11,8,5,2023,14:00,1,972,97213,1,1,1,3,ROUTE DEPARTEMENTALE 3,14,
2.023E+11,30,3,2023,16:45,1,85,85051,2,1,1,6,19 Rue belliard,46,
2.023E+11,25,9,2023,14:15,1,77,77237,2,1,1,1,TOURNAN (ROUTE DE ),48,
2.023E+11,2,12,2023,07:10,3,4,4230,1,1,1,1,RD 6 CHARABOTE,43,
2.023E+11,12,6,2023,21:19,2,65,65389,2,1,1,1,Chemin du Clouzet,43,
2.023E+11,18,1,2023,15:00,1,76,76743,1,1,4,4,Route des Campeaux,49,
2.023E+11,8,5,2023,17:30,1,69,69202,2,1,1,6,41 Route de la Libération,45,
2.023E+11,24,8,2023,08:40,1,92,92007,2,3,1,3,BRIAND (AVENUE ARISTIDE) N° 100 A 160,48,
2.023E+11,2,1,2023,19:20,5,17,17330,1,2,2,1,Cadeuil,45,
2.023E+11,3,3,2023,20:00,5,27,27580,2,3,1,3,Route Nationale,49,
2.023E+11,26,9,2023,07:30,2,76,76114,2,1,1,6,JACQUES FAUQUET (RUE),49,
2.023E+11,1,12,2023,22:30,5,4,4230,2,9,2,6,Route de Riez,43,
2.023E+11,8,5,2023,15:55,1,69,69384,2,1,1,6,45 Quai Joseph Gillet,45,
2.023E+11,11,6,2023,16:10,1,32,32268,1,1,8,1,N124,43,
2.023E+11,23,8,2023,17:45,1,35,35177,2,4,1,3,D637,48,
2.023E+11,12,2,2023,14:35,1,60,60141,2,6,1,3,,49,
2.023E+11,2,1,2023,19:00,5,49,49092,2,1,1,3,Rue Robert d'Arbrissel (Chemillé),47,
2.023E+11,28,11,2023,13:08,1,28,28168,2,1,1,7,30 Faubourg de la Fontaine,48,
2.023E+11,26,9,2023,16:40,1,73,73065,2,6,1,3,RECLUS (FAUBOURG),45,
2.023E+11,7,5,2023,09:40,1,971,97105,2,1,1,2,GASTON FEUILLARD(AVENUE),16,
2.023E+11,30,3,2023,15:55,1,27,27034,1,2,1,3,D1,49,
2.023E+11,15,7,2023,06:28,2,25,25018,1,1,1,6,Col de Ferrière (Col de montagne),,
2.023E+11,24,8,2023,22:30,3,14,14603,1,2,1,3,1 Route de l'Acre,49,
2.023E+11,13,2,2023,19:00,3,60,60326,1,1,1,7,D98,49,
2.023E+11,12,6,2023,10:30,1,49,49180,1,1,1,7,LIEU DIT LA CROIX DU HAUT CHEMIN,47,
2.023E+11,25,9,2023,11:20,1,72,72181,2,9,1,6,JAURES JEAN (AV) N° IMP 1 A 25,47,
2.023E+11,30,3,2023,05:00,3,17,17447,1,1,1,7,D5,46,
2.023E+11,16,7,2023,03:15,3,44,44097,2,1,1,6,607 Rue de Kerdandec,47,
2.023E+11,2,1,2023,18:00,3,11,11172,1,3,2,5,,43,
2.023E+11,8,5,2023,14:30,1,77,77186,1,1,1,3,D409,48,
2.023E+11,2,12,2023,18:10,3,17,17218,1,1,1,1,D114,46,
2.023E+11,11,6,2023,09:30,1,22,22132,1,1,1,7,Voie communal N4 - LOHUEC,48,
2.023E+11,12,2,2023,14:30,1,60,60339,2,1,8,6,Rue de l'Eglise,49,
2.023E+11,15,7,2023,20:15,1,31,31210,1,1,2,6,D622,43,
2.023E+11,24,8,2023,15:40,1,2A,2A048,1,1,1,1,rd 81 masorchia,42,
2.023E+11,25,9,2023,12:40,1,71,71081,1,1,1,1,RN6,46,
2.023E+11,31,3,2023,11:15,1,17,17353,1,1,1,7,N/A,45,
2.023E+11,3,1,2023,17:40,5,62,62638,2,1,1,1,Place du General Desailly,50,
2.023E+11,12,6,2023,06:20,2,39,39441,1,1,7,2,N/A,46,
2.023E+11,15,7,2023,14:35,1,15,15048,1,1,1,7,D313,45,
2.023E+11,25,8,2023,10:40,1,86,86174,1,6,1,2,D161,46,
2.023E+11,14,2,2023,20:45,3,80,80223,1,2,1,3,D1017,49,
2.023E+11,30,11,2023,08:20,2,37,37281,1,1,8,4,D142,47,
2.023E+11,26,9,2023,13:50,1,69,69266,2,1,1,6,Rue Antonin Perrin,45,
2.023E+11,8,5,2023,20:50,1,76,76575,1,1,1,4,Boulevard Lénine,49,
2.023E+11,30,3,2023,17:35,1,17,17317,1,1,1,3,D146,45,
2.023E+11,12,6,2023,12:27,1,39,39478,2,1,7,3,13 Rue Carnot,46,
2.023E+11,3,1,2023,07:45,5,76,76159,2,3,1,1,Route de Veulettes,49,
2.023E+11,21,8,2023,17:45,1,49,49092,1,1,1,7,CD 149 - PK 2 + 150,47,
2.023E+11,30,3,2023,15:43,1,30,30223,1,1,1,7,Route de Trouillas,44,
2.023E+11,30,11,2023,23:45,3,987,98714,1,1,1,6,RT 101 Anau,-16,
2.023E+11,14,7,2023,18:20,1,1,1138,1,1,1,3,D992,45,
2.023E+11,12,6,2023,15:40,1,39,39534,1,1,1,1,,46,
2.023E+11,3,1,2023,19:00,5,76,76452,2,1,3,6,170 Rue André Martin,49,
2.023E+11,23,8,2023,12:45,1,36,36041,2,1,1,7,Rue du Grand Gué,47,
2.023E+11,4,5,2023,13:15,1,72,72181,2,9,1,3,CHAMPION HENRI (RUE) N° IMP,47,
2.023E+11,26,9,2023,08:30,1,69,69264,2,3,1,2,Rue Ampere,45,
2.023E+11,24,8,2023,19:55,1,36,36082,1,1,1,6,les écuries,47,
2.023E+11,3,1,2023,19:00,3,2B,2B319,1,1,1,2,lieu dit figaretta,42,
2.023E+11,2,12,2023,07:00,1,988,98820,1,1,1,6,Hwaadrila (Tribu),-20,
2.023E+11,12,6,2023,17:58,1,25,25196,2,3,1,1,Rue des Vernes,47,
2.023E+11,14,2,2023,17:30,2,59,59166,1,1,1,4,D649,50,
2.023E+11,8,5,2023,19:23,1,69,69256,2,2,1,3,Rue Emile Zola,45,
2.023E+11,5,8,2023,19:00,2,36,36175,2,1,1,7,2 Rue du Chanoine Berger,47,
2.023E+11,25,9,2023,20:20,5,69,69259,2,1,1,6,Avenue Marcel Cachin,45,
2.023E+11,31,3,2023,08:45,1,2,2697,1,1,1,2,A26,49,
2.023E+11,3,1,2023,07:45,5,65,65388,2,1,2,6,Route d’Autun,42,
2.023E+11,24,8,2023,17:45,1,84,84022,1,1,1,6,route departementale 20,44,
2.023E+11,13,2,2023,12:30,1,13,13005,1,1,1,7,A50 - Sens Aubagne vers Marseille,43,
2.023E+11,11,6,2023,06:00,2,29,29193,1,1,1,6,Kersaliou,48,
2.023E+11,15,7,2023,15:45,1,58,58264,1,1,1,5,D2076,46,
2.023E+11,2,12,2023,00:05,3,33,33199,2,3,2,3,131 route des lacs,44,
2.023E+11,31,3,2023,05:45,3,7,7227,1,1,2,1,d 82,45,
2.023E+11,8,5,2023,14:00,1,69,69282,2,1,1,1,Chemin de Peyssillieu,45,
2.023E+11,3,1,2023,14:25,1,69,69162,1,1,1,7,Route Départementale 337,46,
2.023E+11,25,8,2023,11:15,1,86,86070,2,3,1,3,Rue de Poitiers,46,
2.023E+11,10,6,2023,20:23,1,29,29117,1,1,1,2,Lessiec,48,
2.023E+11,14,7,2023,05:20,2,18,18011,2,1,1,6,17 Rue Nicolas Leblanc,47,
2.023E+11,13,2,2023,16:45,1,13,13211,1,1,1,4,A50-Sens Aubagne vers Marseille,43,
2.023E+11,31,3,2023,16:17,1,38,38464,1,1,1,6,A48 PK044.800 sens GRENOBLE-LYON,45,
2.023E+11,11,6,2023,15:45,1,31,31416,2,6,1,6,Route de Lafitte,43,
2.023E+11,26,9,2023,17:00,1,67,67482,2,1,1,3,FRANÇOIS MITTERRAND (AVENUE),48,
2.023E+11,1,12,2023,22:20,3,37,37003,2,1,1,6,Rue du Clos de Belle Roche,47,
2.023E+11,2,1,2023,17:45,3,46,46162,1,1,2,1,Départementale 653,44,
2.023E+11,8,5,2023,12:15,1,69,69290,2,1,1,2,Route de Grenoble,45,
2.023E+11,23,8,2023,18:50,1,58,58270,1,1,1,6,D955,47,
2.023E+11,15,7,2023,18:55,1,7,7155,2,1,1,1,Route du Village,44,
2.023E+11,3,1,2023,18:00,5,29,29272,2,1,3,6,Rue Jean Jaures,47,
2.023E+11,8,5,2023,17:20,1,64,64284,2,1,1,6,RAUSKI,43,
2.023E+11,26,9,2023,08:00,1,67,67482,2,3,1,3,FENELON (RUE),48,
2.023E+11,14,2,2023,15:50,1,69,69297,1,1,1,5,Autoroute 47 ,45,
2.023E+11,24,8,2023,17:00,1,21,21192,1,1,2,7,Rue de Marsannay,47,
2.023E+11,29,3,2023,07:15,2,38,38189,1,1,1,5,RD 518 Z,45,
2.023E+11,15,7,2023,19:30,1,21,21251,1,1,1,6,VILLENEUVE,47,
2.023E+11,2,1,2023,15:20,1,29,29173,1,1,3,7,route d'Audierne - le Paradis,47,
2.023E+11,24,11,2023,13:00,1,45,45290,1,3,1,3,D952 PR 44 + 835,47,
2.023E+11,25,9,2023,17:15,1,67,67482,2,1,1,6,ILL (RUE DE L ),48,
2.023E+11,2,1,2023,17:30,3,3,3226,1,1,2,7,les millets,46,
2.023E+11,10,7,2023,15:45,1,24,24520,2,1,1,7,Chemin de Pechauriol,44,
2.023E+11,10,2,2023,19:40,3,57,57672,1,1,1,3,Autoroute A31,49,
2.023E+11,24,8,2023,19:00,1,62,62458,2,3,1,3,D 219,50,
2.023E+11,7,5,2023,15:20,1,64,64102,2,3,1,3,MOUNEDE (AVENUE DE),43,
2.023E+11,11,6,2023,18:50,1,60,60132,1,1,1,3,D934,49,
2.023E+11,22,8,2023,08:19,1,56,56240,1,1,7,7,Kerhart D780,47,
2.023E+11,30,3,2023,16:45,1,988,98821,1,2,1,3,RT1/RM21 - La Tamoa,-22,
2.023E+11,3,1,2023,13:20,1,53,53101,1,1,1,1,RN162,47,
2.023E+11,13,2,2023,12:00,1,59,59508,1,1,1,6,AUTOROUTE A22,50,
2.023E+11,1,12,2023,19:00,5,77,77171,2,3,1,6,D5,48,
2.023E+11,3,1,2023,08:40,1,28,28322,1,1,1,6,RD316,,
2.023E+11,23,8,2023,16:00,1,67,67053,1,2,7,6,D209,48,
2.023E+11,16,7,2023,13:45,1,24,24038,2,3,1,2,D708,45,
2.023E+11,26,9,2023,21:25,3,64,64445,2,2,1,3,LESPY,43,
2.023E+11,7,5,2023,09:16,1,64,64024,2,3,1,3,EUGENE BERNAIN (AVENUE),43,
2.023E+11,2,12,2023,10:25,1,66,66014,1,1,1,6,D614,42,
2.023E+11,30,3,2023,18:20,2,978,97801,2,1,1,1,R CHARLES TONDU,18,
2.023E+11,29,10,2023,10:10,1,971,97118,2,1,1,1,Chemin de Clede,16,
2.023E+11,14,2,2023,17:35,2,91,91286,1,1,1,4,AUTOROUTE A6,48,
2.023E+11,10,6,2023,13:50,1,45,45098,2,1,1,6,94 Rue du Maréchal Foch,47,
2.023E+11,2,1,2023,19:15,3,64,64216,1,1,2,2,autoroute A64 - PK 123+700,43,
2.023E+11,31,3,2023,00:45,3,13,13067,1,1,1,7,D7n,43,
2.023E+11,25,9,2023,18:45,1,64,64102,2,7,1,3,MAUBEC (RUE),43,
2.023E+11,7,5,2023,17:55,1,59,59527,2,1,3,6,FILATURE RUE DE LA,50,
2.023E+11,25,8,2023,18:26,1,76,76241,1,2,1,3,D37,49,
2.023E+11,16,7,2023,04:48,3,4,4173,2,1,1,6,Chemin des Iscles,43,
2.023E+11,29,9,2023,17:00,1,83,83115,1,1,1,3,Le Saut du Loup,43,
2.023E+11,30,3,2023,14:15,1,13,13034,1,1,1,7,Chemin de Saint-claude,43,
2.023E+11,24,8,2023,17:45,1,65,65212,1,9,1,7,D30,42,
2.023E+11,2,1,2023,13:35,1,31,31037,1,1,2,5,Autoroute A61,,
2.023E+11,2,6,2023,10:15,1,16,16073,2,2,1,6,14 Rue de la Tude,45,
2.023E+11,28,10,2023,23:45,5,2B,2B148,2,1,1,3,RT 205,42,
2.023E+11,8,5,2023,03:50,5,57,57630,2,1,1,7,MALRAUX (VOIE ANDRE),48,
2.023E+11,14,2,2023,13:40,1,91,91589,1,1,1,2,AUTOROUTE A6,48,
2.023E+11,24,8,2023,20:40,2,81,81217,1,1,1,7,5049 Route de Brugnac,43,
2.023E+11,30,3,2023,23:12,3,25,25097,1,6,9,6,D633,47,
2.023E+11,7,7,2023,09:10,1,85,85164,2,3,1,3,18 Route de la taillée,46,
2.023E+11,2,1,2023,00:52,5,987,98745,2,1,1,1,PATIO PK 0+300 NORD OUEST,-16,
2.023E+11,26,9,2023,15:45,1,62,62624,2,2,1,3,ZONE COMMERCIALE AUCHAN,50,
2.023E+11,1,12,2023,18:00,3,89,89274,1,1,1,4,A19,48,
2.023E+11,12,6,2023,12:10,1,21,21337,2,1,1,6,Rue du Cimetiere,47,
2.023E+11,24,8,2023,15:30,1,11,11276,1,1,1,7,CD611,,
2.023E+11,8,5,2023,19:18,1,54,54575,1,1,1,6, D17,49,
2.023E+11,30,3,2023,14:30,1,68,68318,2,1,1,3,Quai de la Rivière,47,
2.023E+11,3,1,2023,10:45,1,85,85234,1,1,7,1,RD.38 PR032.940,46,
2.023E+11,25,8,2023,05:15,3,63,63469,1,1,1,6,Départemantale 7 - Lieu dit la plaine,45,
2.023E+11,14,2,2023,12:10,2,78,78118,1,1,1,3,A13,48,
2.023E+11,28,10,2023,08:00,1,2A,2A247,1,1,1,1,T10,41,
2.023E+11,11,6,2023,16:00,1,48,48166,1,1,1,7,D983,44,
2.023E+11,26,9,2023,10:20,1,62,62263,1,9,1,3,Rue James Watt,50,
2.023E+11,16,7,2023,09:00,1,28,28393,1,2,1,3,D140,48,
2.023E+11,9,2,2023,10:35,1,92,92063,2,1,1,7,A86,48,
2.023E+11,8,5,2023,18:30,1,51,51454,2,2,1,3,rue de la Garenne,49,
2.023E+11,22,8,2023,16:25,1,46,46083,1,8,1,1,D720,45,
2.023E+11,28,3,2023,14:35,1,9,9160,2,1,1,3,37 Avenue Général de Gaulle,42,
2.023E+11,1,12,2023,17:25,5,71,71583,2,2,2,5,8 rue de la bruyère,46,
2.023E+11,16,7,2023,12:45,1,52,52040,1,1,1,7,route départementale 129,47,
2.023E+11,28,10,2023,17:15,1,66,66053,1,1,1,3,N/A,42,
2.023E+11,26,9,2023,07:15,2,60,60057,2,1,1,3,Rue de Clermont,49,
2.023E+11,13,2,2023,17:18,1,92,92072,1,1,1,6,N118,48,
2.023E+11,11,6,2023,14:08,1,88,88373,1,1,7,7,D392,48,
2.023E+11,30,3,2023,17:20,1,40,40314,1,1,1,7,Route de Tartas,43,
2.023E+11,24,8,2023,17:45,1,46,46334,1,1,1,1,lieu-dit le pouget,44,
2.023E+11,8,5,2023,14:30,1,47,47031,1,3,1,3,DOCTEUR NOGUES (AV DU),44,
2.023E+11,15,7,2023,23:25,3,67,67465,1,1,2,2,A35,48,
2.023E+11,11,6,2023,10:10,1,78,78356,2,1,1,6,16 Route de Versailles,48,
2.023E+11,26,9,2023,17:51,1,59,59009,2,1,1,1,ERABLES RUE DES,50,
2.023E+11,15,10,2023,17:15,1,66,66008,1,3,1,1,N/A,42,
2.023E+11,2,1,2023,12:58,1,51,51118,1,1,1,2,A26,49,
2.023E+11,24,8,2023,16:50,1,44,44069,1,6,1,3,Rond-Point de Villeneuve,47,
2.023E+11,30,3,2023,22:05,3,76,76415,1,1,2,1,D915,49,
2.023E+11,8,5,2023,18:10,1,45,45232,2,2,1,6,Avenue de Verdun,47,
2.023E+11,14,2,2023,18:45,2,93,93005,1,1,1,5,AUTOROUTE A3,48,
2.023E+11,12,6,2023,07:00,1,49,49215,1,1,1,5,D938,47,
2.023E+11,29,10,2023,13:15,1,84,84003,1,1,1,1,Route Departementale 943,43,
2.023E+11,2,12,2023,16:55,1,10,10130,1,1,1,7,D137,48,
2.023E+11,26,9,2023,10:20,1,59,59009,1,3,1,2,MONS BOULEVARD DE,50,