Num_Acc,jour,mois,an,hrmn,lum,dep,com,agg,int,atm,col,adr,lat,long
2.023E+11,24,6,2023,09:00,1,71,71230,2,1,1,6,9 Route de Toulon,46,
2.023E+11,29,3,2023,19:25,2,93,93048,2,1,1,6,Boulevard de la Boissière,48,
2.023E+11,27,10,2023,16:05,1,75,75115,2,2,1,3,BOULEVARD PASTEUR,48,
2.023E+11,2,1,2023,17:15,2,27,27003,2,1,1,6,Rue de Louviers,49,
2.023E+11,9,6,2023,22:20,5,31,31555,2,1,1,2,VA007500 CROIX DAURADE A62 Sortie 14,43,
2.023E+11,13,2,2023,09:30,1,92,92007,2,3,1,6,BRIAND (AVENUE ARISTIDE) N° 100 A 160,48,
2.023E+11,29,3,2023,14:00,1,93,93048,2,1,1,6,Rue Gaston Lauriau,48,
2.023E+11,23,8,2023,00:48,5,60,60057,2,2,1,3,Rue de la Madeleine,49,
2.023E+11,27,10,2023,14:20,1,75,75115,2,3,1,6,RUE DE VAUGIRARD,48,
2.023E+11,28,11,2023,09:22,1,6,6088,2,7,1,1,MEDECIN (PL. ALEXANDRE),43,
2.023E+11,10,6,2023,12:45,1,29,29232,2,1,1,6,Boulevard de Bretagne,47,
2.023E+11,5,5,2023,17:20,1,83,83061,2,1,1,3,AVENUE DE LA CORNICHE D'AZUR,43,
2.023E+11,2,1,2023,19:00,3,59,59388,1,3,1,3,Rue Leon Bocquet,50,
2.023E+11,14,7,2023,23:45,3,71,71195,1,2,1,3,D906,46,
2.023E+11,13,2,2023,06:45,5,92,92007,2,1,1,6,BRIAND (AVENUE ARISTIDE) N° 100 A 160,48,
2.023E+11,29,3,2023,08:30,1,93,93032,2,3,1,6,Avenue Jean Jaurès / Place de Verdun,48,
2.023E+11,26,9,2023,18:30,2,13,13001,1,1,7,3,A8 - PK 012.350 - SENS SUD NORD,43,
2.023E+11,22,8,2023,06:00,5,60,60057,2,2,1,6,Boulevard Jules Brière,49,
2.023E+11,11,6,2023,00:00,4,29,29151,2,1,1,6,Rue Leon Gambetta,48,
2.023E+11,21,11,2023,13:29,1,5,5061,2,1,1,6,DOCTEUR AYASSE ( RUE DU ),44,
2.023E+11,1,1,2023,14:20,1,13,13028,1,1,1,6,A50-Sens Aubagne vers Toulon,43,
2.023E+11,26,10,2023,16:20,1,75,75114,2,7,1,2,AVENUE DU MAINE,48,
2.023E+11,11,2,2023,20:15,3,13,13078,1,1,5,1,D268,43,
2.023E+11,25,9,2023,09:30,1,987,98735,2,1,3,3,Papeari,,
2.023E+11,29,3,2023,12:00,1,93,93001,2,1,1,6,Avenue Victor Hugo,48,
2.023E+11,13,8,2023,19:00,1,59,59632,1,1,1,3,RUE GUSTAVE DELORY,50,
2.023E+11,11,7,2023,16:10,1,49,49029,1,2,1,3,D751,47,
2.023E+11,24,11,2023,15:45,1,5,5061,2,3,1,6,FUSILLES ( RUE DES ),44,
2.023E+11,1,1,2023,03:26,3,13,13043,1,1,1,7,A55-Sens Marseille vers Martigues,43,
2.023E+11,10,6,2023,14:15,1,29,29254,2,1,1,1,D19,48,
2.023E+11,25,10,2023,18:45,5,75,75114,2,3,2,3,AVENUE DU MAINE,48,
2.023E+11,28,3,2023,00:10,5,93,93001,2,1,1,3,Avenue de la République,48,
2.023E+11,22,8,2023,16:40,1,59,59286,2,1,1,3,SANTES RUE DE,50,
2.023E+11,14,2,2023,14:40,1,27,27507,1,1,1,3,D53,48,
2.023E+11,30,11,2023,16:45,2,75,75117,2,1,1,2,PORTE MAILLOT,48,
2.023E+11,10,6,2023,03:00,5,29,29019,2,6,2,7,Avenue Franklin Roosevelt,48,
2.023E+11,15,7,2023,12:40,1,86,86298,1,4,2,1,D15B,46,
2.023E+11,29,3,2023,12:35,1,92,92073,2,1,1,6,CARNOT (RUE),48,
2.023E+11,7,5,2023,20:00,1,77,77449,1,1,8,7,AV PAUL SERAMY,48,
2.023E+11,22,8,2023,12:00,1,59,59350,2,2,1,3,CORDONNIER AVENUE DE L'ARCHITECTE,50,
2.023E+11,27,10,2023,20:18,5,75,75112,2,9,2,1,AVENUE DAUMESNIL,48,
2.023E+11,14,7,2023,11:45,1,86,86068,2,1,1,1,D35,46,
2.023E+11,26,9,2023,13:02,1,78,78478,1,1,1,6,n191,48,
2.023E+11,1,1,2023,19:22,3,33,33143,1,1,1,4,AUTOROUTE A 10,44,
2.023E+11,30,11,2023,07:45,1,75,75115,2,1,1,5,PORTE DE SEVRES,48,
2.023E+11,29,3,2023,10:30,1,92,92012,2,2,1,6,JEAN JAURES (BOULEVARD) 217/FIN - 210/FI,48,
2.023E+11,15,7,2023,12:30,1,22,22055,2,1,1,3,Rue des Prés Calan,48,
2.023E+11,6,5,2023,18:10,1,77,77111,2,6,1,3,BD LA MERIDIENNE,48,
2.023E+11,21,8,2023,21:00,2,59,59574,2,3,1,3,RUE DES FRERES BRIDOUX,50,
2.023E+11,13,2,2023,04:10,3,52,52332,1,1,5,2,A31 PK137.500 direction Dijon (21),47,
2.023E+11,26,9,2023,10:40,1,2B,2B148,2,6,1,2,Route de l'aéroport,42,
2.023E+11,27,10,2023,13:31,1,75,75109,2,2,1,3,BOULEVARD POISSONNIERE,48,
2.023E+11,6,6,2023,09:24,1,26,26362,2,1,1,6,Faubourg Saint Jacques,44,
2.023E+11,1,1,2023,07:15,3,33,33167,1,1,1,2,ROUTE NATIONALE 230,44,
2.023E+11,29,11,2023,21:10,5,75,75116,2,1,1,5,BD PERIPHERIQUE EXTERIEUR,48,
2.023E+11,26,9,2023,20:45,2,89,89257,2,1,1,6,34 Rue Victor Hugo,47,
2.023E+11,22,8,2023,07:00,1,59,59329,1,6,1,3,RD 643,50,
2.023E+11,15,7,2023,08:00,1,35,35284,1,2,1,3,Lieu Dit Beausejour,48,
2.023E+11,10,6,2023,16:45,1,25,25462,2,1,1,6,REPUBLIQUE DE LA,46,
2.023E+11,27,10,2023,13:25,1,75,75109,2,5,1,6,RUE LA FAYETTE,48,
2.023E+11,7,5,2023,22:30,5,76,76322,2,3,1,1,Rue de la République,49,
2.023E+11,11,3,2023,18:10,2,68,68145,2,3,1,5,73 Grand'Rue,48,
2.023E+11,11,2,2023,17:13,2,8,8435,1,1,5,2,N51,49,
2.023E+11,1,1,2023,17:18,5,94,94034,1,1,2,4,A86,48,
2.023E+11,26,9,2023,15:28,1,21,21464,2,6,1,1,1 Place Jules Ferry,47,
2.023E+11,27,10,2023,15:50,1,75,75108,2,2,1,7,BOULEVARD DES BATIGNOLLES,48,
2.023E+11,30,11,2023,19:00,5,75,75120,2,3,1,2,RUE DES PYRENEES,48,
2.023E+11,7,5,2023,11:05,1,76,76681,1,1,3,7,Boulevard Industriel,49,
2.023E+11,23,8,2023,07:55,1,58,58194,2,3,1,3,MARZY,46,
2.023E+11,28,3,2023,14:00,1,974,97404,1,1,1,3,Avenue Octave Bénard,-21,
2.023E+11,14,7,2023,10:35,1,38,38013,2,3,1,3,170 Route de Lyon,45,
2.023E+11,13,2,2023,04:50,5,30,30254,2,1,1,3,,44,
2.023E+11,10,6,2023,14:45,1,22,22278,2,1,1,6,VILLE-GUYOMARD (DE LA),48,
2.023E+11,22,9,2023,13:15,1,67,67122,1,9,1,7,D 224,48,
2.023E+11,29,3,2023,06:40,2,67,67283,1,1,2,7,d218,48,
2.023E+11,30,11,2023,15:55,2,75,75120,2,1,1,7,RUE DE MENILMONTANT,48,
2.023E+11,27,10,2023,14:15,1,75,75108,2,5,8,3,RUE DE LONDRES,48,
2.023E+11,6,5,2023,11:30,1,73,73008,2,9,1,3,D991 RUSSIE BOULEVARD DE,45,
2.023E+11,1,1,2023,06:30,3,78,78133,1,1,1,2,A13,48,
2.023E+11,21,8,2023,19:00,1,58,58194,2,3,1,3,BARATTE (FAUBOURG),46,
2.023E+11,29,3,2023,22:10,3,6,6126,1,1,1,6,M6202,43,
2.023E+11,10,2,2023,08:50,1,47,47010,1,2,1,3,D252 / D106,44,
2.023E+11,9,6,2023,12:30,1,18,18279,2,1,1,1,20 Route René Dumont,47,
2.023E+11,22,9,2023,13:50,1,67,67046,2,2,1,3,7 Rue des Bobineurs,48,
2.023E+11,30,11,2023,08:35,1,75,75120,2,3,1,6,RUE DU TELEGRAPHE,48,
2.023E+11,1,1,2023,18:50,3,95,95582,1,1,2,6,A115,48,
2.023E+11,21,8,2023,09:25,1,57,57306,2,3,1,3,TOURNEUR (RUE) ,49,
2.023E+11,14,7,2023,16:00,1,84,84102,1,3,1,3,Croisement D4/D227,43,
2.023E+11,27,9,2023,16:25,1,88,88078,2,1,1,6,6 Rue de Gérardmer,48,
2.023E+11,14,2,2023,03:45,3,31,31157,1,1,1,7,136 Route de Plaisance,43,
2.023E+11,29,3,2023,18:50,1,72,72306,1,1,1,1,D139bis,47,
2.023E+11,27,10,2023,20:10,5,94,94081,2,2,2,5,Avenue Ernest Havet,48,
2.023E+11,11,6,2023,00:05,5,13,13210,2,1,1,6,CAPELETTE (AVENUE DE LA),43,
2.023E+11,13,7,2023,21:30,3,15,15221,1,1,1,7,N122,44,
2.023E+11,22,8,2023,19:24,1,56,56121,2,1,1,3,KERMELO (PROMENADE DE),47,
2.023E+11,30,11,2023,12:05,1,75,75119,2,3,1,3,AVENUE DE FLANDRE,48,
2.023E+11,2,5,2023,07:25,1,73,73008,2,3,1,3,D913 GAULLE GENERAL DE AVENUE,45,
2.023E+11,29,3,2023,17:30,1,23,23141,1,1,1,6,D5,46,
2.023E+11,13,2,2023,08:20,2,95,95365,1,1,5,7,RD 316,49,
2.023E+11,26,10,2023,22:57,5,94,94074,2,1,3,2,Rue Vasco de Gama,48,
2.023E+11,23,8,2023,00:05,4,54,54323,2,1,1,7,Rue de la Banque,49,
2.023E+11,27,9,2023,11:30,1,3,3290,1,3,1,3,pk 6 D29,46,
2.023E+11,30,11,2023,09:20,1,75,75118,2,1,1,6,RUE D AUBERVILLIERS,48,
2.023E+11,9,6,2023,23:23,5,13,13210,2,1,1,2,PAUL CLAUDEL (BOULEVARD),43,
2.023E+11,1,1,2023,18:30,3,93,93078,1,1,2,4,AUTOROUTE A104,48,
2.023E+11,14,7,2023,08:30,1,1,1348,1,2,1,1,Route des Brocatieres,46,
2.023E+11,13,2,2023,16:40,1,2B,2B150,1,1,1,6,RT 30,42,
2.023E+11,7,5,2023,18:40,1,72,72181,2,9,1,7,NERUDA PABLO (BD),47,
2.023E+11,10,2,2023,14:00,1,51,51629,1,3,1,1,D951,49,
2.023E+11,26,9,2023,19:30,2,73,73034,1,1,1,7,ROUTE DU CORMET D'ARECHES,45,
2.023E+11,27,10,2023,18:50,5,94,94042,2,9,2,6,Rue Jean Mermoz,48,
2.023E+11,13,7,2023,11:40,1,54,54149,1,3,1,3,D57,49,
2.023E+11,1,1,2023,13:15,1,93,93078,1,1,2,7,AUTOROUTE A104,48,
2.023E+11,15,7,2023,13:25,1,66,66147,1,1,1,3,RN 320,42,
2.023E+11,29,11,2023,18:40,5,75,75117,2,4,1,5,BOULEVARD MALESHERBES,48,
2.023E+11,13,2,2023,11:32,1,81,81120,2,9,1,3,Route de la Lande Basse,43,
2.023E+11,24,9,2023,10:48,1,38,38556,2,3,1,3,D131,45,
2.023E+11,10,6,2023,10:39,1,10,10357,1,1,7,4,ROCADE EST (RD 610),48,
2.023E+11,26,10,2023,14:30,1,94,94076,2,9,1,3,Boulevard Maxime Gorki,48,
2.023E+11,28,3,2023,13:53,1,76,76377,2,3,1,6,23 Route de Dieppe,49,
2.023E+11,15,7,2023,20:15,2,6,6059,1,1,1,6,Avenue Raymond Poincaré,43,
2.023E+11,21,8,2023,11:00,1,54,54099,2,3,1,6,Rue du Marechal Foch (Briey),49,
2.023E+11,7,5,2023,03:15,5,69,69271,2,2,1,3,Avenue Charles de Gaulle,45,
2.023E+11,1,1,2023,07:00,2,95,95365,1,1,1,2,N104,49,
2.023E+11,29,11,2023,09:45,1,75,75116,2,3,1,3,CARREFOUR DE LONGCHAMP,48,
2.023E+11,29,3,2023,22:15,4,2B,2B050,2,1,1,6,avenue de la république,42,
2.023E+11,18,9,2023,17:40,1,44,44066,2,1,1,2,Route de rennes,47,
2.023E+11,10,6,2023,19:40,1,6,6104,2,9,1,2,HANOTEAUX (AVENUE GABRIEL),43,
2.023E+11,26,10,2023,20:00,5,94,94041,2,2,3,3,Avenue de l’Industrie,48,
2.023E+11,6,5,2023,20:30,1,64,64102,2,9,7,2,SOULT (AVENUE MARECHAL),43,
2.023E+11,23,8,2023,15:20,1,51,51454,2,3,1,3,MATHIEU (RUE LEON) DU N°51 A FIN ET DU N,49,
2.023E+11,15,7,2023,10:30,1,14,14371,2,3,1,3,17 Route de Lisieux,49,
2.023E+11,30,11,2023,09:00,1,75,75111,2,1,1,3,BOULEVARD VOLTAIRE,48,
2.023E+11,13,2,2023,21:30,5,71,71014,2,2,1,3,Avenue de la République,46,
2.023E+11,1,1,2023,03:45,3,77,77384,1,1,1,7,A5b,48,
2.023E+11,30,3,2023,13:34,1,65,65258,2,1,1,6,700 Rue des Moulins,43,
2.023E+11,27,10,2023,13:25,1,94,94033,2,1,1,3,Rue Carnot,48,
2.023E+11,27,9,2023,07:00,1,38,38341,2,3,1,3,d1006,45,
2.023E+11,10,6,2023,14:40,1,6,6069,1,1,2,1,PEGOMAS (ROUTE DE),43,
2.023E+11,15,7,2023,07:50,1,60,60333,1,1,1,6,Rue de Hodenc,49,
2.023E+11,22,8,2023,19:40,1,51,51474,2,1,1,3,SAINT THIERRY (CHEMIN DE) A REIMS,49,
2.023E+11,6,5,2023,15:40,1,64,64024,2,1,1,3,ROUTE DE PITOYS,43,
2.023E+11,1,1,2023,03:45,5,974,97407,2,1,1,6,COMMUNE DE PARIS (AVENUE),-20,
2.023E+11,30,11,2023,08:20,1,75,75110,2,2,8,6,RUE LA FAYETTE,48,
2.023E+11,10,6,2023,15:35,1,39,39129,1,1,3,6,N/A,46,
2.023E+11,27,10,2023,16:30,1,94,94011,2,9,2,6,Route de l’Ile Saint Julien,48,
2.023E+11,13,2,2023,16:45,1,55,55165,1,3,7,3,Place de la Gare (Pont),49,
2.023E+11,14,7,2023,11:50,1,73,73259,1,1,1,3,D99,45,
2.023E+11,29,3,2023,15:45,1,71,71543,2,2,1,6,Rue Désiré Mathivet,46,
2.023E+11,1,1,2023,01:14,5,68,68297,2,1,1,6,Rue de l'Aéroport,47,
2.023E+11,21,8,2023,21:10,5,51,51454,2,3,1,3,DIEU LUMIERE (BOULEVARD) COTE PAIR,49,
2.023E+11,11,9,2023,17:25,1,69,69228,1,2,1,3,Route de Bellevue,45,
2.023E+11,27,10,2023,11:10,1,94,94028,2,1,8,6,Rue Edouard Manet,48,
2.023E+11,7,5,2023,03:50,5,62,62215,2,1,2,6,NONETTES (R DES),50,
2.023E+11,30,11,2023,09:05,1,75,75109,2,2,1,3,BOULEVARD DES ITALIENS,48,
2.023E+11,13,2,2023,10:30,1,49,49180,1,1,1,6,D79,47,
2.023E+11,27,9,2023,05:00,3,81,81225,1,1,1,6,Les grèzes,43,
2.023E+11,1,1,2023,08:25,2,85,85265,1,1,1,2,A83,46,
2.023E+11,14,7,2023,05:00,2,73,73067,1,1,1,6,D76A,,
2.023E+11,21,8,2023,19:20,1,51,51454,2,1,1,6,RUE CHARLES GUGGIARI,49,
2.023E+11,27,10,2023,02:30,3,94,94054,2,1,2,1,Route Charles Tillon,48,
2.023E+11,10,6,2023,15:30,1,50,50188,1,3,1,5,Rue de la Libération,48,
2.023E+11,30,3,2023,07:00,1,47,47310,2,2,1,6,Rue Colisson,44,
2.023E+11,6,5,2023,19:50,1,62,62215,1,1,1,1,D917,50,
2.023E+11,1,1,2023,00:09,3,17,17133,2,1,1,7,25 Route de la Grande Mercerie,45,
2.023E+11,13,2,2023,16:40,1,12,12052,2,6,7,3,44 Boulevard Francois Mitterrand,44,
2.023E+11,30,11,2023,18:05,5,75,75103,2,5,1,6,RUE DE TURBIGO,48,
2.023E+11,14,7,2023,14:35,1,43,43167,1,1,1,6,D48,45,
2.023E+11,11,6,2023,14:20,1,52,52193,1,1,1,7,D619,48,
2.023E+11,22,8,2023,09:35,1,49,49328,2,2,1,6,BEAUREPAIRE (RUE),47,
2.023E+11,28,3,2023,18:10,1,47,47210,1,1,1,2,la Ségrive,44,
2.023E+11,27,10,2023,10:20,1,94,94070,2,6,1,6,Route de Paris,48,
2.023E+11,27,9,2023,07:40,1,65,65335,1,1,1,5,D8,43,
2.023E+11,14,7,2023,19:30,1,16,16136,1,1,1,7,d 736 lieu dit coudrasse,46,
2.023E+11,1,1,2023,15:35,1,84,84127,1,9,1,7,Chemin de la draille du plan,44,
2.023E+11,6,5,2023,17:30,1,62,62119,2,1,1,2,D171E4,50,
2.023E+11,11,6,2023,15:15,1,11,11068,1,1,1,6,A61 - PK 339.450,43,
2.023E+11,29,11,2023,16:04,1,75,75102,2,3,1,6,RUE DE RICHELIEU,48,
2.023E+11,22,8,2023,10:54,1,49,49353,2,1,1,6,avenue pierre mendès france,47,
2.023E+11,14,2,2023,16:15,1,39,39173,2,1,1,3,Route de Louhans (cimetière),46,
2.023E+11,29,3,2023,15:45,1,38,38410,1,6,1,3,Route de Romans,45,
2.023E+11,26,9,2023,14:42,1,33,33233,1,1,1,2,route nationale 10,45,
2.023E+11,14,7,2023,17:45,1,4,4124,1,1,1,3,RD 211,43,
2.023E+11,27,10,2023,13:20,1,93,93073,2,2,1,3,Rue de Lorraine / Avenue Roger Salengro,48,
2.023E+11,14,2,2023,18:25,2,38,38490,1,1,1,6,route de la plaine,45,
2.023E+11,1,1,2023,06:30,2,2,2785,2,1,1,6,79 Rue Nationale,49,
2.023E+11,9,6,2023,17:20,1,31,31418,1,3,1,3,Route de Toulouse,43,
2.023E+11,29,11,2023,17:00,1,94,94037,2,9,1,3,Avenue Jean Jaurès,48,
2.023E+11,21,8,2023,13:23,1,49,49007,2,6,1,3,DOYENNE BOULEVARD ET PASSAGE,47,
2.023E+11,26,9,2023,10:45,1,49,49023,2,3,1,6,Rue d'Anjou (Villedieu-la-Blouère),47,
2.023E+11,29,6,2023,09:58,1,87,87110,2,1,1,2,Rue de l?Ancienne Ecole,45,
2.023E+11,30,3,2023,17:40,2,2,2453,2,1,2,3,6 Grande Rue,49,
2.023E+11,27,10,2023,19:40,5,93,93048,2,3,2,6,Rue de Paris / Rue Marcel Dufriche,48,
2.023E+11,1,1,2023,09:45,1,85,85065,1,1,1,6,A83,46,
2.023E+11,21,8,2023,09:40,1,49,49007,2,1,1,6,GAIN ( LOUIS),47,
2.023E+11,30,11,2023,07:15,5,94,94043,2,6,1,3,Avenue de Fontainebleau,48,
2.023E+11,7,5,2023,06:20,2,59,59002,2,9,2,4,PL DU GENERAL DE GAULLE,50,
2.023E+11,11,2,2023,03:16,4,38,38394,2,2,1,3,route de romans,45,
2.023E+11,10,6,2023,08:10,1,68,68383,1,3,1,3,N/A,48,
2.023E+11,27,9,2023,07:45,2,44,44094,1,1,1,1,4908 Route de Saint-Mars-du-Désert,47,
2.023E+11,13,7,2023,06:57,1,30,30185,2,1,1,6,Rue de la Grand-terre,43,
2.023E+11,1,1,2023,08:00,2,83,83082,1,1,1,6,D955,43,
2.023E+11,27,10,2023,09:45,1,93,93048,2,5,1,3,Place du Général de Gaulle / Rue du Marais,48,
2.023E+11,29,3,2023,18:24,1,36,36165,1,2,1,3,Pouligny-Saint-Pierre,46,
2.023E+11,7,5,2023,18:35,1,59,59350,2,9,2,6,ESPLANADE FACADE,50,
2.023E+11,30,11,2023,12:40,1,94,94028,2,9,1,3,Avenue du Chemin-de-mesly,48,
2.023E+11,1,6,2023,18:20,1,68,68227,2,1,1,3,18 Rue Principale,48,
2.023E+11,13,2,2023,16:10,1,3,3156,1,2,7,1,D779,46,
2.023E+11,14,7,2023,19:15,1,30,30097,1,1,1,6,D304,44,
2.023E+11,1,1,2023,17:05,2,53,53147,1,1,2,1,N/A,48,
2.023E+11,22,8,2023,13:35,1,45,45234,2,3,1,3,17 Rue du Faubourg Saint-Vincent,47,
2.023E+11,30,11,2023,08:20,1,94,94011,2,6,1,6,2 Avenue des Marronniers,48,
2.023E+11,27,10,2023,13:30,1,93,93057,2,1,1,2,Avenue Aristide Briand,48,
2.023E+11,28,3,2023,15:00,1,28,28171,1,1,1,3,D928,48,
2.023E+11,9,6,2023,03:30,3,26,26138,1,1,1,2,A7 - PK 134+300,44,
2.023E+11,14,7,2023,17:40,1,88,88361,1,1,1,6,D420,48,
2.023E+11,26,9,2023,13:40,1,56,56146,1,2,1,3,Ker Yvon,48,
2.023E+11,1,1,2023,14:15,1,69,69086,1,1,1,6,Autoroute 89,45,
2.023E+11,23,8,2023,18:00,1,44,44055,2,1,1,3,10 Allée des Ifs,47,
2.023E+11,28,11,2023,08:10,1,94,94028,2,1,8,6,Avenue de Verdun,48,
2.023E+11,26,10,2023,18:20,1,93,93001,2,1,2,3,Quai Lucien Lefranc,48,
2.023E+11,14,2,2023,05:45,3,1,1151,1,1,1,5,D1075,46,
2.023E+11,10,6,2023,18:30,1,63,63206,1,1,1,6,D50,45,
2.023E+11,7,7,2023,15:23,1,88,88063,1,1,1,3,Bocquegney,48,
2.023E+11,1,1,2023,09:05,1,59,59593,1,1,1,6,A2,50,
2.023E+11,27,9,2023,08:40,1,27,27235,1,1,1,1,D840,49,
2.023E+11,21,8,2023,22:14,4,42,42071,2,1,1,-1,Boulevard Charles de Gaulle,46,
2.023E+11,29,3,2023,17:10,1,52,52440,1,1,1,3,N67,48,
2.023E+11,27,10,2023,03:50,3,92,92078,2,9,3,6,VERDUN (AVENUE) (PAIRS 92 ET PLUS),48,
2.023E+11,29,11,2023,14:05,1,94,94019,2,6,1,1,Route de Chennevieres,48,
2.023E+11,6,5,2023,09:45,1,59,59009,1,3,1,5,CHAMPOLLION AVENUE,50,
2.023E+11,10,6,2023,19:40,1,1,1173,1,1,1,2,D1005,46,
2.023E+11,14,7,2023,19:30,1,78,78356,1,1,1,2,D91,48,
2.023E+11,13,2,2023,19:35,3,26,26211,1,1,1,6,Route de Valréas,44,
2.023E+11,25,9,2023,16:45,1,13,13215,1,1,1,2,A7-Sens Marseille vers Lyon,43,
2.023E+11,22,8,2023,23:15,5,38,38185,2,2,1,1,RUE DES ALLIÉS,45,
2.023E+11,1,1,2023,05:00,2,974,97419,2,1,1,6,320 Route Nationale 2,-21,
2.023E+11,27,10,2023,15:45,1,92,92050,2,1,1,3,REPUBLIQUE AVENUE DE LA,48,
2.023E+11,28,3,2023,18:04,2,53,53121,1,1,1,3,PK 014+000 RN 12,48,
2.023E+11,11,6,2023,09:05,1,22,22223,1,1,1,6,N12,48,
2.023E+11,15,7,2023,20:30,1,13,13050,1,1,1,6,D7n,43,
2.023E+11,13,2,2023,20:50,5,72,72180,2,1,1,6,Place de la Republique,48,
2.023E+11,28,11,2023,17:36,5,94,94019,2,2,1,3,Avenue du Bois,48,
2.023E+11,21,7,2023,20:05,1,36,36044,2,1,7,6,4 Avenue Gédéon Duchâteau,46,
2.023E+11,21,9,2023,08:20,1,13,13215,1,1,1,2,A7-Sens Marseille vers Lyon,43,
2.023E+11,18,4,2023,02:08,5,59,59009,2,3,1,1,DE VALMY BOULEVARD,50,
2.023E+11,26,10,2023,13:45,1,92,92050,2,1,8,2,FRACHON BENOIT AVENUE,48,
2.023E+11,9,6,2023,16:15,1,22,22223,1,3,1,6,intersection bretelle d'accés N12 - Route menant au centre équestre de KERNILIEN,48,
2.023E+11,30,3,2023,07:20,2,67,67067,1,1,2,2,A4,48,
2.023E+11,23,8,2023,08:55,1,35,35051,2,1,1,6,ALLIES (BOULEVARD DES),48,
2.023E+11,13,2,2023,15:35,1,50,50150,1,1,7,2,Belle Croix,49,
2.023E+11,14,7,2023,07:10,1,62,62718,1,1,1,6,A1,50,
2.023E+11,27,10,2023,18:27,5,92,92046,2,1,2,7,BROSSOLETTE AVENUE PIERRE,48,
2.023E+11,29,11,2023,17:50,5,94,94075,2,1,1,6,Rue du Réveillon,48,
2.023E+11,1,1,2023,02:00,3,42,42151,1,1,1,6,Route de Montverdun,45,
2.023E+11,11,6,2023,14:00,1,50,50615,1,1,1,6,N13,49,
2.023E+11,6,5,2023,14:40,1,57,57631,2,9,1,1,BOULEAUX (RUE DES),49,
2.023E+11,25,9,2023,09:30,1,13,13215,1,1,1,2,A7-Sens Lyon vers Marseille,43,
2.023E+11,24,3,2023,15:20,1,13,13114,1,1,1,3,1970 Route de Berre,43,
2.023E+11,11,6,2023,14:20,1,62,62424,1,1,1,7,D956,50,
2.023E+11,14,2,2023,07:40,1,73,73070,1,9,1,1,D1516,45,
2.023E+11,13,7,2023,06:20,2,987,98733,1,1,1,3,RT1 PK 19.8,-17,
2.023E+11,23,8,2023,08:45,1,34,34032,1,2,1,3,ROUTE DE BEDARIEUX (RD.909),43,
2.023E+11,26,10,2023,08:45,1,92,92044,2,2,2,6,BAUDIN (RUE) 1A25 ET 2A34,48,
2.023E+11,6,5,2023,17:22,1,57,57630,2,4,1,7,FRANCE (AV),48,
2.023E+11,1,1,2023,06:40,3,35,35152,1,1,1,6,Les Sevailles,48,
2.023E+11,25,9,2023,07:55,1,13,13071,1,1,1,3,A55 - Sens Marseille vers Martigues,43,
2.023E+11,10,6,2023,22:35,3,59,59624,1,1,1,7,Rue de Gouy,50,
2.023E+11,30,11,2023,09:10,1,93,93066,2,5,1,3,Avenue Marcel Cachin / Avenue Romain Rolland,48,
2.023E+11,13,7,2023,23:40,3,971,97117,1,1,1,6,route nationale 5,16,
2.023E+11,23,8,2023,00:30,3,33,33063,2,1,1,6,Boulevard des Frères Moga,44,
2.023E+11,27,10,2023,07:30,5,92,92036,2,1,1,6,GRESILLONS (QUAI DES),48,
2.023E+11,13,2,2023,00:50,3,16,16276,1,1,1,2,RN 10,45,
2.023E+11,29,3,2023,18:00,1,77,77511,1,1,1,3,D401,49,
2.023E+11,26,9,2023,17:10,1,83,83137,1,1,1,2,A57,43,
2.023E+11,7,5,2023,14:08,1,54,54526,1,1,1,6,RM 674,48,
2.023E+11,22,8,2023,20:35,1,33,33063,2,2,1,7,Boulevard Alfred Daney,44,
2.023E+11,15,7,2023,07:45,1,77,77474,1,1,1,1,N3 PK16+300,48,
2.023E+11,30,11,2023,12:10,1,93,93048,2,1,1,6,Rue des Ruffins,48,
2.023E+11,27,10,2023,02:00,5,92,92062,2,1,2,6,GENERAL DE GAULLE (AVENUE DU),48,
2.023E+11,10,6,2023,01:30,3,56,56099,1,1,1,7,Goëzélégan,48,
2.023E+11,13,2,2023,17:30,2,40,40271,1,3,1,3,72 Route des Berges,43,
2.023E+11,29,3,2023,16:20,1,83,83065,1,1,1,2,RD61,43,
2.023E+11,15,7,2023,11:00,1,2B,2B148,2,1,1,3,T20,42,
2.023E+11,23,8,2023,08:05,1,33,33529,2,1,7,2,CUREPIPE (BD DE) DU 02 ET +,44,
2.023E+11,11,6,2023,02:08,3,56,56244,1,1,1,6,La Lande du Moulin,47,
2.023E+11,25,10,2023,08:15,2,92,92025,2,4,2,6,PAUL BERT (RUE),48,
2.023E+11,20,9,2023,22:50,3,54,54571,1,1,1,5,Autoroute A 33,48,
2.023E+11,7,5,2023,08:00,1,51,51454,2,2,2,3,avenue de Champagne,49,
2.023E+11,30,11,2023,08:10,1,93,93048,2,3,1,3,Boulevard de Chanzy / Place du Marché,48,
2.023E+11,14,7,2023,22:29,3,13,13014,1,1,1,1,D113,43,
2.023E+11,21,8,2023,22:15,3,33,33529,1,1,1,3,BISCAROSSE (AVE DE) JUSQU'A DUNE,44,