Num_Acc,jour,mois,an,hrmn,lum,dep,com,agg,int,atm,col,adr,lat,long
2.023E+11,7,5,2023,10:05,1,50,50066,1,1,1,6,D 973 (GRANVILLE - CD572),48,
2.023E+11,10,6,2023,10:00,1,67,67165,1,1,1,1,D993,48,
2.023E+11,30,3,2023,09:50,1,13,13027,1,2,8,3,D34,43,
2.023E+11,13,2,2023,16:35,1,27,27011,1,2,1,4,D81,49,
2.023E+11,30,11,2023,09:20,1,93,93046,2,1,1,6,Avenue Charles de Gaulle,48,
2.023E+11,23,8,2023,00:20,5,31,31555,2,1,1,6,BD DE BONREPOS,43,
2.023E+11,24,10,2023,19:10,5,92,92024,2,2,1,3,GENERAL LECLERC (BD DU) (9 A 59)   (4 A,48,
2.023E+11,26,9,2023,08:03,1,33,33013,1,1,1,3,ROUTE NATIONALE 230,44,
2.023E+11,7,5,2023,16:15,1,49,49015,2,1,8,7,D775,47,
2.023E+11,10,6,2023,20:39,2,2A,2A006,1,1,1,3,D81,41,
2.023E+11,29,3,2023,22:35,5,73,73132,2,6,1,6,Avenue des jeux olympiques,45,
2.023E+11,15,7,2023,14:15,1,13,13057,1,3,1,4,d99 - PK 22+890,43,
2.023E+11,29,11,2023,21:00,5,93,93013,2,1,1,6,Avenue de la Division Leclerc,48,
2.023E+11,27,10,2023,17:40,1,92,92019,2,1,2,6,DIVISION LECLERC (AVENUE DE LA),48,
2.023E+11,22,8,2023,15:15,1,31,31555,2,2,1,3,RUE ARNAUD VIDAL,43,
2.023E+11,24,1,2023,17:00,1,37,37167,2,2,1,1,Avenue Louis Proust,47,
2.023E+11,7,5,2023,04:45,3,47,47001,2,1,1,6,STALINGRAD (AVENUE DE ),44,
2.023E+11,14,7,2023,21:25,2,10,10379,2,1,1,6,28 Route de Brienne,48,
2.023E+11,11,6,2023,14:50,1,2B,2B207,2,1,1,6,D506,,
2.023E+11,26,9,2023,07:45,2,33,33487,1,1,1,2,AUTOROUTE A 10,44,
2.023E+11,30,11,2023,10:35,1,92,92078,2,1,1,6,VERDUN (AVENUE) (PAIRS 92 ET PLUS),48,
2.023E+11,27,10,2023,15:10,1,92,92004,2,1,2,6,ARGENTEUIL AV D',48,
2.023E+11,25,3,2023,15:30,1,16,16168,1,1,1,7,Rue Pierre-Francois Lesenne,45,
2.023E+11,14,7,2023,06:00,2,10,10314,1,1,1,6,D99,48,
2.023E+11,14,2,2023,13:35,1,30,30075,2,1,1,3,Route de Nimes,43,
2.023E+11,23,8,2023,15:00,1,29,29232,2,1,1,1,Rue de Pont-L'Abbe,47,
2.023E+11,26,9,2023,15:20,1,91,91689,1,1,1,7,AUTOROUTE A6B,48,
2.023E+11,10,6,2023,15:00,1,82,82194,1,1,1,1,D91,43,
2.023E+11,15,7,2023,01:10,5,68,68246,2,1,9,7,36 Rue du Maréchal Leclerc,47,
2.023E+11,30,11,2023,12:10,1,92,92075,2,1,1,6,ANTOINE FRATACCI (RUE),48,
2.023E+11,23,8,2023,11:30,1,29,29232,2,1,1,7,Rue de l'Universite,47,
2.023E+11,27,10,2023,10:53,1,39,39083,2,1,2,3,20 Rue du Magasin,46,
2.023E+11,13,2,2023,08:50,1,52,52332,1,1,1,7,D130,48,
2.023E+11,29,3,2023,23:57,5,44,44026,2,1,1,6,10 Chemin de la Rivière,47,
2.023E+11,26,9,2023,09:40,1,91,91161,1,1,1,2,AUTOROUTE A6,48,
2.023E+11,10,6,2023,17:30,1,71,71204,1,1,1,3,D906,46,
2.023E+11,22,8,2023,13:15,1,29,29039,1,6,1,2,Quai du Moros,47,
2.023E+11,28,10,2023,10:55,1,24,24424,1,1,1,6,D709,45,
2.023E+11,6,5,2023,17:30,1,42,42223,1,1,1,3,Route de Landuziere,45,
2.023E+11,30,11,2023,09:30,1,92,92075,2,3,1,6,BARBES (RUE),48,
2.023E+11,15,7,2023,08:40,1,73,73303,1,1,1,7,Route de la Lierre,45,
2.023E+11,12,2,2023,22:30,3,978,97801,2,1,8,6,RUE DE HOLLANDE,18,
2.023E+11,10,6,2023,16:50,1,63,63378,1,1,1,6,D1,45,
2.023E+11,26,9,2023,09:06,1,78,78423,1,1,1,4,A12 W,48,
2.023E+11,22,8,2023,20:10,1,28,28134,2,1,1,3,COMTEVILLE (CHEMIN DE),48,
2.023E+11,26,3,2023,22:45,3,83,83126,1,9,1,2,A50,43,
2.023E+11,27,10,2023,10:40,1,1,1004,1,1,1,2,D1075,45,
2.023E+11,30,11,2023,19:30,5,92,92050,2,1,1,6,HEBERT CELESTIN RUE,48,
2.023E+11,14,2,2023,10:30,1,30,30258,1,1,1,3,1125 Route de Nimes,43,
2.023E+11,10,6,2023,16:50,1,55,55551,2,1,1,7,63 Rue Raymond Poincaré,48,
2.023E+11,7,5,2023,15:10,1,38,38151,2,1,8,6,COURS JEAN JAURÈS,45,
2.023E+11,15,7,2023,11:45,1,7,7190,1,1,1,1,CD 1,44,
2.023E+11,24,10,2023,08:20,1,22,22172,2,1,1,6,Rue de Dinard,48,
2.023E+11,26,9,2023,12:15,1,95,95582,1,1,1,4,A15,48,
2.023E+11,29,3,2023,07:48,2,33,33003,1,1,1,2,AUTOROUTE A 10,44,
2.023E+11,10,6,2023,17:35,1,12,12052,2,6,1,3,Boulevard Paul Ramadier,44,
2.023E+11,30,11,2023,13:10,1,92,92040,2,2,8,2,PAIX (AVENUE DE LA),48,
2.023E+11,23,8,2023,02:15,5,27,27681,2,1,1,6,JAURES (BOULEVARD JAURES),49,
2.023E+11,17,7,2023,22:00,3,40,40296,1,1,1,7,Route de Saubion,43,
2.023E+11,13,2,2023,18:25,3,52,52248,1,1,1,2,D417,48,
2.023E+11,14,7,2023,08:00,1,9,9282,1,1,1,7,Peries - bretelle RD 820 et RD 14,43,
2.023E+11,7,5,2023,14:25,1,37,37261,2,1,1,4,WAGNER (BOULEVARD RICHARD),47,
2.023E+11,29,3,2023,17:05,1,91,91534,1,1,1,3,RN 118,48,
2.023E+11,4,6,2023,13:15,1,12,12035,1,1,1,7,lieudit Capelle,43,
2.023E+11,28,10,2023,08:45,1,11,11203,2,6,1,3,N/A,43,
2.023E+11,20,8,2023,12:42,1,27,27229,2,2,1,3,SAINT LOUIS (RUE),49,
2.023E+11,14,7,2023,16:45,1,64,64422,2,6,7,6,Boulevard Aragon,43,
2.023E+11,29,11,2023,08:00,5,92,92025,2,2,1,3,PAUL BERT (RUE),48,
2.023E+11,14,2,2023,11:30,1,67,67046,2,6,5,6,Rue d?Oberhoffen,48,
2.023E+11,26,9,2023,09:30,1,95,95582,1,1,1,2,A15,48,
2.023E+11,15,7,2023,18:25,1,22,22208,1,1,1,6,les ruaux,48,
2.023E+11,11,6,2023,10:00,1,12,12288,1,1,1,1,chemin communal de Serres,44,
2.023E+11,29,3,2023,09:25,1,91,91521,1,1,1,3,AUTOROUTE A6 ,48,
2.023E+11,28,10,2023,11:00,1,23,23001,1,1,2,3,Felinas,46,
2.023E+11,21,8,2023,15:30,1,26,26198,2,3,1,3,Avenue Agricol Perdiguier,44,
2.023E+11,29,11,2023,06:49,5,92,92004,2,1,1,3,GRANDE RUE CHARLES DE GAULLE,48,
2.023E+11,26,9,2023,08:50,1,93,93008,1,1,1,2,AUTOROUTE A86,48,
2.023E+11,10,6,2023,05:30,2,47,47086,1,1,1,6,route de sainte foy la grande,44,
2.023E+11,14,2,2023,16:50,2,57,57360,1,3,7,1,D31,49,
2.023E+11,15,7,2023,14:30,1,35,35047,1,6,1,3,D34,48,
2.023E+11,18,8,2023,18:15,1,23,23096,2,1,1,6,STALINGRAD (RUE DE),46,
2.023E+11,29,3,2023,07:53,2,91,91589,1,1,1,3,AUTOROUTE A6,48,
2.023E+11,25,9,2023,18:15,1,93,93007,1,1,1,7,AUTOROUTE A1,48,
2.023E+11,26,11,2023,18:40,5,92,92014,2,1,1,6,DINEUR (RUE DE),48,
2.023E+11,28,10,2023,17:10,1,84,84099,1,2,1,3,D2,43,
2.023E+11,7,5,2023,13:40,1,35,35238,2,3,1,3,ESPAGNE (D'),48,
2.023E+11,15,7,2023,11:05,1,59,59052,2,1,1,2,Rue Jean Jaures,50,
2.023E+11,25,9,2023,05:50,5,93,93066,1,1,1,2,AUTOROUTE A1,48,
2.023E+11,19,1,2023,09:15,1,73,73257,1,1,1,1,D915,45,
2.023E+11,29,3,2023,17:00,1,78,78646,1,1,1,2,RN12,48,
2.023E+11,10,6,2023,11:58,1,34,34139,1,3,1,5,RD909,43,
2.023E+11,7,5,2023,15:15,1,33,33063,2,1,1,6,Rue Albert Thomas,44,
2.023E+11,14,7,2023,10:23,1,13,13214,1,1,1,6,A7-Sens Lyon vers Marseille,43,
2.023E+11,12,10,2023,07:00,2,26,26002,1,3,1,3,N7,45,
2.023E+11,20,8,2023,15:20,1,22,22187,1,1,1,4,RN12,48,
2.023E+11,26,9,2023,09:50,1,94,94079,1,1,1,3,A4,48,
2.023E+11,28,3,2023,14:15,1,92,92036,1,1,1,7,AUTOROUTE A15,48,
2.023E+11,14,7,2023,03:50,3,83,83137,1,1,1,6,A57,43,
2.023E+11,27,10,2023,18:10,2,19,19229,1,1,2,7,pk 3 D152,45,
2.023E+11,13,2,2023,09:00,1,38,38317,1,4,1,1,Avenue du Maquis de l'Oisans,45,
2.023E+11,10,6,2023,20:00,2,68,68125,2,1,1,3,7 Rue Principale,47,
2.023E+11,19,8,2023,16:10,1,22,22113,2,9,1,6,GUILLOUX (BOULEVARD LOUIS),48,
2.023E+11,7,5,2023,22:38,5,31,31069,1,1,2,6,Allée Émile Zola,43,
2.023E+11,30,11,2023,15:30,1,2B,2B102,1,1,1,7,Casanile,42,
2.023E+11,25,9,2023,10:30,1,94,94073,1,1,1,4,A86,48,
2.023E+11,28,10,2023,12:10,1,56,56034,2,1,3,6,Avenue des Druides,47,
2.023E+11,22,8,2023,15:10,1,17,17306,2,1,1,2,CLEMENCEAU  GEORGES (BD),45,
2.023E+11,28,3,2023,15:15,1,92,92078,1,1,1,4,AUTOROUTE A86,48,
2.023E+11,12,2,2023,17:48,1,86,86294,1,1,1,7,N149,46,
2.023E+11,11,6,2023,03:53,3,39,39018,1,1,1,6,N/A,46,
2.023E+11,14,7,2023,14:55,1,91,91136,1,1,1,4,AUTOROUTE A10,48,
2.023E+11,11,6,2023,21:55,3,74,74043,1,1,1,7,Avenue des fully,46,
2.023E+11,30,11,2023,14:15,1,42,42338,1,1,2,1,Route de Charlieu,46,
2.023E+11,28,10,2023,16:05,1,67,67040,1,1,1,7,D211,48,
2.023E+11,23,8,2023,23:50,5,14,14715,2,1,1,2,72 Boulevard Fernand Moureaux,49,
2.023E+11,11,6,2023,18:20,1,74,74208,2,1,1,6,Avenue de saint-martin_,45,
2.023E+11,13,2,2023,00:35,3,60,60517,1,1,1,6,D1001,49,
2.023E+11,13,7,2023,22:42,3,77,77251,1,1,1,2,AUTOROUTE A5A,48,
2.023E+11,11,6,2023,03:10,4,2,2519,2,3,1,6,3 Rue de Noircourt,49,
2.023E+11,27,3,2023,07:20,1,95,95018,1,1,1,4,A15,48,
2.023E+11,7,5,2023,20:05,2,31,31555,1,1,3,4,23 RANGUEIL  (PERIPH OUEST A620),43,
2.023E+11,23,8,2023,09:00,1,13,13117,1,2,1,3,LONDRES (AVENUE DE),43,
2.023E+11,28,10,2023,14:45,1,76,76676,1,1,2,3,Rue de Guilmesnil,49,
2.023E+11,9,6,2023,16:45,1,74,74063,1,1,2,1,D22,46,
2.023E+11,14,2,2023,16:20,1,60,60439,1,1,1,6,D929,49,
2.023E+11,7,5,2023,11:13,1,31,31555,1,9,2,7,ECHANGEUR ST MARTIN (A624-RD901),43,
2.023E+11,23,8,2023,11:30,1,13,13215,2,1,1,6,Chemin du ruisseau mirabeau,43,
2.023E+11,30,11,2023,19:45,3,64,64057,1,1,3,6,Route de N'Haux,43,
2.023E+11,14,7,2023,04:30,3,95,95241,1,1,1,2,N104,49,
2.023E+11,28,10,2023,08:25,1,2B,2B207,2,9,1,7,Folelli,42,
2.023E+11,10,6,2023,15:10,1,2,2545,1,2,1,1,D946,49,
2.023E+11,7,5,2023,09:20,1,27,27562,2,1,2,7,ROUEN (ROUTE DE ),49,
2.023E+11,6,6,2023,06:15,2,74,74243,1,1,1,7,E 62,46,
2.023E+11,13,2,2023,13:50,1,13,13005,1,1,1,7,A501-Sens Pont de l'Etoile vers Aubagne,43,
2.023E+11,29,3,2023,14:15,1,77,77373,1,1,1,6,RN104,48,
2.023E+11,14,7,2023,06:00,3,77,77450,1,1,1,6,RN104,48,
2.023E+11,23,8,2023,09:20,1,13,13215,2,6,1,2,PIERRE DRAMARD (BOULEVARD),43,
2.023E+11,1,12,2023,16:25,1,22,22020,2,1,7,6,rue de la gare,48,
2.023E+11,28,10,2023,10:50,1,11,11206,2,6,1,3,N/A,43,
2.023E+11,11,6,2023,18:40,1,3,3195,2,4,1,6,Rue des Moulins,46,
2.023E+11,13,2,2023,06:15,2,13,13215,1,1,1,7,A7-Sens Lyon vers Marseille,43,
2.023E+11,5,5,2023,07:00,2,74,74006,2,1,1,7,Route d'annecy,46,
2.023E+11,28,3,2023,21:10,3,94,94069,1,1,1,3,A4,48,
2.023E+11,13,7,2023,12:25,1,976,97611,2,1,1,7,cavani-Briquetterie ( rue de la ),-12,
2.023E+11,30,11,2023,23:25,3,37,37174,1,1,1,6,Aire de Maillé (Aire de repos),47,
2.023E+11,20,8,2023,04:30,5,13,13214,2,1,1,2,MARCHE D'IN (AVENUE),43,
2.023E+11,11,6,2023,09:05,1,3,3171,1,1,8,6,"Lieu-dit ""Couvoir de Lormont""",46,
2.023E+11,27,10,2023,09:55,1,71,71230,2,1,7,6,14 rue de la république,46,
2.023E+11,15,6,2023,17:00,1,14,14448,1,1,1,7,2270 Route de Rumesnil,49,
2.023E+11,7,5,2023,18:49,1,13,13075,2,1,1,3,FRÉDÉRIC CHEVILLON (AVENUE),43,
2.023E+11,13,7,2023,09:15,1,976,97611,2,9,1,6,m'tsapere-Nationale 2 (route),-12,
2.023E+11,12,2,2023,21:00,3,13,13005,1,1,1,2,A50-Sens Aubagne vers Marseille,43,
2.023E+11,23,8,2023,03:10,4,13,13210,2,1,1,2,RABATAU (BOULEVARD),43,
2.023E+11,27,3,2023,17:15,1,25,25547,2,2,1,6,D613,47,
2.023E+11,27,10,2023,19:35,3,63,63314,1,1,1,7,D996,45,
2.023E+11,14,5,2023,18:20,1,8,8298,2,1,1,6,4 Rue Pasteur,49,
2.023E+11,27,11,2023,12:08,1,57,57106,2,1,1,6,10 Rue Saint-hubert,49,
2.023E+11,10,6,2023,11:30,1,3,3090,1,1,2,1,Lie dit les petits Barons,46,
2.023E+11,23,8,2023,02:55,5,13,13202,2,1,1,6,BASSINS DU RADOUB (QUAI DES),43,
2.023E+11,27,10,2023,21:30,4,61,61167,1,1,6,6,D12 PR7+180,48,
2.023E+11,13,7,2023,11:55,1,974,97411,2,1,1,3,CHAUDRON  (BLD 1 DU),-20,
2.023E+11,30,11,2023,12:13,1,95,95594,2,1,8,7,28 GRIFFON (ALLE DU),49,
2.023E+11,13,2,2023,06:45,2,83,83123,1,1,1,2,A50,43,
2.023E+11,6,5,2023,16:00,1,13,13211,2,3,1,3,WILLIAM BOOTH (AVENUE),43,
2.023E+11,24,3,2023,14:36,1,63,63113,2,1,1,6,CLEMENTEL (BD ETIENNE),45,
2.023E+11,23,8,2023,00:15,5,13,13213,2,1,1,1,ROSE (AVENUE DE LA),43,
2.023E+11,13,7,2023,07:40,1,974,97407,1,1,1,3,MARINE(BOULEVARD),-20,
2.023E+11,27,5,2023,16:10,1,1,1348,2,2,1,5,D933,46,
2.023E+11,28,10,2023,03:40,3,12,12148,1,1,8,6,Z.A. LE FARGAL,44,
2.023E+11,22,8,2023,04:50,5,13,13213,2,1,1,3,POILUS (AVENUE DES),43,
2.023E+11,9,1,2023,17:54,2,36,36044,2,1,1,6,53 Rue Montaigne,46,
2.023E+11,1,12,2023,14:00,1,51,51535,1,1,1,1,N4,48,
2.023E+11,4,2,2023,23:30,3,42,42044,1,1,1,2,RN88,45,
2.023E+11,28,10,2023,10:05,1,12,12139,1,1,1,6,la barraque,43,
2.023E+11,12,7,2023,21:10,5,973,97302,2,1,1,3,COULEE D'OR (CITE),4,
2.023E+11,7,5,2023,08:45,1,13,13063,1,6,1,6,QUATRE CHEMINS ROND POINT DES,43,
2.023E+11,22,8,2023,05:48,5,13,13210,2,1,1,3,RABATAU (BOULEVARD),43,
2.023E+11,11,6,2023,10:15,1,70,70421,1,1,1,1,Route nationale 19,47,
2.023E+11,28,10,2023,05:30,4,29,29076,2,1,2,6,Lieu Dit Kroaz Ar Roue - Milizac,48,
2.023E+11,1,12,2023,14:30,1,19,19150,1,1,2,1,Route de Brive - RD 38,45,
2.023E+11,28,3,2023,09:00,1,974,97409,2,1,1,6,DU CENTRE(CHEMIN),-20,
2.023E+11,20,8,2023,19:35,1,13,13205,2,1,1,6,CHAVE (BOULEVARD),43,
2.023E+11,11,6,2023,06:15,2,72,72022,1,1,1,6,lieu-dit beaulieu,47,
2.023E+11,9,2,2023,07:02,3,62,62907,1,1,1,4,A1,50,
2.023E+11,13,7,2023,14:47,1,972,97213,1,6,1,2,PLACE D'ARMES,14,
2.023E+11,7,5,2023,04:10,3,11,11069,2,1,2,6,Avenue Saint Martin,43,
2.023E+11,23,8,2023,18:30,1,13,13001,1,1,1,1,ROGNES (RTE DE),43,
2.023E+11,28,10,2023,19:26,3,29,29282,1,1,3,5,Kerzongar,48,
2.023E+11,28,3,2023,19:20,3,974,97407,2,1,1,6,JACQUES DUCLOS (RUE) - RIVIERE DES GAL  ,-20,
2.023E+11,13,2,2023,12:20,1,91,91174,1,1,1,3,RN 104,48,
2.023E+11,9,6,2023,19:25,1,14,14538,2,3,1,1,1a Rue du Soldat Parenteau,49,
2.023E+11,14,7,2023,00:15,5,69,69385,2,1,1,1,Chemin de Choulans,45,
2.023E+11,28,11,2023,07:00,3,79,79034,1,6,2,3,N/A,46,
2.023E+11,21,8,2023,09:35,1,11,11069,2,2,1,3,14 Rue de Lorraine,43,
2.023E+11,13,7,2023,08:40,1,69,69034,2,1,1,6,Chemin de Crépieux,45,
2.023E+11,11,6,2023,19:40,1,50,50588,1,1,1,2,Route de l'Eglise,49,
2.023E+11,27,10,2023,17:50,1,15,15192,1,1,3,4,N 122 ,45,
2.023E+11,18,8,2023,10:45,1,11,11069,2,1,1,6,9 Avenue Bunau Varilla,43,
2.023E+11,12,2,2023,05:10,5,93,93029,1,1,1,2,AUTOROUTE A86,48,
2.023E+11,16,6,2023,15:20,1,69,69381,2,1,1,3,3 Quai Saint Vincent,45,
2.023E+11,28,3,2023,16:13,1,973,97302,2,1,2,3,BADUEL (ROUTE DE),4,
2.023E+11,7,5,2023,18:00,1,10,10387,2,2,9,3,LOUIS BERTHOLLET (RUE),48,
2.023E+11,27,10,2023,12:15,1,1,1025,2,3,1,6,D28,46,
2.023E+11,13,2,2023,18:50,5,94,94052,1,1,1,3,A86,48,
2.023E+11,10,6,2023,20:20,1,9,9245,2,3,1,3,Route de Pamiers,43,
2.023E+11,12,7,2023,10:00,1,971,97113,1,1,1,1,ROUTE DE PERINET-RD 119,16,
2.023E+11,22,8,2023,20:30,1,10,10387,2,1,1,6,JAILLANT DESCHAINETS (RUE),48,
2.023E+11,28,10,2023,01:55,3,66,66045,2,1,1,6,N/A,42,
2.023E+11,13,7,2023,21:12,1,91,91103,1,1,1,7,DEVI DU CD 19,48,
2.023E+11,6,5,2023,11:40,1,10,10357,2,1,1,2,Avenue du General de Gaulle,48,
2.023E+11,9,6,2023,17:20,1,45,45329,2,3,2,3,23 Grande Rue,47,
2.023E+11,13,2,2023,13:00,1,77,77122,1,1,1,6,RN104,48,
2.023E+11,13,7,2023,19:55,1,91,91479,2,7,1,3,AV DE VERDUN,48,
2.023E+11,7,5,2023,10:30,1,7,7070,1,1,2,7,SAINT ROMAINS DE LERPS (ROUTE DE),44,
2.023E+11,27,10,2023,19:00,5,14,14342,2,6,2,2,Rue du 19 mars 1962,49,
2.023E+11,6,6,2023,15:30,1,45,45307,1,2,1,3,D36 PR 15 + 606,48,
2.023E+11,13,2,2023,12:30,1,77,77059,1,1,1,2,A104,48,
2.023E+11,7,5,2023,15:15,1,7,7316,1,1,2,6,LONES (PONT DES),44,
2.023E+11,9,6,2023,16:15,1,45,45129,1,1,1,6,12 Lieu Dit les Menottes,47,
2.023E+11,10,7,2023,17:45,1,89,89024,1,1,1,4,N/A,47,
2.023E+11,6,5,2023,12:30,1,4,4070,2,1,1,6,DEMONTZEY (AV.),44,
2.023E+11,12,2,2023,19:40,5,65,65440,2,3,1,3,24 Boulevard des Ardennes,43,
2.023E+11,12,7,2023,07:21,1,87,87085,2,2,1,6,GOUJAUD (QUAI LOUIS),45,
2.023E+11,10,6,2023,12:15,1,18,18106,1,3,2,2,N/A,46,
2.023E+11,5,5,2023,17:50,1,4,4070,2,1,1,6,BARIETTE (R. DE LA),44,
2.023E+11,27,10,2023,18:50,2,37,37104,1,1,1,1,D943,47,
2.023E+11,11,6,2023,11:45,1,43,43079,1,1,1,3,D644,45,
2.023E+11,11,2,2023,04:00,5,988,98818,2,1,1,2,VE1,-22,
2.023E+11,27,10,2023,10:10,1,37,37018,2,1,8,6,Allée des Rives de l'Étang,47,
2.023E+11,13,7,2023,09:10,1,86,86194,2,1,1,3,D162,46,
2.023E+11,7,5,2023,16:50,1,75,75116,2,1,2,4,PORTE DE PASSY,48,
2.023E+11,28,10,2023,14:10,1,18,18279,1,1,2,7,N/A,47,
2.023E+11,13,7,2023,22:50,5,81,81163,2,1,1,6,FOCH,43,
2.023E+11,10,6,2023,12:00,1,10,10199,2,3,1,3,Rue du Docteur Gerdy,48,
2.023E+11,12,2,2023,22:50,5,976,97611,2,1,1,7,mamoudzou centre-Haladi Selemani ( rue ),-12,
2.023E+11,27,10,2023,19:28,3,2A,2A247,1,1,1,6,route de bocca del oro,41,
2.023E+11,12,7,2023,10:00,1,77,77221,2,1,1,1,D217B,48,
2.023E+11,23,10,2023,10:15,1,13,13027,2,1,1,1,Chemin des Confignes,43,
2.023E+11,7,5,2023,00:02,5,75,75113,2,1,3,5,QUAI D IVRY,48,
2.023E+11,13,7,2023,08:15,1,76,76540,2,1,1,6,Avenue du Mont Riboudet,49,
2.023E+11,11,6,2023,19:45,1,7,7184,2,1,2,7,Route des ollieres,44,
2.023E+11,28,10,2023,10:50,1,71,71360,1,2,1,3,D17,46,
2.023E+11,6,5,2023,07:08,1,75,75106,2,3,1,3,RUE DE VAUGIRARD,48,
2.023E+11,13,7,2023,12:40,1,76,76305,1,1,1,7,INDUSTRIELLE (ROUTE),49,
2.023E+11,27,10,2023,15:30,1,68,68012,1,1,1,3,D34,47,
2.023E+11,7,5,2023,17:30,1,75,75105,2,2,2,6,QUAI SAINT MICHEL,48,
2.023E+11,13,7,2023,19:00,1,72,72181,2,9,1,3,MIROIR (RUE DU),47,
2.023E+11,27,10,2023,14:45,1,57,57047,1,1,8,7,rte de BAMBIDERSTROFF,49,
2.023E+11,15,6,2023,18:30,1,72,72181,2,1,1,3,LEDRU ROLLIN QUAI N° 1 A 99,48,
2.023E+11,7,5,2023,15:40,1,75,75105,2,2,2,2,BOULEVARD DE L HOPITAL,48,
2.023E+11,27,10,2023,21:35,3,38,38524,1,1,1,1,D1075,45,
2.023E+11,7,5,2023,02:15,5,75,75105,2,1,3,6,BOULEVARD DE L HOPITAL,48,
2.023E+11,13,7,2023,14:20,1,71,71040,2,3,1,1,THIBOURINS (ROUTE DES),46,
2.023E+11,7,9,2023,16:30,1,1,1259,1,1,1,1,Route de Polliat,46,
2.023E+11,13,7,2023,20:35,1,69,69266,2,1,1,6,Avenue Auguste Blanqui,45,
2.023E+11,7,5,2023,02:00,5,75,75119,2,1,3,6,PLACE DE LA BATAILLE DE STALINGRAD,48,
2.023E+11,13,7,2023,19:47,1,69,69266,2,1,1,6,Cours Emile Zola,45,
2.023E+11,28,10,2023,07:30,2,79,79184,1,1,3,1,N/A,46,
2.023E+11,28,10,2023,08:40,1,17,17083,1,1,3,7,D733,45,
2.023E+11,7,5,2023,01:30,5,75,75116,2,2,2,2,ALLEE DE LONGCHAMP,48,
2.023E+11,13,7,2023,16:15,1,69,69266,2,2,1,3,Rue Dedieu,45,
2.023E+11,7,5,2023,16:00,1,75,75116,2,4,2,3,VOIE GEORGES POMPIDOU,48,
2.023E+11,26,10,2023,11:50,1,33,33439,1,1,3,1,D135e5,45,
2.023E+11,13,7,2023,07:50,1,69,69266,2,2,1,3,Rue Colin,45,
2.023E+11,27,10,2023,00:20,3,53,53130,1,1,1,6,Route de Saint Nazaire,,
2.023E+11,7,5,2023,14:20,1,75,75115,2,3,2,7,AVENUE DU MAINE,48,
2.023E+11,13,7,2023,16:02,1,69,69264,2,2,1,3,Rue des Jardiniers,45,
2.023E+11,27,10,2023,13:16,1,22,22076,1,3,2,3,Guihaie,48,
2.023E+11,13,7,2023,18:40,1,69,69290,2,3,1,6,Avenue Jean Jaurès,45,
2.023E+11,28,10,2023,02:35,5,60,60446,1,1,2,6,N2,49,
2.023E+11,12,7,2023,19:15,1,67,67482,2,3,1,3,KAMPMANN (RUE),48,
2.023E+11,7,5,2023,05:00,5,75,75111,2,3,3,3,BOULEVARD VOLTAIRE,48,
2.023E+11,24,10,2023,20:14,3,83,83090,1,1,1,6,A50,43,
2.023E+11,11,7,2023,17:41,1,66,66136,2,1,1,3,N/A,42,
2.023E+11,27,10,2023,19:00,5,33,33162,1,1,3,3,ROCADE A 630,44,
2.023E+11,11,7,2023,11:08,1,66,66136,2,6,1,2,N/A,42,
2.023E+11,27,10,2023,06:40,5,33,33039,1,1,2,6,ROCADE A 631,44,
2.023E+11,13,7,2023,07:05,1,64,64445,2,1,1,3,EUROPE DE L',43,
2.023E+11,27,10,2023,05:20,3,91,91174,1,1,2,7,RN 104,48,
2.023E+11,27,10,2023,06:45,3,91,91687,1,1,1,3,AUTOROUTE A6,48,
2.023E+11,27,10,2023,16:07,1,78,78402,1,1,2,2,A13,48,
2.023E+11,13,7,2023,14:00,1,63,63070,1,4,1,3,BEAUMONT (AVENUE DE),45,
2.023E+11,27,10,2023,14:00,1,78,78640,1,1,1,2,A86 INT,48,
2.023E+11,27,10,2023,05:50,3,92,92036,1,1,1,6,A86,48,
2.023E+11,26,10,2023,03:50,3,92,92025,1,9,2,6,A86,48,
2.023E+11,27,10,2023,18:05,3,93,93064,1,1,3,3,AUTOROUTE A103,48,
2.023E+11,27,10,2023,07:23,2,93,93064,1,1,8,2,AUTOROUTE A86,48,
2.023E+11,20,8,2023,23:20,3,78,78440,2,3,1,6,PAUL RAOULT (AVENUE),48,
2.023E+11,21,7,2023,16:30,1,13,13113,1,9,7,3,A51 PK 29,43,
2.023E+11,6,7,2023,11:10,3,66,66069,1,1,1,7,D5d,42,
2.023E+11,3,7,2023,17:15,1,13,13081,1,1,1,6,D21,43,
2.023E+11,6,7,2023,11:00,1,13,13110,2,1,1,1,Boulevard de l'Europe,43,
2.023E+11,28,6,2023,12:25,1,13,13059,1,1,1,1,D556 - PR 05+500,43,
2.023E+11,25,10,2023,10:10,1,988,98818,2,1,8,6,RUE JACQUES IEKAWE,-22,
2.023E+11,26,10,2023,20:45,5,974,97416,2,1,1,6,LA FONTAINE (RUE JEAN DE),-21,
2.023E+11,26,10,2023,19:10,3,974,97416,1,1,1,3,RN3 (ANCIENNE ROUTE),-21,
2.023E+11,26,10,2023,09:40,1,974,97411,2,1,1,7,BAMBOU (CHEMIN DE LA RUELLE),-20,
2.023E+11,26,10,2023,17:20,1,973,97302,1,6,1,3,ROUTE NATIONALE 1,4,
2.023E+11,20,10,2023,16:30,1,69,69387,2,1,6,3,Boulevard Yves Farge,45,